[1;36mstep: [0mFinished lexing. Start parsing.
at namespace [1mmain[0m:
in [1;35mproject/wmyl/wmyl.kyl[0m:
13:6: [1;31merror[0m: Expected library name (string or identifier) after 'link'
  [0;90m|[0m link "wayland-server";
  [0;90m|[0m      [1m^[0m
14:6: [1;31merror[0m: Expected library name (string or identifier) after 'link'
  [0;90m|[0m link "wlroots-0.18";
  [0;90m|[0m      [1m^[0m
[1;36mdebug: [0mparser: parse_postfix: before parse_call, node->type=13
[1;36mdebug: [0mparser: Created Call name=wl_display_create target_type=13 line=0 col=0 node=0x5563ebfe6a38 target=0x5563ebfe69b8
[1;36mdebug: [0mparser: parse_postfix: before parse_call, node->type=13
[1;36mdebug: [0mparser: Created Call name=wlr_backend_autocreate target_type=13 line=0 col=0 node=0x5563ebfe7390 target=0x5563ebfe7148
[1;36mdebug: [0mparser: parse_postfix: before parse_call, node->type=13
[1;36mdebug: [0mparser: Created Call name=wl_display_destroy target_type=13 line=0 col=0 node=0x5563ebfe7ab8 target=0x5563ebfe7910
[1;36mdebug: [0mparser: parse_postfix: before parse_call, node->type=13
[1;36mdebug: [0mparser: Created Call name=wlr_renderer_autocreate target_type=13 line=0 col=0 node=0x5563ebfe7de0 target=0x5563ebfe7ce0
[1;36mdebug: [0mparser: parse_postfix: before parse_call, node->type=13
[1;36mdebug: [0mparser: Created Call name=wlr_backend_destroy target_type=13 line=0 col=0 node=0x5563ebfe8460 target=0x5563ebfe8360
[1;36mdebug: [0mparser: parse_postfix: before parse_call, node->type=13
[1;36mdebug: [0mparser: Created Call name=wl_display_destroy target_type=13 line=0 col=0 node=0x5563ebfe85f8 target=0x5563ebfe84f8
[1;36mdebug: [0mparser: parse_postfix: before parse_call, node->type=13
[1;36mdebug: [0mparser: Created Call name=wlr_renderer_init_wl_display target_type=13 line=0 col=0 node=0x5563ebfe89a0 target=0x5563ebfe8820
[1;36mdebug: [0mparser: parse_postfix: before parse_call, node->type=13
[1;36mdebug: [0mparser: Created Call name=wlr_allocator_autocreate target_type=13 line=0 col=0 node=0x5563ebfe8bb8 target=0x5563ebfe8a38
[1;36mdebug: [0mparser: parse_postfix: before parse_call, node->type=13
[1;36mdebug: [0mparser: Created Call name=wlr_backend_destroy target_type=13 line=0 col=0 node=0x5563ebfe9238 target=0x5563ebfe9138
[1;36mdebug: [0mparser: parse_postfix: before parse_call, node->type=13
[1;36mdebug: [0mparser: Created Call name=wl_display_destroy target_type=13 line=0 col=0 node=0x5563ebfe93d0 target=0x5563ebfe92d0
[1;36mdebug: [0mparser: parse_postfix: before parse_call, node->type=13
[1;36mdebug: [0mparser: Created Call name=wlr_compositor_create target_type=13 line=0 col=0 node=0x5563ebfe9818 target=0x5563ebfe95f8
[1;36mdebug: [0mparser: parse_postfix: before parse_call, node->type=13
[1;36mdebug: [0mparser: Created Call name=wlr_data_device_manager_create target_type=13 line=0 col=0 node=0x5563ebfe99b0 target=0x5563ebfe98b0
[1;36mdebug: [0mparser: parse_postfix: before parse_call, node->type=13
[1;36mdebug: [0mparser: Created Call name=wlr_output_layout_create target_type=13 line=0 col=0 node=0x5563ebfe9b48 target=0x5563ebfe9a48
[1;36mdebug: [0mparser: parse_postfix: before parse_call, node->type=13
[1;36mdebug: [0mparser: Created Call name=wlr_backend_start target_type=13 line=0 col=0 node=0x5563ebfe9f58 target=0x5563ebfe9e58
[1;36mdebug: [0mparser: parse_postfix: before parse_call, node->type=13
[1;36mdebug: [0mparser: Created Call name=wlr_backend_destroy target_type=13 line=0 col=0 node=0x5563ebfea3f0 target=0x5563ebfea2f0
[1;36mdebug: [0mparser: parse_postfix: before parse_call, node->type=13
[1;36mdebug: [0mparser: Created Call name=wl_display_destroy target_type=13 line=0 col=0 node=0x5563ebfea588 target=0x5563ebfea488
[1;36mdebug: [0mparser: parse_postfix: before parse_call, node->type=13
[1;36mdebug: [0mparser: Created Call name=wl_display_run target_type=13 line=0 col=0 node=0x5563ebfeaa68 target=0x5563ebfea968
[1;36mdebug: [0mparser: parse_postfix: before parse_call, node->type=13
[1;36mdebug: [0mparser: Created Call name=wl_display_destroy_clients target_type=13 line=0 col=0 node=0x5563ebfeac00 target=0x5563ebfeab00
[1;36mdebug: [0mparser: parse_postfix: before parse_call, node->type=13
[1;36mdebug: [0mparser: Created Call name=wl_display_destroy target_type=13 line=0 col=0 node=0x5563ebfead98 target=0x5563ebfeac98
w_name=__bswap_16
DEBUG C_PARSER: parsed function __bswap_16 with 1 params (varargs=0) at line 328
w_name=__bswap_32
DEBUG C_PARSER: parsed function __bswap_32 with 1 params (varargs=0) at line 343
w_name=__bswap_64
DEBUG C_PARSER: parsed function __bswap_64 with 1 params (varargs=0) at line 353
w_name=__uint16_identity
DEBUG C_PARSER: parsed function __uint16_identity with 1 params (varargs=0) at line 365
w_name=__uint32_identity
DEBUG C_PARSER: parsed function __uint32_identity with 1 params (varargs=0) at line 371
w_name=__uint64_identity
DEBUG C_PARSER: parsed function __uint64_identity with 1 params (varargs=0) at line 377
w_name=select
DEBUG C_PARSER: parsed function select with 5 params (varargs=0) at line 483
w_name=pselect
DEBUG C_PARSER: parsed function pselect with 6 params (varargs=0) at line 489
w_name=__fpclassify
DEBUG C_PARSER: parsed function __fpclassify with 1 params (varargs=0) at line 860
w_name=__signbit
DEBUG C_PARSER: parsed function __signbit with 1 params (varargs=0) at line 864
w_name=__isinf
DEBUG C_PARSER: parsed function __isinf with 1 params (varargs=0) at line 869
w_name=__finite
DEBUG C_PARSER: parsed function __finite with 1 params (varargs=0) at line 873
w_name=__isnan
DEBUG C_PARSER: parsed function __isnan with 1 params (varargs=0) at line 877
w_name=__iseqsig
DEBUG C_PARSER: parsed function __iseqsig with 2 params (varargs=0) at line 881
w_name=__issignaling
DEBUG C_PARSER: parsed function __issignaling with 1 params (varargs=0) at line 884
w_name=acos
DEBUG C_PARSER: parsed function acos with 1 params (varargs=0) at line 889
w_name=__acos
DEBUG C_PARSER: parsed function __acos with 1 params (varargs=0) at line 889
w_name=asin
DEBUG C_PARSER: parsed function asin with 1 params (varargs=0) at line 891
w_name=__asin
DEBUG C_PARSER: parsed function __asin with 1 params (varargs=0) at line 891
w_name=atan
DEBUG C_PARSER: parsed function atan with 1 params (varargs=0) at line 893
w_name=__atan
DEBUG C_PARSER: parsed function __atan with 1 params (varargs=0) at line 893
w_name=atan2
DEBUG C_PARSER: parsed function atan2 with 2 params (varargs=0) at line 895
w_name=__atan2
DEBUG C_PARSER: parsed function __atan2 with 2 params (varargs=0) at line 895
w_name=cos
DEBUG C_PARSER: parsed function cos with 1 params (varargs=0) at line 898
w_name=__cos
DEBUG C_PARSER: parsed function __cos with 1 params (varargs=0) at line 898
w_name=sin
DEBUG C_PARSER: parsed function sin with 1 params (varargs=0) at line 900
w_name=__sin
DEBUG C_PARSER: parsed function __sin with 1 params (varargs=0) at line 900
w_name=tan
DEBUG C_PARSER: parsed function tan with 1 params (varargs=0) at line 902
w_name=__tan
DEBUG C_PARSER: parsed function __tan with 1 params (varargs=0) at line 902
w_name=acospi
DEBUG C_PARSER: parsed function acospi with 1 params (varargs=0) at line 906
w_name=__acospi
DEBUG C_PARSER: parsed function __acospi with 1 params (varargs=0) at line 906
w_name=acospi
DEBUG C_PARSER: parsed function acospi with 1 params (varargs=0) at line 907
w_name=__acospi
DEBUG C_PARSER: parsed function __acospi with 1 params (varargs=0) at line 907
w_name=asinpi
DEBUG C_PARSER: parsed function asinpi with 1 params (varargs=0) at line 909
w_name=__asinpi
DEBUG C_PARSER: parsed function __asinpi with 1 params (varargs=0) at line 909
w_name=asinpi
DEBUG C_PARSER: parsed function asinpi with 1 params (varargs=0) at line 910
w_name=__asinpi
DEBUG C_PARSER: parsed function __asinpi with 1 params (varargs=0) at line 910
w_name=atanpi
DEBUG C_PARSER: parsed function atanpi with 1 params (varargs=0) at line 912
w_name=__atanpi
DEBUG C_PARSER: parsed function __atanpi with 1 params (varargs=0) at line 912
w_name=atanpi
DEBUG C_PARSER: parsed function atanpi with 1 params (varargs=0) at line 913
w_name=__atanpi
DEBUG C_PARSER: parsed function __atanpi with 1 params (varargs=0) at line 913
w_name=atan2pi
DEBUG C_PARSER: parsed function atan2pi with 2 params (varargs=0) at line 915
w_name=__atan2pi
DEBUG C_PARSER: parsed function __atan2pi with 2 params (varargs=0) at line 915
w_name=atan2pi
DEBUG C_PARSER: parsed function atan2pi with 2 params (varargs=0) at line 916
w_name=__atan2pi
DEBUG C_PARSER: parsed function __atan2pi with 2 params (varargs=0) at line 916
w_name=cospi
DEBUG C_PARSER: parsed function cospi with 1 params (varargs=0) at line 919
w_name=__cospi
DEBUG C_PARSER: parsed function __cospi with 1 params (varargs=0) at line 919
w_name=sinpi
DEBUG C_PARSER: parsed function sinpi with 1 params (varargs=0) at line 921
w_name=__sinpi
DEBUG C_PARSER: parsed function __sinpi with 1 params (varargs=0) at line 921
w_name=tanpi
DEBUG C_PARSER: parsed function tanpi with 1 params (varargs=0) at line 923
w_name=__tanpi
DEBUG C_PARSER: parsed function __tanpi with 1 params (varargs=0) at line 923
w_name=cosh
DEBUG C_PARSER: parsed function cosh with 1 params (varargs=0) at line 929
w_name=__cosh
DEBUG C_PARSER: parsed function __cosh with 1 params (varargs=0) at line 929
w_name=sinh
DEBUG C_PARSER: parsed function sinh with 1 params (varargs=0) at line 931
w_name=__sinh
DEBUG C_PARSER: parsed function __sinh with 1 params (varargs=0) at line 931
w_name=tanh
DEBUG C_PARSER: parsed function tanh with 1 params (varargs=0) at line 933
w_name=__tanh
DEBUG C_PARSER: parsed function __tanh with 1 params (varargs=0) at line 933
w_name=acosh
DEBUG C_PARSER: parsed function acosh with 1 params (varargs=0) at line 935
w_name=__acosh
DEBUG C_PARSER: parsed function __acosh with 1 params (varargs=0) at line 935
w_name=asinh
DEBUG C_PARSER: parsed function asinh with 1 params (varargs=0) at line 937
w_name=__asinh
DEBUG C_PARSER: parsed function __asinh with 1 params (varargs=0) at line 937
w_name=atanh
DEBUG C_PARSER: parsed function atanh with 1 params (varargs=0) at line 939
w_name=__atanh
DEBUG C_PARSER: parsed function __atanh with 1 params (varargs=0) at line 939
w_name=exp
DEBUG C_PARSER: parsed function exp with 1 params (varargs=0) at line 945
w_name=__exp
DEBUG C_PARSER: parsed function __exp with 1 params (varargs=0) at line 945
w_name=frexp
DEBUG C_PARSER: parsed function frexp with 2 params (varargs=0) at line 948
w_name=__frexp
DEBUG C_PARSER: parsed function __frexp with 2 params (varargs=0) at line 948
w_name=ldexp
DEBUG C_PARSER: parsed function ldexp with 2 params (varargs=0) at line 951
w_name=__ldexp
DEBUG C_PARSER: parsed function __ldexp with 2 params (varargs=0) at line 951
w_name=log
DEBUG C_PARSER: parsed function log with 1 params (varargs=0) at line 954
w_name=__log
DEBUG C_PARSER: parsed function __log with 1 params (varargs=0) at line 954
w_name=log10
DEBUG C_PARSER: parsed function log10 with 1 params (varargs=0) at line 957
w_name=__log10
DEBUG C_PARSER: parsed function __log10 with 1 params (varargs=0) at line 957
w_name=modf
DEBUG C_PARSER: parsed function modf with 2 params (varargs=0) at line 960
w_name=__modf
DEBUG C_PARSER: parsed function __modf with 2 params (varargs=0) at line 960
w_name=exp10
DEBUG C_PARSER: parsed function exp10 with 1 params (varargs=0) at line 964
w_name=__exp10
DEBUG C_PARSER: parsed function __exp10 with 1 params (varargs=0) at line 964
w_name=exp2m1
DEBUG C_PARSER: parsed function exp2m1 with 1 params (varargs=0) at line 967
w_name=__exp2m1
DEBUG C_PARSER: parsed function __exp2m1 with 1 params (varargs=0) at line 967
w_name=exp10m1
DEBUG C_PARSER: parsed function exp10m1 with 1 params (varargs=0) at line 970
w_name=__exp10m1
DEBUG C_PARSER: parsed function __exp10m1 with 1 params (varargs=0) at line 970
w_name=log2p1
DEBUG C_PARSER: parsed function log2p1 with 1 params (varargs=0) at line 973
w_name=__log2p1
DEBUG C_PARSER: parsed function __log2p1 with 1 params (varargs=0) at line 973
w_name=log10p1
DEBUG C_PARSER: parsed function log10p1 with 1 params (varargs=0) at line 976
w_name=__log10p1
DEBUG C_PARSER: parsed function __log10p1 with 1 params (varargs=0) at line 976
w_name=logp1
DEBUG C_PARSER: parsed function logp1 with 1 params (varargs=0) at line 979
w_name=__logp1
DEBUG C_PARSER: parsed function __logp1 with 1 params (varargs=0) at line 979
w_name=expm1
DEBUG C_PARSER: parsed function expm1 with 1 params (varargs=0) at line 984
w_name=__expm1
DEBUG C_PARSER: parsed function __expm1 with 1 params (varargs=0) at line 984
w_name=log1p
DEBUG C_PARSER: parsed function log1p with 1 params (varargs=0) at line 987
w_name=__log1p
DEBUG C_PARSER: parsed function __log1p with 1 params (varargs=0) at line 987
w_name=logb
DEBUG C_PARSER: parsed function logb with 1 params (varargs=0) at line 990
w_name=__logb
DEBUG C_PARSER: parsed function __logb with 1 params (varargs=0) at line 990
w_name=exp2
DEBUG C_PARSER: parsed function exp2 with 1 params (varargs=0) at line 995
w_name=__exp2
DEBUG C_PARSER: parsed function __exp2 with 1 params (varargs=0) at line 995
w_name=log2
DEBUG C_PARSER: parsed function log2 with 1 params (varargs=0) at line 998
w_name=__log2
DEBUG C_PARSER: parsed function __log2 with 1 params (varargs=0) at line 998
w_name=pow
DEBUG C_PARSER: parsed function pow with 2 params (varargs=0) at line 1005
w_name=__pow
DEBUG C_PARSER: parsed function __pow with 2 params (varargs=0) at line 1005
w_name=sqrt
DEBUG C_PARSER: parsed function sqrt with 1 params (varargs=0) at line 1008
w_name=__sqrt
DEBUG C_PARSER: parsed function __sqrt with 1 params (varargs=0) at line 1008
w_name=hypot
DEBUG C_PARSER: parsed function hypot with 2 params (varargs=0) at line 1012
w_name=__hypot
DEBUG C_PARSER: parsed function __hypot with 2 params (varargs=0) at line 1012
w_name=cbrt
DEBUG C_PARSER: parsed function cbrt with 1 params (varargs=0) at line 1017
w_name=__cbrt
DEBUG C_PARSER: parsed function __cbrt with 1 params (varargs=0) at line 1017
w_name=compoundn
DEBUG C_PARSER: parsed function compoundn with 2 params (varargs=0) at line 1022
w_name=__compoundn
DEBUG C_PARSER: parsed function __compoundn with 2 params (varargs=0) at line 1022
w_name=pown
DEBUG C_PARSER: parsed function pown with 2 params (varargs=0) at line 1025
w_name=__pown
DEBUG C_PARSER: parsed function __pown with 2 params (varargs=0) at line 1025
w_name=powr
DEBUG C_PARSER: parsed function powr with 2 params (varargs=0) at line 1028
w_name=__powr
DEBUG C_PARSER: parsed function __powr with 2 params (varargs=0) at line 1028
w_name=powr
DEBUG C_PARSER: parsed function powr with 2 params (varargs=0) at line 1029
w_name=__powr
DEBUG C_PARSER: parsed function __powr with 2 params (varargs=0) at line 1029
w_name=rootn
DEBUG C_PARSER: parsed function rootn with 2 params (varargs=0) at line 1032
w_name=__rootn
DEBUG C_PARSER: parsed function __rootn with 2 params (varargs=0) at line 1032
w_name=rsqrt
DEBUG C_PARSER: parsed function rsqrt with 1 params (varargs=0) at line 1035
w_name=__rsqrt
DEBUG C_PARSER: parsed function __rsqrt with 1 params (varargs=0) at line 1035
w_name=ceil
DEBUG C_PARSER: parsed function ceil with 1 params (varargs=0) at line 1042
w_name=fabs
DEBUG C_PARSER: parsed function fabs with 1 params (varargs=0) at line 1045
w_name=floor
DEBUG C_PARSER: parsed function floor with 1 params (varargs=0) at line 1048
w_name=fmod
DEBUG C_PARSER: parsed function fmod with 2 params (varargs=0) at line 1051
w_name=__fmod
DEBUG C_PARSER: parsed function __fmod with 2 params (varargs=0) at line 1051
w_name=isinf
DEBUG C_PARSER: parsed function isinf with 1 params (varargs=0) at line 1053
w_name=finite
DEBUG C_PARSER: parsed function finite with 1 params (varargs=0) at line 1059
w_name=drem
DEBUG C_PARSER: parsed function drem with 2 params (varargs=0) at line 1063
w_name=__drem
DEBUG C_PARSER: parsed function __drem with 2 params (varargs=0) at line 1063
w_name=significand
DEBUG C_PARSER: parsed function significand with 1 params (varargs=0) at line 1067
w_name=__significand
DEBUG C_PARSER: parsed function __significand with 1 params (varargs=0) at line 1067
w_name=copysign
DEBUG C_PARSER: parsed function copysign with 2 params (varargs=0) at line 1074
w_name=nan
DEBUG C_PARSER: parsed function nan with 1 params (varargs=0) at line 1079
w_name=__nan
DEBUG C_PARSER: parsed function __nan with 1 params (varargs=0) at line 1079
w_name=isnan
DEBUG C_PARSER: parsed function isnan with 1 params (varargs=0) at line 1081
w_name=j0
DEBUG C_PARSER: parsed function j0 with 1 params (varargs=0) at line 1088
w_name=__j0
DEBUG C_PARSER: parsed function __j0 with 1 params (varargs=0) at line 1088
w_name=j1
DEBUG C_PARSER: parsed function j1 with 1 params (varargs=0) at line 1089
w_name=__j1
DEBUG C_PARSER: parsed function __j1 with 1 params (varargs=0) at line 1089
w_name=jn
DEBUG C_PARSER: parsed function jn with 2 params (varargs=0) at line 1090
w_name=__jn
DEBUG C_PARSER: parsed function __jn with 2 params (varargs=0) at line 1090
w_name=y0
DEBUG C_PARSER: parsed function y0 with 1 params (varargs=0) at line 1091
w_name=__y0
DEBUG C_PARSER: parsed function __y0 with 1 params (varargs=0) at line 1091
w_name=y1
DEBUG C_PARSER: parsed function y1 with 1 params (varargs=0) at line 1092
w_name=__y1
DEBUG C_PARSER: parsed function __y1 with 1 params (varargs=0) at line 1092
w_name=yn
DEBUG C_PARSER: parsed function yn with 2 params (varargs=0) at line 1093
w_name=__yn
DEBUG C_PARSER: parsed function __yn with 2 params (varargs=0) at line 1093
w_name=erf
DEBUG C_PARSER: parsed function erf with 1 params (varargs=0) at line 1099
w_name=__erf
DEBUG C_PARSER: parsed function __erf with 1 params (varargs=0) at line 1099
w_name=erfc
DEBUG C_PARSER: parsed function erfc with 1 params (varargs=0) at line 1100
w_name=__erfc
DEBUG C_PARSER: parsed function __erfc with 1 params (varargs=0) at line 1100
w_name=lgamma
DEBUG C_PARSER: parsed function lgamma with 1 params (varargs=0) at line 1101
w_name=__lgamma
DEBUG C_PARSER: parsed function __lgamma with 1 params (varargs=0) at line 1101
w_name=tgamma
DEBUG C_PARSER: parsed function tgamma with 1 params (varargs=0) at line 1106
w_name=__tgamma
DEBUG C_PARSER: parsed function __tgamma with 1 params (varargs=0) at line 1106
w_name=gamma
DEBUG C_PARSER: parsed function gamma with 1 params (varargs=0) at line 1112
w_name=__gamma
DEBUG C_PARSER: parsed function __gamma with 1 params (varargs=0) at line 1112
w_name=lgamma_r
DEBUG C_PARSER: parsed function lgamma_r with 2 params (varargs=0) at line 1120
w_name=__lgamma_r
DEBUG C_PARSER: parsed function __lgamma_r with 2 params (varargs=0) at line 1120
w_name=rint
DEBUG C_PARSER: parsed function rint with 1 params (varargs=0) at line 1127
w_name=__rint
DEBUG C_PARSER: parsed function __rint with 1 params (varargs=0) at line 1127
w_name=nextafter
DEBUG C_PARSER: parsed function nextafter with 2 params (varargs=0) at line 1130
w_name=__nextafter
DEBUG C_PARSER: parsed function __nextafter with 2 params (varargs=0) at line 1130
w_name=nexttoward
DEBUG C_PARSER: parsed function nexttoward with 2 params (varargs=0) at line 1132
w_name=__nexttoward
DEBUG C_PARSER: parsed function __nexttoward with 2 params (varargs=0) at line 1132
w_name=nextdown
DEBUG C_PARSER: parsed function nextdown with 1 params (varargs=0) at line 1137
w_name=__nextdown
DEBUG C_PARSER: parsed function __nextdown with 1 params (varargs=0) at line 1137
w_name=nextup
DEBUG C_PARSER: parsed function nextup with 1 params (varargs=0) at line 1139
w_name=__nextup
DEBUG C_PARSER: parsed function __nextup with 1 params (varargs=0) at line 1139
w_name=remainder
DEBUG C_PARSER: parsed function remainder with 2 params (varargs=0) at line 1143
w_name=__remainder
DEBUG C_PARSER: parsed function __remainder with 2 params (varargs=0) at line 1143
w_name=scalbn
DEBUG C_PARSER: parsed function scalbn with 2 params (varargs=0) at line 1147
w_name=__scalbn
DEBUG C_PARSER: parsed function __scalbn with 2 params (varargs=0) at line 1147
w_name=ilogb
DEBUG C_PARSER: parsed function ilogb with 1 params (varargs=0) at line 1151
w_name=__ilogb
DEBUG C_PARSER: parsed function __ilogb with 1 params (varargs=0) at line 1151
w_name=llogb
DEBUG C_PARSER: parsed function llogb with 1 params (varargs=0) at line 1156
w_name=__llogb
DEBUG C_PARSER: parsed function __llogb with 1 params (varargs=0) at line 1156
w_name=scalbln
DEBUG C_PARSER: parsed function scalbln with 2 params (varargs=0) at line 1161
w_name=__scalbln
DEBUG C_PARSER: parsed function __scalbln with 2 params (varargs=0) at line 1161
w_name=nearbyint
DEBUG C_PARSER: parsed function nearbyint with 1 params (varargs=0) at line 1165
w_name=__nearbyint
DEBUG C_PARSER: parsed function __nearbyint with 1 params (varargs=0) at line 1165
w_name=round
DEBUG C_PARSER: parsed function round with 1 params (varargs=0) at line 1169
w_name=trunc
DEBUG C_PARSER: parsed function trunc with 1 params (varargs=0) at line 1173
w_name=remquo
DEBUG C_PARSER: parsed function remquo with 3 params (varargs=0) at line 1178
w_name=__remquo
DEBUG C_PARSER: parsed function __remquo with 3 params (varargs=0) at line 1178
w_name=lrint
DEBUG C_PARSER: parsed function lrint with 1 params (varargs=0) at line 1185
w_name=__lrint
DEBUG C_PARSER: parsed function __lrint with 1 params (varargs=0) at line 1185
w_name=llrint
DEBUG C_PARSER: parsed function llrint with 1 params (varargs=0) at line 1187
w_name=__llrint
DEBUG C_PARSER: parsed function __llrint with 1 params (varargs=0) at line 1187
w_name=lround
DEBUG C_PARSER: parsed function lround with 1 params (varargs=0) at line 1191
w_name=__lround
DEBUG C_PARSER: parsed function __lround with 1 params (varargs=0) at line 1191
w_name=llround
DEBUG C_PARSER: parsed function llround with 1 params (varargs=0) at line 1193
w_name=__llround
DEBUG C_PARSER: parsed function __llround with 1 params (varargs=0) at line 1193
w_name=fdim
DEBUG C_PARSER: parsed function fdim with 2 params (varargs=0) at line 1197
w_name=__fdim
DEBUG C_PARSER: parsed function __fdim with 2 params (varargs=0) at line 1197
w_name=fmax
DEBUG C_PARSER: parsed function fmax with 2 params (varargs=0) at line 1201
w_name=fmin
DEBUG C_PARSER: parsed function fmin with 2 params (varargs=0) at line 1204
w_name=fma
DEBUG C_PARSER: parsed function fma with 3 params (varargs=0) at line 1208
w_name=__fma
DEBUG C_PARSER: parsed function __fma with 3 params (varargs=0) at line 1208
w_name=roundeven
DEBUG C_PARSER: parsed function roundeven with 1 params (varargs=0) at line 1213
w_name=fromfp
DEBUG C_PARSER: parsed function fromfp with 3 params (varargs=0) at line 1217
w_name=__fromfp
DEBUG C_PARSER: parsed function __fromfp with 3 params (varargs=0) at line 1217
w_name=ufromfp
DEBUG C_PARSER: parsed function ufromfp with 3 params (varargs=0) at line 1221
w_name=__ufromfp
DEBUG C_PARSER: parsed function __ufromfp with 3 params (varargs=0) at line 1221
w_name=fromfpx
DEBUG C_PARSER: parsed function fromfpx with 3 params (varargs=0) at line 1226
w_name=__fromfpx
DEBUG C_PARSER: parsed function __fromfpx with 3 params (varargs=0) at line 1226
w_name=ufromfpx
DEBUG C_PARSER: parsed function ufromfpx with 3 params (varargs=0) at line 1231
w_name=__ufromfpx
DEBUG C_PARSER: parsed function __ufromfpx with 3 params (varargs=0) at line 1231
w_name=canonicalize
DEBUG C_PARSER: parsed function canonicalize with 2 params (varargs=0) at line 1234
w_name=fmaximum
DEBUG C_PARSER: parsed function fmaximum with 2 params (varargs=0) at line 1236
w_name=fminimum
DEBUG C_PARSER: parsed function fminimum with 2 params (varargs=0) at line 1239
w_name=fmaximum_num
DEBUG C_PARSER: parsed function fmaximum_num with 2 params (varargs=0) at line 1242
w_name=fminimum_num
DEBUG C_PARSER: parsed function fminimum_num with 2 params (varargs=0) at line 1245
w_name=fmaximum_mag
DEBUG C_PARSER: parsed function fmaximum_mag with 2 params (varargs=0) at line 1248
w_name=fminimum_mag
DEBUG C_PARSER: parsed function fminimum_mag with 2 params (varargs=0) at line 1251
w_name=fmaximum_mag_num
DEBUG C_PARSER: parsed function fmaximum_mag_num with 2 params (varargs=0) at line 1254
w_name=fminimum_mag_num
DEBUG C_PARSER: parsed function fminimum_mag_num with 2 params (varargs=0) at line 1257
w_name=scalb
DEBUG C_PARSER: parsed function scalb with 2 params (varargs=0) at line 1259
w_name=__scalb
DEBUG C_PARSER: parsed function __scalb with 2 params (varargs=0) at line 1259
w_name=__fpclassifyf
DEBUG C_PARSER: parsed function __fpclassifyf with 1 params (varargs=0) at line 1264
w_name=__signbitf
DEBUG C_PARSER: parsed function __signbitf with 1 params (varargs=0) at line 1268
w_name=__isinff
DEBUG C_PARSER: parsed function __isinff with 1 params (varargs=0) at line 1273
w_name=__finitef
DEBUG C_PARSER: parsed function __finitef with 1 params (varargs=0) at line 1277
w_name=__isnanf
DEBUG C_PARSER: parsed function __isnanf with 1 params (varargs=0) at line 1281
w_name=__iseqsigf
DEBUG C_PARSER: parsed function __iseqsigf with 2 params (varargs=0) at line 1285
w_name=__issignalingf
DEBUG C_PARSER: parsed function __issignalingf with 1 params (varargs=0) at line 1288
w_name=acosf
DEBUG C_PARSER: parsed function acosf with 1 params (varargs=0) at line 1293
w_name=__acosf
DEBUG C_PARSER: parsed function __acosf with 1 params (varargs=0) at line 1293
w_name=asinf
DEBUG C_PARSER: parsed function asinf with 1 params (varargs=0) at line 1295
w_name=__asinf
DEBUG C_PARSER: parsed function __asinf with 1 params (varargs=0) at line 1295
w_name=atanf
DEBUG C_PARSER: parsed function atanf with 1 params (varargs=0) at line 1297
w_name=__atanf
DEBUG C_PARSER: parsed function __atanf with 1 params (varargs=0) at line 1297
w_name=atan2f
DEBUG C_PARSER: parsed function atan2f with 2 params (varargs=0) at line 1299
w_name=__atan2f
DEBUG C_PARSER: parsed function __atan2f with 2 params (varargs=0) at line 1299
w_name=cosf
DEBUG C_PARSER: parsed function cosf with 1 params (varargs=0) at line 1302
w_name=__cosf
DEBUG C_PARSER: parsed function __cosf with 1 params (varargs=0) at line 1302
w_name=sinf
DEBUG C_PARSER: parsed function sinf with 1 params (varargs=0) at line 1304
w_name=__sinf
DEBUG C_PARSER: parsed function __sinf with 1 params (varargs=0) at line 1304
w_name=tanf
DEBUG C_PARSER: parsed function tanf with 1 params (varargs=0) at line 1306
w_name=__tanf
DEBUG C_PARSER: parsed function __tanf with 1 params (varargs=0) at line 1306
w_name=acospif
DEBUG C_PARSER: parsed function acospif with 1 params (varargs=0) at line 1310
w_name=__acospif
DEBUG C_PARSER: parsed function __acospif with 1 params (varargs=0) at line 1310
w_name=acospif
DEBUG C_PARSER: parsed function acospif with 1 params (varargs=0) at line 1311
w_name=__acospif
DEBUG C_PARSER: parsed function __acospif with 1 params (varargs=0) at line 1311
w_name=asinpif
DEBUG C_PARSER: parsed function asinpif with 1 params (varargs=0) at line 1313
w_name=__asinpif
DEBUG C_PARSER: parsed function __asinpif with 1 params (varargs=0) at line 1313
w_name=asinpif
DEBUG C_PARSER: parsed function asinpif with 1 params (varargs=0) at line 1314
w_name=__asinpif
DEBUG C_PARSER: parsed function __asinpif with 1 params (varargs=0) at line 1314
w_name=atanpif
DEBUG C_PARSER: parsed function atanpif with 1 params (varargs=0) at line 1316
w_name=__atanpif
DEBUG C_PARSER: parsed function __atanpif with 1 params (varargs=0) at line 1316
w_name=atanpif
DEBUG C_PARSER: parsed function atanpif with 1 params (varargs=0) at line 1317
w_name=__atanpif
DEBUG C_PARSER: parsed function __atanpif with 1 params (varargs=0) at line 1317
w_name=atan2pif
DEBUG C_PARSER: parsed function atan2pif with 2 params (varargs=0) at line 1319
w_name=__atan2pif
DEBUG C_PARSER: parsed function __atan2pif with 2 params (varargs=0) at line 1319
w_name=atan2pif
DEBUG C_PARSER: parsed function atan2pif with 2 params (varargs=0) at line 1320
w_name=__atan2pif
DEBUG C_PARSER: parsed function __atan2pif with 2 params (varargs=0) at line 1320
w_name=cospif
DEBUG C_PARSER: parsed function cospif with 1 params (varargs=0) at line 1323
w_name=__cospif
DEBUG C_PARSER: parsed function __cospif with 1 params (varargs=0) at line 1323
w_name=sinpif
DEBUG C_PARSER: parsed function sinpif with 1 params (varargs=0) at line 1325
w_name=__sinpif
DEBUG C_PARSER: parsed function __sinpif with 1 params (varargs=0) at line 1325
w_name=tanpif
DEBUG C_PARSER: parsed function tanpif with 1 params (varargs=0) at line 1327
w_name=__tanpif
DEBUG C_PARSER: parsed function __tanpif with 1 params (varargs=0) at line 1327
w_name=coshf
DEBUG C_PARSER: parsed function coshf with 1 params (varargs=0) at line 1333
w_name=__coshf
DEBUG C_PARSER: parsed function __coshf with 1 params (varargs=0) at line 1333
w_name=sinhf
DEBUG C_PARSER: parsed function sinhf with 1 params (varargs=0) at line 1335
w_name=__sinhf
DEBUG C_PARSER: parsed function __sinhf with 1 params (varargs=0) at line 1335
w_name=tanhf
DEBUG C_PARSER: parsed function tanhf with 1 params (varargs=0) at line 1337
w_name=__tanhf
DEBUG C_PARSER: parsed function __tanhf with 1 params (varargs=0) at line 1337
w_name=acoshf
DEBUG C_PARSER: parsed function acoshf with 1 params (varargs=0) at line 1339
w_name=__acoshf
DEBUG C_PARSER: parsed function __acoshf with 1 params (varargs=0) at line 1339
w_name=asinhf
DEBUG C_PARSER: parsed function asinhf with 1 params (varargs=0) at line 1341
w_name=__asinhf
DEBUG C_PARSER: parsed function __asinhf with 1 params (varargs=0) at line 1341
w_name=atanhf
DEBUG C_PARSER: parsed function atanhf with 1 params (varargs=0) at line 1343
w_name=__atanhf
DEBUG C_PARSER: parsed function __atanhf with 1 params (varargs=0) at line 1343
w_name=expf
DEBUG C_PARSER: parsed function expf with 1 params (varargs=0) at line 1349
w_name=__expf
DEBUG C_PARSER: parsed function __expf with 1 params (varargs=0) at line 1349
w_name=frexpf
DEBUG C_PARSER: parsed function frexpf with 2 params (varargs=0) at line 1352
w_name=__frexpf
DEBUG C_PARSER: parsed function __frexpf with 2 params (varargs=0) at line 1352
w_name=ldexpf
DEBUG C_PARSER: parsed function ldexpf with 2 params (varargs=0) at line 1355
w_name=__ldexpf
DEBUG C_PARSER: parsed function __ldexpf with 2 params (varargs=0) at line 1355
w_name=logf
DEBUG C_PARSER: parsed function logf with 1 params (varargs=0) at line 1358
w_name=__logf
DEBUG C_PARSER: parsed function __logf with 1 params (varargs=0) at line 1358
w_name=log10f
DEBUG C_PARSER: parsed function log10f with 1 params (varargs=0) at line 1361
w_name=__log10f
DEBUG C_PARSER: parsed function __log10f with 1 params (varargs=0) at line 1361
w_name=modff
DEBUG C_PARSER: parsed function modff with 2 params (varargs=0) at line 1364
w_name=__modff
DEBUG C_PARSER: parsed function __modff with 2 params (varargs=0) at line 1364
w_name=exp10f
DEBUG C_PARSER: parsed function exp10f with 1 params (varargs=0) at line 1368
w_name=__exp10f
DEBUG C_PARSER: parsed function __exp10f with 1 params (varargs=0) at line 1368
w_name=exp2m1f
DEBUG C_PARSER: parsed function exp2m1f with 1 params (varargs=0) at line 1371
w_name=__exp2m1f
DEBUG C_PARSER: parsed function __exp2m1f with 1 params (varargs=0) at line 1371
w_name=exp10m1f
DEBUG C_PARSER: parsed function exp10m1f with 1 params (varargs=0) at line 1374
w_name=__exp10m1f
DEBUG C_PARSER: parsed function __exp10m1f with 1 params (varargs=0) at line 1374
w_name=log2p1f
DEBUG C_PARSER: parsed function log2p1f with 1 params (varargs=0) at line 1377
w_name=__log2p1f
DEBUG C_PARSER: parsed function __log2p1f with 1 params (varargs=0) at line 1377
w_name=log10p1f
DEBUG C_PARSER: parsed function log10p1f with 1 params (varargs=0) at line 1380
w_name=__log10p1f
DEBUG C_PARSER: parsed function __log10p1f with 1 params (varargs=0) at line 1380
w_name=logp1f
DEBUG C_PARSER: parsed function logp1f with 1 params (varargs=0) at line 1383
w_name=__logp1f
DEBUG C_PARSER: parsed function __logp1f with 1 params (varargs=0) at line 1383
w_name=expm1f
DEBUG C_PARSER: parsed function expm1f with 1 params (varargs=0) at line 1388
w_name=__expm1f
DEBUG C_PARSER: parsed function __expm1f with 1 params (varargs=0) at line 1388
w_name=log1pf
DEBUG C_PARSER: parsed function log1pf with 1 params (varargs=0) at line 1391
w_name=__log1pf
DEBUG C_PARSER: parsed function __log1pf with 1 params (varargs=0) at line 1391
w_name=logbf
DEBUG C_PARSER: parsed function logbf with 1 params (varargs=0) at line 1394
w_name=__logbf
DEBUG C_PARSER: parsed function __logbf with 1 params (varargs=0) at line 1394
w_name=exp2f
DEBUG C_PARSER: parsed function exp2f with 1 params (varargs=0) at line 1399
w_name=__exp2f
DEBUG C_PARSER: parsed function __exp2f with 1 params (varargs=0) at line 1399
w_name=log2f
DEBUG C_PARSER: parsed function log2f with 1 params (varargs=0) at line 1402
w_name=__log2f
DEBUG C_PARSER: parsed function __log2f with 1 params (varargs=0) at line 1402
w_name=powf
DEBUG C_PARSER: parsed function powf with 2 params (varargs=0) at line 1409
w_name=__powf
DEBUG C_PARSER: parsed function __powf with 2 params (varargs=0) at line 1409
w_name=sqrtf
DEBUG C_PARSER: parsed function sqrtf with 1 params (varargs=0) at line 1412
w_name=__sqrtf
DEBUG C_PARSER: parsed function __sqrtf with 1 params (varargs=0) at line 1412
w_name=hypotf
DEBUG C_PARSER: parsed function hypotf with 2 params (varargs=0) at line 1416
w_name=__hypotf
DEBUG C_PARSER: parsed function __hypotf with 2 params (varargs=0) at line 1416
w_name=cbrtf
DEBUG C_PARSER: parsed function cbrtf with 1 params (varargs=0) at line 1421
w_name=__cbrtf
DEBUG C_PARSER: parsed function __cbrtf with 1 params (varargs=0) at line 1421
w_name=compoundnf
DEBUG C_PARSER: parsed function compoundnf with 2 params (varargs=0) at line 1426
w_name=__compoundnf
DEBUG C_PARSER: parsed function __compoundnf with 2 params (varargs=0) at line 1426
w_name=pownf
DEBUG C_PARSER: parsed function pownf with 2 params (varargs=0) at line 1429
w_name=__pownf
DEBUG C_PARSER: parsed function __pownf with 2 params (varargs=0) at line 1429
w_name=powrf
DEBUG C_PARSER: parsed function powrf with 2 params (varargs=0) at line 1432
w_name=__powrf
DEBUG C_PARSER: parsed function __powrf with 2 params (varargs=0) at line 1432
w_name=powrf
DEBUG C_PARSER: parsed function powrf with 2 params (varargs=0) at line 1433
w_name=__powrf
DEBUG C_PARSER: parsed function __powrf with 2 params (varargs=0) at line 1433
w_name=rootnf
DEBUG C_PARSER: parsed function rootnf with 2 params (varargs=0) at line 1436
w_name=__rootnf
DEBUG C_PARSER: parsed function __rootnf with 2 params (varargs=0) at line 1436
w_name=rsqrtf
DEBUG C_PARSER: parsed function rsqrtf with 1 params (varargs=0) at line 1439
w_name=__rsqrtf
DEBUG C_PARSER: parsed function __rsqrtf with 1 params (varargs=0) at line 1439
w_name=ceilf
DEBUG C_PARSER: parsed function ceilf with 1 params (varargs=0) at line 1446
w_name=fabsf
DEBUG C_PARSER: parsed function fabsf with 1 params (varargs=0) at line 1449
w_name=floorf
DEBUG C_PARSER: parsed function floorf with 1 params (varargs=0) at line 1452
w_name=fmodf
DEBUG C_PARSER: parsed function fmodf with 2 params (varargs=0) at line 1455
w_name=__fmodf
DEBUG C_PARSER: parsed function __fmodf with 2 params (varargs=0) at line 1455
w_name=isinff
DEBUG C_PARSER: parsed function isinff with 1 params (varargs=0) at line 1457
w_name=finitef
DEBUG C_PARSER: parsed function finitef with 1 params (varargs=0) at line 1463
w_name=dremf
DEBUG C_PARSER: parsed function dremf with 2 params (varargs=0) at line 1467
w_name=__dremf
DEBUG C_PARSER: parsed function __dremf with 2 params (varargs=0) at line 1467
w_name=significandf
DEBUG C_PARSER: parsed function significandf with 1 params (varargs=0) at line 1471
w_name=__significandf
DEBUG C_PARSER: parsed function __significandf with 1 params (varargs=0) at line 1471
w_name=copysignf
DEBUG C_PARSER: parsed function copysignf with 2 params (varargs=0) at line 1478
w_name=nanf
DEBUG C_PARSER: parsed function nanf with 1 params (varargs=0) at line 1483
w_name=__nanf
DEBUG C_PARSER: parsed function __nanf with 1 params (varargs=0) at line 1483
w_name=isnanf
DEBUG C_PARSER: parsed function isnanf with 1 params (varargs=0) at line 1485
w_name=j0f
DEBUG C_PARSER: parsed function j0f with 1 params (varargs=0) at line 1492
w_name=__j0f
DEBUG C_PARSER: parsed function __j0f with 1 params (varargs=0) at line 1492
w_name=j1f
DEBUG C_PARSER: parsed function j1f with 1 params (varargs=0) at line 1493
w_name=__j1f
DEBUG C_PARSER: parsed function __j1f with 1 params (varargs=0) at line 1493
w_name=jnf
DEBUG C_PARSER: parsed function jnf with 2 params (varargs=0) at line 1494
w_name=__jnf
DEBUG C_PARSER: parsed function __jnf with 2 params (varargs=0) at line 1494
w_name=y0f
DEBUG C_PARSER: parsed function y0f with 1 params (varargs=0) at line 1495
w_name=__y0f
DEBUG C_PARSER: parsed function __y0f with 1 params (varargs=0) at line 1495
w_name=y1f
DEBUG C_PARSER: parsed function y1f with 1 params (varargs=0) at line 1496
w_name=__y1f
DEBUG C_PARSER: parsed function __y1f with 1 params (varargs=0) at line 1496
w_name=ynf
DEBUG C_PARSER: parsed function ynf with 2 params (varargs=0) at line 1497
w_name=__ynf
DEBUG C_PARSER: parsed function __ynf with 2 params (varargs=0) at line 1497
w_name=erff
DEBUG C_PARSER: parsed function erff with 1 params (varargs=0) at line 1503
w_name=__erff
DEBUG C_PARSER: parsed function __erff with 1 params (varargs=0) at line 1503
w_name=erfcf
DEBUG C_PARSER: parsed function erfcf with 1 params (varargs=0) at line 1504
w_name=__erfcf
DEBUG C_PARSER: parsed function __erfcf with 1 params (varargs=0) at line 1504
w_name=lgammaf
DEBUG C_PARSER: parsed function lgammaf with 1 params (varargs=0) at line 1505
w_name=__lgammaf
DEBUG C_PARSER: parsed function __lgammaf with 1 params (varargs=0) at line 1505
w_name=tgammaf
DEBUG C_PARSER: parsed function tgammaf with 1 params (varargs=0) at line 1510
w_name=__tgammaf
DEBUG C_PARSER: parsed function __tgammaf with 1 params (varargs=0) at line 1510
w_name=gammaf
DEBUG C_PARSER: parsed function gammaf with 1 params (varargs=0) at line 1516
w_name=__gammaf
DEBUG C_PARSER: parsed function __gammaf with 1 params (varargs=0) at line 1516
w_name=lgammaf_r
DEBUG C_PARSER: parsed function lgammaf_r with 2 params (varargs=0) at line 1524
w_name=__lgammaf_r
DEBUG C_PARSER: parsed function __lgammaf_r with 2 params (varargs=0) at line 1524
w_name=rintf
DEBUG C_PARSER: parsed function rintf with 1 params (varargs=0) at line 1531
w_name=__rintf
DEBUG C_PARSER: parsed function __rintf with 1 params (varargs=0) at line 1531
w_name=nextafterf
DEBUG C_PARSER: parsed function nextafterf with 2 params (varargs=0) at line 1534
w_name=__nextafterf
DEBUG C_PARSER: parsed function __nextafterf with 2 params (varargs=0) at line 1534
w_name=nexttowardf
DEBUG C_PARSER: parsed function nexttowardf with 2 params (varargs=0) at line 1536
w_name=__nexttowardf
DEBUG C_PARSER: parsed function __nexttowardf with 2 params (varargs=0) at line 1536
w_name=nextdownf
DEBUG C_PARSER: parsed function nextdownf with 1 params (varargs=0) at line 1541
w_name=__nextdownf
DEBUG C_PARSER: parsed function __nextdownf with 1 params (varargs=0) at line 1541
w_name=nextupf
DEBUG C_PARSER: parsed function nextupf with 1 params (varargs=0) at line 1543
w_name=__nextupf
DEBUG C_PARSER: parsed function __nextupf with 1 params (varargs=0) at line 1543
w_name=remainderf
DEBUG C_PARSER: parsed function remainderf with 2 params (varargs=0) at line 1547
w_name=__remainderf
DEBUG C_PARSER: parsed function __remainderf with 2 params (varargs=0) at line 1547
w_name=scalbnf
DEBUG C_PARSER: parsed function scalbnf with 2 params (varargs=0) at line 1551
w_name=__scalbnf
DEBUG C_PARSER: parsed function __scalbnf with 2 params (varargs=0) at line 1551
w_name=ilogbf
DEBUG C_PARSER: parsed function ilogbf with 1 params (varargs=0) at line 1555
w_name=__ilogbf
DEBUG C_PARSER: parsed function __ilogbf with 1 params (varargs=0) at line 1555
w_name=llogbf
DEBUG C_PARSER: parsed function llogbf with 1 params (varargs=0) at line 1560
w_name=__llogbf
DEBUG C_PARSER: parsed function __llogbf with 1 params (varargs=0) at line 1560
w_name=scalblnf
DEBUG C_PARSER: parsed function scalblnf with 2 params (varargs=0) at line 1565
w_name=__scalblnf
DEBUG C_PARSER: parsed function __scalblnf with 2 params (varargs=0) at line 1565
w_name=nearbyintf
DEBUG C_PARSER: parsed function nearbyintf with 1 params (varargs=0) at line 1569
w_name=__nearbyintf
DEBUG C_PARSER: parsed function __nearbyintf with 1 params (varargs=0) at line 1569
w_name=roundf
DEBUG C_PARSER: parsed function roundf with 1 params (varargs=0) at line 1573
w_name=truncf
DEBUG C_PARSER: parsed function truncf with 1 params (varargs=0) at line 1577
w_name=remquof
DEBUG C_PARSER: parsed function remquof with 3 params (varargs=0) at line 1582
w_name=__remquof
DEBUG C_PARSER: parsed function __remquof with 3 params (varargs=0) at line 1582
w_name=lrintf
DEBUG C_PARSER: parsed function lrintf with 1 params (varargs=0) at line 1589
w_name=__lrintf
DEBUG C_PARSER: parsed function __lrintf with 1 params (varargs=0) at line 1589
w_name=llrintf
DEBUG C_PARSER: parsed function llrintf with 1 params (varargs=0) at line 1591
w_name=__llrintf
DEBUG C_PARSER: parsed function __llrintf with 1 params (varargs=0) at line 1591
w_name=lroundf
DEBUG C_PARSER: parsed function lroundf with 1 params (varargs=0) at line 1595
w_name=__lroundf
DEBUG C_PARSER: parsed function __lroundf with 1 params (varargs=0) at line 1595
w_name=llroundf
DEBUG C_PARSER: parsed function llroundf with 1 params (varargs=0) at line 1597
w_name=__llroundf
DEBUG C_PARSER: parsed function __llroundf with 1 params (varargs=0) at line 1597
w_name=fdimf
DEBUG C_PARSER: parsed function fdimf with 2 params (varargs=0) at line 1601
w_name=__fdimf
DEBUG C_PARSER: parsed function __fdimf with 2 params (varargs=0) at line 1601
w_name=fmaxf
DEBUG C_PARSER: parsed function fmaxf with 2 params (varargs=0) at line 1605
w_name=fminf
DEBUG C_PARSER: parsed function fminf with 2 params (varargs=0) at line 1608
w_name=fmaf
DEBUG C_PARSER: parsed function fmaf with 3 params (varargs=0) at line 1612
w_name=__fmaf
DEBUG C_PARSER: parsed function __fmaf with 3 params (varargs=0) at line 1612
w_name=roundevenf
DEBUG C_PARSER: parsed function roundevenf with 1 params (varargs=0) at line 1617
w_name=fromfpf
DEBUG C_PARSER: parsed function fromfpf with 3 params (varargs=0) at line 1621
w_name=__fromfpf
DEBUG C_PARSER: parsed function __fromfpf with 3 params (varargs=0) at line 1621
w_name=ufromfpf
DEBUG C_PARSER: parsed function ufromfpf with 3 params (varargs=0) at line 1625
w_name=__ufromfpf
DEBUG C_PARSER: parsed function __ufromfpf with 3 params (varargs=0) at line 1625
w_name=fromfpxf
DEBUG C_PARSER: parsed function fromfpxf with 3 params (varargs=0) at line 1630
w_name=__fromfpxf
DEBUG C_PARSER: parsed function __fromfpxf with 3 params (varargs=0) at line 1630
w_name=ufromfpxf
DEBUG C_PARSER: parsed function ufromfpxf with 3 params (varargs=0) at line 1635
w_name=__ufromfpxf
DEBUG C_PARSER: parsed function __ufromfpxf with 3 params (varargs=0) at line 1635
w_name=canonicalizef
DEBUG C_PARSER: parsed function canonicalizef with 2 params (varargs=0) at line 1638
w_name=fmaximumf
DEBUG C_PARSER: parsed function fmaximumf with 2 params (varargs=0) at line 1640
w_name=fminimumf
DEBUG C_PARSER: parsed function fminimumf with 2 params (varargs=0) at line 1643
w_name=fmaximum_numf
DEBUG C_PARSER: parsed function fmaximum_numf with 2 params (varargs=0) at line 1646
w_name=fminimum_numf
DEBUG C_PARSER: parsed function fminimum_numf with 2 params (varargs=0) at line 1649
w_name=fmaximum_magf
DEBUG C_PARSER: parsed function fmaximum_magf with 2 params (varargs=0) at line 1652
w_name=fminimum_magf
DEBUG C_PARSER: parsed function fminimum_magf with 2 params (varargs=0) at line 1655
w_name=fmaximum_mag_numf
DEBUG C_PARSER: parsed function fmaximum_mag_numf with 2 params (varargs=0) at line 1658
w_name=fminimum_mag_numf
DEBUG C_PARSER: parsed function fminimum_mag_numf with 2 params (varargs=0) at line 1661
w_name=scalbf
DEBUG C_PARSER: parsed function scalbf with 2 params (varargs=0) at line 1663
w_name=__scalbf
DEBUG C_PARSER: parsed function __scalbf with 2 params (varargs=0) at line 1663
w_name=__fpclassifyl
DEBUG C_PARSER: parsed function __fpclassifyl with 1 params (varargs=0) at line 1668
w_name=__signbitl
DEBUG C_PARSER: parsed function __signbitl with 1 params (varargs=0) at line 1672
w_name=__isinfl
DEBUG C_PARSER: parsed function __isinfl with 1 params (varargs=0) at line 1677
w_name=__finitel
DEBUG C_PARSER: parsed function __finitel with 1 params (varargs=0) at line 1681
w_name=__isnanl
DEBUG C_PARSER: parsed function __isnanl with 1 params (varargs=0) at line 1685
w_name=__iseqsigl
DEBUG C_PARSER: parsed function __iseqsigl with 2 params (varargs=0) at line 1689
w_name=__issignalingl
DEBUG C_PARSER: parsed function __issignalingl with 1 params (varargs=0) at line 1692
w_name=acosl
DEBUG C_PARSER: parsed function acosl with 1 params (varargs=0) at line 1697
w_name=__acosl
DEBUG C_PARSER: parsed function __acosl with 1 params (varargs=0) at line 1697
w_name=asinl
DEBUG C_PARSER: parsed function asinl with 1 params (varargs=0) at line 1699
w_name=__asinl
DEBUG C_PARSER: parsed function __asinl with 1 params (varargs=0) at line 1699
w_name=atanl
DEBUG C_PARSER: parsed function atanl with 1 params (varargs=0) at line 1701
w_name=__atanl
DEBUG C_PARSER: parsed function __atanl with 1 params (varargs=0) at line 1701
w_name=atan2l
DEBUG C_PARSER: parsed function atan2l with 2 params (varargs=0) at line 1703
w_name=__atan2l
DEBUG C_PARSER: parsed function __atan2l with 2 params (varargs=0) at line 1703
w_name=cosl
DEBUG C_PARSER: parsed function cosl with 1 params (varargs=0) at line 1706
w_name=__cosl
DEBUG C_PARSER: parsed function __cosl with 1 params (varargs=0) at line 1706
w_name=sinl
DEBUG C_PARSER: parsed function sinl with 1 params (varargs=0) at line 1708
w_name=__sinl
DEBUG C_PARSER: parsed function __sinl with 1 params (varargs=0) at line 1708
w_name=tanl
DEBUG C_PARSER: parsed function tanl with 1 params (varargs=0) at line 1710
w_name=__tanl
DEBUG C_PARSER: parsed function __tanl with 1 params (varargs=0) at line 1710
w_name=acospil
DEBUG C_PARSER: parsed function acospil with 1 params (varargs=0) at line 1714
w_name=__acospil
DEBUG C_PARSER: parsed function __acospil with 1 params (varargs=0) at line 1714
w_name=acospil
DEBUG C_PARSER: parsed function acospil with 1 params (varargs=0) at line 1715
w_name=__acospil
DEBUG C_PARSER: parsed function __acospil with 1 params (varargs=0) at line 1715
w_name=asinpil
DEBUG C_PARSER: parsed function asinpil with 1 params (varargs=0) at line 1717
w_name=__asinpil
DEBUG C_PARSER: parsed function __asinpil with 1 params (varargs=0) at line 1717
w_name=asinpil
DEBUG C_PARSER: parsed function asinpil with 1 params (varargs=0) at line 1718
w_name=__asinpil
DEBUG C_PARSER: parsed function __asinpil with 1 params (varargs=0) at line 1718
w_name=atanpil
DEBUG C_PARSER: parsed function atanpil with 1 params (varargs=0) at line 1720
w_name=__atanpil
DEBUG C_PARSER: parsed function __atanpil with 1 params (varargs=0) at line 1720
w_name=atanpil
DEBUG C_PARSER: parsed function atanpil with 1 params (varargs=0) at line 1721
w_name=__atanpil
DEBUG C_PARSER: parsed function __atanpil with 1 params (varargs=0) at line 1721
w_name=atan2pil
DEBUG C_PARSER: parsed function atan2pil with 2 params (varargs=0) at line 1723
w_name=__atan2pil
DEBUG C_PARSER: parsed function __atan2pil with 2 params (varargs=0) at line 1723
w_name=atan2pil
DEBUG C_PARSER: parsed function atan2pil with 2 params (varargs=0) at line 1724
w_name=__atan2pil
DEBUG C_PARSER: parsed function __atan2pil with 2 params (varargs=0) at line 1724
w_name=cospil
DEBUG C_PARSER: parsed function cospil with 1 params (varargs=0) at line 1727
w_name=__cospil
DEBUG C_PARSER: parsed function __cospil with 1 params (varargs=0) at line 1727
w_name=sinpil
DEBUG C_PARSER: parsed function sinpil with 1 params (varargs=0) at line 1729
w_name=__sinpil
DEBUG C_PARSER: parsed function __sinpil with 1 params (varargs=0) at line 1729
w_name=tanpil
DEBUG C_PARSER: parsed function tanpil with 1 params (varargs=0) at line 1731
w_name=__tanpil
DEBUG C_PARSER: parsed function __tanpil with 1 params (varargs=0) at line 1731
w_name=coshl
DEBUG C_PARSER: parsed function coshl with 1 params (varargs=0) at line 1737
w_name=__coshl
DEBUG C_PARSER: parsed function __coshl with 1 params (varargs=0) at line 1737
w_name=sinhl
DEBUG C_PARSER: parsed function sinhl with 1 params (varargs=0) at line 1739
w_name=__sinhl
DEBUG C_PARSER: parsed function __sinhl with 1 params (varargs=0) at line 1739
w_name=tanhl
DEBUG C_PARSER: parsed function tanhl with 1 params (varargs=0) at line 1741
w_name=__tanhl
DEBUG C_PARSER: parsed function __tanhl with 1 params (varargs=0) at line 1741
w_name=acoshl
DEBUG C_PARSER: parsed function acoshl with 1 params (varargs=0) at line 1743
w_name=__acoshl
DEBUG C_PARSER: parsed function __acoshl with 1 params (varargs=0) at line 1743
w_name=asinhl
DEBUG C_PARSER: parsed function asinhl with 1 params (varargs=0) at line 1745
w_name=__asinhl
DEBUG C_PARSER: parsed function __asinhl with 1 params (varargs=0) at line 1745
w_name=atanhl
DEBUG C_PARSER: parsed function atanhl with 1 params (varargs=0) at line 1747
w_name=__atanhl
DEBUG C_PARSER: parsed function __atanhl with 1 params (varargs=0) at line 1747
w_name=expl
DEBUG C_PARSER: parsed function expl with 1 params (varargs=0) at line 1753
w_name=__expl
DEBUG C_PARSER: parsed function __expl with 1 params (varargs=0) at line 1753
w_name=frexpl
DEBUG C_PARSER: parsed function frexpl with 2 params (varargs=0) at line 1756
w_name=__frexpl
DEBUG C_PARSER: parsed function __frexpl with 2 params (varargs=0) at line 1756
w_name=ldexpl
DEBUG C_PARSER: parsed function ldexpl with 2 params (varargs=0) at line 1759
w_name=__ldexpl
DEBUG C_PARSER: parsed function __ldexpl with 2 params (varargs=0) at line 1759
w_name=logl
DEBUG C_PARSER: parsed function logl with 1 params (varargs=0) at line 1762
w_name=__logl
DEBUG C_PARSER: parsed function __logl with 1 params (varargs=0) at line 1762
w_name=log10l
DEBUG C_PARSER: parsed function log10l with 1 params (varargs=0) at line 1765
w_name=__log10l
DEBUG C_PARSER: parsed function __log10l with 1 params (varargs=0) at line 1765
w_name=modfl
DEBUG C_PARSER: parsed function modfl with 2 params (varargs=0) at line 1768
w_name=__modfl
DEBUG C_PARSER: parsed function __modfl with 2 params (varargs=0) at line 1768
w_name=exp10l
DEBUG C_PARSER: parsed function exp10l with 1 params (varargs=0) at line 1772
w_name=__exp10l
DEBUG C_PARSER: parsed function __exp10l with 1 params (varargs=0) at line 1772
w_name=exp2m1l
DEBUG C_PARSER: parsed function exp2m1l with 1 params (varargs=0) at line 1775
w_name=__exp2m1l
DEBUG C_PARSER: parsed function __exp2m1l with 1 params (varargs=0) at line 1775
w_name=exp10m1l
DEBUG C_PARSER: parsed function exp10m1l with 1 params (varargs=0) at line 1778
w_name=__exp10m1l
DEBUG C_PARSER: parsed function __exp10m1l with 1 params (varargs=0) at line 1778
w_name=log2p1l
DEBUG C_PARSER: parsed function log2p1l with 1 params (varargs=0) at line 1781
w_name=__log2p1l
DEBUG C_PARSER: parsed function __log2p1l with 1 params (varargs=0) at line 1781
w_name=log10p1l
DEBUG C_PARSER: parsed function log10p1l with 1 params (varargs=0) at line 1784
w_name=__log10p1l
DEBUG C_PARSER: parsed function __log10p1l with 1 params (varargs=0) at line 1784
w_name=logp1l
DEBUG C_PARSER: parsed function logp1l with 1 params (varargs=0) at line 1787
w_name=__logp1l
DEBUG C_PARSER: parsed function __logp1l with 1 params (varargs=0) at line 1787
w_name=expm1l
DEBUG C_PARSER: parsed function expm1l with 1 params (varargs=0) at line 1792
w_name=__expm1l
DEBUG C_PARSER: parsed function __expm1l with 1 params (varargs=0) at line 1792
w_name=log1pl
DEBUG C_PARSER: parsed function log1pl with 1 params (varargs=0) at line 1795
w_name=__log1pl
DEBUG C_PARSER: parsed function __log1pl with 1 params (varargs=0) at line 1795
w_name=logbl
DEBUG C_PARSER: parsed function logbl with 1 params (varargs=0) at line 1798
w_name=__logbl
DEBUG C_PARSER: parsed function __logbl with 1 params (varargs=0) at line 1798
w_name=exp2l
DEBUG C_PARSER: parsed function exp2l with 1 params (varargs=0) at line 1803
w_name=__exp2l
DEBUG C_PARSER: parsed function __exp2l with 1 params (varargs=0) at line 1803
w_name=log2l
DEBUG C_PARSER: parsed function log2l with 1 params (varargs=0) at line 1806
w_name=__log2l
DEBUG C_PARSER: parsed function __log2l with 1 params (varargs=0) at line 1806
w_name=powl
DEBUG C_PARSER: parsed function powl with 2 params (varargs=0) at line 1813
w_name=__powl
DEBUG C_PARSER: parsed function __powl with 2 params (varargs=0) at line 1813
w_name=sqrtl
DEBUG C_PARSER: parsed function sqrtl with 1 params (varargs=0) at line 1816
w_name=__sqrtl
DEBUG C_PARSER: parsed function __sqrtl with 1 params (varargs=0) at line 1816
w_name=hypotl
DEBUG C_PARSER: parsed function hypotl with 2 params (varargs=0) at line 1820
w_name=__hypotl
DEBUG C_PARSER: parsed function __hypotl with 2 params (varargs=0) at line 1820
w_name=cbrtl
DEBUG C_PARSER: parsed function cbrtl with 1 params (varargs=0) at line 1825
w_name=__cbrtl
DEBUG C_PARSER: parsed function __cbrtl with 1 params (varargs=0) at line 1825
w_name=compoundnl
DEBUG C_PARSER: parsed function compoundnl with 2 params (varargs=0) at line 1830
w_name=__compoundnl
DEBUG C_PARSER: parsed function __compoundnl with 2 params (varargs=0) at line 1830
w_name=pownl
DEBUG C_PARSER: parsed function pownl with 2 params (varargs=0) at line 1833
w_name=__pownl
DEBUG C_PARSER: parsed function __pownl with 2 params (varargs=0) at line 1833
w_name=powrl
DEBUG C_PARSER: parsed function powrl with 2 params (varargs=0) at line 1836
w_name=__powrl
DEBUG C_PARSER: parsed function __powrl with 2 params (varargs=0) at line 1836
w_name=powrl
DEBUG C_PARSER: parsed function powrl with 2 params (varargs=0) at line 1837
w_name=__powrl
DEBUG C_PARSER: parsed function __powrl with 2 params (varargs=0) at line 1837
w_name=rootnl
DEBUG C_PARSER: parsed function rootnl with 2 params (varargs=0) at line 1840
w_name=__rootnl
DEBUG C_PARSER: parsed function __rootnl with 2 params (varargs=0) at line 1840
w_name=rsqrtl
DEBUG C_PARSER: parsed function rsqrtl with 1 params (varargs=0) at line 1843
w_name=__rsqrtl
DEBUG C_PARSER: parsed function __rsqrtl with 1 params (varargs=0) at line 1843
w_name=ceill
DEBUG C_PARSER: parsed function ceill with 1 params (varargs=0) at line 1850
w_name=fabsl
DEBUG C_PARSER: parsed function fabsl with 1 params (varargs=0) at line 1853
w_name=floorl
DEBUG C_PARSER: parsed function floorl with 1 params (varargs=0) at line 1856
w_name=fmodl
DEBUG C_PARSER: parsed function fmodl with 2 params (varargs=0) at line 1859
w_name=__fmodl
DEBUG C_PARSER: parsed function __fmodl with 2 params (varargs=0) at line 1859
w_name=isinfl
DEBUG C_PARSER: parsed function isinfl with 1 params (varargs=0) at line 1861
w_name=finitel
DEBUG C_PARSER: parsed function finitel with 1 params (varargs=0) at line 1867
w_name=dreml
DEBUG C_PARSER: parsed function dreml with 2 params (varargs=0) at line 1871
w_name=__dreml
DEBUG C_PARSER: parsed function __dreml with 2 params (varargs=0) at line 1871
w_name=significandl
DEBUG C_PARSER: parsed function significandl with 1 params (varargs=0) at line 1875
w_name=__significandl
DEBUG C_PARSER: parsed function __significandl with 1 params (varargs=0) at line 1875
w_name=copysignl
DEBUG C_PARSER: parsed function copysignl with 2 params (varargs=0) at line 1882
w_name=nanl
DEBUG C_PARSER: parsed function nanl with 1 params (varargs=0) at line 1887
w_name=__nanl
DEBUG C_PARSER: parsed function __nanl with 1 params (varargs=0) at line 1887
w_name=isnanl
DEBUG C_PARSER: parsed function isnanl with 1 params (varargs=0) at line 1889
w_name=j0l
DEBUG C_PARSER: parsed function j0l with 1 params (varargs=0) at line 1896
w_name=__j0l
DEBUG C_PARSER: parsed function __j0l with 1 params (varargs=0) at line 1896
w_name=j1l
DEBUG C_PARSER: parsed function j1l with 1 params (varargs=0) at line 1897
w_name=__j1l
DEBUG C_PARSER: parsed function __j1l with 1 params (varargs=0) at line 1897
w_name=jnl
DEBUG C_PARSER: parsed function jnl with 2 params (varargs=0) at line 1898
w_name=__jnl
DEBUG C_PARSER: parsed function __jnl with 2 params (varargs=0) at line 1898
w_name=y0l
DEBUG C_PARSER: parsed function y0l with 1 params (varargs=0) at line 1899
w_name=__y0l
DEBUG C_PARSER: parsed function __y0l with 1 params (varargs=0) at line 1899
w_name=y1l
DEBUG C_PARSER: parsed function y1l with 1 params (varargs=0) at line 1900
w_name=__y1l
DEBUG C_PARSER: parsed function __y1l with 1 params (varargs=0) at line 1900
w_name=ynl
DEBUG C_PARSER: parsed function ynl with 2 params (varargs=0) at line 1901
w_name=__ynl
DEBUG C_PARSER: parsed function __ynl with 2 params (varargs=0) at line 1901
w_name=erfl
DEBUG C_PARSER: parsed function erfl with 1 params (varargs=0) at line 1907
w_name=__erfl
DEBUG C_PARSER: parsed function __erfl with 1 params (varargs=0) at line 1907
w_name=erfcl
DEBUG C_PARSER: parsed function erfcl with 1 params (varargs=0) at line 1908
w_name=__erfcl
DEBUG C_PARSER: parsed function __erfcl with 1 params (varargs=0) at line 1908
w_name=lgammal
DEBUG C_PARSER: parsed function lgammal with 1 params (varargs=0) at line 1909
w_name=__lgammal
DEBUG C_PARSER: parsed function __lgammal with 1 params (varargs=0) at line 1909
w_name=tgammal
DEBUG C_PARSER: parsed function tgammal with 1 params (varargs=0) at line 1914
w_name=__tgammal
DEBUG C_PARSER: parsed function __tgammal with 1 params (varargs=0) at line 1914
w_name=gammal
DEBUG C_PARSER: parsed function gammal with 1 params (varargs=0) at line 1920
w_name=__gammal
DEBUG C_PARSER: parsed function __gammal with 1 params (varargs=0) at line 1920
w_name=lgammal_r
DEBUG C_PARSER: parsed function lgammal_r with 2 params (varargs=0) at line 1928
w_name=__lgammal_r
DEBUG C_PARSER: parsed function __lgammal_r with 2 params (varargs=0) at line 1928
w_name=rintl
DEBUG C_PARSER: parsed function rintl with 1 params (varargs=0) at line 1935
w_name=__rintl
DEBUG C_PARSER: parsed function __rintl with 1 params (varargs=0) at line 1935
w_name=nextafterl
DEBUG C_PARSER: parsed function nextafterl with 2 params (varargs=0) at line 1938
w_name=__nextafterl
DEBUG C_PARSER: parsed function __nextafterl with 2 params (varargs=0) at line 1938
w_name=nexttowardl
DEBUG C_PARSER: parsed function nexttowardl with 2 params (varargs=0) at line 1940
w_name=__nexttowardl
DEBUG C_PARSER: parsed function __nexttowardl with 2 params (varargs=0) at line 1940
w_name=nextdownl
DEBUG C_PARSER: parsed function nextdownl with 1 params (varargs=0) at line 1945
w_name=__nextdownl
DEBUG C_PARSER: parsed function __nextdownl with 1 params (varargs=0) at line 1945
w_name=nextupl
DEBUG C_PARSER: parsed function nextupl with 1 params (varargs=0) at line 1947
w_name=__nextupl
DEBUG C_PARSER: parsed function __nextupl with 1 params (varargs=0) at line 1947
w_name=remainderl
DEBUG C_PARSER: parsed function remainderl with 2 params (varargs=0) at line 1951
w_name=__remainderl
DEBUG C_PARSER: parsed function __remainderl with 2 params (varargs=0) at line 1951
w_name=scalbnl
DEBUG C_PARSER: parsed function scalbnl with 2 params (varargs=0) at line 1955
w_name=__scalbnl
DEBUG C_PARSER: parsed function __scalbnl with 2 params (varargs=0) at line 1955
w_name=ilogbl
DEBUG C_PARSER: parsed function ilogbl with 1 params (varargs=0) at line 1959
w_name=__ilogbl
DEBUG C_PARSER: parsed function __ilogbl with 1 params (varargs=0) at line 1959
w_name=llogbl
DEBUG C_PARSER: parsed function llogbl with 1 params (varargs=0) at line 1964
w_name=__llogbl
DEBUG C_PARSER: parsed function __llogbl with 1 params (varargs=0) at line 1964
w_name=scalblnl
DEBUG C_PARSER: parsed function scalblnl with 2 params (varargs=0) at line 1969
w_name=__scalblnl
DEBUG C_PARSER: parsed function __scalblnl with 2 params (varargs=0) at line 1969
w_name=nearbyintl
DEBUG C_PARSER: parsed function nearbyintl with 1 params (varargs=0) at line 1973
w_name=__nearbyintl
DEBUG C_PARSER: parsed function __nearbyintl with 1 params (varargs=0) at line 1973
w_name=roundl
DEBUG C_PARSER: parsed function roundl with 1 params (varargs=0) at line 1977
w_name=truncl
DEBUG C_PARSER: parsed function truncl with 1 params (varargs=0) at line 1981
w_name=remquol
DEBUG C_PARSER: parsed function remquol with 3 params (varargs=0) at line 1986
w_name=__remquol
DEBUG C_PARSER: parsed function __remquol with 3 params (varargs=0) at line 1986
w_name=lrintl
DEBUG C_PARSER: parsed function lrintl with 1 params (varargs=0) at line 1993
w_name=__lrintl
DEBUG C_PARSER: parsed function __lrintl with 1 params (varargs=0) at line 1993
w_name=llrintl
DEBUG C_PARSER: parsed function llrintl with 1 params (varargs=0) at line 1995
w_name=__llrintl
DEBUG C_PARSER: parsed function __llrintl with 1 params (varargs=0) at line 1995
w_name=lroundl
DEBUG C_PARSER: parsed function lroundl with 1 params (varargs=0) at line 1999
w_name=__lroundl
DEBUG C_PARSER: parsed function __lroundl with 1 params (varargs=0) at line 1999
w_name=llroundl
DEBUG C_PARSER: parsed function llroundl with 1 params (varargs=0) at line 2001
w_name=__llroundl
DEBUG C_PARSER: parsed function __llroundl with 1 params (varargs=0) at line 2001
w_name=fdiml
DEBUG C_PARSER: parsed function fdiml with 2 params (varargs=0) at line 2005
w_name=__fdiml
DEBUG C_PARSER: parsed function __fdiml with 2 params (varargs=0) at line 2005
w_name=fmaxl
DEBUG C_PARSER: parsed function fmaxl with 2 params (varargs=0) at line 2009
w_name=fminl
DEBUG C_PARSER: parsed function fminl with 2 params (varargs=0) at line 2012
w_name=fmal
DEBUG C_PARSER: parsed function fmal with 3 params (varargs=0) at line 2016
w_name=__fmal
DEBUG C_PARSER: parsed function __fmal with 3 params (varargs=0) at line 2016
w_name=roundevenl
DEBUG C_PARSER: parsed function roundevenl with 1 params (varargs=0) at line 2021
w_name=fromfpl
DEBUG C_PARSER: parsed function fromfpl with 3 params (varargs=0) at line 2025
w_name=__fromfpl
DEBUG C_PARSER: parsed function __fromfpl with 3 params (varargs=0) at line 2025
w_name=ufromfpl
DEBUG C_PARSER: parsed function ufromfpl with 3 params (varargs=0) at line 2029
w_name=__ufromfpl
DEBUG C_PARSER: parsed function __ufromfpl with 3 params (varargs=0) at line 2029
w_name=fromfpxl
DEBUG C_PARSER: parsed function fromfpxl with 3 params (varargs=0) at line 2034
w_name=__fromfpxl
DEBUG C_PARSER: parsed function __fromfpxl with 3 params (varargs=0) at line 2034
w_name=ufromfpxl
DEBUG C_PARSER: parsed function ufromfpxl with 3 params (varargs=0) at line 2039
w_name=__ufromfpxl
DEBUG C_PARSER: parsed function __ufromfpxl with 3 params (varargs=0) at line 2039
w_name=canonicalizel
DEBUG C_PARSER: parsed function canonicalizel with 2 params (varargs=0) at line 2042
w_name=fmaximuml
DEBUG C_PARSER: parsed function fmaximuml with 2 params (varargs=0) at line 2044
w_name=fminimuml
DEBUG C_PARSER: parsed function fminimuml with 2 params (varargs=0) at line 2047
w_name=fmaximum_numl
DEBUG C_PARSER: parsed function fmaximum_numl with 2 params (varargs=0) at line 2050
w_name=fminimum_numl
DEBUG C_PARSER: parsed function fminimum_numl with 2 params (varargs=0) at line 2053
w_name=fmaximum_magl
DEBUG C_PARSER: parsed function fmaximum_magl with 2 params (varargs=0) at line 2056
w_name=fminimum_magl
DEBUG C_PARSER: parsed function fminimum_magl with 2 params (varargs=0) at line 2059
w_name=fmaximum_mag_numl
DEBUG C_PARSER: parsed function fmaximum_mag_numl with 2 params (varargs=0) at line 2062
w_name=fminimum_mag_numl
DEBUG C_PARSER: parsed function fminimum_mag_numl with 2 params (varargs=0) at line 2065
w_name=scalbl
DEBUG C_PARSER: parsed function scalbl with 2 params (varargs=0) at line 2067
w_name=__scalbl
DEBUG C_PARSER: parsed function __scalbl with 2 params (varargs=0) at line 2067
w_name=__fpclassifyf128
DEBUG C_PARSER: parsed function __fpclassifyf128 with 1 params (varargs=0) at line 2072
w_name=__signbitf128
DEBUG C_PARSER: parsed function __signbitf128 with 1 params (varargs=0) at line 2076
w_name=__isinff128
DEBUG C_PARSER: parsed function __isinff128 with 1 params (varargs=0) at line 2081
w_name=__finitef128
DEBUG C_PARSER: parsed function __finitef128 with 1 params (varargs=0) at line 2085
w_name=__isnanf128
DEBUG C_PARSER: parsed function __isnanf128 with 1 params (varargs=0) at line 2089
w_name=__iseqsigf128
DEBUG C_PARSER: parsed function __iseqsigf128 with 2 params (varargs=0) at line 2093
w_name=__issignalingf128
DEBUG C_PARSER: parsed function __issignalingf128 with 1 params (varargs=0) at line 2096
w_name=fadd
DEBUG C_PARSER: parsed function fadd with 2 params (varargs=0) at line 2102
w_name=fdiv
DEBUG C_PARSER: parsed function fdiv with 2 params (varargs=0) at line 2105
w_name=ffma
DEBUG C_PARSER: parsed function ffma with 3 params (varargs=0) at line 2108
w_name=fmul
DEBUG C_PARSER: parsed function fmul with 2 params (varargs=0) at line 2111
w_name=fsqrt
DEBUG C_PARSER: parsed function fsqrt with 1 params (varargs=0) at line 2114
w_name=fsub
DEBUG C_PARSER: parsed function fsub with 2 params (varargs=0) at line 2117
w_name=faddl
DEBUG C_PARSER: parsed function faddl with 2 params (varargs=0) at line 2122
w_name=fdivl
DEBUG C_PARSER: parsed function fdivl with 2 params (varargs=0) at line 2125
w_name=ffmal
DEBUG C_PARSER: parsed function ffmal with 3 params (varargs=0) at line 2128
w_name=fmull
DEBUG C_PARSER: parsed function fmull with 2 params (varargs=0) at line 2131
w_name=fsqrtl
DEBUG C_PARSER: parsed function fsqrtl with 1 params (varargs=0) at line 2134
w_name=fsubl
DEBUG C_PARSER: parsed function fsubl with 2 params (varargs=0) at line 2137
w_name=daddl
DEBUG C_PARSER: parsed function daddl with 2 params (varargs=0) at line 2142
w_name=ddivl
DEBUG C_PARSER: parsed function ddivl with 2 params (varargs=0) at line 2145
w_name=dfmal
DEBUG C_PARSER: parsed function dfmal with 3 params (varargs=0) at line 2148
w_name=dmull
DEBUG C_PARSER: parsed function dmull with 2 params (varargs=0) at line 2151
w_name=dsqrtl
DEBUG C_PARSER: parsed function dsqrtl with 1 params (varargs=0) at line 2154
w_name=dsubl
DEBUG C_PARSER: parsed function dsubl with 2 params (varargs=0) at line 2157
w_name=__iscanonicall
DEBUG C_PARSER: parsed function __iscanonicall with 1 params (varargs=0) at line 2184
w_name=imaxabs
DEBUG C_PARSER: parsed function imaxabs with 1 params (varargs=0) at line 2218
w_name=imaxdiv
DEBUG C_PARSER: parsed function imaxdiv with 2 params (varargs=0) at line 2227
w_name=strtoimax
DEBUG C_PARSER: parsed function strtoimax with 3 params (varargs=0) at line 2231
w_name=strtoumax
DEBUG C_PARSER: parsed function strtoumax with 3 params (varargs=0) at line 2235
w_name=wcstoimax
DEBUG C_PARSER: parsed function wcstoimax with 3 params (varargs=0) at line 2240
w_name=wcstoumax
DEBUG C_PARSER: parsed function wcstoumax with 3 params (varargs=0) at line 2245
w_name=strtoimax
DEBUG C_PARSER: parsed function strtoimax with 3 params (varargs=0) at line 2251
w_name=strtoumax
DEBUG C_PARSER: parsed function strtoumax with 3 params (varargs=0) at line 2254
w_name=wcstoimax
DEBUG C_PARSER: parsed function wcstoimax with 3 params (varargs=0) at line 2257
w_name=wcstoumax
DEBUG C_PARSER: parsed function wcstoumax with 3 params (varargs=0) at line 2261
w_name=wl_list_init
DEBUG C_PARSER: parsed function wl_list_init with 1 params (varargs=0) at line 2311
w_name=wl_list_insert
DEBUG C_PARSER: parsed function wl_list_insert with 2 params (varargs=0) at line 2314
w_name=wl_list_remove
DEBUG C_PARSER: parsed function wl_list_remove with 1 params (varargs=0) at line 2317
w_name=wl_list_length
DEBUG C_PARSER: parsed function wl_list_length with 1 params (varargs=0) at line 2320
w_name=wl_list_empty
DEBUG C_PARSER: parsed function wl_list_empty with 1 params (varargs=0) at line 2323
w_name=wl_list_insert_list
DEBUG C_PARSER: parsed function wl_list_insert_list with 2 params (varargs=0) at line 2326
w_name=wl_array_init
DEBUG C_PARSER: parsed function wl_array_init with 1 params (varargs=0) at line 2338
w_name=wl_array_release
DEBUG C_PARSER: parsed function wl_array_release with 1 params (varargs=0) at line 2341
w_name=wl_array_add
DEBUG C_PARSER: parsed function wl_array_add with 2 params (varargs=0) at line 2344
w_name=wl_array_copy
DEBUG C_PARSER: parsed function wl_array_copy with 2 params (varargs=0) at line 2347
w_name=wl_fixed_to_double
DEBUG C_PARSER: parsed function wl_fixed_to_double with 1 params (varargs=0) at line 2353
w_name=wl_fixed_from_double
DEBUG C_PARSER: parsed function wl_fixed_from_double with 1 params (varargs=0) at line 2359
w_name=wl_fixed_to_int
DEBUG C_PARSER: parsed function wl_fixed_to_int with 1 params (varargs=0) at line 2365
w_name=wl_fixed_from_int
DEBUG C_PARSER: parsed function wl_fixed_from_int with 1 params (varargs=0) at line 2371
w_name=wl_event_loop_create
DEBUG C_PARSER: parsed function wl_event_loop_create with 0 params (varargs=0) at line 2428
w_name=wl_event_loop_destroy
DEBUG C_PARSER: parsed function wl_event_loop_destroy with 1 params (varargs=0) at line 2431
w_name=wl_event_loop_add_fd
DEBUG C_PARSER: parsed function wl_event_loop_add_fd with 5 params (varargs=0) at line 2437
w_name=wl_event_source_fd_update
DEBUG C_PARSER: parsed function wl_event_source_fd_update with 2 params (varargs=0) at line 2440
w_name=wl_event_loop_add_timer
DEBUG C_PARSER: parsed function wl_event_loop_add_timer with 3 params (varargs=0) at line 2445
w_name=wl_event_loop_add_signal
DEBUG C_PARSER: parsed function wl_event_loop_add_signal with 4 params (varargs=0) at line 2451
w_name=wl_event_source_timer_update
DEBUG C_PARSER: parsed function wl_event_source_timer_update with 2 params (varargs=0) at line 2455
w_name=wl_event_source_remove
DEBUG C_PARSER: parsed function wl_event_source_remove with 1 params (varargs=0) at line 2458
w_name=wl_event_source_check
DEBUG C_PARSER: parsed function wl_event_source_check with 1 params (varargs=0) at line 2461
w_name=wl_event_loop_dispatch
DEBUG C_PARSER: parsed function wl_event_loop_dispatch with 2 params (varargs=0) at line 2464
w_name=wl_event_loop_dispatch_idle
DEBUG C_PARSER: parsed function wl_event_loop_dispatch_idle with 1 params (varargs=0) at line 2467
w_name=wl_event_loop_add_idle
DEBUG C_PARSER: parsed function wl_event_loop_add_idle with 3 params (varargs=0) at line 2472
w_name=wl_event_loop_get_fd
DEBUG C_PARSER: parsed function wl_event_loop_get_fd with 1 params (varargs=0) at line 2475
w_name=wl_event_loop_add_destroy_listener
DEBUG C_PARSER: parsed function wl_event_loop_add_destroy_listener with 2 params (varargs=0) at line 2483
w_name=wl_event_loop_get_destroy_listener
DEBUG C_PARSER: parsed function wl_event_loop_get_destroy_listener with 2 params (varargs=0) at line 2487
w_name=wl_display_create
DEBUG C_PARSER: parsed function wl_display_create with 0 params (varargs=0) at line 2490
w_name=wl_display_destroy
DEBUG C_PARSER: parsed function wl_display_destroy with 1 params (varargs=0) at line 2493
w_name=wl_display_get_event_loop
DEBUG C_PARSER: parsed function wl_display_get_event_loop with 1 params (varargs=0) at line 2496
w_name=wl_display_add_socket
DEBUG C_PARSER: parsed function wl_display_add_socket with 2 params (varargs=0) at line 2499
w_name=wl_display_add_socket_auto
DEBUG C_PARSER: parsed function wl_display_add_socket_auto with 1 params (varargs=0) at line 2502
w_name=wl_display_add_socket_fd
DEBUG C_PARSER: parsed function wl_display_add_socket_fd with 2 params (varargs=0) at line 2505
w_name=wl_display_terminate
DEBUG C_PARSER: parsed function wl_display_terminate with 1 params (varargs=0) at line 2508
w_name=wl_display_run
DEBUG C_PARSER: parsed function wl_display_run with 1 params (varargs=0) at line 2511
w_name=wl_display_flush_clients
DEBUG C_PARSER: parsed function wl_display_flush_clients with 1 params (varargs=0) at line 2514
w_name=wl_display_destroy_clients
DEBUG C_PARSER: parsed function wl_display_destroy_clients with 1 params (varargs=0) at line 2517
w_name=wl_display_set_default_max_buffer_size
DEBUG C_PARSER: parsed function wl_display_set_default_max_buffer_size with 2 params (varargs=0) at line 2521
w_name=wl_display_get_serial
DEBUG C_PARSER: parsed function wl_display_get_serial with 1 params (varargs=0) at line 2529
w_name=wl_display_next_serial
DEBUG C_PARSER: parsed function wl_display_next_serial with 1 params (varargs=0) at line 2532
w_name=wl_display_add_destroy_listener
DEBUG C_PARSER: parsed function wl_display_add_destroy_listener with 2 params (varargs=0) at line 2536
w_name=wl_display_add_client_created_listener
DEBUG C_PARSER: parsed function wl_display_add_client_created_listener with 2 params (varargs=0) at line 2540
w_name=wl_display_get_destroy_listener
DEBUG C_PARSER: parsed function wl_display_get_destroy_listener with 2 params (varargs=0) at line 2544
w_name=wl_global_create
DEBUG C_PARSER: parsed function wl_global_create with 5 params (varargs=0) at line 2550
w_name=wl_global_remove
DEBUG C_PARSER: parsed function wl_global_remove with 1 params (varargs=0) at line 2553
w_name=wl_global_destroy
DEBUG C_PARSER: parsed function wl_global_destroy with 1 params (varargs=0) at line 2556
w_name=wl_display_set_global_filter
DEBUG C_PARSER: parsed function wl_display_set_global_filter with 3 params (varargs=0) at line 2565
w_name=wl_global_get_interface
DEBUG C_PARSER: parsed function wl_global_get_interface with 1 params (varargs=0) at line 2568
w_name=wl_global_get_name
DEBUG C_PARSER: parsed function wl_global_get_name with 2 params (varargs=0) at line 2572
w_name=wl_global_get_version
DEBUG C_PARSER: parsed function wl_global_get_version with 1 params (varargs=0) at line 2575
w_name=wl_global_get_display
DEBUG C_PARSER: parsed function wl_global_get_display with 1 params (varargs=0) at line 2578
w_name=wl_global_get_user_data
DEBUG C_PARSER: parsed function wl_global_get_user_data with 1 params (varargs=0) at line 2581
w_name=wl_global_set_user_data
DEBUG C_PARSER: parsed function wl_global_set_user_data with 2 params (varargs=0) at line 2584
w_name=wl_client_create
DEBUG C_PARSER: parsed function wl_client_create with 2 params (varargs=0) at line 2587
w_name=wl_display_get_client_list
DEBUG C_PARSER: parsed function wl_display_get_client_list with 1 params (varargs=0) at line 2590
w_name=wl_client_get_link
DEBUG C_PARSER: parsed function wl_client_get_link with 1 params (varargs=0) at line 2593
w_name=wl_client_from_link
DEBUG C_PARSER: parsed function wl_client_from_link with 1 params (varargs=0) at line 2596
w_name=wl_client_destroy
DEBUG C_PARSER: parsed function wl_client_destroy with 1 params (varargs=0) at line 2605
w_name=wl_client_flush
DEBUG C_PARSER: parsed function wl_client_flush with 1 params (varargs=0) at line 2608
w_name=wl_client_get_credentials
DEBUG C_PARSER: parsed function wl_client_get_credentials with 4 params (varargs=0) at line 2612
w_name=wl_client_get_fd
DEBUG C_PARSER: parsed function wl_client_get_fd with 1 params (varargs=0) at line 2615
w_name=wl_client_add_destroy_listener
DEBUG C_PARSER: parsed function wl_client_add_destroy_listener with 2 params (varargs=0) at line 2619
w_name=wl_client_get_destroy_listener
DEBUG C_PARSER: parsed function wl_client_get_destroy_listener with 2 params (varargs=0) at line 2623
w_name=wl_client_add_destroy_late_listener
DEBUG C_PARSER: parsed function wl_client_add_destroy_late_listener with 2 params (varargs=0) at line 2627
w_name=wl_client_get_destroy_late_listener
DEBUG C_PARSER: parsed function wl_client_get_destroy_late_listener with 2 params (varargs=0) at line 2631
w_name=wl_client_get_object
DEBUG C_PARSER: parsed function wl_client_get_object with 2 params (varargs=0) at line 2634
w_name=wl_client_post_no_memory
DEBUG C_PARSER: parsed function wl_client_post_no_memory with 1 params (varargs=0) at line 2637
w_name=wl_client_post_implementation_error
DEBUG C_PARSER: parsed function wl_client_post_implementation_error with 2 params (varargs=1) at line 2641
w_name=wl_client_add_resource_created_listener
DEBUG C_PARSER: parsed function wl_client_add_resource_created_listener with 2 params (varargs=0) at line 2645
w_name=wl_client_for_each_resource
DEBUG C_PARSER: parsed function wl_client_for_each_resource with 3 params (varargs=0) at line 2655
w_name=wl_client_set_user_data
DEBUG C_PARSER: parsed function wl_client_set_user_data with 3 params (varargs=0) at line 2662
w_name=wl_client_get_user_data
DEBUG C_PARSER: parsed function wl_client_get_user_data with 1 params (varargs=0) at line 2665
w_name=wl_client_set_max_buffer_size
DEBUG C_PARSER: parsed function wl_client_set_max_buffer_size with 2 params (varargs=0) at line 2668
w_name=wl_signal_init
DEBUG C_PARSER: parsed function wl_signal_init with 1 params (varargs=0) at line 2690
w_name=wl_signal_add
DEBUG C_PARSER: parsed function wl_signal_add with 2 params (varargs=0) at line 2696
w_name=wl_signal_get
DEBUG C_PARSER: parsed function wl_signal_get with 2 params (varargs=0) at line 2702
w_name=wl_signal_emit
DEBUG C_PARSER: parsed function wl_signal_emit with 2 params (varargs=0) at line 2742
w_name=wl_signal_emit_mutable
DEBUG C_PARSER: parsed function wl_signal_emit_mutable with 2 params (varargs=0) at line 2786
w_name=wl_resource_post_event
DEBUG C_PARSER: parsed function wl_resource_post_event with 2 params (varargs=1) at line 2792
w_name=wl_resource_post_event_array
DEBUG C_PARSER: parsed function wl_resource_post_event_array with 3 params (varargs=0) at line 2796
w_name=wl_resource_queue_event
DEBUG C_PARSER: parsed function wl_resource_queue_event with 2 params (varargs=1) at line 2800
w_name=wl_resource_queue_event_array
DEBUG C_PARSER: parsed function wl_resource_queue_event_array with 3 params (varargs=0) at line 2804
w_name=wl_resource_post_error_vargs
DEBUG C_PARSER: parsed function wl_resource_post_error_vargs with 4 params (varargs=0) at line 2808
w_name=wl_resource_post_error
DEBUG C_PARSER: parsed function wl_resource_post_error with 3 params (varargs=1) at line 2812
w_name=wl_resource_post_no_memory
DEBUG C_PARSER: parsed function wl_resource_post_no_memory with 1 params (varargs=0) at line 2815
w_name=wl_client_get_display
DEBUG C_PARSER: parsed function wl_client_get_display with 1 params (varargs=0) at line 2818
w_name=wl_resource_create
DEBUG C_PARSER: parsed function wl_resource_create with 4 params (varargs=0) at line 2823
w_name=wl_resource_set_implementation
DEBUG C_PARSER: parsed function wl_resource_set_implementation with 4 params (varargs=0) at line 2829
w_name=wl_resource_set_dispatcher
DEBUG C_PARSER: parsed function wl_resource_set_dispatcher with 5 params (varargs=0) at line 2836
w_name=wl_resource_destroy
DEBUG C_PARSER: parsed function wl_resource_destroy with 1 params (varargs=0) at line 2839
w_name=wl_resource_get_id
DEBUG C_PARSER: parsed function wl_resource_get_id with 1 params (varargs=0) at line 2842
w_name=wl_resource_get_link
DEBUG C_PARSER: parsed function wl_resource_get_link with 1 params (varargs=0) at line 2845
w_name=wl_resource_from_link
DEBUG C_PARSER: parsed function wl_resource_from_link with 1 params (varargs=0) at line 2848
w_name=wl_resource_find_for_client
DEBUG C_PARSER: parsed function wl_resource_find_for_client with 2 params (varargs=0) at line 2851
w_name=wl_resource_get_client
DEBUG C_PARSER: parsed function wl_resource_get_client with 1 params (varargs=0) at line 2854
w_name=wl_resource_set_user_data
DEBUG C_PARSER: parsed function wl_resource_set_user_data with 2 params (varargs=0) at line 2857
w_name=wl_resource_get_user_data
DEBUG C_PARSER: parsed function wl_resource_get_user_data with 1 params (varargs=0) at line 2860
w_name=wl_resource_get_version
DEBUG C_PARSER: parsed function wl_resource_get_version with 1 params (varargs=0) at line 2863
w_name=wl_resource_set_destructor
DEBUG C_PARSER: parsed function wl_resource_set_destructor with 2 params (varargs=0) at line 2867
w_name=wl_resource_instance_of
DEBUG C_PARSER: parsed function wl_resource_instance_of with 3 params (varargs=0) at line 2872
w_name=wl_resource_get_class
DEBUG C_PARSER: parsed function wl_resource_get_class with 1 params (varargs=0) at line 2875
w_name=wl_resource_get_interface
DEBUG C_PARSER: parsed function wl_resource_get_interface with 1 params (varargs=0) at line 2878
w_name=wl_resource_add_destroy_listener
DEBUG C_PARSER: parsed function wl_resource_add_destroy_listener with 2 params (varargs=0) at line 2882
w_name=wl_resource_get_destroy_listener
DEBUG C_PARSER: parsed function wl_resource_get_destroy_listener with 2 params (varargs=0) at line 2886
w_name=wl_shm_buffer_get
DEBUG C_PARSER: parsed function wl_shm_buffer_get with 1 params (varargs=0) at line 2889
w_name=wl_shm_buffer_begin_access
DEBUG C_PARSER: parsed function wl_shm_buffer_begin_access with 1 params (varargs=0) at line 2892
w_name=wl_shm_buffer_end_access
DEBUG C_PARSER: parsed function wl_shm_buffer_end_access with 1 params (varargs=0) at line 2895
w_name=wl_shm_buffer_get_data
DEBUG C_PARSER: parsed function wl_shm_buffer_get_data with 1 params (varargs=0) at line 2898
w_name=wl_shm_buffer_get_stride
DEBUG C_PARSER: parsed function wl_shm_buffer_get_stride with 1 params (varargs=0) at line 2901
w_name=wl_shm_buffer_get_format
DEBUG C_PARSER: parsed function wl_shm_buffer_get_format with 1 params (varargs=0) at line 2904
w_name=wl_shm_buffer_get_width
DEBUG C_PARSER: parsed function wl_shm_buffer_get_width with 1 params (varargs=0) at line 2907
w_name=wl_shm_buffer_get_height
DEBUG C_PARSER: parsed function wl_shm_buffer_get_height with 1 params (varargs=0) at line 2910
w_name=wl_shm_buffer_ref
DEBUG C_PARSER: parsed function wl_shm_buffer_ref with 1 params (varargs=0) at line 2913
w_name=wl_shm_buffer_unref
DEBUG C_PARSER: parsed function wl_shm_buffer_unref with 1 params (varargs=0) at line 2916
w_name=wl_shm_buffer_ref_pool
DEBUG C_PARSER: parsed function wl_shm_buffer_ref_pool with 1 params (varargs=0) at line 2919
w_name=wl_shm_pool_unref
DEBUG C_PARSER: parsed function wl_shm_pool_unref with 1 params (varargs=0) at line 2922
w_name=wl_display_init_shm
DEBUG C_PARSER: parsed function wl_display_init_shm with 1 params (varargs=0) at line 2925
w_name=wl_display_add_shm_format
DEBUG C_PARSER: parsed function wl_display_add_shm_format with 2 params (varargs=0) at line 2928
w_name=wl_log_set_handler_server
DEBUG C_PARSER: parsed function wl_log_set_handler_server with 1 params (varargs=0) at line 2937
w_name=wl_display_add_protocol_logger
DEBUG C_PARSER: parsed function wl_display_add_protocol_logger with 3 params (varargs=0) at line 2959
w_name=wl_protocol_logger_destroy
DEBUG C_PARSER: parsed function wl_protocol_logger_destroy with 1 params (varargs=0) at line 2962
w_name=__bswap_16
DEBUG C_PARSER: parsed function __bswap_16 with 1 params (varargs=0) at line 330
w_name=__bswap_32
DEBUG C_PARSER: parsed function __bswap_32 with 1 params (varargs=0) at line 345
w_name=__bswap_64
DEBUG C_PARSER: parsed function __bswap_64 with 1 params (varargs=0) at line 355
w_name=__uint16_identity
DEBUG C_PARSER: parsed function __uint16_identity with 1 params (varargs=0) at line 367
w_name=__uint32_identity
DEBUG C_PARSER: parsed function __uint32_identity with 1 params (varargs=0) at line 373
w_name=__uint64_identity
DEBUG C_PARSER: parsed function __uint64_identity with 1 params (varargs=0) at line 379
w_name=select
DEBUG C_PARSER: parsed function select with 5 params (varargs=0) at line 485
w_name=pselect
DEBUG C_PARSER: parsed function pselect with 6 params (varargs=0) at line 491
w_name=__fpclassify
DEBUG C_PARSER: parsed function __fpclassify with 1 params (varargs=0) at line 862
w_name=__signbit
DEBUG C_PARSER: parsed function __signbit with 1 params (varargs=0) at line 866
w_name=__isinf
DEBUG C_PARSER: parsed function __isinf with 1 params (varargs=0) at line 871
w_name=__finite
DEBUG C_PARSER: parsed function __finite with 1 params (varargs=0) at line 875
w_name=__isnan
DEBUG C_PARSER: parsed function __isnan with 1 params (varargs=0) at line 879
w_name=__iseqsig
DEBUG C_PARSER: parsed function __iseqsig with 2 params (varargs=0) at line 883
w_name=__issignaling
DEBUG C_PARSER: parsed function __issignaling with 1 params (varargs=0) at line 886
w_name=acos
DEBUG C_PARSER: parsed function acos with 1 params (varargs=0) at line 891
w_name=__acos
DEBUG C_PARSER: parsed function __acos with 1 params (varargs=0) at line 891
w_name=asin
DEBUG C_PARSER: parsed function asin with 1 params (varargs=0) at line 893
w_name=__asin
DEBUG C_PARSER: parsed function __asin with 1 params (varargs=0) at line 893
w_name=atan
DEBUG C_PARSER: parsed function atan with 1 params (varargs=0) at line 895
w_name=__atan
DEBUG C_PARSER: parsed function __atan with 1 params (varargs=0) at line 895
w_name=atan2
DEBUG C_PARSER: parsed function atan2 with 2 params (varargs=0) at line 897
w_name=__atan2
DEBUG C_PARSER: parsed function __atan2 with 2 params (varargs=0) at line 897
w_name=cos
DEBUG C_PARSER: parsed function cos with 1 params (varargs=0) at line 900
w_name=__cos
DEBUG C_PARSER: parsed function __cos with 1 params (varargs=0) at line 900
w_name=sin
DEBUG C_PARSER: parsed function sin with 1 params (varargs=0) at line 902
w_name=__sin
DEBUG C_PARSER: parsed function __sin with 1 params (varargs=0) at line 902
w_name=tan
DEBUG C_PARSER: parsed function tan with 1 params (varargs=0) at line 904
w_name=__tan
DEBUG C_PARSER: parsed function __tan with 1 params (varargs=0) at line 904
w_name=acospi
DEBUG C_PARSER: parsed function acospi with 1 params (varargs=0) at line 908
w_name=__acospi
DEBUG C_PARSER: parsed function __acospi with 1 params (varargs=0) at line 908
w_name=acospi
DEBUG C_PARSER: parsed function acospi with 1 params (varargs=0) at line 909
w_name=__acospi
DEBUG C_PARSER: parsed function __acospi with 1 params (varargs=0) at line 909
w_name=asinpi
DEBUG C_PARSER: parsed function asinpi with 1 params (varargs=0) at line 911
w_name=__asinpi
DEBUG C_PARSER: parsed function __asinpi with 1 params (varargs=0) at line 911
w_name=asinpi
DEBUG C_PARSER: parsed function asinpi with 1 params (varargs=0) at line 912
w_name=__asinpi
DEBUG C_PARSER: parsed function __asinpi with 1 params (varargs=0) at line 912
w_name=atanpi
DEBUG C_PARSER: parsed function atanpi with 1 params (varargs=0) at line 914
w_name=__atanpi
DEBUG C_PARSER: parsed function __atanpi with 1 params (varargs=0) at line 914
w_name=atanpi
DEBUG C_PARSER: parsed function atanpi with 1 params (varargs=0) at line 915
w_name=__atanpi
DEBUG C_PARSER: parsed function __atanpi with 1 params (varargs=0) at line 915
w_name=atan2pi
DEBUG C_PARSER: parsed function atan2pi with 2 params (varargs=0) at line 917
w_name=__atan2pi
DEBUG C_PARSER: parsed function __atan2pi with 2 params (varargs=0) at line 917
w_name=atan2pi
DEBUG C_PARSER: parsed function atan2pi with 2 params (varargs=0) at line 918
w_name=__atan2pi
DEBUG C_PARSER: parsed function __atan2pi with 2 params (varargs=0) at line 918
w_name=cospi
DEBUG C_PARSER: parsed function cospi with 1 params (varargs=0) at line 921
w_name=__cospi
DEBUG C_PARSER: parsed function __cospi with 1 params (varargs=0) at line 921
w_name=sinpi
DEBUG C_PARSER: parsed function sinpi with 1 params (varargs=0) at line 923
w_name=__sinpi
DEBUG C_PARSER: parsed function __sinpi with 1 params (varargs=0) at line 923
w_name=tanpi
DEBUG C_PARSER: parsed function tanpi with 1 params (varargs=0) at line 925
w_name=__tanpi
DEBUG C_PARSER: parsed function __tanpi with 1 params (varargs=0) at line 925
w_name=cosh
DEBUG C_PARSER: parsed function cosh with 1 params (varargs=0) at line 931
w_name=__cosh
DEBUG C_PARSER: parsed function __cosh with 1 params (varargs=0) at line 931
w_name=sinh
DEBUG C_PARSER: parsed function sinh with 1 params (varargs=0) at line 933
w_name=__sinh
DEBUG C_PARSER: parsed function __sinh with 1 params (varargs=0) at line 933
w_name=tanh
DEBUG C_PARSER: parsed function tanh with 1 params (varargs=0) at line 935
w_name=__tanh
DEBUG C_PARSER: parsed function __tanh with 1 params (varargs=0) at line 935
w_name=acosh
DEBUG C_PARSER: parsed function acosh with 1 params (varargs=0) at line 937
w_name=__acosh
DEBUG C_PARSER: parsed function __acosh with 1 params (varargs=0) at line 937
w_name=asinh
DEBUG C_PARSER: parsed function asinh with 1 params (varargs=0) at line 939
w_name=__asinh
DEBUG C_PARSER: parsed function __asinh with 1 params (varargs=0) at line 939
w_name=atanh
DEBUG C_PARSER: parsed function atanh with 1 params (varargs=0) at line 941
w_name=__atanh
DEBUG C_PARSER: parsed function __atanh with 1 params (varargs=0) at line 941
w_name=exp
DEBUG C_PARSER: parsed function exp with 1 params (varargs=0) at line 947
w_name=__exp
DEBUG C_PARSER: parsed function __exp with 1 params (varargs=0) at line 947
w_name=frexp
DEBUG C_PARSER: parsed function frexp with 2 params (varargs=0) at line 950
w_name=__frexp
DEBUG C_PARSER: parsed function __frexp with 2 params (varargs=0) at line 950
w_name=ldexp
DEBUG C_PARSER: parsed function ldexp with 2 params (varargs=0) at line 953
w_name=__ldexp
DEBUG C_PARSER: parsed function __ldexp with 2 params (varargs=0) at line 953
w_name=log
DEBUG C_PARSER: parsed function log with 1 params (varargs=0) at line 956
w_name=__log
DEBUG C_PARSER: parsed function __log with 1 params (varargs=0) at line 956
w_name=log10
DEBUG C_PARSER: parsed function log10 with 1 params (varargs=0) at line 959
w_name=__log10
DEBUG C_PARSER: parsed function __log10 with 1 params (varargs=0) at line 959
w_name=modf
DEBUG C_PARSER: parsed function modf with 2 params (varargs=0) at line 962
w_name=__modf
DEBUG C_PARSER: parsed function __modf with 2 params (varargs=0) at line 962
w_name=exp10
DEBUG C_PARSER: parsed function exp10 with 1 params (varargs=0) at line 966
w_name=__exp10
DEBUG C_PARSER: parsed function __exp10 with 1 params (varargs=0) at line 966
w_name=exp2m1
DEBUG C_PARSER: parsed function exp2m1 with 1 params (varargs=0) at line 969
w_name=__exp2m1
DEBUG C_PARSER: parsed function __exp2m1 with 1 params (varargs=0) at line 969
w_name=exp10m1
DEBUG C_PARSER: parsed function exp10m1 with 1 params (varargs=0) at line 972
w_name=__exp10m1
DEBUG C_PARSER: parsed function __exp10m1 with 1 params (varargs=0) at line 972
w_name=log2p1
DEBUG C_PARSER: parsed function log2p1 with 1 params (varargs=0) at line 975
w_name=__log2p1
DEBUG C_PARSER: parsed function __log2p1 with 1 params (varargs=0) at line 975
w_name=log10p1
DEBUG C_PARSER: parsed function log10p1 with 1 params (varargs=0) at line 978
w_name=__log10p1
DEBUG C_PARSER: parsed function __log10p1 with 1 params (varargs=0) at line 978
w_name=logp1
DEBUG C_PARSER: parsed function logp1 with 1 params (varargs=0) at line 981
w_name=__logp1
DEBUG C_PARSER: parsed function __logp1 with 1 params (varargs=0) at line 981
w_name=expm1
DEBUG C_PARSER: parsed function expm1 with 1 params (varargs=0) at line 986
w_name=__expm1
DEBUG C_PARSER: parsed function __expm1 with 1 params (varargs=0) at line 986
w_name=log1p
DEBUG C_PARSER: parsed function log1p with 1 params (varargs=0) at line 989
w_name=__log1p
DEBUG C_PARSER: parsed function __log1p with 1 params (varargs=0) at line 989
w_name=logb
DEBUG C_PARSER: parsed function logb with 1 params (varargs=0) at line 992
w_name=__logb
DEBUG C_PARSER: parsed function __logb with 1 params (varargs=0) at line 992
w_name=exp2
DEBUG C_PARSER: parsed function exp2 with 1 params (varargs=0) at line 997
w_name=__exp2
DEBUG C_PARSER: parsed function __exp2 with 1 params (varargs=0) at line 997
w_name=log2
DEBUG C_PARSER: parsed function log2 with 1 params (varargs=0) at line 1000
w_name=__log2
DEBUG C_PARSER: parsed function __log2 with 1 params (varargs=0) at line 1000
w_name=pow
DEBUG C_PARSER: parsed function pow with 2 params (varargs=0) at line 1007
w_name=__pow
DEBUG C_PARSER: parsed function __pow with 2 params (varargs=0) at line 1007
w_name=sqrt
DEBUG C_PARSER: parsed function sqrt with 1 params (varargs=0) at line 1010
w_name=__sqrt
DEBUG C_PARSER: parsed function __sqrt with 1 params (varargs=0) at line 1010
w_name=hypot
DEBUG C_PARSER: parsed function hypot with 2 params (varargs=0) at line 1014
w_name=__hypot
DEBUG C_PARSER: parsed function __hypot with 2 params (varargs=0) at line 1014
w_name=cbrt
DEBUG C_PARSER: parsed function cbrt with 1 params (varargs=0) at line 1019
w_name=__cbrt
DEBUG C_PARSER: parsed function __cbrt with 1 params (varargs=0) at line 1019
w_name=compoundn
DEBUG C_PARSER: parsed function compoundn with 2 params (varargs=0) at line 1024
w_name=__compoundn
DEBUG C_PARSER: parsed function __compoundn with 2 params (varargs=0) at line 1024
w_name=pown
DEBUG C_PARSER: parsed function pown with 2 params (varargs=0) at line 1027
w_name=__pown
DEBUG C_PARSER: parsed function __pown with 2 params (varargs=0) at line 1027
w_name=powr
DEBUG C_PARSER: parsed function powr with 2 params (varargs=0) at line 1030
w_name=__powr
DEBUG C_PARSER: parsed function __powr with 2 params (varargs=0) at line 1030
w_name=powr
DEBUG C_PARSER: parsed function powr with 2 params (varargs=0) at line 1031
w_name=__powr
DEBUG C_PARSER: parsed function __powr with 2 params (varargs=0) at line 1031
w_name=rootn
DEBUG C_PARSER: parsed function rootn with 2 params (varargs=0) at line 1034
w_name=__rootn
DEBUG C_PARSER: parsed function __rootn with 2 params (varargs=0) at line 1034
w_name=rsqrt
DEBUG C_PARSER: parsed function rsqrt with 1 params (varargs=0) at line 1037
w_name=__rsqrt
DEBUG C_PARSER: parsed function __rsqrt with 1 params (varargs=0) at line 1037
w_name=ceil
DEBUG C_PARSER: parsed function ceil with 1 params (varargs=0) at line 1044
w_name=fabs
DEBUG C_PARSER: parsed function fabs with 1 params (varargs=0) at line 1047
w_name=floor
DEBUG C_PARSER: parsed function floor with 1 params (varargs=0) at line 1050
w_name=fmod
DEBUG C_PARSER: parsed function fmod with 2 params (varargs=0) at line 1053
w_name=__fmod
DEBUG C_PARSER: parsed function __fmod with 2 params (varargs=0) at line 1053
w_name=isinf
DEBUG C_PARSER: parsed function isinf with 1 params (varargs=0) at line 1055
w_name=finite
DEBUG C_PARSER: parsed function finite with 1 params (varargs=0) at line 1061
w_name=drem
DEBUG C_PARSER: parsed function drem with 2 params (varargs=0) at line 1065
w_name=__drem
DEBUG C_PARSER: parsed function __drem with 2 params (varargs=0) at line 1065
w_name=significand
DEBUG C_PARSER: parsed function significand with 1 params (varargs=0) at line 1069
w_name=__significand
DEBUG C_PARSER: parsed function __significand with 1 params (varargs=0) at line 1069
w_name=copysign
DEBUG C_PARSER: parsed function copysign with 2 params (varargs=0) at line 1076
w_name=nan
DEBUG C_PARSER: parsed function nan with 1 params (varargs=0) at line 1081
w_name=__nan
DEBUG C_PARSER: parsed function __nan with 1 params (varargs=0) at line 1081
w_name=isnan
DEBUG C_PARSER: parsed function isnan with 1 params (varargs=0) at line 1083
w_name=j0
DEBUG C_PARSER: parsed function j0 with 1 params (varargs=0) at line 1090
w_name=__j0
DEBUG C_PARSER: parsed function __j0 with 1 params (varargs=0) at line 1090
w_name=j1
DEBUG C_PARSER: parsed function j1 with 1 params (varargs=0) at line 1091
w_name=__j1
DEBUG C_PARSER: parsed function __j1 with 1 params (varargs=0) at line 1091
w_name=jn
DEBUG C_PARSER: parsed function jn with 2 params (varargs=0) at line 1092
w_name=__jn
DEBUG C_PARSER: parsed function __jn with 2 params (varargs=0) at line 1092
w_name=y0
DEBUG C_PARSER: parsed function y0 with 1 params (varargs=0) at line 1093
w_name=__y0
DEBUG C_PARSER: parsed function __y0 with 1 params (varargs=0) at line 1093
w_name=y1
DEBUG C_PARSER: parsed function y1 with 1 params (varargs=0) at line 1094
w_name=__y1
DEBUG C_PARSER: parsed function __y1 with 1 params (varargs=0) at line 1094
w_name=yn
DEBUG C_PARSER: parsed function yn with 2 params (varargs=0) at line 1095
w_name=__yn
DEBUG C_PARSER: parsed function __yn with 2 params (varargs=0) at line 1095
w_name=erf
DEBUG C_PARSER: parsed function erf with 1 params (varargs=0) at line 1101
w_name=__erf
DEBUG C_PARSER: parsed function __erf with 1 params (varargs=0) at line 1101
w_name=erfc
DEBUG C_PARSER: parsed function erfc with 1 params (varargs=0) at line 1102
w_name=__erfc
DEBUG C_PARSER: parsed function __erfc with 1 params (varargs=0) at line 1102
w_name=lgamma
DEBUG C_PARSER: parsed function lgamma with 1 params (varargs=0) at line 1103
w_name=__lgamma
DEBUG C_PARSER: parsed function __lgamma with 1 params (varargs=0) at line 1103
w_name=tgamma
DEBUG C_PARSER: parsed function tgamma with 1 params (varargs=0) at line 1108
w_name=__tgamma
DEBUG C_PARSER: parsed function __tgamma with 1 params (varargs=0) at line 1108
w_name=gamma
DEBUG C_PARSER: parsed function gamma with 1 params (varargs=0) at line 1114
w_name=__gamma
DEBUG C_PARSER: parsed function __gamma with 1 params (varargs=0) at line 1114
w_name=lgamma_r
DEBUG C_PARSER: parsed function lgamma_r with 2 params (varargs=0) at line 1122
w_name=__lgamma_r
DEBUG C_PARSER: parsed function __lgamma_r with 2 params (varargs=0) at line 1122
w_name=rint
DEBUG C_PARSER: parsed function rint with 1 params (varargs=0) at line 1129
w_name=__rint
DEBUG C_PARSER: parsed function __rint with 1 params (varargs=0) at line 1129
w_name=nextafter
DEBUG C_PARSER: parsed function nextafter with 2 params (varargs=0) at line 1132
w_name=__nextafter
DEBUG C_PARSER: parsed function __nextafter with 2 params (varargs=0) at line 1132
w_name=nexttoward
DEBUG C_PARSER: parsed function nexttoward with 2 params (varargs=0) at line 1134
w_name=__nexttoward
DEBUG C_PARSER: parsed function __nexttoward with 2 params (varargs=0) at line 1134
w_name=nextdown
DEBUG C_PARSER: parsed function nextdown with 1 params (varargs=0) at line 1139
w_name=__nextdown
DEBUG C_PARSER: parsed function __nextdown with 1 params (varargs=0) at line 1139
w_name=nextup
DEBUG C_PARSER: parsed function nextup with 1 params (varargs=0) at line 1141
w_name=__nextup
DEBUG C_PARSER: parsed function __nextup with 1 params (varargs=0) at line 1141
w_name=remainder
DEBUG C_PARSER: parsed function remainder with 2 params (varargs=0) at line 1145
w_name=__remainder
DEBUG C_PARSER: parsed function __remainder with 2 params (varargs=0) at line 1145
w_name=scalbn
DEBUG C_PARSER: parsed function scalbn with 2 params (varargs=0) at line 1149
w_name=__scalbn
DEBUG C_PARSER: parsed function __scalbn with 2 params (varargs=0) at line 1149
w_name=ilogb
DEBUG C_PARSER: parsed function ilogb with 1 params (varargs=0) at line 1153
w_name=__ilogb
DEBUG C_PARSER: parsed function __ilogb with 1 params (varargs=0) at line 1153
w_name=llogb
DEBUG C_PARSER: parsed function llogb with 1 params (varargs=0) at line 1158
w_name=__llogb
DEBUG C_PARSER: parsed function __llogb with 1 params (varargs=0) at line 1158
w_name=scalbln
DEBUG C_PARSER: parsed function scalbln with 2 params (varargs=0) at line 1163
w_name=__scalbln
DEBUG C_PARSER: parsed function __scalbln with 2 params (varargs=0) at line 1163
w_name=nearbyint
DEBUG C_PARSER: parsed function nearbyint with 1 params (varargs=0) at line 1167
w_name=__nearbyint
DEBUG C_PARSER: parsed function __nearbyint with 1 params (varargs=0) at line 1167
w_name=round
DEBUG C_PARSER: parsed function round with 1 params (varargs=0) at line 1171
w_name=trunc
DEBUG C_PARSER: parsed function trunc with 1 params (varargs=0) at line 1175
w_name=remquo
DEBUG C_PARSER: parsed function remquo with 3 params (varargs=0) at line 1180
w_name=__remquo
DEBUG C_PARSER: parsed function __remquo with 3 params (varargs=0) at line 1180
w_name=lrint
DEBUG C_PARSER: parsed function lrint with 1 params (varargs=0) at line 1187
w_name=__lrint
DEBUG C_PARSER: parsed function __lrint with 1 params (varargs=0) at line 1187
w_name=llrint
DEBUG C_PARSER: parsed function llrint with 1 params (varargs=0) at line 1189
w_name=__llrint
DEBUG C_PARSER: parsed function __llrint with 1 params (varargs=0) at line 1189
w_name=lround
DEBUG C_PARSER: parsed function lround with 1 params (varargs=0) at line 1193
w_name=__lround
DEBUG C_PARSER: parsed function __lround with 1 params (varargs=0) at line 1193
w_name=llround
DEBUG C_PARSER: parsed function llround with 1 params (varargs=0) at line 1195
w_name=__llround
DEBUG C_PARSER: parsed function __llround with 1 params (varargs=0) at line 1195
w_name=fdim
DEBUG C_PARSER: parsed function fdim with 2 params (varargs=0) at line 1199
w_name=__fdim
DEBUG C_PARSER: parsed function __fdim with 2 params (varargs=0) at line 1199
w_name=fmax
DEBUG C_PARSER: parsed function fmax with 2 params (varargs=0) at line 1203
w_name=fmin
DEBUG C_PARSER: parsed function fmin with 2 params (varargs=0) at line 1206
w_name=fma
DEBUG C_PARSER: parsed function fma with 3 params (varargs=0) at line 1210
w_name=__fma
DEBUG C_PARSER: parsed function __fma with 3 params (varargs=0) at line 1210
w_name=roundeven
DEBUG C_PARSER: parsed function roundeven with 1 params (varargs=0) at line 1215
w_name=fromfp
DEBUG C_PARSER: parsed function fromfp with 3 params (varargs=0) at line 1219
w_name=__fromfp
DEBUG C_PARSER: parsed function __fromfp with 3 params (varargs=0) at line 1219
w_name=ufromfp
DEBUG C_PARSER: parsed function ufromfp with 3 params (varargs=0) at line 1223
w_name=__ufromfp
DEBUG C_PARSER: parsed function __ufromfp with 3 params (varargs=0) at line 1223
w_name=fromfpx
DEBUG C_PARSER: parsed function fromfpx with 3 params (varargs=0) at line 1228
w_name=__fromfpx
DEBUG C_PARSER: parsed function __fromfpx with 3 params (varargs=0) at line 1228
w_name=ufromfpx
DEBUG C_PARSER: parsed function ufromfpx with 3 params (varargs=0) at line 1233
w_name=__ufromfpx
DEBUG C_PARSER: parsed function __ufromfpx with 3 params (varargs=0) at line 1233
w_name=canonicalize
DEBUG C_PARSER: parsed function canonicalize with 2 params (varargs=0) at line 1236
w_name=fmaximum
DEBUG C_PARSER: parsed function fmaximum with 2 params (varargs=0) at line 1238
w_name=fminimum
DEBUG C_PARSER: parsed function fminimum with 2 params (varargs=0) at line 1241
w_name=fmaximum_num
DEBUG C_PARSER: parsed function fmaximum_num with 2 params (varargs=0) at line 1244
w_name=fminimum_num
DEBUG C_PARSER: parsed function fminimum_num with 2 params (varargs=0) at line 1247
w_name=fmaximum_mag
DEBUG C_PARSER: parsed function fmaximum_mag with 2 params (varargs=0) at line 1250
w_name=fminimum_mag
DEBUG C_PARSER: parsed function fminimum_mag with 2 params (varargs=0) at line 1253
w_name=fmaximum_mag_num
DEBUG C_PARSER: parsed function fmaximum_mag_num with 2 params (varargs=0) at line 1256
w_name=fminimum_mag_num
DEBUG C_PARSER: parsed function fminimum_mag_num with 2 params (varargs=0) at line 1259
w_name=scalb
DEBUG C_PARSER: parsed function scalb with 2 params (varargs=0) at line 1261
w_name=__scalb
DEBUG C_PARSER: parsed function __scalb with 2 params (varargs=0) at line 1261
w_name=__fpclassifyf
DEBUG C_PARSER: parsed function __fpclassifyf with 1 params (varargs=0) at line 1266
w_name=__signbitf
DEBUG C_PARSER: parsed function __signbitf with 1 params (varargs=0) at line 1270
w_name=__isinff
DEBUG C_PARSER: parsed function __isinff with 1 params (varargs=0) at line 1275
w_name=__finitef
DEBUG C_PARSER: parsed function __finitef with 1 params (varargs=0) at line 1279
w_name=__isnanf
DEBUG C_PARSER: parsed function __isnanf with 1 params (varargs=0) at line 1283
w_name=__iseqsigf
DEBUG C_PARSER: parsed function __iseqsigf with 2 params (varargs=0) at line 1287
w_name=__issignalingf
DEBUG C_PARSER: parsed function __issignalingf with 1 params (varargs=0) at line 1290
w_name=acosf
DEBUG C_PARSER: parsed function acosf with 1 params (varargs=0) at line 1295
w_name=__acosf
DEBUG C_PARSER: parsed function __acosf with 1 params (varargs=0) at line 1295
w_name=asinf
DEBUG C_PARSER: parsed function asinf with 1 params (varargs=0) at line 1297
w_name=__asinf
DEBUG C_PARSER: parsed function __asinf with 1 params (varargs=0) at line 1297
w_name=atanf
DEBUG C_PARSER: parsed function atanf with 1 params (varargs=0) at line 1299
w_name=__atanf
DEBUG C_PARSER: parsed function __atanf with 1 params (varargs=0) at line 1299
w_name=atan2f
DEBUG C_PARSER: parsed function atan2f with 2 params (varargs=0) at line 1301
w_name=__atan2f
DEBUG C_PARSER: parsed function __atan2f with 2 params (varargs=0) at line 1301
w_name=cosf
DEBUG C_PARSER: parsed function cosf with 1 params (varargs=0) at line 1304
w_name=__cosf
DEBUG C_PARSER: parsed function __cosf with 1 params (varargs=0) at line 1304
w_name=sinf
DEBUG C_PARSER: parsed function sinf with 1 params (varargs=0) at line 1306
w_name=__sinf
DEBUG C_PARSER: parsed function __sinf with 1 params (varargs=0) at line 1306
w_name=tanf
DEBUG C_PARSER: parsed function tanf with 1 params (varargs=0) at line 1308
w_name=__tanf
DEBUG C_PARSER: parsed function __tanf with 1 params (varargs=0) at line 1308
w_name=acospif
DEBUG C_PARSER: parsed function acospif with 1 params (varargs=0) at line 1312
w_name=__acospif
DEBUG C_PARSER: parsed function __acospif with 1 params (varargs=0) at line 1312
w_name=acospif
DEBUG C_PARSER: parsed function acospif with 1 params (varargs=0) at line 1313
w_name=__acospif
DEBUG C_PARSER: parsed function __acospif with 1 params (varargs=0) at line 1313
w_name=asinpif
DEBUG C_PARSER: parsed function asinpif with 1 params (varargs=0) at line 1315
w_name=__asinpif
DEBUG C_PARSER: parsed function __asinpif with 1 params (varargs=0) at line 1315
w_name=asinpif
DEBUG C_PARSER: parsed function asinpif with 1 params (varargs=0) at line 1316
w_name=__asinpif
DEBUG C_PARSER: parsed function __asinpif with 1 params (varargs=0) at line 1316
w_name=atanpif
DEBUG C_PARSER: parsed function atanpif with 1 params (varargs=0) at line 1318
w_name=__atanpif
DEBUG C_PARSER: parsed function __atanpif with 1 params (varargs=0) at line 1318
w_name=atanpif
DEBUG C_PARSER: parsed function atanpif with 1 params (varargs=0) at line 1319
w_name=__atanpif
DEBUG C_PARSER: parsed function __atanpif with 1 params (varargs=0) at line 1319
w_name=atan2pif
DEBUG C_PARSER: parsed function atan2pif with 2 params (varargs=0) at line 1321
w_name=__atan2pif
DEBUG C_PARSER: parsed function __atan2pif with 2 params (varargs=0) at line 1321
w_name=atan2pif
DEBUG C_PARSER: parsed function atan2pif with 2 params (varargs=0) at line 1322
w_name=__atan2pif
DEBUG C_PARSER: parsed function __atan2pif with 2 params (varargs=0) at line 1322
w_name=cospif
DEBUG C_PARSER: parsed function cospif with 1 params (varargs=0) at line 1325
w_name=__cospif
DEBUG C_PARSER: parsed function __cospif with 1 params (varargs=0) at line 1325
w_name=sinpif
DEBUG C_PARSER: parsed function sinpif with 1 params (varargs=0) at line 1327
w_name=__sinpif
DEBUG C_PARSER: parsed function __sinpif with 1 params (varargs=0) at line 1327
w_name=tanpif
DEBUG C_PARSER: parsed function tanpif with 1 params (varargs=0) at line 1329
w_name=__tanpif
DEBUG C_PARSER: parsed function __tanpif with 1 params (varargs=0) at line 1329
w_name=coshf
DEBUG C_PARSER: parsed function coshf with 1 params (varargs=0) at line 1335
w_name=__coshf
DEBUG C_PARSER: parsed function __coshf with 1 params (varargs=0) at line 1335
w_name=sinhf
DEBUG C_PARSER: parsed function sinhf with 1 params (varargs=0) at line 1337
w_name=__sinhf
DEBUG C_PARSER: parsed function __sinhf with 1 params (varargs=0) at line 1337
w_name=tanhf
DEBUG C_PARSER: parsed function tanhf with 1 params (varargs=0) at line 1339
w_name=__tanhf
DEBUG C_PARSER: parsed function __tanhf with 1 params (varargs=0) at line 1339
w_name=acoshf
DEBUG C_PARSER: parsed function acoshf with 1 params (varargs=0) at line 1341
w_name=__acoshf
DEBUG C_PARSER: parsed function __acoshf with 1 params (varargs=0) at line 1341
w_name=asinhf
DEBUG C_PARSER: parsed function asinhf with 1 params (varargs=0) at line 1343
w_name=__asinhf
DEBUG C_PARSER: parsed function __asinhf with 1 params (varargs=0) at line 1343
w_name=atanhf
DEBUG C_PARSER: parsed function atanhf with 1 params (varargs=0) at line 1345
w_name=__atanhf
DEBUG C_PARSER: parsed function __atanhf with 1 params (varargs=0) at line 1345
w_name=expf
DEBUG C_PARSER: parsed function expf with 1 params (varargs=0) at line 1351
w_name=__expf
DEBUG C_PARSER: parsed function __expf with 1 params (varargs=0) at line 1351
w_name=frexpf
DEBUG C_PARSER: parsed function frexpf with 2 params (varargs=0) at line 1354
w_name=__frexpf
DEBUG C_PARSER: parsed function __frexpf with 2 params (varargs=0) at line 1354
w_name=ldexpf
DEBUG C_PARSER: parsed function ldexpf with 2 params (varargs=0) at line 1357
w_name=__ldexpf
DEBUG C_PARSER: parsed function __ldexpf with 2 params (varargs=0) at line 1357
w_name=logf
DEBUG C_PARSER: parsed function logf with 1 params (varargs=0) at line 1360
w_name=__logf
DEBUG C_PARSER: parsed function __logf with 1 params (varargs=0) at line 1360
w_name=log10f
DEBUG C_PARSER: parsed function log10f with 1 params (varargs=0) at line 1363
w_name=__log10f
DEBUG C_PARSER: parsed function __log10f with 1 params (varargs=0) at line 1363
w_name=modff
DEBUG C_PARSER: parsed function modff with 2 params (varargs=0) at line 1366
w_name=__modff
DEBUG C_PARSER: parsed function __modff with 2 params (varargs=0) at line 1366
w_name=exp10f
DEBUG C_PARSER: parsed function exp10f with 1 params (varargs=0) at line 1370
w_name=__exp10f
DEBUG C_PARSER: parsed function __exp10f with 1 params (varargs=0) at line 1370
w_name=exp2m1f
DEBUG C_PARSER: parsed function exp2m1f with 1 params (varargs=0) at line 1373
w_name=__exp2m1f
DEBUG C_PARSER: parsed function __exp2m1f with 1 params (varargs=0) at line 1373
w_name=exp10m1f
DEBUG C_PARSER: parsed function exp10m1f with 1 params (varargs=0) at line 1376
w_name=__exp10m1f
DEBUG C_PARSER: parsed function __exp10m1f with 1 params (varargs=0) at line 1376
w_name=log2p1f
DEBUG C_PARSER: parsed function log2p1f with 1 params (varargs=0) at line 1379
w_name=__log2p1f
DEBUG C_PARSER: parsed function __log2p1f with 1 params (varargs=0) at line 1379
w_name=log10p1f
DEBUG C_PARSER: parsed function log10p1f with 1 params (varargs=0) at line 1382
w_name=__log10p1f
DEBUG C_PARSER: parsed function __log10p1f with 1 params (varargs=0) at line 1382
w_name=logp1f
DEBUG C_PARSER: parsed function logp1f with 1 params (varargs=0) at line 1385
w_name=__logp1f
DEBUG C_PARSER: parsed function __logp1f with 1 params (varargs=0) at line 1385
w_name=expm1f
DEBUG C_PARSER: parsed function expm1f with 1 params (varargs=0) at line 1390
w_name=__expm1f
DEBUG C_PARSER: parsed function __expm1f with 1 params (varargs=0) at line 1390
w_name=log1pf
DEBUG C_PARSER: parsed function log1pf with 1 params (varargs=0) at line 1393
w_name=__log1pf
DEBUG C_PARSER: parsed function __log1pf with 1 params (varargs=0) at line 1393
w_name=logbf
DEBUG C_PARSER: parsed function logbf with 1 params (varargs=0) at line 1396
w_name=__logbf
DEBUG C_PARSER: parsed function __logbf with 1 params (varargs=0) at line 1396
w_name=exp2f
DEBUG C_PARSER: parsed function exp2f with 1 params (varargs=0) at line 1401
w_name=__exp2f
DEBUG C_PARSER: parsed function __exp2f with 1 params (varargs=0) at line 1401
w_name=log2f
DEBUG C_PARSER: parsed function log2f with 1 params (varargs=0) at line 1404
w_name=__log2f
DEBUG C_PARSER: parsed function __log2f with 1 params (varargs=0) at line 1404
w_name=powf
DEBUG C_PARSER: parsed function powf with 2 params (varargs=0) at line 1411
w_name=__powf
DEBUG C_PARSER: parsed function __powf with 2 params (varargs=0) at line 1411
w_name=sqrtf
DEBUG C_PARSER: parsed function sqrtf with 1 params (varargs=0) at line 1414
w_name=__sqrtf
DEBUG C_PARSER: parsed function __sqrtf with 1 params (varargs=0) at line 1414
w_name=hypotf
DEBUG C_PARSER: parsed function hypotf with 2 params (varargs=0) at line 1418
w_name=__hypotf
DEBUG C_PARSER: parsed function __hypotf with 2 params (varargs=0) at line 1418
w_name=cbrtf
DEBUG C_PARSER: parsed function cbrtf with 1 params (varargs=0) at line 1423
w_name=__cbrtf
DEBUG C_PARSER: parsed function __cbrtf with 1 params (varargs=0) at line 1423
w_name=compoundnf
DEBUG C_PARSER: parsed function compoundnf with 2 params (varargs=0) at line 1428
w_name=__compoundnf
DEBUG C_PARSER: parsed function __compoundnf with 2 params (varargs=0) at line 1428
w_name=pownf
DEBUG C_PARSER: parsed function pownf with 2 params (varargs=0) at line 1431
w_name=__pownf
DEBUG C_PARSER: parsed function __pownf with 2 params (varargs=0) at line 1431
w_name=powrf
DEBUG C_PARSER: parsed function powrf with 2 params (varargs=0) at line 1434
w_name=__powrf
DEBUG C_PARSER: parsed function __powrf with 2 params (varargs=0) at line 1434
w_name=powrf
DEBUG C_PARSER: parsed function powrf with 2 params (varargs=0) at line 1435
w_name=__powrf
DEBUG C_PARSER: parsed function __powrf with 2 params (varargs=0) at line 1435
w_name=rootnf
DEBUG C_PARSER: parsed function rootnf with 2 params (varargs=0) at line 1438
w_name=__rootnf
DEBUG C_PARSER: parsed function __rootnf with 2 params (varargs=0) at line 1438
w_name=rsqrtf
DEBUG C_PARSER: parsed function rsqrtf with 1 params (varargs=0) at line 1441
w_name=__rsqrtf
DEBUG C_PARSER: parsed function __rsqrtf with 1 params (varargs=0) at line 1441
w_name=ceilf
DEBUG C_PARSER: parsed function ceilf with 1 params (varargs=0) at line 1448
w_name=fabsf
DEBUG C_PARSER: parsed function fabsf with 1 params (varargs=0) at line 1451
w_name=floorf
DEBUG C_PARSER: parsed function floorf with 1 params (varargs=0) at line 1454
w_name=fmodf
DEBUG C_PARSER: parsed function fmodf with 2 params (varargs=0) at line 1457
w_name=__fmodf
DEBUG C_PARSER: parsed function __fmodf with 2 params (varargs=0) at line 1457
w_name=isinff
DEBUG C_PARSER: parsed function isinff with 1 params (varargs=0) at line 1459
w_name=finitef
DEBUG C_PARSER: parsed function finitef with 1 params (varargs=0) at line 1465
w_name=dremf
DEBUG C_PARSER: parsed function dremf with 2 params (varargs=0) at line 1469
w_name=__dremf
DEBUG C_PARSER: parsed function __dremf with 2 params (varargs=0) at line 1469
w_name=significandf
DEBUG C_PARSER: parsed function significandf with 1 params (varargs=0) at line 1473
w_name=__significandf
DEBUG C_PARSER: parsed function __significandf with 1 params (varargs=0) at line 1473
w_name=copysignf
DEBUG C_PARSER: parsed function copysignf with 2 params (varargs=0) at line 1480
w_name=nanf
DEBUG C_PARSER: parsed function nanf with 1 params (varargs=0) at line 1485
w_name=__nanf
DEBUG C_PARSER: parsed function __nanf with 1 params (varargs=0) at line 1485
w_name=isnanf
DEBUG C_PARSER: parsed function isnanf with 1 params (varargs=0) at line 1487
w_name=j0f
DEBUG C_PARSER: parsed function j0f with 1 params (varargs=0) at line 1494
w_name=__j0f
DEBUG C_PARSER: parsed function __j0f with 1 params (varargs=0) at line 1494
w_name=j1f
DEBUG C_PARSER: parsed function j1f with 1 params (varargs=0) at line 1495
w_name=__j1f
DEBUG C_PARSER: parsed function __j1f with 1 params (varargs=0) at line 1495
w_name=jnf
DEBUG C_PARSER: parsed function jnf with 2 params (varargs=0) at line 1496
w_name=__jnf
DEBUG C_PARSER: parsed function __jnf with 2 params (varargs=0) at line 1496
w_name=y0f
DEBUG C_PARSER: parsed function y0f with 1 params (varargs=0) at line 1497
w_name=__y0f
DEBUG C_PARSER: parsed function __y0f with 1 params (varargs=0) at line 1497
w_name=y1f
DEBUG C_PARSER: parsed function y1f with 1 params (varargs=0) at line 1498
w_name=__y1f
DEBUG C_PARSER: parsed function __y1f with 1 params (varargs=0) at line 1498
w_name=ynf
DEBUG C_PARSER: parsed function ynf with 2 params (varargs=0) at line 1499
w_name=__ynf
DEBUG C_PARSER: parsed function __ynf with 2 params (varargs=0) at line 1499
w_name=erff
DEBUG C_PARSER: parsed function erff with 1 params (varargs=0) at line 1505
w_name=__erff
DEBUG C_PARSER: parsed function __erff with 1 params (varargs=0) at line 1505
w_name=erfcf
DEBUG C_PARSER: parsed function erfcf with 1 params (varargs=0) at line 1506
w_name=__erfcf
DEBUG C_PARSER: parsed function __erfcf with 1 params (varargs=0) at line 1506
w_name=lgammaf
DEBUG C_PARSER: parsed function lgammaf with 1 params (varargs=0) at line 1507
w_name=__lgammaf
DEBUG C_PARSER: parsed function __lgammaf with 1 params (varargs=0) at line 1507
w_name=tgammaf
DEBUG C_PARSER: parsed function tgammaf with 1 params (varargs=0) at line 1512
w_name=__tgammaf
DEBUG C_PARSER: parsed function __tgammaf with 1 params (varargs=0) at line 1512
w_name=gammaf
DEBUG C_PARSER: parsed function gammaf with 1 params (varargs=0) at line 1518
w_name=__gammaf
DEBUG C_PARSER: parsed function __gammaf with 1 params (varargs=0) at line 1518
w_name=lgammaf_r
DEBUG C_PARSER: parsed function lgammaf_r with 2 params (varargs=0) at line 1526
w_name=__lgammaf_r
DEBUG C_PARSER: parsed function __lgammaf_r with 2 params (varargs=0) at line 1526
w_name=rintf
DEBUG C_PARSER: parsed function rintf with 1 params (varargs=0) at line 1533
w_name=__rintf
DEBUG C_PARSER: parsed function __rintf with 1 params (varargs=0) at line 1533
w_name=nextafterf
DEBUG C_PARSER: parsed function nextafterf with 2 params (varargs=0) at line 1536
w_name=__nextafterf
DEBUG C_PARSER: parsed function __nextafterf with 2 params (varargs=0) at line 1536
w_name=nexttowardf
DEBUG C_PARSER: parsed function nexttowardf with 2 params (varargs=0) at line 1538
w_name=__nexttowardf
DEBUG C_PARSER: parsed function __nexttowardf with 2 params (varargs=0) at line 1538
w_name=nextdownf
DEBUG C_PARSER: parsed function nextdownf with 1 params (varargs=0) at line 1543
w_name=__nextdownf
DEBUG C_PARSER: parsed function __nextdownf with 1 params (varargs=0) at line 1543
w_name=nextupf
DEBUG C_PARSER: parsed function nextupf with 1 params (varargs=0) at line 1545
w_name=__nextupf
DEBUG C_PARSER: parsed function __nextupf with 1 params (varargs=0) at line 1545
w_name=remainderf
DEBUG C_PARSER: parsed function remainderf with 2 params (varargs=0) at line 1549
w_name=__remainderf
DEBUG C_PARSER: parsed function __remainderf with 2 params (varargs=0) at line 1549
w_name=scalbnf
DEBUG C_PARSER: parsed function scalbnf with 2 params (varargs=0) at line 1553
w_name=__scalbnf
DEBUG C_PARSER: parsed function __scalbnf with 2 params (varargs=0) at line 1553
w_name=ilogbf
DEBUG C_PARSER: parsed function ilogbf with 1 params (varargs=0) at line 1557
w_name=__ilogbf
DEBUG C_PARSER: parsed function __ilogbf with 1 params (varargs=0) at line 1557
w_name=llogbf
DEBUG C_PARSER: parsed function llogbf with 1 params (varargs=0) at line 1562
w_name=__llogbf
DEBUG C_PARSER: parsed function __llogbf with 1 params (varargs=0) at line 1562
w_name=scalblnf
DEBUG C_PARSER: parsed function scalblnf with 2 params (varargs=0) at line 1567
w_name=__scalblnf
DEBUG C_PARSER: parsed function __scalblnf with 2 params (varargs=0) at line 1567
w_name=nearbyintf
DEBUG C_PARSER: parsed function nearbyintf with 1 params (varargs=0) at line 1571
w_name=__nearbyintf
DEBUG C_PARSER: parsed function __nearbyintf with 1 params (varargs=0) at line 1571
w_name=roundf
DEBUG C_PARSER: parsed function roundf with 1 params (varargs=0) at line 1575
w_name=truncf
DEBUG C_PARSER: parsed function truncf with 1 params (varargs=0) at line 1579
w_name=remquof
DEBUG C_PARSER: parsed function remquof with 3 params (varargs=0) at line 1584
w_name=__remquof
DEBUG C_PARSER: parsed function __remquof with 3 params (varargs=0) at line 1584
w_name=lrintf
DEBUG C_PARSER: parsed function lrintf with 1 params (varargs=0) at line 1591
w_name=__lrintf
DEBUG C_PARSER: parsed function __lrintf with 1 params (varargs=0) at line 1591
w_name=llrintf
DEBUG C_PARSER: parsed function llrintf with 1 params (varargs=0) at line 1593
w_name=__llrintf
DEBUG C_PARSER: parsed function __llrintf with 1 params (varargs=0) at line 1593
w_name=lroundf
DEBUG C_PARSER: parsed function lroundf with 1 params (varargs=0) at line 1597
w_name=__lroundf
DEBUG C_PARSER: parsed function __lroundf with 1 params (varargs=0) at line 1597
w_name=llroundf
DEBUG C_PARSER: parsed function llroundf with 1 params (varargs=0) at line 1599
w_name=__llroundf
DEBUG C_PARSER: parsed function __llroundf with 1 params (varargs=0) at line 1599
w_name=fdimf
DEBUG C_PARSER: parsed function fdimf with 2 params (varargs=0) at line 1603
w_name=__fdimf
DEBUG C_PARSER: parsed function __fdimf with 2 params (varargs=0) at line 1603
w_name=fmaxf
DEBUG C_PARSER: parsed function fmaxf with 2 params (varargs=0) at line 1607
w_name=fminf
DEBUG C_PARSER: parsed function fminf with 2 params (varargs=0) at line 1610
w_name=fmaf
DEBUG C_PARSER: parsed function fmaf with 3 params (varargs=0) at line 1614
w_name=__fmaf
DEBUG C_PARSER: parsed function __fmaf with 3 params (varargs=0) at line 1614
w_name=roundevenf
DEBUG C_PARSER: parsed function roundevenf with 1 params (varargs=0) at line 1619
w_name=fromfpf
DEBUG C_PARSER: parsed function fromfpf with 3 params (varargs=0) at line 1623
w_name=__fromfpf
DEBUG C_PARSER: parsed function __fromfpf with 3 params (varargs=0) at line 1623
w_name=ufromfpf
DEBUG C_PARSER: parsed function ufromfpf with 3 params (varargs=0) at line 1627
w_name=__ufromfpf
DEBUG C_PARSER: parsed function __ufromfpf with 3 params (varargs=0) at line 1627
w_name=fromfpxf
DEBUG C_PARSER: parsed function fromfpxf with 3 params (varargs=0) at line 1632
w_name=__fromfpxf
DEBUG C_PARSER: parsed function __fromfpxf with 3 params (varargs=0) at line 1632
w_name=ufromfpxf
DEBUG C_PARSER: parsed function ufromfpxf with 3 params (varargs=0) at line 1637
w_name=__ufromfpxf
DEBUG C_PARSER: parsed function __ufromfpxf with 3 params (varargs=0) at line 1637
w_name=canonicalizef
DEBUG C_PARSER: parsed function canonicalizef with 2 params (varargs=0) at line 1640
w_name=fmaximumf
DEBUG C_PARSER: parsed function fmaximumf with 2 params (varargs=0) at line 1642
w_name=fminimumf
DEBUG C_PARSER: parsed function fminimumf with 2 params (varargs=0) at line 1645
w_name=fmaximum_numf
DEBUG C_PARSER: parsed function fmaximum_numf with 2 params (varargs=0) at line 1648
w_name=fminimum_numf
DEBUG C_PARSER: parsed function fminimum_numf with 2 params (varargs=0) at line 1651
w_name=fmaximum_magf
DEBUG C_PARSER: parsed function fmaximum_magf with 2 params (varargs=0) at line 1654
w_name=fminimum_magf
DEBUG C_PARSER: parsed function fminimum_magf with 2 params (varargs=0) at line 1657
w_name=fmaximum_mag_numf
DEBUG C_PARSER: parsed function fmaximum_mag_numf with 2 params (varargs=0) at line 1660
w_name=fminimum_mag_numf
DEBUG C_PARSER: parsed function fminimum_mag_numf with 2 params (varargs=0) at line 1663
w_name=scalbf
DEBUG C_PARSER: parsed function scalbf with 2 params (varargs=0) at line 1665
w_name=__scalbf
DEBUG C_PARSER: parsed function __scalbf with 2 params (varargs=0) at line 1665
w_name=__fpclassifyl
DEBUG C_PARSER: parsed function __fpclassifyl with 1 params (varargs=0) at line 1670
w_name=__signbitl
DEBUG C_PARSER: parsed function __signbitl with 1 params (varargs=0) at line 1674
w_name=__isinfl
DEBUG C_PARSER: parsed function __isinfl with 1 params (varargs=0) at line 1679
w_name=__finitel
DEBUG C_PARSER: parsed function __finitel with 1 params (varargs=0) at line 1683
w_name=__isnanl
DEBUG C_PARSER: parsed function __isnanl with 1 params (varargs=0) at line 1687
w_name=__iseqsigl
DEBUG C_PARSER: parsed function __iseqsigl with 2 params (varargs=0) at line 1691
w_name=__issignalingl
DEBUG C_PARSER: parsed function __issignalingl with 1 params (varargs=0) at line 1694
w_name=acosl
DEBUG C_PARSER: parsed function acosl with 1 params (varargs=0) at line 1699
w_name=__acosl
DEBUG C_PARSER: parsed function __acosl with 1 params (varargs=0) at line 1699
w_name=asinl
DEBUG C_PARSER: parsed function asinl with 1 params (varargs=0) at line 1701
w_name=__asinl
DEBUG C_PARSER: parsed function __asinl with 1 params (varargs=0) at line 1701
w_name=atanl
DEBUG C_PARSER: parsed function atanl with 1 params (varargs=0) at line 1703
w_name=__atanl
DEBUG C_PARSER: parsed function __atanl with 1 params (varargs=0) at line 1703
w_name=atan2l
DEBUG C_PARSER: parsed function atan2l with 2 params (varargs=0) at line 1705
w_name=__atan2l
DEBUG C_PARSER: parsed function __atan2l with 2 params (varargs=0) at line 1705
w_name=cosl
DEBUG C_PARSER: parsed function cosl with 1 params (varargs=0) at line 1708
w_name=__cosl
DEBUG C_PARSER: parsed function __cosl with 1 params (varargs=0) at line 1708
w_name=sinl
DEBUG C_PARSER: parsed function sinl with 1 params (varargs=0) at line 1710
w_name=__sinl
DEBUG C_PARSER: parsed function __sinl with 1 params (varargs=0) at line 1710
w_name=tanl
DEBUG C_PARSER: parsed function tanl with 1 params (varargs=0) at line 1712
w_name=__tanl
DEBUG C_PARSER: parsed function __tanl with 1 params (varargs=0) at line 1712
w_name=acospil
DEBUG C_PARSER: parsed function acospil with 1 params (varargs=0) at line 1716
w_name=__acospil
DEBUG C_PARSER: parsed function __acospil with 1 params (varargs=0) at line 1716
w_name=acospil
DEBUG C_PARSER: parsed function acospil with 1 params (varargs=0) at line 1717
w_name=__acospil
DEBUG C_PARSER: parsed function __acospil with 1 params (varargs=0) at line 1717
w_name=asinpil
DEBUG C_PARSER: parsed function asinpil with 1 params (varargs=0) at line 1719
w_name=__asinpil
DEBUG C_PARSER: parsed function __asinpil with 1 params (varargs=0) at line 1719
w_name=asinpil
DEBUG C_PARSER: parsed function asinpil with 1 params (varargs=0) at line 1720
w_name=__asinpil
DEBUG C_PARSER: parsed function __asinpil with 1 params (varargs=0) at line 1720
w_name=atanpil
DEBUG C_PARSER: parsed function atanpil with 1 params (varargs=0) at line 1722
w_name=__atanpil
DEBUG C_PARSER: parsed function __atanpil with 1 params (varargs=0) at line 1722
w_name=atanpil
DEBUG C_PARSER: parsed function atanpil with 1 params (varargs=0) at line 1723
w_name=__atanpil
DEBUG C_PARSER: parsed function __atanpil with 1 params (varargs=0) at line 1723
w_name=atan2pil
DEBUG C_PARSER: parsed function atan2pil with 2 params (varargs=0) at line 1725
w_name=__atan2pil
DEBUG C_PARSER: parsed function __atan2pil with 2 params (varargs=0) at line 1725
w_name=atan2pil
DEBUG C_PARSER: parsed function atan2pil with 2 params (varargs=0) at line 1726
w_name=__atan2pil
DEBUG C_PARSER: parsed function __atan2pil with 2 params (varargs=0) at line 1726
w_name=cospil
DEBUG C_PARSER: parsed function cospil with 1 params (varargs=0) at line 1729
w_name=__cospil
DEBUG C_PARSER: parsed function __cospil with 1 params (varargs=0) at line 1729
w_name=sinpil
DEBUG C_PARSER: parsed function sinpil with 1 params (varargs=0) at line 1731
w_name=__sinpil
DEBUG C_PARSER: parsed function __sinpil with 1 params (varargs=0) at line 1731
w_name=tanpil
DEBUG C_PARSER: parsed function tanpil with 1 params (varargs=0) at line 1733
w_name=__tanpil
DEBUG C_PARSER: parsed function __tanpil with 1 params (varargs=0) at line 1733
w_name=coshl
DEBUG C_PARSER: parsed function coshl with 1 params (varargs=0) at line 1739
w_name=__coshl
DEBUG C_PARSER: parsed function __coshl with 1 params (varargs=0) at line 1739
w_name=sinhl
DEBUG C_PARSER: parsed function sinhl with 1 params (varargs=0) at line 1741
w_name=__sinhl
DEBUG C_PARSER: parsed function __sinhl with 1 params (varargs=0) at line 1741
w_name=tanhl
DEBUG C_PARSER: parsed function tanhl with 1 params (varargs=0) at line 1743
w_name=__tanhl
DEBUG C_PARSER: parsed function __tanhl with 1 params (varargs=0) at line 1743
w_name=acoshl
DEBUG C_PARSER: parsed function acoshl with 1 params (varargs=0) at line 1745
w_name=__acoshl
DEBUG C_PARSER: parsed function __acoshl with 1 params (varargs=0) at line 1745
w_name=asinhl
DEBUG C_PARSER: parsed function asinhl with 1 params (varargs=0) at line 1747
w_name=__asinhl
DEBUG C_PARSER: parsed function __asinhl with 1 params (varargs=0) at line 1747
w_name=atanhl
DEBUG C_PARSER: parsed function atanhl with 1 params (varargs=0) at line 1749
w_name=__atanhl
DEBUG C_PARSER: parsed function __atanhl with 1 params (varargs=0) at line 1749
w_name=expl
DEBUG C_PARSER: parsed function expl with 1 params (varargs=0) at line 1755
w_name=__expl
DEBUG C_PARSER: parsed function __expl with 1 params (varargs=0) at line 1755
w_name=frexpl
DEBUG C_PARSER: parsed function frexpl with 2 params (varargs=0) at line 1758
w_name=__frexpl
DEBUG C_PARSER: parsed function __frexpl with 2 params (varargs=0) at line 1758
w_name=ldexpl
DEBUG C_PARSER: parsed function ldexpl with 2 params (varargs=0) at line 1761
w_name=__ldexpl
DEBUG C_PARSER: parsed function __ldexpl with 2 params (varargs=0) at line 1761
w_name=logl
DEBUG C_PARSER: parsed function logl with 1 params (varargs=0) at line 1764
w_name=__logl
DEBUG C_PARSER: parsed function __logl with 1 params (varargs=0) at line 1764
w_name=log10l
DEBUG C_PARSER: parsed function log10l with 1 params (varargs=0) at line 1767
w_name=__log10l
DEBUG C_PARSER: parsed function __log10l with 1 params (varargs=0) at line 1767
w_name=modfl
DEBUG C_PARSER: parsed function modfl with 2 params (varargs=0) at line 1770
w_name=__modfl
DEBUG C_PARSER: parsed function __modfl with 2 params (varargs=0) at line 1770
w_name=exp10l
DEBUG C_PARSER: parsed function exp10l with 1 params (varargs=0) at line 1774
w_name=__exp10l
DEBUG C_PARSER: parsed function __exp10l with 1 params (varargs=0) at line 1774
w_name=exp2m1l
DEBUG C_PARSER: parsed function exp2m1l with 1 params (varargs=0) at line 1777
w_name=__exp2m1l
DEBUG C_PARSER: parsed function __exp2m1l with 1 params (varargs=0) at line 1777
w_name=exp10m1l
DEBUG C_PARSER: parsed function exp10m1l with 1 params (varargs=0) at line 1780
w_name=__exp10m1l
DEBUG C_PARSER: parsed function __exp10m1l with 1 params (varargs=0) at line 1780
w_name=log2p1l
DEBUG C_PARSER: parsed function log2p1l with 1 params (varargs=0) at line 1783
w_name=__log2p1l
DEBUG C_PARSER: parsed function __log2p1l with 1 params (varargs=0) at line 1783
w_name=log10p1l
DEBUG C_PARSER: parsed function log10p1l with 1 params (varargs=0) at line 1786
w_name=__log10p1l
DEBUG C_PARSER: parsed function __log10p1l with 1 params (varargs=0) at line 1786
w_name=logp1l
DEBUG C_PARSER: parsed function logp1l with 1 params (varargs=0) at line 1789
w_name=__logp1l
DEBUG C_PARSER: parsed function __logp1l with 1 params (varargs=0) at line 1789
w_name=expm1l
DEBUG C_PARSER: parsed function expm1l with 1 params (varargs=0) at line 1794
w_name=__expm1l
DEBUG C_PARSER: parsed function __expm1l with 1 params (varargs=0) at line 1794
w_name=log1pl
DEBUG C_PARSER: parsed function log1pl with 1 params (varargs=0) at line 1797
w_name=__log1pl
DEBUG C_PARSER: parsed function __log1pl with 1 params (varargs=0) at line 1797
w_name=logbl
DEBUG C_PARSER: parsed function logbl with 1 params (varargs=0) at line 1800
w_name=__logbl
DEBUG C_PARSER: parsed function __logbl with 1 params (varargs=0) at line 1800
w_name=exp2l
DEBUG C_PARSER: parsed function exp2l with 1 params (varargs=0) at line 1805
w_name=__exp2l
DEBUG C_PARSER: parsed function __exp2l with 1 params (varargs=0) at line 1805
w_name=log2l
DEBUG C_PARSER: parsed function log2l with 1 params (varargs=0) at line 1808
w_name=__log2l
DEBUG C_PARSER: parsed function __log2l with 1 params (varargs=0) at line 1808
w_name=powl
DEBUG C_PARSER: parsed function powl with 2 params (varargs=0) at line 1815
w_name=__powl
DEBUG C_PARSER: parsed function __powl with 2 params (varargs=0) at line 1815
w_name=sqrtl
DEBUG C_PARSER: parsed function sqrtl with 1 params (varargs=0) at line 1818
w_name=__sqrtl
DEBUG C_PARSER: parsed function __sqrtl with 1 params (varargs=0) at line 1818
w_name=hypotl
DEBUG C_PARSER: parsed function hypotl with 2 params (varargs=0) at line 1822
w_name=__hypotl
DEBUG C_PARSER: parsed function __hypotl with 2 params (varargs=0) at line 1822
w_name=cbrtl
DEBUG C_PARSER: parsed function cbrtl with 1 params (varargs=0) at line 1827
w_name=__cbrtl
DEBUG C_PARSER: parsed function __cbrtl with 1 params (varargs=0) at line 1827
w_name=compoundnl
DEBUG C_PARSER: parsed function compoundnl with 2 params (varargs=0) at line 1832
w_name=__compoundnl
DEBUG C_PARSER: parsed function __compoundnl with 2 params (varargs=0) at line 1832
w_name=pownl
DEBUG C_PARSER: parsed function pownl with 2 params (varargs=0) at line 1835
w_name=__pownl
DEBUG C_PARSER: parsed function __pownl with 2 params (varargs=0) at line 1835
w_name=powrl
DEBUG C_PARSER: parsed function powrl with 2 params (varargs=0) at line 1838
w_name=__powrl
DEBUG C_PARSER: parsed function __powrl with 2 params (varargs=0) at line 1838
w_name=powrl
DEBUG C_PARSER: parsed function powrl with 2 params (varargs=0) at line 1839
w_name=__powrl
DEBUG C_PARSER: parsed function __powrl with 2 params (varargs=0) at line 1839
w_name=rootnl
DEBUG C_PARSER: parsed function rootnl with 2 params (varargs=0) at line 1842
w_name=__rootnl
DEBUG C_PARSER: parsed function __rootnl with 2 params (varargs=0) at line 1842
w_name=rsqrtl
DEBUG C_PARSER: parsed function rsqrtl with 1 params (varargs=0) at line 1845
w_name=__rsqrtl
DEBUG C_PARSER: parsed function __rsqrtl with 1 params (varargs=0) at line 1845
w_name=ceill
DEBUG C_PARSER: parsed function ceill with 1 params (varargs=0) at line 1852
w_name=fabsl
DEBUG C_PARSER: parsed function fabsl with 1 params (varargs=0) at line 1855
w_name=floorl
DEBUG C_PARSER: parsed function floorl with 1 params (varargs=0) at line 1858
w_name=fmodl
DEBUG C_PARSER: parsed function fmodl with 2 params (varargs=0) at line 1861
w_name=__fmodl
DEBUG C_PARSER: parsed function __fmodl with 2 params (varargs=0) at line 1861
w_name=isinfl
DEBUG C_PARSER: parsed function isinfl with 1 params (varargs=0) at line 1863
w_name=finitel
DEBUG C_PARSER: parsed function finitel with 1 params (varargs=0) at line 1869
w_name=dreml
DEBUG C_PARSER: parsed function dreml with 2 params (varargs=0) at line 1873
w_name=__dreml
DEBUG C_PARSER: parsed function __dreml with 2 params (varargs=0) at line 1873
w_name=significandl
DEBUG C_PARSER: parsed function significandl with 1 params (varargs=0) at line 1877
w_name=__significandl
DEBUG C_PARSER: parsed function __significandl with 1 params (varargs=0) at line 1877
w_name=copysignl
DEBUG C_PARSER: parsed function copysignl with 2 params (varargs=0) at line 1884
w_name=nanl
DEBUG C_PARSER: parsed function nanl with 1 params (varargs=0) at line 1889
w_name=__nanl
DEBUG C_PARSER: parsed function __nanl with 1 params (varargs=0) at line 1889
w_name=isnanl
DEBUG C_PARSER: parsed function isnanl with 1 params (varargs=0) at line 1891
w_name=j0l
DEBUG C_PARSER: parsed function j0l with 1 params (varargs=0) at line 1898
w_name=__j0l
DEBUG C_PARSER: parsed function __j0l with 1 params (varargs=0) at line 1898
w_name=j1l
DEBUG C_PARSER: parsed function j1l with 1 params (varargs=0) at line 1899
w_name=__j1l
DEBUG C_PARSER: parsed function __j1l with 1 params (varargs=0) at line 1899
w_name=jnl
DEBUG C_PARSER: parsed function jnl with 2 params (varargs=0) at line 1900
w_name=__jnl
DEBUG C_PARSER: parsed function __jnl with 2 params (varargs=0) at line 1900
w_name=y0l
DEBUG C_PARSER: parsed function y0l with 1 params (varargs=0) at line 1901
w_name=__y0l
DEBUG C_PARSER: parsed function __y0l with 1 params (varargs=0) at line 1901
w_name=y1l
DEBUG C_PARSER: parsed function y1l with 1 params (varargs=0) at line 1902
w_name=__y1l
DEBUG C_PARSER: parsed function __y1l with 1 params (varargs=0) at line 1902
w_name=ynl
DEBUG C_PARSER: parsed function ynl with 2 params (varargs=0) at line 1903
w_name=__ynl
DEBUG C_PARSER: parsed function __ynl with 2 params (varargs=0) at line 1903
w_name=erfl
DEBUG C_PARSER: parsed function erfl with 1 params (varargs=0) at line 1909
w_name=__erfl
DEBUG C_PARSER: parsed function __erfl with 1 params (varargs=0) at line 1909
w_name=erfcl
DEBUG C_PARSER: parsed function erfcl with 1 params (varargs=0) at line 1910
w_name=__erfcl
DEBUG C_PARSER: parsed function __erfcl with 1 params (varargs=0) at line 1910
w_name=lgammal
DEBUG C_PARSER: parsed function lgammal with 1 params (varargs=0) at line 1911
w_name=__lgammal
DEBUG C_PARSER: parsed function __lgammal with 1 params (varargs=0) at line 1911
w_name=tgammal
DEBUG C_PARSER: parsed function tgammal with 1 params (varargs=0) at line 1916
w_name=__tgammal
DEBUG C_PARSER: parsed function __tgammal with 1 params (varargs=0) at line 1916
w_name=gammal
DEBUG C_PARSER: parsed function gammal with 1 params (varargs=0) at line 1922
w_name=__gammal
DEBUG C_PARSER: parsed function __gammal with 1 params (varargs=0) at line 1922
w_name=lgammal_r
DEBUG C_PARSER: parsed function lgammal_r with 2 params (varargs=0) at line 1930
w_name=__lgammal_r
DEBUG C_PARSER: parsed function __lgammal_r with 2 params (varargs=0) at line 1930
w_name=rintl
DEBUG C_PARSER: parsed function rintl with 1 params (varargs=0) at line 1937
w_name=__rintl
DEBUG C_PARSER: parsed function __rintl with 1 params (varargs=0) at line 1937
w_name=nextafterl
DEBUG C_PARSER: parsed function nextafterl with 2 params (varargs=0) at line 1940
w_name=__nextafterl
DEBUG C_PARSER: parsed function __nextafterl with 2 params (varargs=0) at line 1940
w_name=nexttowardl
DEBUG C_PARSER: parsed function nexttowardl with 2 params (varargs=0) at line 1942
w_name=__nexttowardl
DEBUG C_PARSER: parsed function __nexttowardl with 2 params (varargs=0) at line 1942
w_name=nextdownl
DEBUG C_PARSER: parsed function nextdownl with 1 params (varargs=0) at line 1947
w_name=__nextdownl
DEBUG C_PARSER: parsed function __nextdownl with 1 params (varargs=0) at line 1947
w_name=nextupl
DEBUG C_PARSER: parsed function nextupl with 1 params (varargs=0) at line 1949
w_name=__nextupl
DEBUG C_PARSER: parsed function __nextupl with 1 params (varargs=0) at line 1949
w_name=remainderl
DEBUG C_PARSER: parsed function remainderl with 2 params (varargs=0) at line 1953
w_name=__remainderl
DEBUG C_PARSER: parsed function __remainderl with 2 params (varargs=0) at line 1953
w_name=scalbnl
DEBUG C_PARSER: parsed function scalbnl with 2 params (varargs=0) at line 1957
w_name=__scalbnl
DEBUG C_PARSER: parsed function __scalbnl with 2 params (varargs=0) at line 1957
w_name=ilogbl
DEBUG C_PARSER: parsed function ilogbl with 1 params (varargs=0) at line 1961
w_name=__ilogbl
DEBUG C_PARSER: parsed function __ilogbl with 1 params (varargs=0) at line 1961
w_name=llogbl
DEBUG C_PARSER: parsed function llogbl with 1 params (varargs=0) at line 1966
w_name=__llogbl
DEBUG C_PARSER: parsed function __llogbl with 1 params (varargs=0) at line 1966
w_name=scalblnl
DEBUG C_PARSER: parsed function scalblnl with 2 params (varargs=0) at line 1971
w_name=__scalblnl
DEBUG C_PARSER: parsed function __scalblnl with 2 params (varargs=0) at line 1971
w_name=nearbyintl
DEBUG C_PARSER: parsed function nearbyintl with 1 params (varargs=0) at line 1975
w_name=__nearbyintl
DEBUG C_PARSER: parsed function __nearbyintl with 1 params (varargs=0) at line 1975
w_name=roundl
DEBUG C_PARSER: parsed function roundl with 1 params (varargs=0) at line 1979
w_name=truncl
DEBUG C_PARSER: parsed function truncl with 1 params (varargs=0) at line 1983
w_name=remquol
DEBUG C_PARSER: parsed function remquol with 3 params (varargs=0) at line 1988
w_name=__remquol
DEBUG C_PARSER: parsed function __remquol with 3 params (varargs=0) at line 1988
w_name=lrintl
DEBUG C_PARSER: parsed function lrintl with 1 params (varargs=0) at line 1995
w_name=__lrintl
DEBUG C_PARSER: parsed function __lrintl with 1 params (varargs=0) at line 1995
w_name=llrintl
DEBUG C_PARSER: parsed function llrintl with 1 params (varargs=0) at line 1997
w_name=__llrintl
DEBUG C_PARSER: parsed function __llrintl with 1 params (varargs=0) at line 1997
w_name=lroundl
DEBUG C_PARSER: parsed function lroundl with 1 params (varargs=0) at line 2001
w_name=__lroundl
DEBUG C_PARSER: parsed function __lroundl with 1 params (varargs=0) at line 2001
w_name=llroundl
DEBUG C_PARSER: parsed function llroundl with 1 params (varargs=0) at line 2003
w_name=__llroundl
DEBUG C_PARSER: parsed function __llroundl with 1 params (varargs=0) at line 2003
w_name=fdiml
DEBUG C_PARSER: parsed function fdiml with 2 params (varargs=0) at line 2007
w_name=__fdiml
DEBUG C_PARSER: parsed function __fdiml with 2 params (varargs=0) at line 2007
w_name=fmaxl
DEBUG C_PARSER: parsed function fmaxl with 2 params (varargs=0) at line 2011
w_name=fminl
DEBUG C_PARSER: parsed function fminl with 2 params (varargs=0) at line 2014
w_name=fmal
DEBUG C_PARSER: parsed function fmal with 3 params (varargs=0) at line 2018
w_name=__fmal
DEBUG C_PARSER: parsed function __fmal with 3 params (varargs=0) at line 2018
w_name=roundevenl
DEBUG C_PARSER: parsed function roundevenl with 1 params (varargs=0) at line 2023
w_name=fromfpl
DEBUG C_PARSER: parsed function fromfpl with 3 params (varargs=0) at line 2027
w_name=__fromfpl
DEBUG C_PARSER: parsed function __fromfpl with 3 params (varargs=0) at line 2027
w_name=ufromfpl
DEBUG C_PARSER: parsed function ufromfpl with 3 params (varargs=0) at line 2031
w_name=__ufromfpl
DEBUG C_PARSER: parsed function __ufromfpl with 3 params (varargs=0) at line 2031
w_name=fromfpxl
DEBUG C_PARSER: parsed function fromfpxl with 3 params (varargs=0) at line 2036
w_name=__fromfpxl
DEBUG C_PARSER: parsed function __fromfpxl with 3 params (varargs=0) at line 2036
w_name=ufromfpxl
DEBUG C_PARSER: parsed function ufromfpxl with 3 params (varargs=0) at line 2041
w_name=__ufromfpxl
DEBUG C_PARSER: parsed function __ufromfpxl with 3 params (varargs=0) at line 2041
w_name=canonicalizel
DEBUG C_PARSER: parsed function canonicalizel with 2 params (varargs=0) at line 2044
w_name=fmaximuml
DEBUG C_PARSER: parsed function fmaximuml with 2 params (varargs=0) at line 2046
w_name=fminimuml
DEBUG C_PARSER: parsed function fminimuml with 2 params (varargs=0) at line 2049
w_name=fmaximum_numl
DEBUG C_PARSER: parsed function fmaximum_numl with 2 params (varargs=0) at line 2052
w_name=fminimum_numl
DEBUG C_PARSER: parsed function fminimum_numl with 2 params (varargs=0) at line 2055
w_name=fmaximum_magl
DEBUG C_PARSER: parsed function fmaximum_magl with 2 params (varargs=0) at line 2058
w_name=fminimum_magl
DEBUG C_PARSER: parsed function fminimum_magl with 2 params (varargs=0) at line 2061
w_name=fmaximum_mag_numl
DEBUG C_PARSER: parsed function fmaximum_mag_numl with 2 params (varargs=0) at line 2064
w_name=fminimum_mag_numl
DEBUG C_PARSER: parsed function fminimum_mag_numl with 2 params (varargs=0) at line 2067
w_name=scalbl
DEBUG C_PARSER: parsed function scalbl with 2 params (varargs=0) at line 2069
w_name=__scalbl
DEBUG C_PARSER: parsed function __scalbl with 2 params (varargs=0) at line 2069
w_name=__fpclassifyf128
DEBUG C_PARSER: parsed function __fpclassifyf128 with 1 params (varargs=0) at line 2074
w_name=__signbitf128
DEBUG C_PARSER: parsed function __signbitf128 with 1 params (varargs=0) at line 2078
w_name=__isinff128
DEBUG C_PARSER: parsed function __isinff128 with 1 params (varargs=0) at line 2083
w_name=__finitef128
DEBUG C_PARSER: parsed function __finitef128 with 1 params (varargs=0) at line 2087
w_name=__isnanf128
DEBUG C_PARSER: parsed function __isnanf128 with 1 params (varargs=0) at line 2091
w_name=__iseqsigf128
DEBUG C_PARSER: parsed function __iseqsigf128 with 2 params (varargs=0) at line 2095
w_name=__issignalingf128
DEBUG C_PARSER: parsed function __issignalingf128 with 1 params (varargs=0) at line 2098
w_name=fadd
DEBUG C_PARSER: parsed function fadd with 2 params (varargs=0) at line 2104
w_name=fdiv
DEBUG C_PARSER: parsed function fdiv with 2 params (varargs=0) at line 2107
w_name=ffma
DEBUG C_PARSER: parsed function ffma with 3 params (varargs=0) at line 2110
w_name=fmul
DEBUG C_PARSER: parsed function fmul with 2 params (varargs=0) at line 2113
w_name=fsqrt
DEBUG C_PARSER: parsed function fsqrt with 1 params (varargs=0) at line 2116
w_name=fsub
DEBUG C_PARSER: parsed function fsub with 2 params (varargs=0) at line 2119
w_name=faddl
DEBUG C_PARSER: parsed function faddl with 2 params (varargs=0) at line 2124
w_name=fdivl
DEBUG C_PARSER: parsed function fdivl with 2 params (varargs=0) at line 2127
w_name=ffmal
DEBUG C_PARSER: parsed function ffmal with 3 params (varargs=0) at line 2130
w_name=fmull
DEBUG C_PARSER: parsed function fmull with 2 params (varargs=0) at line 2133
w_name=fsqrtl
DEBUG C_PARSER: parsed function fsqrtl with 1 params (varargs=0) at line 2136
w_name=fsubl
DEBUG C_PARSER: parsed function fsubl with 2 params (varargs=0) at line 2139
w_name=daddl
DEBUG C_PARSER: parsed function daddl with 2 params (varargs=0) at line 2144
w_name=ddivl
DEBUG C_PARSER: parsed function ddivl with 2 params (varargs=0) at line 2147
w_name=dfmal
DEBUG C_PARSER: parsed function dfmal with 3 params (varargs=0) at line 2150
w_name=dmull
DEBUG C_PARSER: parsed function dmull with 2 params (varargs=0) at line 2153
w_name=dsqrtl
DEBUG C_PARSER: parsed function dsqrtl with 1 params (varargs=0) at line 2156
w_name=dsubl
DEBUG C_PARSER: parsed function dsubl with 2 params (varargs=0) at line 2159
w_name=__iscanonicall
DEBUG C_PARSER: parsed function __iscanonicall with 1 params (varargs=0) at line 2186
w_name=imaxabs
DEBUG C_PARSER: parsed function imaxabs with 1 params (varargs=0) at line 2220
w_name=imaxdiv
DEBUG C_PARSER: parsed function imaxdiv with 2 params (varargs=0) at line 2229
w_name=strtoimax
DEBUG C_PARSER: parsed function strtoimax with 3 params (varargs=0) at line 2233
w_name=strtoumax
DEBUG C_PARSER: parsed function strtoumax with 3 params (varargs=0) at line 2237
w_name=wcstoimax
DEBUG C_PARSER: parsed function wcstoimax with 3 params (varargs=0) at line 2242
w_name=wcstoumax
DEBUG C_PARSER: parsed function wcstoumax with 3 params (varargs=0) at line 2247
w_name=strtoimax
DEBUG C_PARSER: parsed function strtoimax with 3 params (varargs=0) at line 2253
w_name=strtoumax
DEBUG C_PARSER: parsed function strtoumax with 3 params (varargs=0) at line 2256
w_name=wcstoimax
DEBUG C_PARSER: parsed function wcstoimax with 3 params (varargs=0) at line 2259
w_name=wcstoumax
DEBUG C_PARSER: parsed function wcstoumax with 3 params (varargs=0) at line 2263
w_name=wl_list_init
DEBUG C_PARSER: parsed function wl_list_init with 1 params (varargs=0) at line 2311
w_name=wl_list_insert
DEBUG C_PARSER: parsed function wl_list_insert with 2 params (varargs=0) at line 2314
w_name=wl_list_remove
DEBUG C_PARSER: parsed function wl_list_remove with 1 params (varargs=0) at line 2317
w_name=wl_list_length
DEBUG C_PARSER: parsed function wl_list_length with 1 params (varargs=0) at line 2320
w_name=wl_list_empty
DEBUG C_PARSER: parsed function wl_list_empty with 1 params (varargs=0) at line 2323
w_name=wl_list_insert_list
DEBUG C_PARSER: parsed function wl_list_insert_list with 2 params (varargs=0) at line 2326
w_name=wl_array_init
DEBUG C_PARSER: parsed function wl_array_init with 1 params (varargs=0) at line 2338
w_name=wl_array_release
DEBUG C_PARSER: parsed function wl_array_release with 1 params (varargs=0) at line 2341
w_name=wl_array_add
DEBUG C_PARSER: parsed function wl_array_add with 2 params (varargs=0) at line 2344
w_name=wl_array_copy
DEBUG C_PARSER: parsed function wl_array_copy with 2 params (varargs=0) at line 2347
w_name=wl_fixed_to_double
DEBUG C_PARSER: parsed function wl_fixed_to_double with 1 params (varargs=0) at line 2353
w_name=wl_fixed_from_double
DEBUG C_PARSER: parsed function wl_fixed_from_double with 1 params (varargs=0) at line 2359
w_name=wl_fixed_to_int
DEBUG C_PARSER: parsed function wl_fixed_to_int with 1 params (varargs=0) at line 2365
w_name=wl_fixed_from_int
DEBUG C_PARSER: parsed function wl_fixed_from_int with 1 params (varargs=0) at line 2371
w_name=wl_event_loop_create
DEBUG C_PARSER: parsed function wl_event_loop_create with 0 params (varargs=0) at line 2428
w_name=wl_event_loop_destroy
DEBUG C_PARSER: parsed function wl_event_loop_destroy with 1 params (varargs=0) at line 2431
w_name=wl_event_loop_add_fd
DEBUG C_PARSER: parsed function wl_event_loop_add_fd with 5 params (varargs=0) at line 2437
w_name=wl_event_source_fd_update
DEBUG C_PARSER: parsed function wl_event_source_fd_update with 2 params (varargs=0) at line 2440
w_name=wl_event_loop_add_timer
DEBUG C_PARSER: parsed function wl_event_loop_add_timer with 3 params (varargs=0) at line 2445
w_name=wl_event_loop_add_signal
DEBUG C_PARSER: parsed function wl_event_loop_add_signal with 4 params (varargs=0) at line 2451
w_name=wl_event_source_timer_update
DEBUG C_PARSER: parsed function wl_event_source_timer_update with 2 params (varargs=0) at line 2455
w_name=wl_event_source_remove
DEBUG C_PARSER: parsed function wl_event_source_remove with 1 params (varargs=0) at line 2458
w_name=wl_event_source_check
DEBUG C_PARSER: parsed function wl_event_source_check with 1 params (varargs=0) at line 2461
w_name=wl_event_loop_dispatch
DEBUG C_PARSER: parsed function wl_event_loop_dispatch with 2 params (varargs=0) at line 2464
w_name=wl_event_loop_dispatch_idle
DEBUG C_PARSER: parsed function wl_event_loop_dispatch_idle with 1 params (varargs=0) at line 2467
w_name=wl_event_loop_add_idle
DEBUG C_PARSER: parsed function wl_event_loop_add_idle with 3 params (varargs=0) at line 2472
w_name=wl_event_loop_get_fd
DEBUG C_PARSER: parsed function wl_event_loop_get_fd with 1 params (varargs=0) at line 2475
w_name=wl_event_loop_add_destroy_listener
DEBUG C_PARSER: parsed function wl_event_loop_add_destroy_listener with 2 params (varargs=0) at line 2483
w_name=wl_event_loop_get_destroy_listener
DEBUG C_PARSER: parsed function wl_event_loop_get_destroy_listener with 2 params (varargs=0) at line 2487
w_name=wl_display_create
DEBUG C_PARSER: parsed function wl_display_create with 0 params (varargs=0) at line 2490
w_name=wl_display_destroy
DEBUG C_PARSER: parsed function wl_display_destroy with 1 params (varargs=0) at line 2493
w_name=wl_display_get_event_loop
DEBUG C_PARSER: parsed function wl_display_get_event_loop with 1 params (varargs=0) at line 2496
w_name=wl_display_add_socket
DEBUG C_PARSER: parsed function wl_display_add_socket with 2 params (varargs=0) at line 2499
w_name=wl_display_add_socket_auto
DEBUG C_PARSER: parsed function wl_display_add_socket_auto with 1 params (varargs=0) at line 2502
w_name=wl_display_add_socket_fd
DEBUG C_PARSER: parsed function wl_display_add_socket_fd with 2 params (varargs=0) at line 2505
w_name=wl_display_terminate
DEBUG C_PARSER: parsed function wl_display_terminate with 1 params (varargs=0) at line 2508
w_name=wl_display_run
DEBUG C_PARSER: parsed function wl_display_run with 1 params (varargs=0) at line 2511
w_name=wl_display_flush_clients
DEBUG C_PARSER: parsed function wl_display_flush_clients with 1 params (varargs=0) at line 2514
w_name=wl_display_destroy_clients
DEBUG C_PARSER: parsed function wl_display_destroy_clients with 1 params (varargs=0) at line 2517
w_name=wl_display_set_default_max_buffer_size
DEBUG C_PARSER: parsed function wl_display_set_default_max_buffer_size with 2 params (varargs=0) at line 2521
w_name=wl_display_get_serial
DEBUG C_PARSER: parsed function wl_display_get_serial with 1 params (varargs=0) at line 2529
w_name=wl_display_next_serial
DEBUG C_PARSER: parsed function wl_display_next_serial with 1 params (varargs=0) at line 2532
w_name=wl_display_add_destroy_listener
DEBUG C_PARSER: parsed function wl_display_add_destroy_listener with 2 params (varargs=0) at line 2536
w_name=wl_display_add_client_created_listener
DEBUG C_PARSER: parsed function wl_display_add_client_created_listener with 2 params (varargs=0) at line 2540
w_name=wl_display_get_destroy_listener
DEBUG C_PARSER: parsed function wl_display_get_destroy_listener with 2 params (varargs=0) at line 2544
w_name=wl_global_create
DEBUG C_PARSER: parsed function wl_global_create with 5 params (varargs=0) at line 2550
w_name=wl_global_remove
DEBUG C_PARSER: parsed function wl_global_remove with 1 params (varargs=0) at line 2553
w_name=wl_global_destroy
DEBUG C_PARSER: parsed function wl_global_destroy with 1 params (varargs=0) at line 2556
w_name=wl_display_set_global_filter
DEBUG C_PARSER: parsed function wl_display_set_global_filter with 3 params (varargs=0) at line 2565
w_name=wl_global_get_interface
DEBUG C_PARSER: parsed function wl_global_get_interface with 1 params (varargs=0) at line 2568
w_name=wl_global_get_name
DEBUG C_PARSER: parsed function wl_global_get_name with 2 params (varargs=0) at line 2572
w_name=wl_global_get_version
DEBUG C_PARSER: parsed function wl_global_get_version with 1 params (varargs=0) at line 2575
w_name=wl_global_get_display
DEBUG C_PARSER: parsed function wl_global_get_display with 1 params (varargs=0) at line 2578
w_name=wl_global_get_user_data
DEBUG C_PARSER: parsed function wl_global_get_user_data with 1 params (varargs=0) at line 2581
w_name=wl_global_set_user_data
DEBUG C_PARSER: parsed function wl_global_set_user_data with 2 params (varargs=0) at line 2584
w_name=wl_client_create
DEBUG C_PARSER: parsed function wl_client_create with 2 params (varargs=0) at line 2587
w_name=wl_display_get_client_list
DEBUG C_PARSER: parsed function wl_display_get_client_list with 1 params (varargs=0) at line 2590
w_name=wl_client_get_link
DEBUG C_PARSER: parsed function wl_client_get_link with 1 params (varargs=0) at line 2593
w_name=wl_client_from_link
DEBUG C_PARSER: parsed function wl_client_from_link with 1 params (varargs=0) at line 2596
w_name=wl_client_destroy
DEBUG C_PARSER: parsed function wl_client_destroy with 1 params (varargs=0) at line 2605
w_name=wl_client_flush
DEBUG C_PARSER: parsed function wl_client_flush with 1 params (varargs=0) at line 2608
w_name=wl_client_get_credentials
DEBUG C_PARSER: parsed function wl_client_get_credentials with 4 params (varargs=0) at line 2612
w_name=wl_client_get_fd
DEBUG C_PARSER: parsed function wl_client_get_fd with 1 params (varargs=0) at line 2615
w_name=wl_client_add_destroy_listener
DEBUG C_PARSER: parsed function wl_client_add_destroy_listener with 2 params (varargs=0) at line 2619
w_name=wl_client_get_destroy_listener
DEBUG C_PARSER: parsed function wl_client_get_destroy_listener with 2 params (varargs=0) at line 2623
w_name=wl_client_add_destroy_late_listener
DEBUG C_PARSER: parsed function wl_client_add_destroy_late_listener with 2 params (varargs=0) at line 2627
w_name=wl_client_get_destroy_late_listener
DEBUG C_PARSER: parsed function wl_client_get_destroy_late_listener with 2 params (varargs=0) at line 2631
w_name=wl_client_get_object
DEBUG C_PARSER: parsed function wl_client_get_object with 2 params (varargs=0) at line 2634
w_name=wl_client_post_no_memory
DEBUG C_PARSER: parsed function wl_client_post_no_memory with 1 params (varargs=0) at line 2637
w_name=wl_client_post_implementation_error
DEBUG C_PARSER: parsed function wl_client_post_implementation_error with 2 params (varargs=1) at line 2641
w_name=wl_client_add_resource_created_listener
DEBUG C_PARSER: parsed function wl_client_add_resource_created_listener with 2 params (varargs=0) at line 2645
w_name=wl_client_for_each_resource
DEBUG C_PARSER: parsed function wl_client_for_each_resource with 3 params (varargs=0) at line 2655
w_name=wl_client_set_user_data
DEBUG C_PARSER: parsed function wl_client_set_user_data with 3 params (varargs=0) at line 2662
w_name=wl_client_get_user_data
DEBUG C_PARSER: parsed function wl_client_get_user_data with 1 params (varargs=0) at line 2665
w_name=wl_client_set_max_buffer_size
DEBUG C_PARSER: parsed function wl_client_set_max_buffer_size with 2 params (varargs=0) at line 2668
w_name=wl_signal_init
DEBUG C_PARSER: parsed function wl_signal_init with 1 params (varargs=0) at line 2690
w_name=wl_signal_add
DEBUG C_PARSER: parsed function wl_signal_add with 2 params (varargs=0) at line 2696
w_name=wl_signal_get
DEBUG C_PARSER: parsed function wl_signal_get with 2 params (varargs=0) at line 2702
w_name=wl_signal_emit
DEBUG C_PARSER: parsed function wl_signal_emit with 2 params (varargs=0) at line 2714
w_name=wl_signal_emit_mutable
DEBUG C_PARSER: parsed function wl_signal_emit_mutable with 2 params (varargs=0) at line 2722
w_name=wl_resource_post_event
DEBUG C_PARSER: parsed function wl_resource_post_event with 2 params (varargs=1) at line 2728
w_name=wl_resource_post_event_array
DEBUG C_PARSER: parsed function wl_resource_post_event_array with 3 params (varargs=0) at line 2732
w_name=wl_resource_queue_event
DEBUG C_PARSER: parsed function wl_resource_queue_event with 2 params (varargs=1) at line 2736
w_name=wl_resource_queue_event_array
DEBUG C_PARSER: parsed function wl_resource_queue_event_array with 3 params (varargs=0) at line 2740
w_name=wl_resource_post_error_vargs
DEBUG C_PARSER: parsed function wl_resource_post_error_vargs with 4 params (varargs=0) at line 2744
w_name=wl_resource_post_error
DEBUG C_PARSER: parsed function wl_resource_post_error with 3 params (varargs=1) at line 2748
w_name=wl_resource_post_no_memory
DEBUG C_PARSER: parsed function wl_resource_post_no_memory with 1 params (varargs=0) at line 2751
w_name=wl_client_get_display
DEBUG C_PARSER: parsed function wl_client_get_display with 1 params (varargs=0) at line 2754
w_name=wl_resource_create
DEBUG C_PARSER: parsed function wl_resource_create with 4 params (varargs=0) at line 2759
w_name=wl_resource_set_implementation
DEBUG C_PARSER: parsed function wl_resource_set_implementation with 4 params (varargs=0) at line 2765
w_name=wl_resource_set_dispatcher
DEBUG C_PARSER: parsed function wl_resource_set_dispatcher with 5 params (varargs=0) at line 2772
w_name=wl_resource_destroy
DEBUG C_PARSER: parsed function wl_resource_destroy with 1 params (varargs=0) at line 2775
w_name=wl_resource_get_id
DEBUG C_PARSER: parsed function wl_resource_get_id with 1 params (varargs=0) at line 2778
w_name=wl_resource_get_link
DEBUG C_PARSER: parsed function wl_resource_get_link with 1 params (varargs=0) at line 2781
w_name=wl_resource_from_link
DEBUG C_PARSER: parsed function wl_resource_from_link with 1 params (varargs=0) at line 2784
w_name=wl_resource_find_for_client
DEBUG C_PARSER: parsed function wl_resource_find_for_client with 2 params (varargs=0) at line 2787
w_name=wl_resource_get_client
DEBUG C_PARSER: parsed function wl_resource_get_client with 1 params (varargs=0) at line 2790
w_name=wl_resource_set_user_data
DEBUG C_PARSER: parsed function wl_resource_set_user_data with 2 params (varargs=0) at line 2793
w_name=wl_resource_get_user_data
DEBUG C_PARSER: parsed function wl_resource_get_user_data with 1 params (varargs=0) at line 2796
w_name=wl_resource_get_version
DEBUG C_PARSER: parsed function wl_resource_get_version with 1 params (varargs=0) at line 2799
w_name=wl_resource_set_destructor
DEBUG C_PARSER: parsed function wl_resource_set_destructor with 2 params (varargs=0) at line 2803
w_name=wl_resource_instance_of
DEBUG C_PARSER: parsed function wl_resource_instance_of with 3 params (varargs=0) at line 2808
w_name=wl_resource_get_class
DEBUG C_PARSER: parsed function wl_resource_get_class with 1 params (varargs=0) at line 2811
w_name=wl_resource_get_interface
DEBUG C_PARSER: parsed function wl_resource_get_interface with 1 params (varargs=0) at line 2814
w_name=wl_resource_add_destroy_listener
DEBUG C_PARSER: parsed function wl_resource_add_destroy_listener with 2 params (varargs=0) at line 2818
w_name=wl_resource_get_destroy_listener
DEBUG C_PARSER: parsed function wl_resource_get_destroy_listener with 2 params (varargs=0) at line 2822
w_name=wl_shm_buffer_get
DEBUG C_PARSER: parsed function wl_shm_buffer_get with 1 params (varargs=0) at line 2825
w_name=wl_shm_buffer_begin_access
DEBUG C_PARSER: parsed function wl_shm_buffer_begin_access with 1 params (varargs=0) at line 2828
w_name=wl_shm_buffer_end_access
DEBUG C_PARSER: parsed function wl_shm_buffer_end_access with 1 params (varargs=0) at line 2831
w_name=wl_shm_buffer_get_data
DEBUG C_PARSER: parsed function wl_shm_buffer_get_data with 1 params (varargs=0) at line 2834
w_name=wl_shm_buffer_get_stride
DEBUG C_PARSER: parsed function wl_shm_buffer_get_stride with 1 params (varargs=0) at line 2837
w_name=wl_shm_buffer_get_format
DEBUG C_PARSER: parsed function wl_shm_buffer_get_format with 1 params (varargs=0) at line 2840
w_name=wl_shm_buffer_get_width
DEBUG C_PARSER: parsed function wl_shm_buffer_get_width with 1 params (varargs=0) at line 2843
w_name=wl_shm_buffer_get_height
DEBUG C_PARSER: parsed function wl_shm_buffer_get_height with 1 params (varargs=0) at line 2846
w_name=wl_shm_buffer_ref
DEBUG C_PARSER: parsed function wl_shm_buffer_ref with 1 params (varargs=0) at line 2849
w_name=wl_shm_buffer_unref
DEBUG C_PARSER: parsed function wl_shm_buffer_unref with 1 params (varargs=0) at line 2852
w_name=wl_shm_buffer_ref_pool
DEBUG C_PARSER: parsed function wl_shm_buffer_ref_pool with 1 params (varargs=0) at line 2855
w_name=wl_shm_pool_unref
DEBUG C_PARSER: parsed function wl_shm_pool_unref with 1 params (varargs=0) at line 2858
w_name=wl_display_init_shm
DEBUG C_PARSER: parsed function wl_display_init_shm with 1 params (varargs=0) at line 2861
w_name=wl_display_add_shm_format
DEBUG C_PARSER: parsed function wl_display_add_shm_format with 2 params (varargs=0) at line 2864
w_name=wl_log_set_handler_server
DEBUG C_PARSER: parsed function wl_log_set_handler_server with 1 params (varargs=0) at line 2873
w_name=wl_display_add_protocol_logger
DEBUG C_PARSER: parsed function wl_display_add_protocol_logger with 3 params (varargs=0) at line 2895
w_name=wl_protocol_logger_destroy
DEBUG C_PARSER: parsed function wl_protocol_logger_destroy with 1 params (varargs=0) at line 2898
w_name=__bswap_16
DEBUG C_PARSER: parsed function __bswap_16 with 1 params (varargs=0) at line 395
w_name=__bswap_32
DEBUG C_PARSER: parsed function __bswap_32 with 1 params (varargs=0) at line 410
w_name=__bswap_64
DEBUG C_PARSER: parsed function __bswap_64 with 1 params (varargs=0) at line 420
w_name=__uint16_identity
DEBUG C_PARSER: parsed function __uint16_identity with 1 params (varargs=0) at line 432
w_name=__uint32_identity
DEBUG C_PARSER: parsed function __uint32_identity with 1 params (varargs=0) at line 438
w_name=__uint64_identity
DEBUG C_PARSER: parsed function __uint64_identity with 1 params (varargs=0) at line 444
w_name=select
DEBUG C_PARSER: parsed function select with 5 params (varargs=0) at line 550
w_name=pselect
DEBUG C_PARSER: parsed function pselect with 6 params (varargs=0) at line 556
w_name=__fpclassify
DEBUG C_PARSER: parsed function __fpclassify with 1 params (varargs=0) at line 862
w_name=__signbit
DEBUG C_PARSER: parsed function __signbit with 1 params (varargs=0) at line 866
w_name=__isinf
DEBUG C_PARSER: parsed function __isinf with 1 params (varargs=0) at line 871
w_name=__finite
DEBUG C_PARSER: parsed function __finite with 1 params (varargs=0) at line 875
w_name=__isnan
DEBUG C_PARSER: parsed function __isnan with 1 params (varargs=0) at line 879
w_name=__iseqsig
DEBUG C_PARSER: parsed function __iseqsig with 2 params (varargs=0) at line 883
w_name=__issignaling
DEBUG C_PARSER: parsed function __issignaling with 1 params (varargs=0) at line 886
w_name=acos
DEBUG C_PARSER: parsed function acos with 1 params (varargs=0) at line 891
w_name=__acos
DEBUG C_PARSER: parsed function __acos with 1 params (varargs=0) at line 891
w_name=asin
DEBUG C_PARSER: parsed function asin with 1 params (varargs=0) at line 893
w_name=__asin
DEBUG C_PARSER: parsed function __asin with 1 params (varargs=0) at line 893
w_name=atan
DEBUG C_PARSER: parsed function atan with 1 params (varargs=0) at line 895
w_name=__atan
DEBUG C_PARSER: parsed function __atan with 1 params (varargs=0) at line 895
w_name=atan2
DEBUG C_PARSER: parsed function atan2 with 2 params (varargs=0) at line 897
w_name=__atan2
DEBUG C_PARSER: parsed function __atan2 with 2 params (varargs=0) at line 897
w_name=cos
DEBUG C_PARSER: parsed function cos with 1 params (varargs=0) at line 900
w_name=__cos
DEBUG C_PARSER: parsed function __cos with 1 params (varargs=0) at line 900
w_name=sin
DEBUG C_PARSER: parsed function sin with 1 params (varargs=0) at line 902
w_name=__sin
DEBUG C_PARSER: parsed function __sin with 1 params (varargs=0) at line 902
w_name=tan
DEBUG C_PARSER: parsed function tan with 1 params (varargs=0) at line 904
w_name=__tan
DEBUG C_PARSER: parsed function __tan with 1 params (varargs=0) at line 904
w_name=acospi
DEBUG C_PARSER: parsed function acospi with 1 params (varargs=0) at line 908
w_name=__acospi
DEBUG C_PARSER: parsed function __acospi with 1 params (varargs=0) at line 908
w_name=acospi
DEBUG C_PARSER: parsed function acospi with 1 params (varargs=0) at line 909
w_name=__acospi
DEBUG C_PARSER: parsed function __acospi with 1 params (varargs=0) at line 909
w_name=asinpi
DEBUG C_PARSER: parsed function asinpi with 1 params (varargs=0) at line 911
w_name=__asinpi
DEBUG C_PARSER: parsed function __asinpi with 1 params (varargs=0) at line 911
w_name=asinpi
DEBUG C_PARSER: parsed function asinpi with 1 params (varargs=0) at line 912
w_name=__asinpi
DEBUG C_PARSER: parsed function __asinpi with 1 params (varargs=0) at line 912
w_name=atanpi
DEBUG C_PARSER: parsed function atanpi with 1 params (varargs=0) at line 914
w_name=__atanpi
DEBUG C_PARSER: parsed function __atanpi with 1 params (varargs=0) at line 914
w_name=atanpi
DEBUG C_PARSER: parsed function atanpi with 1 params (varargs=0) at line 915
w_name=__atanpi
DEBUG C_PARSER: parsed function __atanpi with 1 params (varargs=0) at line 915
w_name=atan2pi
DEBUG C_PARSER: parsed function atan2pi with 2 params (varargs=0) at line 917
w_name=__atan2pi
DEBUG C_PARSER: parsed function __atan2pi with 2 params (varargs=0) at line 917
w_name=atan2pi
DEBUG C_PARSER: parsed function atan2pi with 2 params (varargs=0) at line 918
w_name=__atan2pi
DEBUG C_PARSER: parsed function __atan2pi with 2 params (varargs=0) at line 918
w_name=cospi
DEBUG C_PARSER: parsed function cospi with 1 params (varargs=0) at line 921
w_name=__cospi
DEBUG C_PARSER: parsed function __cospi with 1 params (varargs=0) at line 921
w_name=sinpi
DEBUG C_PARSER: parsed function sinpi with 1 params (varargs=0) at line 923
w_name=__sinpi
DEBUG C_PARSER: parsed function __sinpi with 1 params (varargs=0) at line 923
w_name=tanpi
DEBUG C_PARSER: parsed function tanpi with 1 params (varargs=0) at line 925
w_name=__tanpi
DEBUG C_PARSER: parsed function __tanpi with 1 params (varargs=0) at line 925
w_name=cosh
DEBUG C_PARSER: parsed function cosh with 1 params (varargs=0) at line 931
w_name=__cosh
DEBUG C_PARSER: parsed function __cosh with 1 params (varargs=0) at line 931
w_name=sinh
DEBUG C_PARSER: parsed function sinh with 1 params (varargs=0) at line 933
w_name=__sinh
DEBUG C_PARSER: parsed function __sinh with 1 params (varargs=0) at line 933
w_name=tanh
DEBUG C_PARSER: parsed function tanh with 1 params (varargs=0) at line 935
w_name=__tanh
DEBUG C_PARSER: parsed function __tanh with 1 params (varargs=0) at line 935
w_name=acosh
DEBUG C_PARSER: parsed function acosh with 1 params (varargs=0) at line 937
w_name=__acosh
DEBUG C_PARSER: parsed function __acosh with 1 params (varargs=0) at line 937
w_name=asinh
DEBUG C_PARSER: parsed function asinh with 1 params (varargs=0) at line 939
w_name=__asinh
DEBUG C_PARSER: parsed function __asinh with 1 params (varargs=0) at line 939
w_name=atanh
DEBUG C_PARSER: parsed function atanh with 1 params (varargs=0) at line 941
w_name=__atanh
DEBUG C_PARSER: parsed function __atanh with 1 params (varargs=0) at line 941
w_name=exp
DEBUG C_PARSER: parsed function exp with 1 params (varargs=0) at line 947
w_name=__exp
DEBUG C_PARSER: parsed function __exp with 1 params (varargs=0) at line 947
w_name=frexp
DEBUG C_PARSER: parsed function frexp with 2 params (varargs=0) at line 950
w_name=__frexp
DEBUG C_PARSER: parsed function __frexp with 2 params (varargs=0) at line 950
w_name=ldexp
DEBUG C_PARSER: parsed function ldexp with 2 params (varargs=0) at line 953
w_name=__ldexp
DEBUG C_PARSER: parsed function __ldexp with 2 params (varargs=0) at line 953
w_name=log
DEBUG C_PARSER: parsed function log with 1 params (varargs=0) at line 956
w_name=__log
DEBUG C_PARSER: parsed function __log with 1 params (varargs=0) at line 956
w_name=log10
DEBUG C_PARSER: parsed function log10 with 1 params (varargs=0) at line 959
w_name=__log10
DEBUG C_PARSER: parsed function __log10 with 1 params (varargs=0) at line 959
w_name=modf
DEBUG C_PARSER: parsed function modf with 2 params (varargs=0) at line 962
w_name=__modf
DEBUG C_PARSER: parsed function __modf with 2 params (varargs=0) at line 962
w_name=exp10
DEBUG C_PARSER: parsed function exp10 with 1 params (varargs=0) at line 966
w_name=__exp10
DEBUG C_PARSER: parsed function __exp10 with 1 params (varargs=0) at line 966
w_name=exp2m1
DEBUG C_PARSER: parsed function exp2m1 with 1 params (varargs=0) at line 969
w_name=__exp2m1
DEBUG C_PARSER: parsed function __exp2m1 with 1 params (varargs=0) at line 969
w_name=exp10m1
DEBUG C_PARSER: parsed function exp10m1 with 1 params (varargs=0) at line 972
w_name=__exp10m1
DEBUG C_PARSER: parsed function __exp10m1 with 1 params (varargs=0) at line 972
w_name=log2p1
DEBUG C_PARSER: parsed function log2p1 with 1 params (varargs=0) at line 975
w_name=__log2p1
DEBUG C_PARSER: parsed function __log2p1 with 1 params (varargs=0) at line 975
w_name=log10p1
DEBUG C_PARSER: parsed function log10p1 with 1 params (varargs=0) at line 978
w_name=__log10p1
DEBUG C_PARSER: parsed function __log10p1 with 1 params (varargs=0) at line 978
w_name=logp1
DEBUG C_PARSER: parsed function logp1 with 1 params (varargs=0) at line 981
w_name=__logp1
DEBUG C_PARSER: parsed function __logp1 with 1 params (varargs=0) at line 981
w_name=expm1
DEBUG C_PARSER: parsed function expm1 with 1 params (varargs=0) at line 986
w_name=__expm1
DEBUG C_PARSER: parsed function __expm1 with 1 params (varargs=0) at line 986
w_name=log1p
DEBUG C_PARSER: parsed function log1p with 1 params (varargs=0) at line 989
w_name=__log1p
DEBUG C_PARSER: parsed function __log1p with 1 params (varargs=0) at line 989
w_name=logb
DEBUG C_PARSER: parsed function logb with 1 params (varargs=0) at line 992
w_name=__logb
DEBUG C_PARSER: parsed function __logb with 1 params (varargs=0) at line 992
w_name=exp2
DEBUG C_PARSER: parsed function exp2 with 1 params (varargs=0) at line 997
w_name=__exp2
DEBUG C_PARSER: parsed function __exp2 with 1 params (varargs=0) at line 997
w_name=log2
DEBUG C_PARSER: parsed function log2 with 1 params (varargs=0) at line 1000
w_name=__log2
DEBUG C_PARSER: parsed function __log2 with 1 params (varargs=0) at line 1000
w_name=pow
DEBUG C_PARSER: parsed function pow with 2 params (varargs=0) at line 1007
w_name=__pow
DEBUG C_PARSER: parsed function __pow with 2 params (varargs=0) at line 1007
w_name=sqrt
DEBUG C_PARSER: parsed function sqrt with 1 params (varargs=0) at line 1010
w_name=__sqrt
DEBUG C_PARSER: parsed function __sqrt with 1 params (varargs=0) at line 1010
w_name=hypot
DEBUG C_PARSER: parsed function hypot with 2 params (varargs=0) at line 1014
w_name=__hypot
DEBUG C_PARSER: parsed function __hypot with 2 params (varargs=0) at line 1014
w_name=cbrt
DEBUG C_PARSER: parsed function cbrt with 1 params (varargs=0) at line 1019
w_name=__cbrt
DEBUG C_PARSER: parsed function __cbrt with 1 params (varargs=0) at line 1019
w_name=compoundn
DEBUG C_PARSER: parsed function compoundn with 2 params (varargs=0) at line 1024
w_name=__compoundn
DEBUG C_PARSER: parsed function __compoundn with 2 params (varargs=0) at line 1024
w_name=pown
DEBUG C_PARSER: parsed function pown with 2 params (varargs=0) at line 1027
w_name=__pown
DEBUG C_PARSER: parsed function __pown with 2 params (varargs=0) at line 1027
w_name=powr
DEBUG C_PARSER: parsed function powr with 2 params (varargs=0) at line 1030
w_name=__powr
DEBUG C_PARSER: parsed function __powr with 2 params (varargs=0) at line 1030
w_name=powr
DEBUG C_PARSER: parsed function powr with 2 params (varargs=0) at line 1031
w_name=__powr
DEBUG C_PARSER: parsed function __powr with 2 params (varargs=0) at line 1031
w_name=rootn
DEBUG C_PARSER: parsed function rootn with 2 params (varargs=0) at line 1034
w_name=__rootn
DEBUG C_PARSER: parsed function __rootn with 2 params (varargs=0) at line 1034
w_name=rsqrt
DEBUG C_PARSER: parsed function rsqrt with 1 params (varargs=0) at line 1037
w_name=__rsqrt
DEBUG C_PARSER: parsed function __rsqrt with 1 params (varargs=0) at line 1037
w_name=ceil
DEBUG C_PARSER: parsed function ceil with 1 params (varargs=0) at line 1044
w_name=fabs
DEBUG C_PARSER: parsed function fabs with 1 params (varargs=0) at line 1047
w_name=floor
DEBUG C_PARSER: parsed function floor with 1 params (varargs=0) at line 1050
w_name=fmod
DEBUG C_PARSER: parsed function fmod with 2 params (varargs=0) at line 1053
w_name=__fmod
DEBUG C_PARSER: parsed function __fmod with 2 params (varargs=0) at line 1053
w_name=isinf
DEBUG C_PARSER: parsed function isinf with 1 params (varargs=0) at line 1055
w_name=finite
DEBUG C_PARSER: parsed function finite with 1 params (varargs=0) at line 1061
w_name=drem
DEBUG C_PARSER: parsed function drem with 2 params (varargs=0) at line 1065
w_name=__drem
DEBUG C_PARSER: parsed function __drem with 2 params (varargs=0) at line 1065
w_name=significand
DEBUG C_PARSER: parsed function significand with 1 params (varargs=0) at line 1069
w_name=__significand
DEBUG C_PARSER: parsed function __significand with 1 params (varargs=0) at line 1069
w_name=copysign
DEBUG C_PARSER: parsed function copysign with 2 params (varargs=0) at line 1076
w_name=nan
DEBUG C_PARSER: parsed function nan with 1 params (varargs=0) at line 1081
w_name=__nan
DEBUG C_PARSER: parsed function __nan with 1 params (varargs=0) at line 1081
w_name=isnan
DEBUG C_PARSER: parsed function isnan with 1 params (varargs=0) at line 1083
w_name=j0
DEBUG C_PARSER: parsed function j0 with 1 params (varargs=0) at line 1090
w_name=__j0
DEBUG C_PARSER: parsed function __j0 with 1 params (varargs=0) at line 1090
w_name=j1
DEBUG C_PARSER: parsed function j1 with 1 params (varargs=0) at line 1091
w_name=__j1
DEBUG C_PARSER: parsed function __j1 with 1 params (varargs=0) at line 1091
w_name=jn
DEBUG C_PARSER: parsed function jn with 2 params (varargs=0) at line 1092
w_name=__jn
DEBUG C_PARSER: parsed function __jn with 2 params (varargs=0) at line 1092
w_name=y0
DEBUG C_PARSER: parsed function y0 with 1 params (varargs=0) at line 1093
w_name=__y0
DEBUG C_PARSER: parsed function __y0 with 1 params (varargs=0) at line 1093
w_name=y1
DEBUG C_PARSER: parsed function y1 with 1 params (varargs=0) at line 1094
w_name=__y1
DEBUG C_PARSER: parsed function __y1 with 1 params (varargs=0) at line 1094
w_name=yn
DEBUG C_PARSER: parsed function yn with 2 params (varargs=0) at line 1095
w_name=__yn
DEBUG C_PARSER: parsed function __yn with 2 params (varargs=0) at line 1095
w_name=erf
DEBUG C_PARSER: parsed function erf with 1 params (varargs=0) at line 1101
w_name=__erf
DEBUG C_PARSER: parsed function __erf with 1 params (varargs=0) at line 1101
w_name=erfc
DEBUG C_PARSER: parsed function erfc with 1 params (varargs=0) at line 1102
w_name=__erfc
DEBUG C_PARSER: parsed function __erfc with 1 params (varargs=0) at line 1102
w_name=lgamma
DEBUG C_PARSER: parsed function lgamma with 1 params (varargs=0) at line 1103
w_name=__lgamma
DEBUG C_PARSER: parsed function __lgamma with 1 params (varargs=0) at line 1103
w_name=tgamma
DEBUG C_PARSER: parsed function tgamma with 1 params (varargs=0) at line 1108
w_name=__tgamma
DEBUG C_PARSER: parsed function __tgamma with 1 params (varargs=0) at line 1108
w_name=gamma
DEBUG C_PARSER: parsed function gamma with 1 params (varargs=0) at line 1114
w_name=__gamma
DEBUG C_PARSER: parsed function __gamma with 1 params (varargs=0) at line 1114
w_name=lgamma_r
DEBUG C_PARSER: parsed function lgamma_r with 2 params (varargs=0) at line 1122
w_name=__lgamma_r
DEBUG C_PARSER: parsed function __lgamma_r with 2 params (varargs=0) at line 1122
w_name=rint
DEBUG C_PARSER: parsed function rint with 1 params (varargs=0) at line 1129
w_name=__rint
DEBUG C_PARSER: parsed function __rint with 1 params (varargs=0) at line 1129
w_name=nextafter
DEBUG C_PARSER: parsed function nextafter with 2 params (varargs=0) at line 1132
w_name=__nextafter
DEBUG C_PARSER: parsed function __nextafter with 2 params (varargs=0) at line 1132
w_name=nexttoward
DEBUG C_PARSER: parsed function nexttoward with 2 params (varargs=0) at line 1134
w_name=__nexttoward
DEBUG C_PARSER: parsed function __nexttoward with 2 params (varargs=0) at line 1134
w_name=nextdown
DEBUG C_PARSER: parsed function nextdown with 1 params (varargs=0) at line 1139
w_name=__nextdown
DEBUG C_PARSER: parsed function __nextdown with 1 params (varargs=0) at line 1139
w_name=nextup
DEBUG C_PARSER: parsed function nextup with 1 params (varargs=0) at line 1141
w_name=__nextup
DEBUG C_PARSER: parsed function __nextup with 1 params (varargs=0) at line 1141
w_name=remainder
DEBUG C_PARSER: parsed function remainder with 2 params (varargs=0) at line 1145
w_name=__remainder
DEBUG C_PARSER: parsed function __remainder with 2 params (varargs=0) at line 1145
w_name=scalbn
DEBUG C_PARSER: parsed function scalbn with 2 params (varargs=0) at line 1149
w_name=__scalbn
DEBUG C_PARSER: parsed function __scalbn with 2 params (varargs=0) at line 1149
w_name=ilogb
DEBUG C_PARSER: parsed function ilogb with 1 params (varargs=0) at line 1153
w_name=__ilogb
DEBUG C_PARSER: parsed function __ilogb with 1 params (varargs=0) at line 1153
w_name=llogb
DEBUG C_PARSER: parsed function llogb with 1 params (varargs=0) at line 1158
w_name=__llogb
DEBUG C_PARSER: parsed function __llogb with 1 params (varargs=0) at line 1158
w_name=scalbln
DEBUG C_PARSER: parsed function scalbln with 2 params (varargs=0) at line 1163
w_name=__scalbln
DEBUG C_PARSER: parsed function __scalbln with 2 params (varargs=0) at line 1163
w_name=nearbyint
DEBUG C_PARSER: parsed function nearbyint with 1 params (varargs=0) at line 1167
w_name=__nearbyint
DEBUG C_PARSER: parsed function __nearbyint with 1 params (varargs=0) at line 1167
w_name=round
DEBUG C_PARSER: parsed function round with 1 params (varargs=0) at line 1171
w_name=trunc
DEBUG C_PARSER: parsed function trunc with 1 params (varargs=0) at line 1175
w_name=remquo
DEBUG C_PARSER: parsed function remquo with 3 params (varargs=0) at line 1180
w_name=__remquo
DEBUG C_PARSER: parsed function __remquo with 3 params (varargs=0) at line 1180
w_name=lrint
DEBUG C_PARSER: parsed function lrint with 1 params (varargs=0) at line 1187
w_name=__lrint
DEBUG C_PARSER: parsed function __lrint with 1 params (varargs=0) at line 1187
w_name=llrint
DEBUG C_PARSER: parsed function llrint with 1 params (varargs=0) at line 1189
w_name=__llrint
DEBUG C_PARSER: parsed function __llrint with 1 params (varargs=0) at line 1189
w_name=lround
DEBUG C_PARSER: parsed function lround with 1 params (varargs=0) at line 1193
w_name=__lround
DEBUG C_PARSER: parsed function __lround with 1 params (varargs=0) at line 1193
w_name=llround
DEBUG C_PARSER: parsed function llround with 1 params (varargs=0) at line 1195
w_name=__llround
DEBUG C_PARSER: parsed function __llround with 1 params (varargs=0) at line 1195
w_name=fdim
DEBUG C_PARSER: parsed function fdim with 2 params (varargs=0) at line 1199
w_name=__fdim
DEBUG C_PARSER: parsed function __fdim with 2 params (varargs=0) at line 1199
w_name=fmax
DEBUG C_PARSER: parsed function fmax with 2 params (varargs=0) at line 1203
w_name=fmin
DEBUG C_PARSER: parsed function fmin with 2 params (varargs=0) at line 1206
w_name=fma
DEBUG C_PARSER: parsed function fma with 3 params (varargs=0) at line 1210
w_name=__fma
DEBUG C_PARSER: parsed function __fma with 3 params (varargs=0) at line 1210
w_name=roundeven
DEBUG C_PARSER: parsed function roundeven with 1 params (varargs=0) at line 1215
w_name=fromfp
DEBUG C_PARSER: parsed function fromfp with 3 params (varargs=0) at line 1219
w_name=__fromfp
DEBUG C_PARSER: parsed function __fromfp with 3 params (varargs=0) at line 1219
w_name=ufromfp
DEBUG C_PARSER: parsed function ufromfp with 3 params (varargs=0) at line 1223
w_name=__ufromfp
DEBUG C_PARSER: parsed function __ufromfp with 3 params (varargs=0) at line 1223
w_name=fromfpx
DEBUG C_PARSER: parsed function fromfpx with 3 params (varargs=0) at line 1228
w_name=__fromfpx
DEBUG C_PARSER: parsed function __fromfpx with 3 params (varargs=0) at line 1228
w_name=ufromfpx
DEBUG C_PARSER: parsed function ufromfpx with 3 params (varargs=0) at line 1233
w_name=__ufromfpx
DEBUG C_PARSER: parsed function __ufromfpx with 3 params (varargs=0) at line 1233
w_name=canonicalize
DEBUG C_PARSER: parsed function canonicalize with 2 params (varargs=0) at line 1236
w_name=fmaximum
DEBUG C_PARSER: parsed function fmaximum with 2 params (varargs=0) at line 1238
w_name=fminimum
DEBUG C_PARSER: parsed function fminimum with 2 params (varargs=0) at line 1241
w_name=fmaximum_num
DEBUG C_PARSER: parsed function fmaximum_num with 2 params (varargs=0) at line 1244
w_name=fminimum_num
DEBUG C_PARSER: parsed function fminimum_num with 2 params (varargs=0) at line 1247
w_name=fmaximum_mag
DEBUG C_PARSER: parsed function fmaximum_mag with 2 params (varargs=0) at line 1250
w_name=fminimum_mag
DEBUG C_PARSER: parsed function fminimum_mag with 2 params (varargs=0) at line 1253
w_name=fmaximum_mag_num
DEBUG C_PARSER: parsed function fmaximum_mag_num with 2 params (varargs=0) at line 1256
w_name=fminimum_mag_num
DEBUG C_PARSER: parsed function fminimum_mag_num with 2 params (varargs=0) at line 1259
w_name=scalb
DEBUG C_PARSER: parsed function scalb with 2 params (varargs=0) at line 1261
w_name=__scalb
DEBUG C_PARSER: parsed function __scalb with 2 params (varargs=0) at line 1261
w_name=__fpclassifyf
DEBUG C_PARSER: parsed function __fpclassifyf with 1 params (varargs=0) at line 1266
w_name=__signbitf
DEBUG C_PARSER: parsed function __signbitf with 1 params (varargs=0) at line 1270
w_name=__isinff
DEBUG C_PARSER: parsed function __isinff with 1 params (varargs=0) at line 1275
w_name=__finitef
DEBUG C_PARSER: parsed function __finitef with 1 params (varargs=0) at line 1279
w_name=__isnanf
DEBUG C_PARSER: parsed function __isnanf with 1 params (varargs=0) at line 1283
w_name=__iseqsigf
DEBUG C_PARSER: parsed function __iseqsigf with 2 params (varargs=0) at line 1287
w_name=__issignalingf
DEBUG C_PARSER: parsed function __issignalingf with 1 params (varargs=0) at line 1290
w_name=acosf
DEBUG C_PARSER: parsed function acosf with 1 params (varargs=0) at line 1295
w_name=__acosf
DEBUG C_PARSER: parsed function __acosf with 1 params (varargs=0) at line 1295
w_name=asinf
DEBUG C_PARSER: parsed function asinf with 1 params (varargs=0) at line 1297
w_name=__asinf
DEBUG C_PARSER: parsed function __asinf with 1 params (varargs=0) at line 1297
w_name=atanf
DEBUG C_PARSER: parsed function atanf with 1 params (varargs=0) at line 1299
w_name=__atanf
DEBUG C_PARSER: parsed function __atanf with 1 params (varargs=0) at line 1299
w_name=atan2f
DEBUG C_PARSER: parsed function atan2f with 2 params (varargs=0) at line 1301
w_name=__atan2f
DEBUG C_PARSER: parsed function __atan2f with 2 params (varargs=0) at line 1301
w_name=cosf
DEBUG C_PARSER: parsed function cosf with 1 params (varargs=0) at line 1304
w_name=__cosf
DEBUG C_PARSER: parsed function __cosf with 1 params (varargs=0) at line 1304
w_name=sinf
DEBUG C_PARSER: parsed function sinf with 1 params (varargs=0) at line 1306
w_name=__sinf
DEBUG C_PARSER: parsed function __sinf with 1 params (varargs=0) at line 1306
w_name=tanf
DEBUG C_PARSER: parsed function tanf with 1 params (varargs=0) at line 1308
w_name=__tanf
DEBUG C_PARSER: parsed function __tanf with 1 params (varargs=0) at line 1308
w_name=acospif
DEBUG C_PARSER: parsed function acospif with 1 params (varargs=0) at line 1312
w_name=__acospif
DEBUG C_PARSER: parsed function __acospif with 1 params (varargs=0) at line 1312
w_name=acospif
DEBUG C_PARSER: parsed function acospif with 1 params (varargs=0) at line 1313
w_name=__acospif
DEBUG C_PARSER: parsed function __acospif with 1 params (varargs=0) at line 1313
w_name=asinpif
DEBUG C_PARSER: parsed function asinpif with 1 params (varargs=0) at line 1315
w_name=__asinpif
DEBUG C_PARSER: parsed function __asinpif with 1 params (varargs=0) at line 1315
w_name=asinpif
DEBUG C_PARSER: parsed function asinpif with 1 params (varargs=0) at line 1316
w_name=__asinpif
DEBUG C_PARSER: parsed function __asinpif with 1 params (varargs=0) at line 1316
w_name=atanpif
DEBUG C_PARSER: parsed function atanpif with 1 params (varargs=0) at line 1318
w_name=__atanpif
DEBUG C_PARSER: parsed function __atanpif with 1 params (varargs=0) at line 1318
w_name=atanpif
DEBUG C_PARSER: parsed function atanpif with 1 params (varargs=0) at line 1319
w_name=__atanpif
DEBUG C_PARSER: parsed function __atanpif with 1 params (varargs=0) at line 1319
w_name=atan2pif
DEBUG C_PARSER: parsed function atan2pif with 2 params (varargs=0) at line 1321
w_name=__atan2pif
DEBUG C_PARSER: parsed function __atan2pif with 2 params (varargs=0) at line 1321
w_name=atan2pif
DEBUG C_PARSER: parsed function atan2pif with 2 params (varargs=0) at line 1322
w_name=__atan2pif
DEBUG C_PARSER: parsed function __atan2pif with 2 params (varargs=0) at line 1322
w_name=cospif
DEBUG C_PARSER: parsed function cospif with 1 params (varargs=0) at line 1325
w_name=__cospif
DEBUG C_PARSER: parsed function __cospif with 1 params (varargs=0) at line 1325
w_name=sinpif
DEBUG C_PARSER: parsed function sinpif with 1 params (varargs=0) at line 1327
w_name=__sinpif
DEBUG C_PARSER: parsed function __sinpif with 1 params (varargs=0) at line 1327
w_name=tanpif
DEBUG C_PARSER: parsed function tanpif with 1 params (varargs=0) at line 1329
w_name=__tanpif
DEBUG C_PARSER: parsed function __tanpif with 1 params (varargs=0) at line 1329
w_name=coshf
DEBUG C_PARSER: parsed function coshf with 1 params (varargs=0) at line 1335
w_name=__coshf
DEBUG C_PARSER: parsed function __coshf with 1 params (varargs=0) at line 1335
w_name=sinhf
DEBUG C_PARSER: parsed function sinhf with 1 params (varargs=0) at line 1337
w_name=__sinhf
DEBUG C_PARSER: parsed function __sinhf with 1 params (varargs=0) at line 1337
w_name=tanhf
DEBUG C_PARSER: parsed function tanhf with 1 params (varargs=0) at line 1339
w_name=__tanhf
DEBUG C_PARSER: parsed function __tanhf with 1 params (varargs=0) at line 1339
w_name=acoshf
DEBUG C_PARSER: parsed function acoshf with 1 params (varargs=0) at line 1341
w_name=__acoshf
DEBUG C_PARSER: parsed function __acoshf with 1 params (varargs=0) at line 1341
w_name=asinhf
DEBUG C_PARSER: parsed function asinhf with 1 params (varargs=0) at line 1343
w_name=__asinhf
DEBUG C_PARSER: parsed function __asinhf with 1 params (varargs=0) at line 1343
w_name=atanhf
DEBUG C_PARSER: parsed function atanhf with 1 params (varargs=0) at line 1345
w_name=__atanhf
DEBUG C_PARSER: parsed function __atanhf with 1 params (varargs=0) at line 1345
w_name=expf
DEBUG C_PARSER: parsed function expf with 1 params (varargs=0) at line 1351
w_name=__expf
DEBUG C_PARSER: parsed function __expf with 1 params (varargs=0) at line 1351
w_name=frexpf
DEBUG C_PARSER: parsed function frexpf with 2 params (varargs=0) at line 1354
w_name=__frexpf
DEBUG C_PARSER: parsed function __frexpf with 2 params (varargs=0) at line 1354
w_name=ldexpf
DEBUG C_PARSER: parsed function ldexpf with 2 params (varargs=0) at line 1357
w_name=__ldexpf
DEBUG C_PARSER: parsed function __ldexpf with 2 params (varargs=0) at line 1357
w_name=logf
DEBUG C_PARSER: parsed function logf with 1 params (varargs=0) at line 1360
w_name=__logf
DEBUG C_PARSER: parsed function __logf with 1 params (varargs=0) at line 1360
w_name=log10f
DEBUG C_PARSER: parsed function log10f with 1 params (varargs=0) at line 1363
w_name=__log10f
DEBUG C_PARSER: parsed function __log10f with 1 params (varargs=0) at line 1363
w_name=modff
DEBUG C_PARSER: parsed function modff with 2 params (varargs=0) at line 1366
w_name=__modff
DEBUG C_PARSER: parsed function __modff with 2 params (varargs=0) at line 1366
w_name=exp10f
DEBUG C_PARSER: parsed function exp10f with 1 params (varargs=0) at line 1370
w_name=__exp10f
DEBUG C_PARSER: parsed function __exp10f with 1 params (varargs=0) at line 1370
w_name=exp2m1f
DEBUG C_PARSER: parsed function exp2m1f with 1 params (varargs=0) at line 1373
w_name=__exp2m1f
DEBUG C_PARSER: parsed function __exp2m1f with 1 params (varargs=0) at line 1373
w_name=exp10m1f
DEBUG C_PARSER: parsed function exp10m1f with 1 params (varargs=0) at line 1376
w_name=__exp10m1f
DEBUG C_PARSER: parsed function __exp10m1f with 1 params (varargs=0) at line 1376
w_name=log2p1f
DEBUG C_PARSER: parsed function log2p1f with 1 params (varargs=0) at line 1379
w_name=__log2p1f
DEBUG C_PARSER: parsed function __log2p1f with 1 params (varargs=0) at line 1379
w_name=log10p1f
DEBUG C_PARSER: parsed function log10p1f with 1 params (varargs=0) at line 1382
w_name=__log10p1f
DEBUG C_PARSER: parsed function __log10p1f with 1 params (varargs=0) at line 1382
w_name=logp1f
DEBUG C_PARSER: parsed function logp1f with 1 params (varargs=0) at line 1385
w_name=__logp1f
DEBUG C_PARSER: parsed function __logp1f with 1 params (varargs=0) at line 1385
w_name=expm1f
DEBUG C_PARSER: parsed function expm1f with 1 params (varargs=0) at line 1390
w_name=__expm1f
DEBUG C_PARSER: parsed function __expm1f with 1 params (varargs=0) at line 1390
w_name=log1pf
DEBUG C_PARSER: parsed function log1pf with 1 params (varargs=0) at line 1393
w_name=__log1pf
DEBUG C_PARSER: parsed function __log1pf with 1 params (varargs=0) at line 1393
w_name=logbf
DEBUG C_PARSER: parsed function logbf with 1 params (varargs=0) at line 1396
w_name=__logbf
DEBUG C_PARSER: parsed function __logbf with 1 params (varargs=0) at line 1396
w_name=exp2f
DEBUG C_PARSER: parsed function exp2f with 1 params (varargs=0) at line 1401
w_name=__exp2f
DEBUG C_PARSER: parsed function __exp2f with 1 params (varargs=0) at line 1401
w_name=log2f
DEBUG C_PARSER: parsed function log2f with 1 params (varargs=0) at line 1404
w_name=__log2f
DEBUG C_PARSER: parsed function __log2f with 1 params (varargs=0) at line 1404
w_name=powf
DEBUG C_PARSER: parsed function powf with 2 params (varargs=0) at line 1411
w_name=__powf
DEBUG C_PARSER: parsed function __powf with 2 params (varargs=0) at line 1411
w_name=sqrtf
DEBUG C_PARSER: parsed function sqrtf with 1 params (varargs=0) at line 1414
w_name=__sqrtf
DEBUG C_PARSER: parsed function __sqrtf with 1 params (varargs=0) at line 1414
w_name=hypotf
DEBUG C_PARSER: parsed function hypotf with 2 params (varargs=0) at line 1418
w_name=__hypotf
DEBUG C_PARSER: parsed function __hypotf with 2 params (varargs=0) at line 1418
w_name=cbrtf
DEBUG C_PARSER: parsed function cbrtf with 1 params (varargs=0) at line 1423
w_name=__cbrtf
DEBUG C_PARSER: parsed function __cbrtf with 1 params (varargs=0) at line 1423
w_name=compoundnf
DEBUG C_PARSER: parsed function compoundnf with 2 params (varargs=0) at line 1428
w_name=__compoundnf
DEBUG C_PARSER: parsed function __compoundnf with 2 params (varargs=0) at line 1428
w_name=pownf
DEBUG C_PARSER: parsed function pownf with 2 params (varargs=0) at line 1431
w_name=__pownf
DEBUG C_PARSER: parsed function __pownf with 2 params (varargs=0) at line 1431
w_name=powrf
DEBUG C_PARSER: parsed function powrf with 2 params (varargs=0) at line 1434
w_name=__powrf
DEBUG C_PARSER: parsed function __powrf with 2 params (varargs=0) at line 1434
w_name=powrf
DEBUG C_PARSER: parsed function powrf with 2 params (varargs=0) at line 1435
w_name=__powrf
DEBUG C_PARSER: parsed function __powrf with 2 params (varargs=0) at line 1435
w_name=rootnf
DEBUG C_PARSER: parsed function rootnf with 2 params (varargs=0) at line 1438
w_name=__rootnf
DEBUG C_PARSER: parsed function __rootnf with 2 params (varargs=0) at line 1438
w_name=rsqrtf
DEBUG C_PARSER: parsed function rsqrtf with 1 params (varargs=0) at line 1441
w_name=__rsqrtf
DEBUG C_PARSER: parsed function __rsqrtf with 1 params (varargs=0) at line 1441
w_name=ceilf
DEBUG C_PARSER: parsed function ceilf with 1 params (varargs=0) at line 1448
w_name=fabsf
DEBUG C_PARSER: parsed function fabsf with 1 params (varargs=0) at line 1451
w_name=floorf
DEBUG C_PARSER: parsed function floorf with 1 params (varargs=0) at line 1454
w_name=fmodf
DEBUG C_PARSER: parsed function fmodf with 2 params (varargs=0) at line 1457
w_name=__fmodf
DEBUG C_PARSER: parsed function __fmodf with 2 params (varargs=0) at line 1457
w_name=isinff
DEBUG C_PARSER: parsed function isinff with 1 params (varargs=0) at line 1459
w_name=finitef
DEBUG C_PARSER: parsed function finitef with 1 params (varargs=0) at line 1465
w_name=dremf
DEBUG C_PARSER: parsed function dremf with 2 params (varargs=0) at line 1469
w_name=__dremf
DEBUG C_PARSER: parsed function __dremf with 2 params (varargs=0) at line 1469
w_name=significandf
DEBUG C_PARSER: parsed function significandf with 1 params (varargs=0) at line 1473
w_name=__significandf
DEBUG C_PARSER: parsed function __significandf with 1 params (varargs=0) at line 1473
w_name=copysignf
DEBUG C_PARSER: parsed function copysignf with 2 params (varargs=0) at line 1480
w_name=nanf
DEBUG C_PARSER: parsed function nanf with 1 params (varargs=0) at line 1485
w_name=__nanf
DEBUG C_PARSER: parsed function __nanf with 1 params (varargs=0) at line 1485
w_name=isnanf
DEBUG C_PARSER: parsed function isnanf with 1 params (varargs=0) at line 1487
w_name=j0f
DEBUG C_PARSER: parsed function j0f with 1 params (varargs=0) at line 1494
w_name=__j0f
DEBUG C_PARSER: parsed function __j0f with 1 params (varargs=0) at line 1494
w_name=j1f
DEBUG C_PARSER: parsed function j1f with 1 params (varargs=0) at line 1495
w_name=__j1f
DEBUG C_PARSER: parsed function __j1f with 1 params (varargs=0) at line 1495
w_name=jnf
DEBUG C_PARSER: parsed function jnf with 2 params (varargs=0) at line 1496
w_name=__jnf
DEBUG C_PARSER: parsed function __jnf with 2 params (varargs=0) at line 1496
w_name=y0f
DEBUG C_PARSER: parsed function y0f with 1 params (varargs=0) at line 1497
w_name=__y0f
DEBUG C_PARSER: parsed function __y0f with 1 params (varargs=0) at line 1497
w_name=y1f
DEBUG C_PARSER: parsed function y1f with 1 params (varargs=0) at line 1498
w_name=__y1f
DEBUG C_PARSER: parsed function __y1f with 1 params (varargs=0) at line 1498
w_name=ynf
DEBUG C_PARSER: parsed function ynf with 2 params (varargs=0) at line 1499
w_name=__ynf
DEBUG C_PARSER: parsed function __ynf with 2 params (varargs=0) at line 1499
w_name=erff
DEBUG C_PARSER: parsed function erff with 1 params (varargs=0) at line 1505
w_name=__erff
DEBUG C_PARSER: parsed function __erff with 1 params (varargs=0) at line 1505
w_name=erfcf
DEBUG C_PARSER: parsed function erfcf with 1 params (varargs=0) at line 1506
w_name=__erfcf
DEBUG C_PARSER: parsed function __erfcf with 1 params (varargs=0) at line 1506
w_name=lgammaf
DEBUG C_PARSER: parsed function lgammaf with 1 params (varargs=0) at line 1507
w_name=__lgammaf
DEBUG C_PARSER: parsed function __lgammaf with 1 params (varargs=0) at line 1507
w_name=tgammaf
DEBUG C_PARSER: parsed function tgammaf with 1 params (varargs=0) at line 1512
w_name=__tgammaf
DEBUG C_PARSER: parsed function __tgammaf with 1 params (varargs=0) at line 1512
w_name=gammaf
DEBUG C_PARSER: parsed function gammaf with 1 params (varargs=0) at line 1518
w_name=__gammaf
DEBUG C_PARSER: parsed function __gammaf with 1 params (varargs=0) at line 1518
w_name=lgammaf_r
DEBUG C_PARSER: parsed function lgammaf_r with 2 params (varargs=0) at line 1526
w_name=__lgammaf_r
DEBUG C_PARSER: parsed function __lgammaf_r with 2 params (varargs=0) at line 1526
w_name=rintf
DEBUG C_PARSER: parsed function rintf with 1 params (varargs=0) at line 1533
w_name=__rintf
DEBUG C_PARSER: parsed function __rintf with 1 params (varargs=0) at line 1533
w_name=nextafterf
DEBUG C_PARSER: parsed function nextafterf with 2 params (varargs=0) at line 1536
w_name=__nextafterf
DEBUG C_PARSER: parsed function __nextafterf with 2 params (varargs=0) at line 1536
w_name=nexttowardf
DEBUG C_PARSER: parsed function nexttowardf with 2 params (varargs=0) at line 1538
w_name=__nexttowardf
DEBUG C_PARSER: parsed function __nexttowardf with 2 params (varargs=0) at line 1538
w_name=nextdownf
DEBUG C_PARSER: parsed function nextdownf with 1 params (varargs=0) at line 1543
w_name=__nextdownf
DEBUG C_PARSER: parsed function __nextdownf with 1 params (varargs=0) at line 1543
w_name=nextupf
DEBUG C_PARSER: parsed function nextupf with 1 params (varargs=0) at line 1545
w_name=__nextupf
DEBUG C_PARSER: parsed function __nextupf with 1 params (varargs=0) at line 1545
w_name=remainderf
DEBUG C_PARSER: parsed function remainderf with 2 params (varargs=0) at line 1549
w_name=__remainderf
DEBUG C_PARSER: parsed function __remainderf with 2 params (varargs=0) at line 1549
w_name=scalbnf
DEBUG C_PARSER: parsed function scalbnf with 2 params (varargs=0) at line 1553
w_name=__scalbnf
DEBUG C_PARSER: parsed function __scalbnf with 2 params (varargs=0) at line 1553
w_name=ilogbf
DEBUG C_PARSER: parsed function ilogbf with 1 params (varargs=0) at line 1557
w_name=__ilogbf
DEBUG C_PARSER: parsed function __ilogbf with 1 params (varargs=0) at line 1557
w_name=llogbf
DEBUG C_PARSER: parsed function llogbf with 1 params (varargs=0) at line 1562
w_name=__llogbf
DEBUG C_PARSER: parsed function __llogbf with 1 params (varargs=0) at line 1562
w_name=scalblnf
DEBUG C_PARSER: parsed function scalblnf with 2 params (varargs=0) at line 1567
w_name=__scalblnf
DEBUG C_PARSER: parsed function __scalblnf with 2 params (varargs=0) at line 1567
w_name=nearbyintf
DEBUG C_PARSER: parsed function nearbyintf with 1 params (varargs=0) at line 1571
w_name=__nearbyintf
DEBUG C_PARSER: parsed function __nearbyintf with 1 params (varargs=0) at line 1571
w_name=roundf
DEBUG C_PARSER: parsed function roundf with 1 params (varargs=0) at line 1575
w_name=truncf
DEBUG C_PARSER: parsed function truncf with 1 params (varargs=0) at line 1579
w_name=remquof
DEBUG C_PARSER: parsed function remquof with 3 params (varargs=0) at line 1584
w_name=__remquof
DEBUG C_PARSER: parsed function __remquof with 3 params (varargs=0) at line 1584
w_name=lrintf
DEBUG C_PARSER: parsed function lrintf with 1 params (varargs=0) at line 1591
w_name=__lrintf
DEBUG C_PARSER: parsed function __lrintf with 1 params (varargs=0) at line 1591
w_name=llrintf
DEBUG C_PARSER: parsed function llrintf with 1 params (varargs=0) at line 1593
w_name=__llrintf
DEBUG C_PARSER: parsed function __llrintf with 1 params (varargs=0) at line 1593
w_name=lroundf
DEBUG C_PARSER: parsed function lroundf with 1 params (varargs=0) at line 1597
w_name=__lroundf
DEBUG C_PARSER: parsed function __lroundf with 1 params (varargs=0) at line 1597
w_name=llroundf
DEBUG C_PARSER: parsed function llroundf with 1 params (varargs=0) at line 1599
w_name=__llroundf
DEBUG C_PARSER: parsed function __llroundf with 1 params (varargs=0) at line 1599
w_name=fdimf
DEBUG C_PARSER: parsed function fdimf with 2 params (varargs=0) at line 1603
w_name=__fdimf
DEBUG C_PARSER: parsed function __fdimf with 2 params (varargs=0) at line 1603
w_name=fmaxf
DEBUG C_PARSER: parsed function fmaxf with 2 params (varargs=0) at line 1607
w_name=fminf
DEBUG C_PARSER: parsed function fminf with 2 params (varargs=0) at line 1610
w_name=fmaf
DEBUG C_PARSER: parsed function fmaf with 3 params (varargs=0) at line 1614
w_name=__fmaf
DEBUG C_PARSER: parsed function __fmaf with 3 params (varargs=0) at line 1614
w_name=roundevenf
DEBUG C_PARSER: parsed function roundevenf with 1 params (varargs=0) at line 1619
w_name=fromfpf
DEBUG C_PARSER: parsed function fromfpf with 3 params (varargs=0) at line 1623
w_name=__fromfpf
DEBUG C_PARSER: parsed function __fromfpf with 3 params (varargs=0) at line 1623
w_name=ufromfpf
DEBUG C_PARSER: parsed function ufromfpf with 3 params (varargs=0) at line 1627
w_name=__ufromfpf
DEBUG C_PARSER: parsed function __ufromfpf with 3 params (varargs=0) at line 1627
w_name=fromfpxf
DEBUG C_PARSER: parsed function fromfpxf with 3 params (varargs=0) at line 1632
w_name=__fromfpxf
DEBUG C_PARSER: parsed function __fromfpxf with 3 params (varargs=0) at line 1632
w_name=ufromfpxf
DEBUG C_PARSER: parsed function ufromfpxf with 3 params (varargs=0) at line 1637
w_name=__ufromfpxf
DEBUG C_PARSER: parsed function __ufromfpxf with 3 params (varargs=0) at line 1637
w_name=canonicalizef
DEBUG C_PARSER: parsed function canonicalizef with 2 params (varargs=0) at line 1640
w_name=fmaximumf
DEBUG C_PARSER: parsed function fmaximumf with 2 params (varargs=0) at line 1642
w_name=fminimumf
DEBUG C_PARSER: parsed function fminimumf with 2 params (varargs=0) at line 1645
w_name=fmaximum_numf
DEBUG C_PARSER: parsed function fmaximum_numf with 2 params (varargs=0) at line 1648
w_name=fminimum_numf
DEBUG C_PARSER: parsed function fminimum_numf with 2 params (varargs=0) at line 1651
w_name=fmaximum_magf
DEBUG C_PARSER: parsed function fmaximum_magf with 2 params (varargs=0) at line 1654
w_name=fminimum_magf
DEBUG C_PARSER: parsed function fminimum_magf with 2 params (varargs=0) at line 1657
w_name=fmaximum_mag_numf
DEBUG C_PARSER: parsed function fmaximum_mag_numf with 2 params (varargs=0) at line 1660
w_name=fminimum_mag_numf
DEBUG C_PARSER: parsed function fminimum_mag_numf with 2 params (varargs=0) at line 1663
w_name=scalbf
DEBUG C_PARSER: parsed function scalbf with 2 params (varargs=0) at line 1665
w_name=__scalbf
DEBUG C_PARSER: parsed function __scalbf with 2 params (varargs=0) at line 1665
w_name=__fpclassifyl
DEBUG C_PARSER: parsed function __fpclassifyl with 1 params (varargs=0) at line 1670
w_name=__signbitl
DEBUG C_PARSER: parsed function __signbitl with 1 params (varargs=0) at line 1674
w_name=__isinfl
DEBUG C_PARSER: parsed function __isinfl with 1 params (varargs=0) at line 1679
w_name=__finitel
DEBUG C_PARSER: parsed function __finitel with 1 params (varargs=0) at line 1683
w_name=__isnanl
DEBUG C_PARSER: parsed function __isnanl with 1 params (varargs=0) at line 1687
w_name=__iseqsigl
DEBUG C_PARSER: parsed function __iseqsigl with 2 params (varargs=0) at line 1691
w_name=__issignalingl
DEBUG C_PARSER: parsed function __issignalingl with 1 params (varargs=0) at line 1694
w_name=acosl
DEBUG C_PARSER: parsed function acosl with 1 params (varargs=0) at line 1699
w_name=__acosl
DEBUG C_PARSER: parsed function __acosl with 1 params (varargs=0) at line 1699
w_name=asinl
DEBUG C_PARSER: parsed function asinl with 1 params (varargs=0) at line 1701
w_name=__asinl
DEBUG C_PARSER: parsed function __asinl with 1 params (varargs=0) at line 1701
w_name=atanl
DEBUG C_PARSER: parsed function atanl with 1 params (varargs=0) at line 1703
w_name=__atanl
DEBUG C_PARSER: parsed function __atanl with 1 params (varargs=0) at line 1703
w_name=atan2l
DEBUG C_PARSER: parsed function atan2l with 2 params (varargs=0) at line 1705
w_name=__atan2l
DEBUG C_PARSER: parsed function __atan2l with 2 params (varargs=0) at line 1705
w_name=cosl
DEBUG C_PARSER: parsed function cosl with 1 params (varargs=0) at line 1708
w_name=__cosl
DEBUG C_PARSER: parsed function __cosl with 1 params (varargs=0) at line 1708
w_name=sinl
DEBUG C_PARSER: parsed function sinl with 1 params (varargs=0) at line 1710
w_name=__sinl
DEBUG C_PARSER: parsed function __sinl with 1 params (varargs=0) at line 1710
w_name=tanl
DEBUG C_PARSER: parsed function tanl with 1 params (varargs=0) at line 1712
w_name=__tanl
DEBUG C_PARSER: parsed function __tanl with 1 params (varargs=0) at line 1712
w_name=acospil
DEBUG C_PARSER: parsed function acospil with 1 params (varargs=0) at line 1716
w_name=__acospil
DEBUG C_PARSER: parsed function __acospil with 1 params (varargs=0) at line 1716
w_name=acospil
DEBUG C_PARSER: parsed function acospil with 1 params (varargs=0) at line 1717
w_name=__acospil
DEBUG C_PARSER: parsed function __acospil with 1 params (varargs=0) at line 1717
w_name=asinpil
DEBUG C_PARSER: parsed function asinpil with 1 params (varargs=0) at line 1719
w_name=__asinpil
DEBUG C_PARSER: parsed function __asinpil with 1 params (varargs=0) at line 1719
w_name=asinpil
DEBUG C_PARSER: parsed function asinpil with 1 params (varargs=0) at line 1720
w_name=__asinpil
DEBUG C_PARSER: parsed function __asinpil with 1 params (varargs=0) at line 1720
w_name=atanpil
DEBUG C_PARSER: parsed function atanpil with 1 params (varargs=0) at line 1722
w_name=__atanpil
DEBUG C_PARSER: parsed function __atanpil with 1 params (varargs=0) at line 1722
w_name=atanpil
DEBUG C_PARSER: parsed function atanpil with 1 params (varargs=0) at line 1723
w_name=__atanpil
DEBUG C_PARSER: parsed function __atanpil with 1 params (varargs=0) at line 1723
w_name=atan2pil
DEBUG C_PARSER: parsed function atan2pil with 2 params (varargs=0) at line 1725
w_name=__atan2pil
DEBUG C_PARSER: parsed function __atan2pil with 2 params (varargs=0) at line 1725
w_name=atan2pil
DEBUG C_PARSER: parsed function atan2pil with 2 params (varargs=0) at line 1726
w_name=__atan2pil
DEBUG C_PARSER: parsed function __atan2pil with 2 params (varargs=0) at line 1726
w_name=cospil
DEBUG C_PARSER: parsed function cospil with 1 params (varargs=0) at line 1729
w_name=__cospil
DEBUG C_PARSER: parsed function __cospil with 1 params (varargs=0) at line 1729
w_name=sinpil
DEBUG C_PARSER: parsed function sinpil with 1 params (varargs=0) at line 1731
w_name=__sinpil
DEBUG C_PARSER: parsed function __sinpil with 1 params (varargs=0) at line 1731
w_name=tanpil
DEBUG C_PARSER: parsed function tanpil with 1 params (varargs=0) at line 1733
w_name=__tanpil
DEBUG C_PARSER: parsed function __tanpil with 1 params (varargs=0) at line 1733
w_name=coshl
DEBUG C_PARSER: parsed function coshl with 1 params (varargs=0) at line 1739
w_name=__coshl
DEBUG C_PARSER: parsed function __coshl with 1 params (varargs=0) at line 1739
w_name=sinhl
DEBUG C_PARSER: parsed function sinhl with 1 params (varargs=0) at line 1741
w_name=__sinhl
DEBUG C_PARSER: parsed function __sinhl with 1 params (varargs=0) at line 1741
w_name=tanhl
DEBUG C_PARSER: parsed function tanhl with 1 params (varargs=0) at line 1743
w_name=__tanhl
DEBUG C_PARSER: parsed function __tanhl with 1 params (varargs=0) at line 1743
w_name=acoshl
DEBUG C_PARSER: parsed function acoshl with 1 params (varargs=0) at line 1745
w_name=__acoshl
DEBUG C_PARSER: parsed function __acoshl with 1 params (varargs=0) at line 1745
w_name=asinhl
DEBUG C_PARSER: parsed function asinhl with 1 params (varargs=0) at line 1747
w_name=__asinhl
DEBUG C_PARSER: parsed function __asinhl with 1 params (varargs=0) at line 1747
w_name=atanhl
DEBUG C_PARSER: parsed function atanhl with 1 params (varargs=0) at line 1749
w_name=__atanhl
DEBUG C_PARSER: parsed function __atanhl with 1 params (varargs=0) at line 1749
w_name=expl
DEBUG C_PARSER: parsed function expl with 1 params (varargs=0) at line 1755
w_name=__expl
DEBUG C_PARSER: parsed function __expl with 1 params (varargs=0) at line 1755
w_name=frexpl
DEBUG C_PARSER: parsed function frexpl with 2 params (varargs=0) at line 1758
w_name=__frexpl
DEBUG C_PARSER: parsed function __frexpl with 2 params (varargs=0) at line 1758
w_name=ldexpl
DEBUG C_PARSER: parsed function ldexpl with 2 params (varargs=0) at line 1761
w_name=__ldexpl
DEBUG C_PARSER: parsed function __ldexpl with 2 params (varargs=0) at line 1761
w_name=logl
DEBUG C_PARSER: parsed function logl with 1 params (varargs=0) at line 1764
w_name=__logl
DEBUG C_PARSER: parsed function __logl with 1 params (varargs=0) at line 1764
w_name=log10l
DEBUG C_PARSER: parsed function log10l with 1 params (varargs=0) at line 1767
w_name=__log10l
DEBUG C_PARSER: parsed function __log10l with 1 params (varargs=0) at line 1767
w_name=modfl
DEBUG C_PARSER: parsed function modfl with 2 params (varargs=0) at line 1770
w_name=__modfl
DEBUG C_PARSER: parsed function __modfl with 2 params (varargs=0) at line 1770
w_name=exp10l
DEBUG C_PARSER: parsed function exp10l with 1 params (varargs=0) at line 1774
w_name=__exp10l
DEBUG C_PARSER: parsed function __exp10l with 1 params (varargs=0) at line 1774
w_name=exp2m1l
DEBUG C_PARSER: parsed function exp2m1l with 1 params (varargs=0) at line 1777
w_name=__exp2m1l
DEBUG C_PARSER: parsed function __exp2m1l with 1 params (varargs=0) at line 1777
w_name=exp10m1l
DEBUG C_PARSER: parsed function exp10m1l with 1 params (varargs=0) at line 1780
w_name=__exp10m1l
DEBUG C_PARSER: parsed function __exp10m1l with 1 params (varargs=0) at line 1780
w_name=log2p1l
DEBUG C_PARSER: parsed function log2p1l with 1 params (varargs=0) at line 1783
w_name=__log2p1l
DEBUG C_PARSER: parsed function __log2p1l with 1 params (varargs=0) at line 1783
w_name=log10p1l
DEBUG C_PARSER: parsed function log10p1l with 1 params (varargs=0) at line 1786
w_name=__log10p1l
DEBUG C_PARSER: parsed function __log10p1l with 1 params (varargs=0) at line 1786
w_name=logp1l
DEBUG C_PARSER: parsed function logp1l with 1 params (varargs=0) at line 1789
w_name=__logp1l
DEBUG C_PARSER: parsed function __logp1l with 1 params (varargs=0) at line 1789
w_name=expm1l
DEBUG C_PARSER: parsed function expm1l with 1 params (varargs=0) at line 1794
w_name=__expm1l
DEBUG C_PARSER: parsed function __expm1l with 1 params (varargs=0) at line 1794
w_name=log1pl
DEBUG C_PARSER: parsed function log1pl with 1 params (varargs=0) at line 1797
w_name=__log1pl
DEBUG C_PARSER: parsed function __log1pl with 1 params (varargs=0) at line 1797
w_name=logbl
DEBUG C_PARSER: parsed function logbl with 1 params (varargs=0) at line 1800
w_name=__logbl
DEBUG C_PARSER: parsed function __logbl with 1 params (varargs=0) at line 1800
w_name=exp2l
DEBUG C_PARSER: parsed function exp2l with 1 params (varargs=0) at line 1805
w_name=__exp2l
DEBUG C_PARSER: parsed function __exp2l with 1 params (varargs=0) at line 1805
w_name=log2l
DEBUG C_PARSER: parsed function log2l with 1 params (varargs=0) at line 1808
w_name=__log2l
DEBUG C_PARSER: parsed function __log2l with 1 params (varargs=0) at line 1808
w_name=powl
DEBUG C_PARSER: parsed function powl with 2 params (varargs=0) at line 1815
w_name=__powl
DEBUG C_PARSER: parsed function __powl with 2 params (varargs=0) at line 1815
w_name=sqrtl
DEBUG C_PARSER: parsed function sqrtl with 1 params (varargs=0) at line 1818
w_name=__sqrtl
DEBUG C_PARSER: parsed function __sqrtl with 1 params (varargs=0) at line 1818
w_name=hypotl
DEBUG C_PARSER: parsed function hypotl with 2 params (varargs=0) at line 1822
w_name=__hypotl
DEBUG C_PARSER: parsed function __hypotl with 2 params (varargs=0) at line 1822
w_name=cbrtl
DEBUG C_PARSER: parsed function cbrtl with 1 params (varargs=0) at line 1827
w_name=__cbrtl
DEBUG C_PARSER: parsed function __cbrtl with 1 params (varargs=0) at line 1827
w_name=compoundnl
DEBUG C_PARSER: parsed function compoundnl with 2 params (varargs=0) at line 1832
w_name=__compoundnl
DEBUG C_PARSER: parsed function __compoundnl with 2 params (varargs=0) at line 1832
w_name=pownl
DEBUG C_PARSER: parsed function pownl with 2 params (varargs=0) at line 1835
w_name=__pownl
DEBUG C_PARSER: parsed function __pownl with 2 params (varargs=0) at line 1835
w_name=powrl
DEBUG C_PARSER: parsed function powrl with 2 params (varargs=0) at line 1838
w_name=__powrl
DEBUG C_PARSER: parsed function __powrl with 2 params (varargs=0) at line 1838
w_name=powrl
DEBUG C_PARSER: parsed function powrl with 2 params (varargs=0) at line 1839
w_name=__powrl
DEBUG C_PARSER: parsed function __powrl with 2 params (varargs=0) at line 1839
w_name=rootnl
DEBUG C_PARSER: parsed function rootnl with 2 params (varargs=0) at line 1842
w_name=__rootnl
DEBUG C_PARSER: parsed function __rootnl with 2 params (varargs=0) at line 1842
w_name=rsqrtl
DEBUG C_PARSER: parsed function rsqrtl with 1 params (varargs=0) at line 1845
w_name=__rsqrtl
DEBUG C_PARSER: parsed function __rsqrtl with 1 params (varargs=0) at line 1845
w_name=ceill
DEBUG C_PARSER: parsed function ceill with 1 params (varargs=0) at line 1852
w_name=fabsl
DEBUG C_PARSER: parsed function fabsl with 1 params (varargs=0) at line 1855
w_name=floorl
DEBUG C_PARSER: parsed function floorl with 1 params (varargs=0) at line 1858
w_name=fmodl
DEBUG C_PARSER: parsed function fmodl with 2 params (varargs=0) at line 1861
w_name=__fmodl
DEBUG C_PARSER: parsed function __fmodl with 2 params (varargs=0) at line 1861
w_name=isinfl
DEBUG C_PARSER: parsed function isinfl with 1 params (varargs=0) at line 1863
w_name=finitel
DEBUG C_PARSER: parsed function finitel with 1 params (varargs=0) at line 1869
w_name=dreml
DEBUG C_PARSER: parsed function dreml with 2 params (varargs=0) at line 1873
w_name=__dreml
DEBUG C_PARSER: parsed function __dreml with 2 params (varargs=0) at line 1873
w_name=significandl
DEBUG C_PARSER: parsed function significandl with 1 params (varargs=0) at line 1877
w_name=__significandl
DEBUG C_PARSER: parsed function __significandl with 1 params (varargs=0) at line 1877
w_name=copysignl
DEBUG C_PARSER: parsed function copysignl with 2 params (varargs=0) at line 1884
w_name=nanl
DEBUG C_PARSER: parsed function nanl with 1 params (varargs=0) at line 1889
w_name=__nanl
DEBUG C_PARSER: parsed function __nanl with 1 params (varargs=0) at line 1889
w_name=isnanl
DEBUG C_PARSER: parsed function isnanl with 1 params (varargs=0) at line 1891
w_name=j0l
DEBUG C_PARSER: parsed function j0l with 1 params (varargs=0) at line 1898
w_name=__j0l
DEBUG C_PARSER: parsed function __j0l with 1 params (varargs=0) at line 1898
w_name=j1l
DEBUG C_PARSER: parsed function j1l with 1 params (varargs=0) at line 1899
w_name=__j1l
DEBUG C_PARSER: parsed function __j1l with 1 params (varargs=0) at line 1899
w_name=jnl
DEBUG C_PARSER: parsed function jnl with 2 params (varargs=0) at line 1900
w_name=__jnl
DEBUG C_PARSER: parsed function __jnl with 2 params (varargs=0) at line 1900
w_name=y0l
DEBUG C_PARSER: parsed function y0l with 1 params (varargs=0) at line 1901
w_name=__y0l
DEBUG C_PARSER: parsed function __y0l with 1 params (varargs=0) at line 1901
w_name=y1l
DEBUG C_PARSER: parsed function y1l with 1 params (varargs=0) at line 1902
w_name=__y1l
DEBUG C_PARSER: parsed function __y1l with 1 params (varargs=0) at line 1902
w_name=ynl
DEBUG C_PARSER: parsed function ynl with 2 params (varargs=0) at line 1903
w_name=__ynl
DEBUG C_PARSER: parsed function __ynl with 2 params (varargs=0) at line 1903
w_name=erfl
DEBUG C_PARSER: parsed function erfl with 1 params (varargs=0) at line 1909
w_name=__erfl
DEBUG C_PARSER: parsed function __erfl with 1 params (varargs=0) at line 1909
w_name=erfcl
DEBUG C_PARSER: parsed function erfcl with 1 params (varargs=0) at line 1910
w_name=__erfcl
DEBUG C_PARSER: parsed function __erfcl with 1 params (varargs=0) at line 1910
w_name=lgammal
DEBUG C_PARSER: parsed function lgammal with 1 params (varargs=0) at line 1911
w_name=__lgammal
DEBUG C_PARSER: parsed function __lgammal with 1 params (varargs=0) at line 1911
w_name=tgammal
DEBUG C_PARSER: parsed function tgammal with 1 params (varargs=0) at line 1916
w_name=__tgammal
DEBUG C_PARSER: parsed function __tgammal with 1 params (varargs=0) at line 1916
w_name=gammal
DEBUG C_PARSER: parsed function gammal with 1 params (varargs=0) at line 1922
w_name=__gammal
DEBUG C_PARSER: parsed function __gammal with 1 params (varargs=0) at line 1922
w_name=lgammal_r
DEBUG C_PARSER: parsed function lgammal_r with 2 params (varargs=0) at line 1930
w_name=__lgammal_r
DEBUG C_PARSER: parsed function __lgammal_r with 2 params (varargs=0) at line 1930
w_name=rintl
DEBUG C_PARSER: parsed function rintl with 1 params (varargs=0) at line 1937
w_name=__rintl
DEBUG C_PARSER: parsed function __rintl with 1 params (varargs=0) at line 1937
w_name=nextafterl
DEBUG C_PARSER: parsed function nextafterl with 2 params (varargs=0) at line 1940
w_name=__nextafterl
DEBUG C_PARSER: parsed function __nextafterl with 2 params (varargs=0) at line 1940
w_name=nexttowardl
DEBUG C_PARSER: parsed function nexttowardl with 2 params (varargs=0) at line 1942
w_name=__nexttowardl
DEBUG C_PARSER: parsed function __nexttowardl with 2 params (varargs=0) at line 1942
w_name=nextdownl
DEBUG C_PARSER: parsed function nextdownl with 1 params (varargs=0) at line 1947
w_name=__nextdownl
DEBUG C_PARSER: parsed function __nextdownl with 1 params (varargs=0) at line 1947
w_name=nextupl
DEBUG C_PARSER: parsed function nextupl with 1 params (varargs=0) at line 1949
w_name=__nextupl
DEBUG C_PARSER: parsed function __nextupl with 1 params (varargs=0) at line 1949
w_name=remainderl
DEBUG C_PARSER: parsed function remainderl with 2 params (varargs=0) at line 1953
w_name=__remainderl
DEBUG C_PARSER: parsed function __remainderl with 2 params (varargs=0) at line 1953
w_name=scalbnl
DEBUG C_PARSER: parsed function scalbnl with 2 params (varargs=0) at line 1957
w_name=__scalbnl
DEBUG C_PARSER: parsed function __scalbnl with 2 params (varargs=0) at line 1957
w_name=ilogbl
DEBUG C_PARSER: parsed function ilogbl with 1 params (varargs=0) at line 1961
w_name=__ilogbl
DEBUG C_PARSER: parsed function __ilogbl with 1 params (varargs=0) at line 1961
w_name=llogbl
DEBUG C_PARSER: parsed function llogbl with 1 params (varargs=0) at line 1966
w_name=__llogbl
DEBUG C_PARSER: parsed function __llogbl with 1 params (varargs=0) at line 1966
w_name=scalblnl
DEBUG C_PARSER: parsed function scalblnl with 2 params (varargs=0) at line 1971
w_name=__scalblnl
DEBUG C_PARSER: parsed function __scalblnl with 2 params (varargs=0) at line 1971
w_name=nearbyintl
DEBUG C_PARSER: parsed function nearbyintl with 1 params (varargs=0) at line 1975
w_name=__nearbyintl
DEBUG C_PARSER: parsed function __nearbyintl with 1 params (varargs=0) at line 1975
w_name=roundl
DEBUG C_PARSER: parsed function roundl with 1 params (varargs=0) at line 1979
w_name=truncl
DEBUG C_PARSER: parsed function truncl with 1 params (varargs=0) at line 1983
w_name=remquol
DEBUG C_PARSER: parsed function remquol with 3 params (varargs=0) at line 1988
w_name=__remquol
DEBUG C_PARSER: parsed function __remquol with 3 params (varargs=0) at line 1988
w_name=lrintl
DEBUG C_PARSER: parsed function lrintl with 1 params (varargs=0) at line 1995
w_name=__lrintl
DEBUG C_PARSER: parsed function __lrintl with 1 params (varargs=0) at line 1995
w_name=llrintl
DEBUG C_PARSER: parsed function llrintl with 1 params (varargs=0) at line 1997
w_name=__llrintl
DEBUG C_PARSER: parsed function __llrintl with 1 params (varargs=0) at line 1997
w_name=lroundl
DEBUG C_PARSER: parsed function lroundl with 1 params (varargs=0) at line 2001
w_name=__lroundl
DEBUG C_PARSER: parsed function __lroundl with 1 params (varargs=0) at line 2001
w_name=llroundl
DEBUG C_PARSER: parsed function llroundl with 1 params (varargs=0) at line 2003
w_name=__llroundl
DEBUG C_PARSER: parsed function __llroundl with 1 params (varargs=0) at line 2003
w_name=fdiml
DEBUG C_PARSER: parsed function fdiml with 2 params (varargs=0) at line 2007
w_name=__fdiml
DEBUG C_PARSER: parsed function __fdiml with 2 params (varargs=0) at line 2007
w_name=fmaxl
DEBUG C_PARSER: parsed function fmaxl with 2 params (varargs=0) at line 2011
w_name=fminl
DEBUG C_PARSER: parsed function fminl with 2 params (varargs=0) at line 2014
w_name=fmal
DEBUG C_PARSER: parsed function fmal with 3 params (varargs=0) at line 2018
w_name=__fmal
DEBUG C_PARSER: parsed function __fmal with 3 params (varargs=0) at line 2018
w_name=roundevenl
DEBUG C_PARSER: parsed function roundevenl with 1 params (varargs=0) at line 2023
w_name=fromfpl
DEBUG C_PARSER: parsed function fromfpl with 3 params (varargs=0) at line 2027
w_name=__fromfpl
DEBUG C_PARSER: parsed function __fromfpl with 3 params (varargs=0) at line 2027
w_name=ufromfpl
DEBUG C_PARSER: parsed function ufromfpl with 3 params (varargs=0) at line 2031
w_name=__ufromfpl
DEBUG C_PARSER: parsed function __ufromfpl with 3 params (varargs=0) at line 2031
w_name=fromfpxl
DEBUG C_PARSER: parsed function fromfpxl with 3 params (varargs=0) at line 2036
w_name=__fromfpxl
DEBUG C_PARSER: parsed function __fromfpxl with 3 params (varargs=0) at line 2036
w_name=ufromfpxl
DEBUG C_PARSER: parsed function ufromfpxl with 3 params (varargs=0) at line 2041
w_name=__ufromfpxl
DEBUG C_PARSER: parsed function __ufromfpxl with 3 params (varargs=0) at line 2041
w_name=canonicalizel
DEBUG C_PARSER: parsed function canonicalizel with 2 params (varargs=0) at line 2044
w_name=fmaximuml
DEBUG C_PARSER: parsed function fmaximuml with 2 params (varargs=0) at line 2046
w_name=fminimuml
DEBUG C_PARSER: parsed function fminimuml with 2 params (varargs=0) at line 2049
w_name=fmaximum_numl
DEBUG C_PARSER: parsed function fmaximum_numl with 2 params (varargs=0) at line 2052
w_name=fminimum_numl
DEBUG C_PARSER: parsed function fminimum_numl with 2 params (varargs=0) at line 2055
w_name=fmaximum_magl
DEBUG C_PARSER: parsed function fmaximum_magl with 2 params (varargs=0) at line 2058
w_name=fminimum_magl
DEBUG C_PARSER: parsed function fminimum_magl with 2 params (varargs=0) at line 2061
w_name=fmaximum_mag_numl
DEBUG C_PARSER: parsed function fmaximum_mag_numl with 2 params (varargs=0) at line 2064
w_name=fminimum_mag_numl
DEBUG C_PARSER: parsed function fminimum_mag_numl with 2 params (varargs=0) at line 2067
w_name=scalbl
DEBUG C_PARSER: parsed function scalbl with 2 params (varargs=0) at line 2069
w_name=__scalbl
DEBUG C_PARSER: parsed function __scalbl with 2 params (varargs=0) at line 2069
w_name=__fpclassifyf128
DEBUG C_PARSER: parsed function __fpclassifyf128 with 1 params (varargs=0) at line 2074
w_name=__signbitf128
DEBUG C_PARSER: parsed function __signbitf128 with 1 params (varargs=0) at line 2078
w_name=__isinff128
DEBUG C_PARSER: parsed function __isinff128 with 1 params (varargs=0) at line 2083
w_name=__finitef128
DEBUG C_PARSER: parsed function __finitef128 with 1 params (varargs=0) at line 2087
w_name=__isnanf128
DEBUG C_PARSER: parsed function __isnanf128 with 1 params (varargs=0) at line 2091
w_name=__iseqsigf128
DEBUG C_PARSER: parsed function __iseqsigf128 with 2 params (varargs=0) at line 2095
w_name=__issignalingf128
DEBUG C_PARSER: parsed function __issignalingf128 with 1 params (varargs=0) at line 2098
w_name=fadd
DEBUG C_PARSER: parsed function fadd with 2 params (varargs=0) at line 2104
w_name=fdiv
DEBUG C_PARSER: parsed function fdiv with 2 params (varargs=0) at line 2107
w_name=ffma
DEBUG C_PARSER: parsed function ffma with 3 params (varargs=0) at line 2110
w_name=fmul
DEBUG C_PARSER: parsed function fmul with 2 params (varargs=0) at line 2113
w_name=fsqrt
DEBUG C_PARSER: parsed function fsqrt with 1 params (varargs=0) at line 2116
w_name=fsub
DEBUG C_PARSER: parsed function fsub with 2 params (varargs=0) at line 2119
w_name=faddl
DEBUG C_PARSER: parsed function faddl with 2 params (varargs=0) at line 2124
w_name=fdivl
DEBUG C_PARSER: parsed function fdivl with 2 params (varargs=0) at line 2127
w_name=ffmal
DEBUG C_PARSER: parsed function ffmal with 3 params (varargs=0) at line 2130
w_name=fmull
DEBUG C_PARSER: parsed function fmull with 2 params (varargs=0) at line 2133
w_name=fsqrtl
DEBUG C_PARSER: parsed function fsqrtl with 1 params (varargs=0) at line 2136
w_name=fsubl
DEBUG C_PARSER: parsed function fsubl with 2 params (varargs=0) at line 2139
w_name=daddl
DEBUG C_PARSER: parsed function daddl with 2 params (varargs=0) at line 2144
w_name=ddivl
DEBUG C_PARSER: parsed function ddivl with 2 params (varargs=0) at line 2147
w_name=dfmal
DEBUG C_PARSER: parsed function dfmal with 3 params (varargs=0) at line 2150
w_name=dmull
DEBUG C_PARSER: parsed function dmull with 2 params (varargs=0) at line 2153
w_name=dsqrtl
DEBUG C_PARSER: parsed function dsqrtl with 1 params (varargs=0) at line 2156
w_name=dsubl
DEBUG C_PARSER: parsed function dsubl with 2 params (varargs=0) at line 2159
w_name=__iscanonicall
DEBUG C_PARSER: parsed function __iscanonicall with 1 params (varargs=0) at line 2186
w_name=imaxabs
DEBUG C_PARSER: parsed function imaxabs with 1 params (varargs=0) at line 2220
w_name=imaxdiv
DEBUG C_PARSER: parsed function imaxdiv with 2 params (varargs=0) at line 2229
w_name=strtoimax
DEBUG C_PARSER: parsed function strtoimax with 3 params (varargs=0) at line 2233
w_name=strtoumax
DEBUG C_PARSER: parsed function strtoumax with 3 params (varargs=0) at line 2237
w_name=wcstoimax
DEBUG C_PARSER: parsed function wcstoimax with 3 params (varargs=0) at line 2242
w_name=wcstoumax
DEBUG C_PARSER: parsed function wcstoumax with 3 params (varargs=0) at line 2247
w_name=strtoimax
DEBUG C_PARSER: parsed function strtoimax with 3 params (varargs=0) at line 2253
w_name=strtoumax
DEBUG C_PARSER: parsed function strtoumax with 3 params (varargs=0) at line 2256
w_name=wcstoimax
DEBUG C_PARSER: parsed function wcstoimax with 3 params (varargs=0) at line 2259
w_name=wcstoumax
DEBUG C_PARSER: parsed function wcstoumax with 3 params (varargs=0) at line 2263
w_name=wl_list_init
DEBUG C_PARSER: parsed function wl_list_init with 1 params (varargs=0) at line 2311
w_name=wl_list_insert
DEBUG C_PARSER: parsed function wl_list_insert with 2 params (varargs=0) at line 2314
w_name=wl_list_remove
DEBUG C_PARSER: parsed function wl_list_remove with 1 params (varargs=0) at line 2317
w_name=wl_list_length
DEBUG C_PARSER: parsed function wl_list_length with 1 params (varargs=0) at line 2320
w_name=wl_list_empty
DEBUG C_PARSER: parsed function wl_list_empty with 1 params (varargs=0) at line 2323
w_name=wl_list_insert_list
DEBUG C_PARSER: parsed function wl_list_insert_list with 2 params (varargs=0) at line 2326
w_name=wl_array_init
DEBUG C_PARSER: parsed function wl_array_init with 1 params (varargs=0) at line 2338
w_name=wl_array_release
DEBUG C_PARSER: parsed function wl_array_release with 1 params (varargs=0) at line 2341
w_name=wl_array_add
DEBUG C_PARSER: parsed function wl_array_add with 2 params (varargs=0) at line 2344
w_name=wl_array_copy
DEBUG C_PARSER: parsed function wl_array_copy with 2 params (varargs=0) at line 2347
w_name=wl_fixed_to_double
DEBUG C_PARSER: parsed function wl_fixed_to_double with 1 params (varargs=0) at line 2353
w_name=wl_fixed_from_double
DEBUG C_PARSER: parsed function wl_fixed_from_double with 1 params (varargs=0) at line 2359
w_name=wl_fixed_to_int
DEBUG C_PARSER: parsed function wl_fixed_to_int with 1 params (varargs=0) at line 2365
w_name=wl_fixed_from_int
DEBUG C_PARSER: parsed function wl_fixed_from_int with 1 params (varargs=0) at line 2371
w_name=wl_event_loop_create
DEBUG C_PARSER: parsed function wl_event_loop_create with 0 params (varargs=0) at line 2428
w_name=wl_event_loop_destroy
DEBUG C_PARSER: parsed function wl_event_loop_destroy with 1 params (varargs=0) at line 2431
w_name=wl_event_loop_add_fd
DEBUG C_PARSER: parsed function wl_event_loop_add_fd with 5 params (varargs=0) at line 2437
w_name=wl_event_source_fd_update
DEBUG C_PARSER: parsed function wl_event_source_fd_update with 2 params (varargs=0) at line 2440
w_name=wl_event_loop_add_timer
DEBUG C_PARSER: parsed function wl_event_loop_add_timer with 3 params (varargs=0) at line 2445
w_name=wl_event_loop_add_signal
DEBUG C_PARSER: parsed function wl_event_loop_add_signal with 4 params (varargs=0) at line 2451
w_name=wl_event_source_timer_update
DEBUG C_PARSER: parsed function wl_event_source_timer_update with 2 params (varargs=0) at line 2455
w_name=wl_event_source_remove
DEBUG C_PARSER: parsed function wl_event_source_remove with 1 params (varargs=0) at line 2458
w_name=wl_event_source_check
DEBUG C_PARSER: parsed function wl_event_source_check with 1 params (varargs=0) at line 2461
w_name=wl_event_loop_dispatch
DEBUG C_PARSER: parsed function wl_event_loop_dispatch with 2 params (varargs=0) at line 2464
w_name=wl_event_loop_dispatch_idle
DEBUG C_PARSER: parsed function wl_event_loop_dispatch_idle with 1 params (varargs=0) at line 2467
w_name=wl_event_loop_add_idle
DEBUG C_PARSER: parsed function wl_event_loop_add_idle with 3 params (varargs=0) at line 2472
w_name=wl_event_loop_get_fd
DEBUG C_PARSER: parsed function wl_event_loop_get_fd with 1 params (varargs=0) at line 2475
w_name=wl_event_loop_add_destroy_listener
DEBUG C_PARSER: parsed function wl_event_loop_add_destroy_listener with 2 params (varargs=0) at line 2483
w_name=wl_event_loop_get_destroy_listener
DEBUG C_PARSER: parsed function wl_event_loop_get_destroy_listener with 2 params (varargs=0) at line 2487
w_name=wl_display_create
DEBUG C_PARSER: parsed function wl_display_create with 0 params (varargs=0) at line 2490
w_name=wl_display_destroy
DEBUG C_PARSER: parsed function wl_display_destroy with 1 params (varargs=0) at line 2493
w_name=wl_display_get_event_loop
DEBUG C_PARSER: parsed function wl_display_get_event_loop with 1 params (varargs=0) at line 2496
w_name=wl_display_add_socket
DEBUG C_PARSER: parsed function wl_display_add_socket with 2 params (varargs=0) at line 2499
w_name=wl_display_add_socket_auto
DEBUG C_PARSER: parsed function wl_display_add_socket_auto with 1 params (varargs=0) at line 2502
w_name=wl_display_add_socket_fd
DEBUG C_PARSER: parsed function wl_display_add_socket_fd with 2 params (varargs=0) at line 2505
w_name=wl_display_terminate
DEBUG C_PARSER: parsed function wl_display_terminate with 1 params (varargs=0) at line 2508
w_name=wl_display_run
DEBUG C_PARSER: parsed function wl_display_run with 1 params (varargs=0) at line 2511
w_name=wl_display_flush_clients
DEBUG C_PARSER: parsed function wl_display_flush_clients with 1 params (varargs=0) at line 2514
w_name=wl_display_destroy_clients
DEBUG C_PARSER: parsed function wl_display_destroy_clients with 1 params (varargs=0) at line 2517
w_name=wl_display_set_default_max_buffer_size
DEBUG C_PARSER: parsed function wl_display_set_default_max_buffer_size with 2 params (varargs=0) at line 2521
w_name=wl_display_get_serial
DEBUG C_PARSER: parsed function wl_display_get_serial with 1 params (varargs=0) at line 2529
w_name=wl_display_next_serial
DEBUG C_PARSER: parsed function wl_display_next_serial with 1 params (varargs=0) at line 2532
w_name=wl_display_add_destroy_listener
DEBUG C_PARSER: parsed function wl_display_add_destroy_listener with 2 params (varargs=0) at line 2536
w_name=wl_display_add_client_created_listener
DEBUG C_PARSER: parsed function wl_display_add_client_created_listener with 2 params (varargs=0) at line 2540
w_name=wl_display_get_destroy_listener
DEBUG C_PARSER: parsed function wl_display_get_destroy_listener with 2 params (varargs=0) at line 2544
w_name=wl_global_create
DEBUG C_PARSER: parsed function wl_global_create with 5 params (varargs=0) at line 2550
w_name=wl_global_remove
DEBUG C_PARSER: parsed function wl_global_remove with 1 params (varargs=0) at line 2553
w_name=wl_global_destroy
DEBUG C_PARSER: parsed function wl_global_destroy with 1 params (varargs=0) at line 2556
w_name=wl_display_set_global_filter
DEBUG C_PARSER: parsed function wl_display_set_global_filter with 3 params (varargs=0) at line 2565
w_name=wl_global_get_interface
DEBUG C_PARSER: parsed function wl_global_get_interface with 1 params (varargs=0) at line 2568
w_name=wl_global_get_name
DEBUG C_PARSER: parsed function wl_global_get_name with 2 params (varargs=0) at line 2572
w_name=wl_global_get_version
DEBUG C_PARSER: parsed function wl_global_get_version with 1 params (varargs=0) at line 2575
w_name=wl_global_get_display
DEBUG C_PARSER: parsed function wl_global_get_display with 1 params (varargs=0) at line 2578
w_name=wl_global_get_user_data
DEBUG C_PARSER: parsed function wl_global_get_user_data with 1 params (varargs=0) at line 2581
w_name=wl_global_set_user_data
DEBUG C_PARSER: parsed function wl_global_set_user_data with 2 params (varargs=0) at line 2584
w_name=wl_client_create
DEBUG C_PARSER: parsed function wl_client_create with 2 params (varargs=0) at line 2587
w_name=wl_display_get_client_list
DEBUG C_PARSER: parsed function wl_display_get_client_list with 1 params (varargs=0) at line 2590
w_name=wl_client_get_link
DEBUG C_PARSER: parsed function wl_client_get_link with 1 params (varargs=0) at line 2593
w_name=wl_client_from_link
DEBUG C_PARSER: parsed function wl_client_from_link with 1 params (varargs=0) at line 2596
w_name=wl_client_destroy
DEBUG C_PARSER: parsed function wl_client_destroy with 1 params (varargs=0) at line 2605
w_name=wl_client_flush
DEBUG C_PARSER: parsed function wl_client_flush with 1 params (varargs=0) at line 2608
w_name=wl_client_get_credentials
DEBUG C_PARSER: parsed function wl_client_get_credentials with 4 params (varargs=0) at line 2612
w_name=wl_client_get_fd
DEBUG C_PARSER: parsed function wl_client_get_fd with 1 params (varargs=0) at line 2615
w_name=wl_client_add_destroy_listener
DEBUG C_PARSER: parsed function wl_client_add_destroy_listener with 2 params (varargs=0) at line 2619
w_name=wl_client_get_destroy_listener
DEBUG C_PARSER: parsed function wl_client_get_destroy_listener with 2 params (varargs=0) at line 2623
w_name=wl_client_add_destroy_late_listener
DEBUG C_PARSER: parsed function wl_client_add_destroy_late_listener with 2 params (varargs=0) at line 2627
w_name=wl_client_get_destroy_late_listener
DEBUG C_PARSER: parsed function wl_client_get_destroy_late_listener with 2 params (varargs=0) at line 2631
w_name=wl_client_get_object
DEBUG C_PARSER: parsed function wl_client_get_object with 2 params (varargs=0) at line 2634
w_name=wl_client_post_no_memory
DEBUG C_PARSER: parsed function wl_client_post_no_memory with 1 params (varargs=0) at line 2637
w_name=wl_client_post_implementation_error
DEBUG C_PARSER: parsed function wl_client_post_implementation_error with 2 params (varargs=1) at line 2641
w_name=wl_client_add_resource_created_listener
DEBUG C_PARSER: parsed function wl_client_add_resource_created_listener with 2 params (varargs=0) at line 2645
w_name=wl_client_for_each_resource
DEBUG C_PARSER: parsed function wl_client_for_each_resource with 3 params (varargs=0) at line 2655
w_name=wl_client_set_user_data
DEBUG C_PARSER: parsed function wl_client_set_user_data with 3 params (varargs=0) at line 2662
w_name=wl_client_get_user_data
DEBUG C_PARSER: parsed function wl_client_get_user_data with 1 params (varargs=0) at line 2665
w_name=wl_client_set_max_buffer_size
DEBUG C_PARSER: parsed function wl_client_set_max_buffer_size with 2 params (varargs=0) at line 2668
w_name=wl_signal_init
DEBUG C_PARSER: parsed function wl_signal_init with 1 params (varargs=0) at line 2690
w_name=wl_signal_add
DEBUG C_PARSER: parsed function wl_signal_add with 2 params (varargs=0) at line 2696
w_name=wl_signal_get
DEBUG C_PARSER: parsed function wl_signal_get with 2 params (varargs=0) at line 2702
w_name=wl_signal_emit
DEBUG C_PARSER: parsed function wl_signal_emit with 2 params (varargs=0) at line 2714
w_name=wl_signal_emit_mutable
DEBUG C_PARSER: parsed function wl_signal_emit_mutable with 2 params (varargs=0) at line 2722
w_name=wl_resource_post_event
DEBUG C_PARSER: parsed function wl_resource_post_event with 2 params (varargs=1) at line 2728
w_name=wl_resource_post_event_array
DEBUG C_PARSER: parsed function wl_resource_post_event_array with 3 params (varargs=0) at line 2732
w_name=wl_resource_queue_event
DEBUG C_PARSER: parsed function wl_resource_queue_event with 2 params (varargs=1) at line 2736
w_name=wl_resource_queue_event_array
DEBUG C_PARSER: parsed function wl_resource_queue_event_array with 3 params (varargs=0) at line 2740
w_name=wl_resource_post_error_vargs
DEBUG C_PARSER: parsed function wl_resource_post_error_vargs with 4 params (varargs=0) at line 2744
w_name=wl_resource_post_error
DEBUG C_PARSER: parsed function wl_resource_post_error with 3 params (varargs=1) at line 2748
w_name=wl_resource_post_no_memory
DEBUG C_PARSER: parsed function wl_resource_post_no_memory with 1 params (varargs=0) at line 2751
w_name=wl_client_get_display
DEBUG C_PARSER: parsed function wl_client_get_display with 1 params (varargs=0) at line 2754
w_name=wl_resource_create
DEBUG C_PARSER: parsed function wl_resource_create with 4 params (varargs=0) at line 2759
w_name=wl_resource_set_implementation
DEBUG C_PARSER: parsed function wl_resource_set_implementation with 4 params (varargs=0) at line 2765
w_name=wl_resource_set_dispatcher
DEBUG C_PARSER: parsed function wl_resource_set_dispatcher with 5 params (varargs=0) at line 2772
w_name=wl_resource_destroy
DEBUG C_PARSER: parsed function wl_resource_destroy with 1 params (varargs=0) at line 2775
w_name=wl_resource_get_id
DEBUG C_PARSER: parsed function wl_resource_get_id with 1 params (varargs=0) at line 2778
w_name=wl_resource_get_link
DEBUG C_PARSER: parsed function wl_resource_get_link with 1 params (varargs=0) at line 2781
w_name=wl_resource_from_link
DEBUG C_PARSER: parsed function wl_resource_from_link with 1 params (varargs=0) at line 2784
w_name=wl_resource_find_for_client
DEBUG C_PARSER: parsed function wl_resource_find_for_client with 2 params (varargs=0) at line 2787
w_name=wl_resource_get_client
DEBUG C_PARSER: parsed function wl_resource_get_client with 1 params (varargs=0) at line 2790
w_name=wl_resource_set_user_data
DEBUG C_PARSER: parsed function wl_resource_set_user_data with 2 params (varargs=0) at line 2793
w_name=wl_resource_get_user_data
DEBUG C_PARSER: parsed function wl_resource_get_user_data with 1 params (varargs=0) at line 2796
w_name=wl_resource_get_version
DEBUG C_PARSER: parsed function wl_resource_get_version with 1 params (varargs=0) at line 2799
w_name=wl_resource_set_destructor
DEBUG C_PARSER: parsed function wl_resource_set_destructor with 2 params (varargs=0) at line 2803
w_name=wl_resource_instance_of
DEBUG C_PARSER: parsed function wl_resource_instance_of with 3 params (varargs=0) at line 2808
w_name=wl_resource_get_class
DEBUG C_PARSER: parsed function wl_resource_get_class with 1 params (varargs=0) at line 2811
w_name=wl_resource_get_interface
DEBUG C_PARSER: parsed function wl_resource_get_interface with 1 params (varargs=0) at line 2814
w_name=wl_resource_add_destroy_listener
DEBUG C_PARSER: parsed function wl_resource_add_destroy_listener with 2 params (varargs=0) at line 2818
w_name=wl_resource_get_destroy_listener
DEBUG C_PARSER: parsed function wl_resource_get_destroy_listener with 2 params (varargs=0) at line 2822
w_name=wl_shm_buffer_get
DEBUG C_PARSER: parsed function wl_shm_buffer_get with 1 params (varargs=0) at line 2825
w_name=wl_shm_buffer_begin_access
DEBUG C_PARSER: parsed function wl_shm_buffer_begin_access with 1 params (varargs=0) at line 2828
w_name=wl_shm_buffer_end_access
DEBUG C_PARSER: parsed function wl_shm_buffer_end_access with 1 params (varargs=0) at line 2831
w_name=wl_shm_buffer_get_data
DEBUG C_PARSER: parsed function wl_shm_buffer_get_data with 1 params (varargs=0) at line 2834
w_name=wl_shm_buffer_get_stride
DEBUG C_PARSER: parsed function wl_shm_buffer_get_stride with 1 params (varargs=0) at line 2837
w_name=wl_shm_buffer_get_format
DEBUG C_PARSER: parsed function wl_shm_buffer_get_format with 1 params (varargs=0) at line 2840
w_name=wl_shm_buffer_get_width
DEBUG C_PARSER: parsed function wl_shm_buffer_get_width with 1 params (varargs=0) at line 2843
w_name=wl_shm_buffer_get_height
DEBUG C_PARSER: parsed function wl_shm_buffer_get_height with 1 params (varargs=0) at line 2846
w_name=wl_shm_buffer_ref
DEBUG C_PARSER: parsed function wl_shm_buffer_ref with 1 params (varargs=0) at line 2849
w_name=wl_shm_buffer_unref
DEBUG C_PARSER: parsed function wl_shm_buffer_unref with 1 params (varargs=0) at line 2852
w_name=wl_shm_buffer_ref_pool
DEBUG C_PARSER: parsed function wl_shm_buffer_ref_pool with 1 params (varargs=0) at line 2855
w_name=wl_shm_pool_unref
DEBUG C_PARSER: parsed function wl_shm_pool_unref with 1 params (varargs=0) at line 2858
w_name=wl_display_init_shm
DEBUG C_PARSER: parsed function wl_display_init_shm with 1 params (varargs=0) at line 2861
w_name=wl_display_add_shm_format
DEBUG C_PARSER: parsed function wl_display_add_shm_format with 2 params (varargs=0) at line 2864
w_name=wl_log_set_handler_server
DEBUG C_PARSER: parsed function wl_log_set_handler_server with 1 params (varargs=0) at line 2873
w_name=wl_display_add_protocol_logger
DEBUG C_PARSER: parsed function wl_display_add_protocol_logger with 3 params (varargs=0) at line 2895
w_name=wl_protocol_logger_destroy
DEBUG C_PARSER: parsed function wl_protocol_logger_destroy with 1 params (varargs=0) at line 2898
w_name=__bswap_16
DEBUG C_PARSER: parsed function __bswap_16 with 1 params (varargs=0) at line 330
w_name=__bswap_32
DEBUG C_PARSER: parsed function __bswap_32 with 1 params (varargs=0) at line 345
w_name=__bswap_64
DEBUG C_PARSER: parsed function __bswap_64 with 1 params (varargs=0) at line 355
w_name=__uint16_identity
DEBUG C_PARSER: parsed function __uint16_identity with 1 params (varargs=0) at line 367
w_name=__uint32_identity
DEBUG C_PARSER: parsed function __uint32_identity with 1 params (varargs=0) at line 373
w_name=__uint64_identity
DEBUG C_PARSER: parsed function __uint64_identity with 1 params (varargs=0) at line 379
w_name=select
DEBUG C_PARSER: parsed function select with 5 params (varargs=0) at line 485
w_name=pselect
DEBUG C_PARSER: parsed function pselect with 6 params (varargs=0) at line 491
w_name=__fpclassify
DEBUG C_PARSER: parsed function __fpclassify with 1 params (varargs=0) at line 862
w_name=__signbit
DEBUG C_PARSER: parsed function __signbit with 1 params (varargs=0) at line 866
w_name=__isinf
DEBUG C_PARSER: parsed function __isinf with 1 params (varargs=0) at line 871
w_name=__finite
DEBUG C_PARSER: parsed function __finite with 1 params (varargs=0) at line 875
w_name=__isnan
DEBUG C_PARSER: parsed function __isnan with 1 params (varargs=0) at line 879
w_name=__iseqsig
DEBUG C_PARSER: parsed function __iseqsig with 2 params (varargs=0) at line 883
w_name=__issignaling
DEBUG C_PARSER: parsed function __issignaling with 1 params (varargs=0) at line 886
w_name=acos
DEBUG C_PARSER: parsed function acos with 1 params (varargs=0) at line 891
w_name=__acos
DEBUG C_PARSER: parsed function __acos with 1 params (varargs=0) at line 891
w_name=asin
DEBUG C_PARSER: parsed function asin with 1 params (varargs=0) at line 893
w_name=__asin
DEBUG C_PARSER: parsed function __asin with 1 params (varargs=0) at line 893
w_name=atan
DEBUG C_PARSER: parsed function atan with 1 params (varargs=0) at line 895
w_name=__atan
DEBUG C_PARSER: parsed function __atan with 1 params (varargs=0) at line 895
w_name=atan2
DEBUG C_PARSER: parsed function atan2 with 2 params (varargs=0) at line 897
w_name=__atan2
DEBUG C_PARSER: parsed function __atan2 with 2 params (varargs=0) at line 897
w_name=cos
DEBUG C_PARSER: parsed function cos with 1 params (varargs=0) at line 900
w_name=__cos
DEBUG C_PARSER: parsed function __cos with 1 params (varargs=0) at line 900
w_name=sin
DEBUG C_PARSER: parsed function sin with 1 params (varargs=0) at line 902
w_name=__sin
DEBUG C_PARSER: parsed function __sin with 1 params (varargs=0) at line 902
w_name=tan
DEBUG C_PARSER: parsed function tan with 1 params (varargs=0) at line 904
w_name=__tan
DEBUG C_PARSER: parsed function __tan with 1 params (varargs=0) at line 904
w_name=acospi
DEBUG C_PARSER: parsed function acospi with 1 params (varargs=0) at line 908
w_name=__acospi
DEBUG C_PARSER: parsed function __acospi with 1 params (varargs=0) at line 908
w_name=acospi
DEBUG C_PARSER: parsed function acospi with 1 params (varargs=0) at line 909
w_name=__acospi
DEBUG C_PARSER: parsed function __acospi with 1 params (varargs=0) at line 909
w_name=asinpi
DEBUG C_PARSER: parsed function asinpi with 1 params (varargs=0) at line 911
w_name=__asinpi
DEBUG C_PARSER: parsed function __asinpi with 1 params (varargs=0) at line 911
w_name=asinpi
DEBUG C_PARSER: parsed function asinpi with 1 params (varargs=0) at line 912
w_name=__asinpi
DEBUG C_PARSER: parsed function __asinpi with 1 params (varargs=0) at line 912
w_name=atanpi
DEBUG C_PARSER: parsed function atanpi with 1 params (varargs=0) at line 914
w_name=__atanpi
DEBUG C_PARSER: parsed function __atanpi with 1 params (varargs=0) at line 914
w_name=atanpi
DEBUG C_PARSER: parsed function atanpi with 1 params (varargs=0) at line 915
w_name=__atanpi
DEBUG C_PARSER: parsed function __atanpi with 1 params (varargs=0) at line 915
w_name=atan2pi
DEBUG C_PARSER: parsed function atan2pi with 2 params (varargs=0) at line 917
w_name=__atan2pi
DEBUG C_PARSER: parsed function __atan2pi with 2 params (varargs=0) at line 917
w_name=atan2pi
DEBUG C_PARSER: parsed function atan2pi with 2 params (varargs=0) at line 918
w_name=__atan2pi
DEBUG C_PARSER: parsed function __atan2pi with 2 params (varargs=0) at line 918
w_name=cospi
DEBUG C_PARSER: parsed function cospi with 1 params (varargs=0) at line 921
w_name=__cospi
DEBUG C_PARSER: parsed function __cospi with 1 params (varargs=0) at line 921
w_name=sinpi
DEBUG C_PARSER: parsed function sinpi with 1 params (varargs=0) at line 923
w_name=__sinpi
DEBUG C_PARSER: parsed function __sinpi with 1 params (varargs=0) at line 923
w_name=tanpi
DEBUG C_PARSER: parsed function tanpi with 1 params (varargs=0) at line 925
w_name=__tanpi
DEBUG C_PARSER: parsed function __tanpi with 1 params (varargs=0) at line 925
w_name=cosh
DEBUG C_PARSER: parsed function cosh with 1 params (varargs=0) at line 931
w_name=__cosh
DEBUG C_PARSER: parsed function __cosh with 1 params (varargs=0) at line 931
w_name=sinh
DEBUG C_PARSER: parsed function sinh with 1 params (varargs=0) at line 933
w_name=__sinh
DEBUG C_PARSER: parsed function __sinh with 1 params (varargs=0) at line 933
w_name=tanh
DEBUG C_PARSER: parsed function tanh with 1 params (varargs=0) at line 935
w_name=__tanh
DEBUG C_PARSER: parsed function __tanh with 1 params (varargs=0) at line 935
w_name=acosh
DEBUG C_PARSER: parsed function acosh with 1 params (varargs=0) at line 937
w_name=__acosh
DEBUG C_PARSER: parsed function __acosh with 1 params (varargs=0) at line 937
w_name=asinh
DEBUG C_PARSER: parsed function asinh with 1 params (varargs=0) at line 939
w_name=__asinh
DEBUG C_PARSER: parsed function __asinh with 1 params (varargs=0) at line 939
w_name=atanh
DEBUG C_PARSER: parsed function atanh with 1 params (varargs=0) at line 941
w_name=__atanh
DEBUG C_PARSER: parsed function __atanh with 1 params (varargs=0) at line 941
w_name=exp
DEBUG C_PARSER: parsed function exp with 1 params (varargs=0) at line 947
w_name=__exp
DEBUG C_PARSER: parsed function __exp with 1 params (varargs=0) at line 947
w_name=frexp
DEBUG C_PARSER: parsed function frexp with 2 params (varargs=0) at line 950
w_name=__frexp
DEBUG C_PARSER: parsed function __frexp with 2 params (varargs=0) at line 950
w_name=ldexp
DEBUG C_PARSER: parsed function ldexp with 2 params (varargs=0) at line 953
w_name=__ldexp
DEBUG C_PARSER: parsed function __ldexp with 2 params (varargs=0) at line 953
w_name=log
DEBUG C_PARSER: parsed function log with 1 params (varargs=0) at line 956
w_name=__log
DEBUG C_PARSER: parsed function __log with 1 params (varargs=0) at line 956
w_name=log10
DEBUG C_PARSER: parsed function log10 with 1 params (varargs=0) at line 959
w_name=__log10
DEBUG C_PARSER: parsed function __log10 with 1 params (varargs=0) at line 959
w_name=modf
DEBUG C_PARSER: parsed function modf with 2 params (varargs=0) at line 962
w_name=__modf
DEBUG C_PARSER: parsed function __modf with 2 params (varargs=0) at line 962
w_name=exp10
DEBUG C_PARSER: parsed function exp10 with 1 params (varargs=0) at line 966
w_name=__exp10
DEBUG C_PARSER: parsed function __exp10 with 1 params (varargs=0) at line 966
w_name=exp2m1
DEBUG C_PARSER: parsed function exp2m1 with 1 params (varargs=0) at line 969
w_name=__exp2m1
DEBUG C_PARSER: parsed function __exp2m1 with 1 params (varargs=0) at line 969
w_name=exp10m1
DEBUG C_PARSER: parsed function exp10m1 with 1 params (varargs=0) at line 972
w_name=__exp10m1
DEBUG C_PARSER: parsed function __exp10m1 with 1 params (varargs=0) at line 972
w_name=log2p1
DEBUG C_PARSER: parsed function log2p1 with 1 params (varargs=0) at line 975
w_name=__log2p1
DEBUG C_PARSER: parsed function __log2p1 with 1 params (varargs=0) at line 975
w_name=log10p1
DEBUG C_PARSER: parsed function log10p1 with 1 params (varargs=0) at line 978
w_name=__log10p1
DEBUG C_PARSER: parsed function __log10p1 with 1 params (varargs=0) at line 978
w_name=logp1
DEBUG C_PARSER: parsed function logp1 with 1 params (varargs=0) at line 981
w_name=__logp1
DEBUG C_PARSER: parsed function __logp1 with 1 params (varargs=0) at line 981
w_name=expm1
DEBUG C_PARSER: parsed function expm1 with 1 params (varargs=0) at line 986
w_name=__expm1
DEBUG C_PARSER: parsed function __expm1 with 1 params (varargs=0) at line 986
w_name=log1p
DEBUG C_PARSER: parsed function log1p with 1 params (varargs=0) at line 989
w_name=__log1p
DEBUG C_PARSER: parsed function __log1p with 1 params (varargs=0) at line 989
w_name=logb
DEBUG C_PARSER: parsed function logb with 1 params (varargs=0) at line 992
w_name=__logb
DEBUG C_PARSER: parsed function __logb with 1 params (varargs=0) at line 992
w_name=exp2
DEBUG C_PARSER: parsed function exp2 with 1 params (varargs=0) at line 997
w_name=__exp2
DEBUG C_PARSER: parsed function __exp2 with 1 params (varargs=0) at line 997
w_name=log2
DEBUG C_PARSER: parsed function log2 with 1 params (varargs=0) at line 1000
w_name=__log2
DEBUG C_PARSER: parsed function __log2 with 1 params (varargs=0) at line 1000
w_name=pow
DEBUG C_PARSER: parsed function pow with 2 params (varargs=0) at line 1007
w_name=__pow
DEBUG C_PARSER: parsed function __pow with 2 params (varargs=0) at line 1007
w_name=sqrt
DEBUG C_PARSER: parsed function sqrt with 1 params (varargs=0) at line 1010
w_name=__sqrt
DEBUG C_PARSER: parsed function __sqrt with 1 params (varargs=0) at line 1010
w_name=hypot
DEBUG C_PARSER: parsed function hypot with 2 params (varargs=0) at line 1014
w_name=__hypot
DEBUG C_PARSER: parsed function __hypot with 2 params (varargs=0) at line 1014
w_name=cbrt
DEBUG C_PARSER: parsed function cbrt with 1 params (varargs=0) at line 1019
w_name=__cbrt
DEBUG C_PARSER: parsed function __cbrt with 1 params (varargs=0) at line 1019
w_name=compoundn
DEBUG C_PARSER: parsed function compoundn with 2 params (varargs=0) at line 1024
w_name=__compoundn
DEBUG C_PARSER: parsed function __compoundn with 2 params (varargs=0) at line 1024
w_name=pown
DEBUG C_PARSER: parsed function pown with 2 params (varargs=0) at line 1027
w_name=__pown
DEBUG C_PARSER: parsed function __pown with 2 params (varargs=0) at line 1027
w_name=powr
DEBUG C_PARSER: parsed function powr with 2 params (varargs=0) at line 1030
w_name=__powr
DEBUG C_PARSER: parsed function __powr with 2 params (varargs=0) at line 1030
w_name=powr
DEBUG C_PARSER: parsed function powr with 2 params (varargs=0) at line 1031
w_name=__powr
DEBUG C_PARSER: parsed function __powr with 2 params (varargs=0) at line 1031
w_name=rootn
DEBUG C_PARSER: parsed function rootn with 2 params (varargs=0) at line 1034
w_name=__rootn
DEBUG C_PARSER: parsed function __rootn with 2 params (varargs=0) at line 1034
w_name=rsqrt
DEBUG C_PARSER: parsed function rsqrt with 1 params (varargs=0) at line 1037
w_name=__rsqrt
DEBUG C_PARSER: parsed function __rsqrt with 1 params (varargs=0) at line 1037
w_name=ceil
DEBUG C_PARSER: parsed function ceil with 1 params (varargs=0) at line 1044
w_name=fabs
DEBUG C_PARSER: parsed function fabs with 1 params (varargs=0) at line 1047
w_name=floor
DEBUG C_PARSER: parsed function floor with 1 params (varargs=0) at line 1050
w_name=fmod
DEBUG C_PARSER: parsed function fmod with 2 params (varargs=0) at line 1053
w_name=__fmod
DEBUG C_PARSER: parsed function __fmod with 2 params (varargs=0) at line 1053
w_name=isinf
DEBUG C_PARSER: parsed function isinf with 1 params (varargs=0) at line 1055
w_name=finite
DEBUG C_PARSER: parsed function finite with 1 params (varargs=0) at line 1061
w_name=drem
DEBUG C_PARSER: parsed function drem with 2 params (varargs=0) at line 1065
w_name=__drem
DEBUG C_PARSER: parsed function __drem with 2 params (varargs=0) at line 1065
w_name=significand
DEBUG C_PARSER: parsed function significand with 1 params (varargs=0) at line 1069
w_name=__significand
DEBUG C_PARSER: parsed function __significand with 1 params (varargs=0) at line 1069
w_name=copysign
DEBUG C_PARSER: parsed function copysign with 2 params (varargs=0) at line 1076
w_name=nan
DEBUG C_PARSER: parsed function nan with 1 params (varargs=0) at line 1081
w_name=__nan
DEBUG C_PARSER: parsed function __nan with 1 params (varargs=0) at line 1081
w_name=isnan
DEBUG C_PARSER: parsed function isnan with 1 params (varargs=0) at line 1083
w_name=j0
DEBUG C_PARSER: parsed function j0 with 1 params (varargs=0) at line 1090
w_name=__j0
DEBUG C_PARSER: parsed function __j0 with 1 params (varargs=0) at line 1090
w_name=j1
DEBUG C_PARSER: parsed function j1 with 1 params (varargs=0) at line 1091
w_name=__j1
DEBUG C_PARSER: parsed function __j1 with 1 params (varargs=0) at line 1091
w_name=jn
DEBUG C_PARSER: parsed function jn with 2 params (varargs=0) at line 1092
w_name=__jn
DEBUG C_PARSER: parsed function __jn with 2 params (varargs=0) at line 1092
w_name=y0
DEBUG C_PARSER: parsed function y0 with 1 params (varargs=0) at line 1093
w_name=__y0
DEBUG C_PARSER: parsed function __y0 with 1 params (varargs=0) at line 1093
w_name=y1
DEBUG C_PARSER: parsed function y1 with 1 params (varargs=0) at line 1094
w_name=__y1
DEBUG C_PARSER: parsed function __y1 with 1 params (varargs=0) at line 1094
w_name=yn
DEBUG C_PARSER: parsed function yn with 2 params (varargs=0) at line 1095
w_name=__yn
DEBUG C_PARSER: parsed function __yn with 2 params (varargs=0) at line 1095
w_name=erf
DEBUG C_PARSER: parsed function erf with 1 params (varargs=0) at line 1101
w_name=__erf
DEBUG C_PARSER: parsed function __erf with 1 params (varargs=0) at line 1101
w_name=erfc
DEBUG C_PARSER: parsed function erfc with 1 params (varargs=0) at line 1102
w_name=__erfc
DEBUG C_PARSER: parsed function __erfc with 1 params (varargs=0) at line 1102
w_name=lgamma
DEBUG C_PARSER: parsed function lgamma with 1 params (varargs=0) at line 1103
w_name=__lgamma
DEBUG C_PARSER: parsed function __lgamma with 1 params (varargs=0) at line 1103
w_name=tgamma
DEBUG C_PARSER: parsed function tgamma with 1 params (varargs=0) at line 1108
w_name=__tgamma
DEBUG C_PARSER: parsed function __tgamma with 1 params (varargs=0) at line 1108
w_name=gamma
DEBUG C_PARSER: parsed function gamma with 1 params (varargs=0) at line 1114
w_name=__gamma
DEBUG C_PARSER: parsed function __gamma with 1 params (varargs=0) at line 1114
w_name=lgamma_r
DEBUG C_PARSER: parsed function lgamma_r with 2 params (varargs=0) at line 1122
w_name=__lgamma_r
DEBUG C_PARSER: parsed function __lgamma_r with 2 params (varargs=0) at line 1122
w_name=rint
DEBUG C_PARSER: parsed function rint with 1 params (varargs=0) at line 1129
w_name=__rint
DEBUG C_PARSER: parsed function __rint with 1 params (varargs=0) at line 1129
w_name=nextafter
DEBUG C_PARSER: parsed function nextafter with 2 params (varargs=0) at line 1132
w_name=__nextafter
DEBUG C_PARSER: parsed function __nextafter with 2 params (varargs=0) at line 1132
w_name=nexttoward
DEBUG C_PARSER: parsed function nexttoward with 2 params (varargs=0) at line 1134
w_name=__nexttoward
DEBUG C_PARSER: parsed function __nexttoward with 2 params (varargs=0) at line 1134
w_name=nextdown
DEBUG C_PARSER: parsed function nextdown with 1 params (varargs=0) at line 1139
w_name=__nextdown
DEBUG C_PARSER: parsed function __nextdown with 1 params (varargs=0) at line 1139
w_name=nextup
DEBUG C_PARSER: parsed function nextup with 1 params (varargs=0) at line 1141
w_name=__nextup
DEBUG C_PARSER: parsed function __nextup with 1 params (varargs=0) at line 1141
w_name=remainder
DEBUG C_PARSER: parsed function remainder with 2 params (varargs=0) at line 1145
w_name=__remainder
DEBUG C_PARSER: parsed function __remainder with 2 params (varargs=0) at line 1145
w_name=scalbn
DEBUG C_PARSER: parsed function scalbn with 2 params (varargs=0) at line 1149
w_name=__scalbn
DEBUG C_PARSER: parsed function __scalbn with 2 params (varargs=0) at line 1149
w_name=ilogb
DEBUG C_PARSER: parsed function ilogb with 1 params (varargs=0) at line 1153
w_name=__ilogb
DEBUG C_PARSER: parsed function __ilogb with 1 params (varargs=0) at line 1153
w_name=llogb
DEBUG C_PARSER: parsed function llogb with 1 params (varargs=0) at line 1158
w_name=__llogb
DEBUG C_PARSER: parsed function __llogb with 1 params (varargs=0) at line 1158
w_name=scalbln
DEBUG C_PARSER: parsed function scalbln with 2 params (varargs=0) at line 1163
w_name=__scalbln
DEBUG C_PARSER: parsed function __scalbln with 2 params (varargs=0) at line 1163
w_name=nearbyint
DEBUG C_PARSER: parsed function nearbyint with 1 params (varargs=0) at line 1167
w_name=__nearbyint
DEBUG C_PARSER: parsed function __nearbyint with 1 params (varargs=0) at line 1167
w_name=round
DEBUG C_PARSER: parsed function round with 1 params (varargs=0) at line 1171
w_name=trunc
DEBUG C_PARSER: parsed function trunc with 1 params (varargs=0) at line 1175
w_name=remquo
DEBUG C_PARSER: parsed function remquo with 3 params (varargs=0) at line 1180
w_name=__remquo
DEBUG C_PARSER: parsed function __remquo with 3 params (varargs=0) at line 1180
w_name=lrint
DEBUG C_PARSER: parsed function lrint with 1 params (varargs=0) at line 1187
w_name=__lrint
DEBUG C_PARSER: parsed function __lrint with 1 params (varargs=0) at line 1187
w_name=llrint
DEBUG C_PARSER: parsed function llrint with 1 params (varargs=0) at line 1189
w_name=__llrint
DEBUG C_PARSER: parsed function __llrint with 1 params (varargs=0) at line 1189
w_name=lround
DEBUG C_PARSER: parsed function lround with 1 params (varargs=0) at line 1193
w_name=__lround
DEBUG C_PARSER: parsed function __lround with 1 params (varargs=0) at line 1193
w_name=llround
DEBUG C_PARSER: parsed function llround with 1 params (varargs=0) at line 1195
w_name=__llround
DEBUG C_PARSER: parsed function __llround with 1 params (varargs=0) at line 1195
w_name=fdim
DEBUG C_PARSER: parsed function fdim with 2 params (varargs=0) at line 1199
w_name=__fdim
DEBUG C_PARSER: parsed function __fdim with 2 params (varargs=0) at line 1199
w_name=fmax
DEBUG C_PARSER: parsed function fmax with 2 params (varargs=0) at line 1203
w_name=fmin
DEBUG C_PARSER: parsed function fmin with 2 params (varargs=0) at line 1206
w_name=fma
DEBUG C_PARSER: parsed function fma with 3 params (varargs=0) at line 1210
w_name=__fma
DEBUG C_PARSER: parsed function __fma with 3 params (varargs=0) at line 1210
w_name=roundeven
DEBUG C_PARSER: parsed function roundeven with 1 params (varargs=0) at line 1215
w_name=fromfp
DEBUG C_PARSER: parsed function fromfp with 3 params (varargs=0) at line 1219
w_name=__fromfp
DEBUG C_PARSER: parsed function __fromfp with 3 params (varargs=0) at line 1219
w_name=ufromfp
DEBUG C_PARSER: parsed function ufromfp with 3 params (varargs=0) at line 1223
w_name=__ufromfp
DEBUG C_PARSER: parsed function __ufromfp with 3 params (varargs=0) at line 1223
w_name=fromfpx
DEBUG C_PARSER: parsed function fromfpx with 3 params (varargs=0) at line 1228
w_name=__fromfpx
DEBUG C_PARSER: parsed function __fromfpx with 3 params (varargs=0) at line 1228
w_name=ufromfpx
DEBUG C_PARSER: parsed function ufromfpx with 3 params (varargs=0) at line 1233
w_name=__ufromfpx
DEBUG C_PARSER: parsed function __ufromfpx with 3 params (varargs=0) at line 1233
w_name=canonicalize
DEBUG C_PARSER: parsed function canonicalize with 2 params (varargs=0) at line 1236
w_name=fmaximum
DEBUG C_PARSER: parsed function fmaximum with 2 params (varargs=0) at line 1238
w_name=fminimum
DEBUG C_PARSER: parsed function fminimum with 2 params (varargs=0) at line 1241
w_name=fmaximum_num
DEBUG C_PARSER: parsed function fmaximum_num with 2 params (varargs=0) at line 1244
w_name=fminimum_num
DEBUG C_PARSER: parsed function fminimum_num with 2 params (varargs=0) at line 1247
w_name=fmaximum_mag
DEBUG C_PARSER: parsed function fmaximum_mag with 2 params (varargs=0) at line 1250
w_name=fminimum_mag
DEBUG C_PARSER: parsed function fminimum_mag with 2 params (varargs=0) at line 1253
w_name=fmaximum_mag_num
DEBUG C_PARSER: parsed function fmaximum_mag_num with 2 params (varargs=0) at line 1256
w_name=fminimum_mag_num
DEBUG C_PARSER: parsed function fminimum_mag_num with 2 params (varargs=0) at line 1259
w_name=scalb
DEBUG C_PARSER: parsed function scalb with 2 params (varargs=0) at line 1261
w_name=__scalb
DEBUG C_PARSER: parsed function __scalb with 2 params (varargs=0) at line 1261
w_name=__fpclassifyf
DEBUG C_PARSER: parsed function __fpclassifyf with 1 params (varargs=0) at line 1266
w_name=__signbitf
DEBUG C_PARSER: parsed function __signbitf with 1 params (varargs=0) at line 1270
w_name=__isinff
DEBUG C_PARSER: parsed function __isinff with 1 params (varargs=0) at line 1275
w_name=__finitef
DEBUG C_PARSER: parsed function __finitef with 1 params (varargs=0) at line 1279
w_name=__isnanf
DEBUG C_PARSER: parsed function __isnanf with 1 params (varargs=0) at line 1283
w_name=__iseqsigf
DEBUG C_PARSER: parsed function __iseqsigf with 2 params (varargs=0) at line 1287
w_name=__issignalingf
DEBUG C_PARSER: parsed function __issignalingf with 1 params (varargs=0) at line 1290
w_name=acosf
DEBUG C_PARSER: parsed function acosf with 1 params (varargs=0) at line 1295
w_name=__acosf
DEBUG C_PARSER: parsed function __acosf with 1 params (varargs=0) at line 1295
w_name=asinf
DEBUG C_PARSER: parsed function asinf with 1 params (varargs=0) at line 1297
w_name=__asinf
DEBUG C_PARSER: parsed function __asinf with 1 params (varargs=0) at line 1297
w_name=atanf
DEBUG C_PARSER: parsed function atanf with 1 params (varargs=0) at line 1299
w_name=__atanf
DEBUG C_PARSER: parsed function __atanf with 1 params (varargs=0) at line 1299
w_name=atan2f
DEBUG C_PARSER: parsed function atan2f with 2 params (varargs=0) at line 1301
w_name=__atan2f
DEBUG C_PARSER: parsed function __atan2f with 2 params (varargs=0) at line 1301
w_name=cosf
DEBUG C_PARSER: parsed function cosf with 1 params (varargs=0) at line 1304
w_name=__cosf
DEBUG C_PARSER: parsed function __cosf with 1 params (varargs=0) at line 1304
w_name=sinf
DEBUG C_PARSER: parsed function sinf with 1 params (varargs=0) at line 1306
w_name=__sinf
DEBUG C_PARSER: parsed function __sinf with 1 params (varargs=0) at line 1306
w_name=tanf
DEBUG C_PARSER: parsed function tanf with 1 params (varargs=0) at line 1308
w_name=__tanf
DEBUG C_PARSER: parsed function __tanf with 1 params (varargs=0) at line 1308
w_name=acospif
DEBUG C_PARSER: parsed function acospif with 1 params (varargs=0) at line 1312
w_name=__acospif
DEBUG C_PARSER: parsed function __acospif with 1 params (varargs=0) at line 1312
w_name=acospif
DEBUG C_PARSER: parsed function acospif with 1 params (varargs=0) at line 1313
w_name=__acospif
DEBUG C_PARSER: parsed function __acospif with 1 params (varargs=0) at line 1313
w_name=asinpif
DEBUG C_PARSER: parsed function asinpif with 1 params (varargs=0) at line 1315
w_name=__asinpif
DEBUG C_PARSER: parsed function __asinpif with 1 params (varargs=0) at line 1315
w_name=asinpif
DEBUG C_PARSER: parsed function asinpif with 1 params (varargs=0) at line 1316
w_name=__asinpif
DEBUG C_PARSER: parsed function __asinpif with 1 params (varargs=0) at line 1316
w_name=atanpif
DEBUG C_PARSER: parsed function atanpif with 1 params (varargs=0) at line 1318
w_name=__atanpif
DEBUG C_PARSER: parsed function __atanpif with 1 params (varargs=0) at line 1318
w_name=atanpif
DEBUG C_PARSER: parsed function atanpif with 1 params (varargs=0) at line 1319
w_name=__atanpif
DEBUG C_PARSER: parsed function __atanpif with 1 params (varargs=0) at line 1319
w_name=atan2pif
DEBUG C_PARSER: parsed function atan2pif with 2 params (varargs=0) at line 1321
w_name=__atan2pif
DEBUG C_PARSER: parsed function __atan2pif with 2 params (varargs=0) at line 1321
w_name=atan2pif
DEBUG C_PARSER: parsed function atan2pif with 2 params (varargs=0) at line 1322
w_name=__atan2pif
DEBUG C_PARSER: parsed function __atan2pif with 2 params (varargs=0) at line 1322
w_name=cospif
DEBUG C_PARSER: parsed function cospif with 1 params (varargs=0) at line 1325
w_name=__cospif
DEBUG C_PARSER: parsed function __cospif with 1 params (varargs=0) at line 1325
w_name=sinpif
DEBUG C_PARSER: parsed function sinpif with 1 params (varargs=0) at line 1327
w_name=__sinpif
DEBUG C_PARSER: parsed function __sinpif with 1 params (varargs=0) at line 1327
w_name=tanpif
DEBUG C_PARSER: parsed function tanpif with 1 params (varargs=0) at line 1329
w_name=__tanpif
DEBUG C_PARSER: parsed function __tanpif with 1 params (varargs=0) at line 1329
w_name=coshf
DEBUG C_PARSER: parsed function coshf with 1 params (varargs=0) at line 1335
w_name=__coshf
DEBUG C_PARSER: parsed function __coshf with 1 params (varargs=0) at line 1335
w_name=sinhf
DEBUG C_PARSER: parsed function sinhf with 1 params (varargs=0) at line 1337
w_name=__sinhf
DEBUG C_PARSER: parsed function __sinhf with 1 params (varargs=0) at line 1337
w_name=tanhf
DEBUG C_PARSER: parsed function tanhf with 1 params (varargs=0) at line 1339
w_name=__tanhf
DEBUG C_PARSER: parsed function __tanhf with 1 params (varargs=0) at line 1339
w_name=acoshf
DEBUG C_PARSER: parsed function acoshf with 1 params (varargs=0) at line 1341
w_name=__acoshf
DEBUG C_PARSER: parsed function __acoshf with 1 params (varargs=0) at line 1341
w_name=asinhf
DEBUG C_PARSER: parsed function asinhf with 1 params (varargs=0) at line 1343
w_name=__asinhf
DEBUG C_PARSER: parsed function __asinhf with 1 params (varargs=0) at line 1343
w_name=atanhf
DEBUG C_PARSER: parsed function atanhf with 1 params (varargs=0) at line 1345
w_name=__atanhf
DEBUG C_PARSER: parsed function __atanhf with 1 params (varargs=0) at line 1345
w_name=expf
DEBUG C_PARSER: parsed function expf with 1 params (varargs=0) at line 1351
w_name=__expf
DEBUG C_PARSER: parsed function __expf with 1 params (varargs=0) at line 1351
w_name=frexpf
DEBUG C_PARSER: parsed function frexpf with 2 params (varargs=0) at line 1354
w_name=__frexpf
DEBUG C_PARSER: parsed function __frexpf with 2 params (varargs=0) at line 1354
w_name=ldexpf
DEBUG C_PARSER: parsed function ldexpf with 2 params (varargs=0) at line 1357
w_name=__ldexpf
DEBUG C_PARSER: parsed function __ldexpf with 2 params (varargs=0) at line 1357
w_name=logf
DEBUG C_PARSER: parsed function logf with 1 params (varargs=0) at line 1360
w_name=__logf
DEBUG C_PARSER: parsed function __logf with 1 params (varargs=0) at line 1360
w_name=log10f
DEBUG C_PARSER: parsed function log10f with 1 params (varargs=0) at line 1363
w_name=__log10f
DEBUG C_PARSER: parsed function __log10f with 1 params (varargs=0) at line 1363
w_name=modff
DEBUG C_PARSER: parsed function modff with 2 params (varargs=0) at line 1366
w_name=__modff
DEBUG C_PARSER: parsed function __modff with 2 params (varargs=0) at line 1366
w_name=exp10f
DEBUG C_PARSER: parsed function exp10f with 1 params (varargs=0) at line 1370
w_name=__exp10f
DEBUG C_PARSER: parsed function __exp10f with 1 params (varargs=0) at line 1370
w_name=exp2m1f
DEBUG C_PARSER: parsed function exp2m1f with 1 params (varargs=0) at line 1373
w_name=__exp2m1f
DEBUG C_PARSER: parsed function __exp2m1f with 1 params (varargs=0) at line 1373
w_name=exp10m1f
DEBUG C_PARSER: parsed function exp10m1f with 1 params (varargs=0) at line 1376
w_name=__exp10m1f
DEBUG C_PARSER: parsed function __exp10m1f with 1 params (varargs=0) at line 1376
w_name=log2p1f
DEBUG C_PARSER: parsed function log2p1f with 1 params (varargs=0) at line 1379
w_name=__log2p1f
DEBUG C_PARSER: parsed function __log2p1f with 1 params (varargs=0) at line 1379
w_name=log10p1f
DEBUG C_PARSER: parsed function log10p1f with 1 params (varargs=0) at line 1382
w_name=__log10p1f
DEBUG C_PARSER: parsed function __log10p1f with 1 params (varargs=0) at line 1382
w_name=logp1f
DEBUG C_PARSER: parsed function logp1f with 1 params (varargs=0) at line 1385
w_name=__logp1f
DEBUG C_PARSER: parsed function __logp1f with 1 params (varargs=0) at line 1385
w_name=expm1f
DEBUG C_PARSER: parsed function expm1f with 1 params (varargs=0) at line 1390
w_name=__expm1f
DEBUG C_PARSER: parsed function __expm1f with 1 params (varargs=0) at line 1390
w_name=log1pf
DEBUG C_PARSER: parsed function log1pf with 1 params (varargs=0) at line 1393
w_name=__log1pf
DEBUG C_PARSER: parsed function __log1pf with 1 params (varargs=0) at line 1393
w_name=logbf
DEBUG C_PARSER: parsed function logbf with 1 params (varargs=0) at line 1396
w_name=__logbf
DEBUG C_PARSER: parsed function __logbf with 1 params (varargs=0) at line 1396
w_name=exp2f
DEBUG C_PARSER: parsed function exp2f with 1 params (varargs=0) at line 1401
w_name=__exp2f
DEBUG C_PARSER: parsed function __exp2f with 1 params (varargs=0) at line 1401
w_name=log2f
DEBUG C_PARSER: parsed function log2f with 1 params (varargs=0) at line 1404
w_name=__log2f
DEBUG C_PARSER: parsed function __log2f with 1 params (varargs=0) at line 1404
w_name=powf
DEBUG C_PARSER: parsed function powf with 2 params (varargs=0) at line 1411
w_name=__powf
DEBUG C_PARSER: parsed function __powf with 2 params (varargs=0) at line 1411
w_name=sqrtf
DEBUG C_PARSER: parsed function sqrtf with 1 params (varargs=0) at line 1414
w_name=__sqrtf
DEBUG C_PARSER: parsed function __sqrtf with 1 params (varargs=0) at line 1414
w_name=hypotf
DEBUG C_PARSER: parsed function hypotf with 2 params (varargs=0) at line 1418
w_name=__hypotf
DEBUG C_PARSER: parsed function __hypotf with 2 params (varargs=0) at line 1418
w_name=cbrtf
DEBUG C_PARSER: parsed function cbrtf with 1 params (varargs=0) at line 1423
w_name=__cbrtf
DEBUG C_PARSER: parsed function __cbrtf with 1 params (varargs=0) at line 1423
w_name=compoundnf
DEBUG C_PARSER: parsed function compoundnf with 2 params (varargs=0) at line 1428
w_name=__compoundnf
DEBUG C_PARSER: parsed function __compoundnf with 2 params (varargs=0) at line 1428
w_name=pownf
DEBUG C_PARSER: parsed function pownf with 2 params (varargs=0) at line 1431
w_name=__pownf
DEBUG C_PARSER: parsed function __pownf with 2 params (varargs=0) at line 1431
w_name=powrf
DEBUG C_PARSER: parsed function powrf with 2 params (varargs=0) at line 1434
w_name=__powrf
DEBUG C_PARSER: parsed function __powrf with 2 params (varargs=0) at line 1434
w_name=powrf
DEBUG C_PARSER: parsed function powrf with 2 params (varargs=0) at line 1435
w_name=__powrf
DEBUG C_PARSER: parsed function __powrf with 2 params (varargs=0) at line 1435
w_name=rootnf
DEBUG C_PARSER: parsed function rootnf with 2 params (varargs=0) at line 1438
w_name=__rootnf
DEBUG C_PARSER: parsed function __rootnf with 2 params (varargs=0) at line 1438
w_name=rsqrtf
DEBUG C_PARSER: parsed function rsqrtf with 1 params (varargs=0) at line 1441
w_name=__rsqrtf
DEBUG C_PARSER: parsed function __rsqrtf with 1 params (varargs=0) at line 1441
w_name=ceilf
DEBUG C_PARSER: parsed function ceilf with 1 params (varargs=0) at line 1448
w_name=fabsf
DEBUG C_PARSER: parsed function fabsf with 1 params (varargs=0) at line 1451
w_name=floorf
DEBUG C_PARSER: parsed function floorf with 1 params (varargs=0) at line 1454
w_name=fmodf
DEBUG C_PARSER: parsed function fmodf with 2 params (varargs=0) at line 1457
w_name=__fmodf
DEBUG C_PARSER: parsed function __fmodf with 2 params (varargs=0) at line 1457
w_name=isinff
DEBUG C_PARSER: parsed function isinff with 1 params (varargs=0) at line 1459
w_name=finitef
DEBUG C_PARSER: parsed function finitef with 1 params (varargs=0) at line 1465
w_name=dremf
DEBUG C_PARSER: parsed function dremf with 2 params (varargs=0) at line 1469
w_name=__dremf
DEBUG C_PARSER: parsed function __dremf with 2 params (varargs=0) at line 1469
w_name=significandf
DEBUG C_PARSER: parsed function significandf with 1 params (varargs=0) at line 1473
w_name=__significandf
DEBUG C_PARSER: parsed function __significandf with 1 params (varargs=0) at line 1473
w_name=copysignf
DEBUG C_PARSER: parsed function copysignf with 2 params (varargs=0) at line 1480
w_name=nanf
DEBUG C_PARSER: parsed function nanf with 1 params (varargs=0) at line 1485
w_name=__nanf
DEBUG C_PARSER: parsed function __nanf with 1 params (varargs=0) at line 1485
w_name=isnanf
DEBUG C_PARSER: parsed function isnanf with 1 params (varargs=0) at line 1487
w_name=j0f
DEBUG C_PARSER: parsed function j0f with 1 params (varargs=0) at line 1494
w_name=__j0f
DEBUG C_PARSER: parsed function __j0f with 1 params (varargs=0) at line 1494
w_name=j1f
DEBUG C_PARSER: parsed function j1f with 1 params (varargs=0) at line 1495
w_name=__j1f
DEBUG C_PARSER: parsed function __j1f with 1 params (varargs=0) at line 1495
w_name=jnf
DEBUG C_PARSER: parsed function jnf with 2 params (varargs=0) at line 1496
w_name=__jnf
DEBUG C_PARSER: parsed function __jnf with 2 params (varargs=0) at line 1496
w_name=y0f
DEBUG C_PARSER: parsed function y0f with 1 params (varargs=0) at line 1497
w_name=__y0f
DEBUG C_PARSER: parsed function __y0f with 1 params (varargs=0) at line 1497
w_name=y1f
DEBUG C_PARSER: parsed function y1f with 1 params (varargs=0) at line 1498
w_name=__y1f
DEBUG C_PARSER: parsed function __y1f with 1 params (varargs=0) at line 1498
w_name=ynf
DEBUG C_PARSER: parsed function ynf with 2 params (varargs=0) at line 1499
w_name=__ynf
DEBUG C_PARSER: parsed function __ynf with 2 params (varargs=0) at line 1499
w_name=erff
DEBUG C_PARSER: parsed function erff with 1 params (varargs=0) at line 1505
w_name=__erff
DEBUG C_PARSER: parsed function __erff with 1 params (varargs=0) at line 1505
w_name=erfcf
DEBUG C_PARSER: parsed function erfcf with 1 params (varargs=0) at line 1506
w_name=__erfcf
DEBUG C_PARSER: parsed function __erfcf with 1 params (varargs=0) at line 1506
w_name=lgammaf
DEBUG C_PARSER: parsed function lgammaf with 1 params (varargs=0) at line 1507
w_name=__lgammaf
DEBUG C_PARSER: parsed function __lgammaf with 1 params (varargs=0) at line 1507
w_name=tgammaf
DEBUG C_PARSER: parsed function tgammaf with 1 params (varargs=0) at line 1512
w_name=__tgammaf
DEBUG C_PARSER: parsed function __tgammaf with 1 params (varargs=0) at line 1512
w_name=gammaf
DEBUG C_PARSER: parsed function gammaf with 1 params (varargs=0) at line 1518
w_name=__gammaf
DEBUG C_PARSER: parsed function __gammaf with 1 params (varargs=0) at line 1518
w_name=lgammaf_r
DEBUG C_PARSER: parsed function lgammaf_r with 2 params (varargs=0) at line 1526
w_name=__lgammaf_r
DEBUG C_PARSER: parsed function __lgammaf_r with 2 params (varargs=0) at line 1526
w_name=rintf
DEBUG C_PARSER: parsed function rintf with 1 params (varargs=0) at line 1533
w_name=__rintf
DEBUG C_PARSER: parsed function __rintf with 1 params (varargs=0) at line 1533
w_name=nextafterf
DEBUG C_PARSER: parsed function nextafterf with 2 params (varargs=0) at line 1536
w_name=__nextafterf
DEBUG C_PARSER: parsed function __nextafterf with 2 params (varargs=0) at line 1536
w_name=nexttowardf
DEBUG C_PARSER: parsed function nexttowardf with 2 params (varargs=0) at line 1538
w_name=__nexttowardf
DEBUG C_PARSER: parsed function __nexttowardf with 2 params (varargs=0) at line 1538
w_name=nextdownf
DEBUG C_PARSER: parsed function nextdownf with 1 params (varargs=0) at line 1543
w_name=__nextdownf
DEBUG C_PARSER: parsed function __nextdownf with 1 params (varargs=0) at line 1543
w_name=nextupf
DEBUG C_PARSER: parsed function nextupf with 1 params (varargs=0) at line 1545
w_name=__nextupf
DEBUG C_PARSER: parsed function __nextupf with 1 params (varargs=0) at line 1545
w_name=remainderf
DEBUG C_PARSER: parsed function remainderf with 2 params (varargs=0) at line 1549
w_name=__remainderf
DEBUG C_PARSER: parsed function __remainderf with 2 params (varargs=0) at line 1549
w_name=scalbnf
DEBUG C_PARSER: parsed function scalbnf with 2 params (varargs=0) at line 1553
w_name=__scalbnf
DEBUG C_PARSER: parsed function __scalbnf with 2 params (varargs=0) at line 1553
w_name=ilogbf
DEBUG C_PARSER: parsed function ilogbf with 1 params (varargs=0) at line 1557
w_name=__ilogbf
DEBUG C_PARSER: parsed function __ilogbf with 1 params (varargs=0) at line 1557
w_name=llogbf
DEBUG C_PARSER: parsed function llogbf with 1 params (varargs=0) at line 1562
w_name=__llogbf
DEBUG C_PARSER: parsed function __llogbf with 1 params (varargs=0) at line 1562
w_name=scalblnf
DEBUG C_PARSER: parsed function scalblnf with 2 params (varargs=0) at line 1567
w_name=__scalblnf
DEBUG C_PARSER: parsed function __scalblnf with 2 params (varargs=0) at line 1567
w_name=nearbyintf
DEBUG C_PARSER: parsed function nearbyintf with 1 params (varargs=0) at line 1571
w_name=__nearbyintf
DEBUG C_PARSER: parsed function __nearbyintf with 1 params (varargs=0) at line 1571
w_name=roundf
DEBUG C_PARSER: parsed function roundf with 1 params (varargs=0) at line 1575
w_name=truncf
DEBUG C_PARSER: parsed function truncf with 1 params (varargs=0) at line 1579
w_name=remquof
DEBUG C_PARSER: parsed function remquof with 3 params (varargs=0) at line 1584
w_name=__remquof
DEBUG C_PARSER: parsed function __remquof with 3 params (varargs=0) at line 1584
w_name=lrintf
DEBUG C_PARSER: parsed function lrintf with 1 params (varargs=0) at line 1591
w_name=__lrintf
DEBUG C_PARSER: parsed function __lrintf with 1 params (varargs=0) at line 1591
w_name=llrintf
DEBUG C_PARSER: parsed function llrintf with 1 params (varargs=0) at line 1593
w_name=__llrintf
DEBUG C_PARSER: parsed function __llrintf with 1 params (varargs=0) at line 1593
w_name=lroundf
DEBUG C_PARSER: parsed function lroundf with 1 params (varargs=0) at line 1597
w_name=__lroundf
DEBUG C_PARSER: parsed function __lroundf with 1 params (varargs=0) at line 1597
w_name=llroundf
DEBUG C_PARSER: parsed function llroundf with 1 params (varargs=0) at line 1599
w_name=__llroundf
DEBUG C_PARSER: parsed function __llroundf with 1 params (varargs=0) at line 1599
w_name=fdimf
DEBUG C_PARSER: parsed function fdimf with 2 params (varargs=0) at line 1603
w_name=__fdimf
DEBUG C_PARSER: parsed function __fdimf with 2 params (varargs=0) at line 1603
w_name=fmaxf
DEBUG C_PARSER: parsed function fmaxf with 2 params (varargs=0) at line 1607
w_name=fminf
DEBUG C_PARSER: parsed function fminf with 2 params (varargs=0) at line 1610
w_name=fmaf
DEBUG C_PARSER: parsed function fmaf with 3 params (varargs=0) at line 1614
w_name=__fmaf
DEBUG C_PARSER: parsed function __fmaf with 3 params (varargs=0) at line 1614
w_name=roundevenf
DEBUG C_PARSER: parsed function roundevenf with 1 params (varargs=0) at line 1619
w_name=fromfpf
DEBUG C_PARSER: parsed function fromfpf with 3 params (varargs=0) at line 1623
w_name=__fromfpf
DEBUG C_PARSER: parsed function __fromfpf with 3 params (varargs=0) at line 1623
w_name=ufromfpf
DEBUG C_PARSER: parsed function ufromfpf with 3 params (varargs=0) at line 1627
w_name=__ufromfpf
DEBUG C_PARSER: parsed function __ufromfpf with 3 params (varargs=0) at line 1627
w_name=fromfpxf
DEBUG C_PARSER: parsed function fromfpxf with 3 params (varargs=0) at line 1632
w_name=__fromfpxf
DEBUG C_PARSER: parsed function __fromfpxf with 3 params (varargs=0) at line 1632
w_name=ufromfpxf
DEBUG C_PARSER: parsed function ufromfpxf with 3 params (varargs=0) at line 1637
w_name=__ufromfpxf
DEBUG C_PARSER: parsed function __ufromfpxf with 3 params (varargs=0) at line 1637
w_name=canonicalizef
DEBUG C_PARSER: parsed function canonicalizef with 2 params (varargs=0) at line 1640
w_name=fmaximumf
DEBUG C_PARSER: parsed function fmaximumf with 2 params (varargs=0) at line 1642
w_name=fminimumf
DEBUG C_PARSER: parsed function fminimumf with 2 params (varargs=0) at line 1645
w_name=fmaximum_numf
DEBUG C_PARSER: parsed function fmaximum_numf with 2 params (varargs=0) at line 1648
w_name=fminimum_numf
DEBUG C_PARSER: parsed function fminimum_numf with 2 params (varargs=0) at line 1651
w_name=fmaximum_magf
DEBUG C_PARSER: parsed function fmaximum_magf with 2 params (varargs=0) at line 1654
w_name=fminimum_magf
DEBUG C_PARSER: parsed function fminimum_magf with 2 params (varargs=0) at line 1657
w_name=fmaximum_mag_numf
DEBUG C_PARSER: parsed function fmaximum_mag_numf with 2 params (varargs=0) at line 1660
w_name=fminimum_mag_numf
DEBUG C_PARSER: parsed function fminimum_mag_numf with 2 params (varargs=0) at line 1663
w_name=scalbf
DEBUG C_PARSER: parsed function scalbf with 2 params (varargs=0) at line 1665
w_name=__scalbf
DEBUG C_PARSER: parsed function __scalbf with 2 params (varargs=0) at line 1665
w_name=__fpclassifyl
DEBUG C_PARSER: parsed function __fpclassifyl with 1 params (varargs=0) at line 1670
w_name=__signbitl
DEBUG C_PARSER: parsed function __signbitl with 1 params (varargs=0) at line 1674
w_name=__isinfl
DEBUG C_PARSER: parsed function __isinfl with 1 params (varargs=0) at line 1679
w_name=__finitel
DEBUG C_PARSER: parsed function __finitel with 1 params (varargs=0) at line 1683
w_name=__isnanl
DEBUG C_PARSER: parsed function __isnanl with 1 params (varargs=0) at line 1687
w_name=__iseqsigl
DEBUG C_PARSER: parsed function __iseqsigl with 2 params (varargs=0) at line 1691
w_name=__issignalingl
DEBUG C_PARSER: parsed function __issignalingl with 1 params (varargs=0) at line 1694
w_name=acosl
DEBUG C_PARSER: parsed function acosl with 1 params (varargs=0) at line 1699
w_name=__acosl
DEBUG C_PARSER: parsed function __acosl with 1 params (varargs=0) at line 1699
w_name=asinl
DEBUG C_PARSER: parsed function asinl with 1 params (varargs=0) at line 1701
w_name=__asinl
DEBUG C_PARSER: parsed function __asinl with 1 params (varargs=0) at line 1701
w_name=atanl
DEBUG C_PARSER: parsed function atanl with 1 params (varargs=0) at line 1703
w_name=__atanl
DEBUG C_PARSER: parsed function __atanl with 1 params (varargs=0) at line 1703
w_name=atan2l
DEBUG C_PARSER: parsed function atan2l with 2 params (varargs=0) at line 1705
w_name=__atan2l
DEBUG C_PARSER: parsed function __atan2l with 2 params (varargs=0) at line 1705
w_name=cosl
DEBUG C_PARSER: parsed function cosl with 1 params (varargs=0) at line 1708
w_name=__cosl
DEBUG C_PARSER: parsed function __cosl with 1 params (varargs=0) at line 1708
w_name=sinl
DEBUG C_PARSER: parsed function sinl with 1 params (varargs=0) at line 1710
w_name=__sinl
DEBUG C_PARSER: parsed function __sinl with 1 params (varargs=0) at line 1710
w_name=tanl
DEBUG C_PARSER: parsed function tanl with 1 params (varargs=0) at line 1712
w_name=__tanl
DEBUG C_PARSER: parsed function __tanl with 1 params (varargs=0) at line 1712
w_name=acospil
DEBUG C_PARSER: parsed function acospil with 1 params (varargs=0) at line 1716
w_name=__acospil
DEBUG C_PARSER: parsed function __acospil with 1 params (varargs=0) at line 1716
w_name=acospil
DEBUG C_PARSER: parsed function acospil with 1 params (varargs=0) at line 1717
w_name=__acospil
DEBUG C_PARSER: parsed function __acospil with 1 params (varargs=0) at line 1717
w_name=asinpil
DEBUG C_PARSER: parsed function asinpil with 1 params (varargs=0) at line 1719
w_name=__asinpil
DEBUG C_PARSER: parsed function __asinpil with 1 params (varargs=0) at line 1719
w_name=asinpil
DEBUG C_PARSER: parsed function asinpil with 1 params (varargs=0) at line 1720
w_name=__asinpil
DEBUG C_PARSER: parsed function __asinpil with 1 params (varargs=0) at line 1720
w_name=atanpil
DEBUG C_PARSER: parsed function atanpil with 1 params (varargs=0) at line 1722
w_name=__atanpil
DEBUG C_PARSER: parsed function __atanpil with 1 params (varargs=0) at line 1722
w_name=atanpil
DEBUG C_PARSER: parsed function atanpil with 1 params (varargs=0) at line 1723
w_name=__atanpil
DEBUG C_PARSER: parsed function __atanpil with 1 params (varargs=0) at line 1723
w_name=atan2pil
DEBUG C_PARSER: parsed function atan2pil with 2 params (varargs=0) at line 1725
w_name=__atan2pil
DEBUG C_PARSER: parsed function __atan2pil with 2 params (varargs=0) at line 1725
w_name=atan2pil
DEBUG C_PARSER: parsed function atan2pil with 2 params (varargs=0) at line 1726
w_name=__atan2pil
DEBUG C_PARSER: parsed function __atan2pil with 2 params (varargs=0) at line 1726
w_name=cospil
DEBUG C_PARSER: parsed function cospil with 1 params (varargs=0) at line 1729
w_name=__cospil
DEBUG C_PARSER: parsed function __cospil with 1 params (varargs=0) at line 1729
w_name=sinpil
DEBUG C_PARSER: parsed function sinpil with 1 params (varargs=0) at line 1731
w_name=__sinpil
DEBUG C_PARSER: parsed function __sinpil with 1 params (varargs=0) at line 1731
w_name=tanpil
DEBUG C_PARSER: parsed function tanpil with 1 params (varargs=0) at line 1733
w_name=__tanpil
DEBUG C_PARSER: parsed function __tanpil with 1 params (varargs=0) at line 1733
w_name=coshl
DEBUG C_PARSER: parsed function coshl with 1 params (varargs=0) at line 1739
w_name=__coshl
DEBUG C_PARSER: parsed function __coshl with 1 params (varargs=0) at line 1739
w_name=sinhl
DEBUG C_PARSER: parsed function sinhl with 1 params (varargs=0) at line 1741
w_name=__sinhl
DEBUG C_PARSER: parsed function __sinhl with 1 params (varargs=0) at line 1741
w_name=tanhl
DEBUG C_PARSER: parsed function tanhl with 1 params (varargs=0) at line 1743
w_name=__tanhl
DEBUG C_PARSER: parsed function __tanhl with 1 params (varargs=0) at line 1743
w_name=acoshl
DEBUG C_PARSER: parsed function acoshl with 1 params (varargs=0) at line 1745
w_name=__acoshl
DEBUG C_PARSER: parsed function __acoshl with 1 params (varargs=0) at line 1745
w_name=asinhl
DEBUG C_PARSER: parsed function asinhl with 1 params (varargs=0) at line 1747
w_name=__asinhl
DEBUG C_PARSER: parsed function __asinhl with 1 params (varargs=0) at line 1747
w_name=atanhl
DEBUG C_PARSER: parsed function atanhl with 1 params (varargs=0) at line 1749
w_name=__atanhl
DEBUG C_PARSER: parsed function __atanhl with 1 params (varargs=0) at line 1749
w_name=expl
DEBUG C_PARSER: parsed function expl with 1 params (varargs=0) at line 1755
w_name=__expl
DEBUG C_PARSER: parsed function __expl with 1 params (varargs=0) at line 1755
w_name=frexpl
DEBUG C_PARSER: parsed function frexpl with 2 params (varargs=0) at line 1758
w_name=__frexpl
DEBUG C_PARSER: parsed function __frexpl with 2 params (varargs=0) at line 1758
w_name=ldexpl
DEBUG C_PARSER: parsed function ldexpl with 2 params (varargs=0) at line 1761
w_name=__ldexpl
DEBUG C_PARSER: parsed function __ldexpl with 2 params (varargs=0) at line 1761
w_name=logl
DEBUG C_PARSER: parsed function logl with 1 params (varargs=0) at line 1764
w_name=__logl
DEBUG C_PARSER: parsed function __logl with 1 params (varargs=0) at line 1764
w_name=log10l
DEBUG C_PARSER: parsed function log10l with 1 params (varargs=0) at line 1767
w_name=__log10l
DEBUG C_PARSER: parsed function __log10l with 1 params (varargs=0) at line 1767
w_name=modfl
DEBUG C_PARSER: parsed function modfl with 2 params (varargs=0) at line 1770
w_name=__modfl
DEBUG C_PARSER: parsed function __modfl with 2 params (varargs=0) at line 1770
w_name=exp10l
DEBUG C_PARSER: parsed function exp10l with 1 params (varargs=0) at line 1774
w_name=__exp10l
DEBUG C_PARSER: parsed function __exp10l with 1 params (varargs=0) at line 1774
w_name=exp2m1l
DEBUG C_PARSER: parsed function exp2m1l with 1 params (varargs=0) at line 1777
w_name=__exp2m1l
DEBUG C_PARSER: parsed function __exp2m1l with 1 params (varargs=0) at line 1777
w_name=exp10m1l
DEBUG C_PARSER: parsed function exp10m1l with 1 params (varargs=0) at line 1780
w_name=__exp10m1l
DEBUG C_PARSER: parsed function __exp10m1l with 1 params (varargs=0) at line 1780
w_name=log2p1l
DEBUG C_PARSER: parsed function log2p1l with 1 params (varargs=0) at line 1783
w_name=__log2p1l
DEBUG C_PARSER: parsed function __log2p1l with 1 params (varargs=0) at line 1783
w_name=log10p1l
DEBUG C_PARSER: parsed function log10p1l with 1 params (varargs=0) at line 1786
w_name=__log10p1l
DEBUG C_PARSER: parsed function __log10p1l with 1 params (varargs=0) at line 1786
w_name=logp1l
DEBUG C_PARSER: parsed function logp1l with 1 params (varargs=0) at line 1789
w_name=__logp1l
DEBUG C_PARSER: parsed function __logp1l with 1 params (varargs=0) at line 1789
w_name=expm1l
DEBUG C_PARSER: parsed function expm1l with 1 params (varargs=0) at line 1794
w_name=__expm1l
DEBUG C_PARSER: parsed function __expm1l with 1 params (varargs=0) at line 1794
w_name=log1pl
DEBUG C_PARSER: parsed function log1pl with 1 params (varargs=0) at line 1797
w_name=__log1pl
DEBUG C_PARSER: parsed function __log1pl with 1 params (varargs=0) at line 1797
w_name=logbl
DEBUG C_PARSER: parsed function logbl with 1 params (varargs=0) at line 1800
w_name=__logbl
DEBUG C_PARSER: parsed function __logbl with 1 params (varargs=0) at line 1800
w_name=exp2l
DEBUG C_PARSER: parsed function exp2l with 1 params (varargs=0) at line 1805
w_name=__exp2l
DEBUG C_PARSER: parsed function __exp2l with 1 params (varargs=0) at line 1805
w_name=log2l
DEBUG C_PARSER: parsed function log2l with 1 params (varargs=0) at line 1808
w_name=__log2l
DEBUG C_PARSER: parsed function __log2l with 1 params (varargs=0) at line 1808
w_name=powl
DEBUG C_PARSER: parsed function powl with 2 params (varargs=0) at line 1815
w_name=__powl
DEBUG C_PARSER: parsed function __powl with 2 params (varargs=0) at line 1815
w_name=sqrtl
DEBUG C_PARSER: parsed function sqrtl with 1 params (varargs=0) at line 1818
w_name=__sqrtl
DEBUG C_PARSER: parsed function __sqrtl with 1 params (varargs=0) at line 1818
w_name=hypotl
DEBUG C_PARSER: parsed function hypotl with 2 params (varargs=0) at line 1822
w_name=__hypotl
DEBUG C_PARSER: parsed function __hypotl with 2 params (varargs=0) at line 1822
w_name=cbrtl
DEBUG C_PARSER: parsed function cbrtl with 1 params (varargs=0) at line 1827
w_name=__cbrtl
DEBUG C_PARSER: parsed function __cbrtl with 1 params (varargs=0) at line 1827
w_name=compoundnl
DEBUG C_PARSER: parsed function compoundnl with 2 params (varargs=0) at line 1832
w_name=__compoundnl
DEBUG C_PARSER: parsed function __compoundnl with 2 params (varargs=0) at line 1832
w_name=pownl
DEBUG C_PARSER: parsed function pownl with 2 params (varargs=0) at line 1835
w_name=__pownl
DEBUG C_PARSER: parsed function __pownl with 2 params (varargs=0) at line 1835
w_name=powrl
DEBUG C_PARSER: parsed function powrl with 2 params (varargs=0) at line 1838
w_name=__powrl
DEBUG C_PARSER: parsed function __powrl with 2 params (varargs=0) at line 1838
w_name=powrl
DEBUG C_PARSER: parsed function powrl with 2 params (varargs=0) at line 1839
w_name=__powrl
DEBUG C_PARSER: parsed function __powrl with 2 params (varargs=0) at line 1839
w_name=rootnl
DEBUG C_PARSER: parsed function rootnl with 2 params (varargs=0) at line 1842
w_name=__rootnl
DEBUG C_PARSER: parsed function __rootnl with 2 params (varargs=0) at line 1842
w_name=rsqrtl
DEBUG C_PARSER: parsed function rsqrtl with 1 params (varargs=0) at line 1845
w_name=__rsqrtl
DEBUG C_PARSER: parsed function __rsqrtl with 1 params (varargs=0) at line 1845
w_name=ceill
DEBUG C_PARSER: parsed function ceill with 1 params (varargs=0) at line 1852
w_name=fabsl
DEBUG C_PARSER: parsed function fabsl with 1 params (varargs=0) at line 1855
w_name=floorl
DEBUG C_PARSER: parsed function floorl with 1 params (varargs=0) at line 1858
w_name=fmodl
DEBUG C_PARSER: parsed function fmodl with 2 params (varargs=0) at line 1861
w_name=__fmodl
DEBUG C_PARSER: parsed function __fmodl with 2 params (varargs=0) at line 1861
w_name=isinfl
DEBUG C_PARSER: parsed function isinfl with 1 params (varargs=0) at line 1863
w_name=finitel
DEBUG C_PARSER: parsed function finitel with 1 params (varargs=0) at line 1869
w_name=dreml
DEBUG C_PARSER: parsed function dreml with 2 params (varargs=0) at line 1873
w_name=__dreml
DEBUG C_PARSER: parsed function __dreml with 2 params (varargs=0) at line 1873
w_name=significandl
DEBUG C_PARSER: parsed function significandl with 1 params (varargs=0) at line 1877
w_name=__significandl
DEBUG C_PARSER: parsed function __significandl with 1 params (varargs=0) at line 1877
w_name=copysignl
DEBUG C_PARSER: parsed function copysignl with 2 params (varargs=0) at line 1884
w_name=nanl
DEBUG C_PARSER: parsed function nanl with 1 params (varargs=0) at line 1889
w_name=__nanl
DEBUG C_PARSER: parsed function __nanl with 1 params (varargs=0) at line 1889
w_name=isnanl
DEBUG C_PARSER: parsed function isnanl with 1 params (varargs=0) at line 1891
w_name=j0l
DEBUG C_PARSER: parsed function j0l with 1 params (varargs=0) at line 1898
w_name=__j0l
DEBUG C_PARSER: parsed function __j0l with 1 params (varargs=0) at line 1898
w_name=j1l
DEBUG C_PARSER: parsed function j1l with 1 params (varargs=0) at line 1899
w_name=__j1l
DEBUG C_PARSER: parsed function __j1l with 1 params (varargs=0) at line 1899
w_name=jnl
DEBUG C_PARSER: parsed function jnl with 2 params (varargs=0) at line 1900
w_name=__jnl
DEBUG C_PARSER: parsed function __jnl with 2 params (varargs=0) at line 1900
w_name=y0l
DEBUG C_PARSER: parsed function y0l with 1 params (varargs=0) at line 1901
w_name=__y0l
DEBUG C_PARSER: parsed function __y0l with 1 params (varargs=0) at line 1901
w_name=y1l
DEBUG C_PARSER: parsed function y1l with 1 params (varargs=0) at line 1902
w_name=__y1l
DEBUG C_PARSER: parsed function __y1l with 1 params (varargs=0) at line 1902
w_name=ynl
DEBUG C_PARSER: parsed function ynl with 2 params (varargs=0) at line 1903
w_name=__ynl
DEBUG C_PARSER: parsed function __ynl with 2 params (varargs=0) at line 1903
w_name=erfl
DEBUG C_PARSER: parsed function erfl with 1 params (varargs=0) at line 1909
w_name=__erfl
DEBUG C_PARSER: parsed function __erfl with 1 params (varargs=0) at line 1909
w_name=erfcl
DEBUG C_PARSER: parsed function erfcl with 1 params (varargs=0) at line 1910
w_name=__erfcl
DEBUG C_PARSER: parsed function __erfcl with 1 params (varargs=0) at line 1910
w_name=lgammal
DEBUG C_PARSER: parsed function lgammal with 1 params (varargs=0) at line 1911
w_name=__lgammal
DEBUG C_PARSER: parsed function __lgammal with 1 params (varargs=0) at line 1911
w_name=tgammal
DEBUG C_PARSER: parsed function tgammal with 1 params (varargs=0) at line 1916
w_name=__tgammal
DEBUG C_PARSER: parsed function __tgammal with 1 params (varargs=0) at line 1916
w_name=gammal
DEBUG C_PARSER: parsed function gammal with 1 params (varargs=0) at line 1922
w_name=__gammal
DEBUG C_PARSER: parsed function __gammal with 1 params (varargs=0) at line 1922
w_name=lgammal_r
DEBUG C_PARSER: parsed function lgammal_r with 2 params (varargs=0) at line 1930
w_name=__lgammal_r
DEBUG C_PARSER: parsed function __lgammal_r with 2 params (varargs=0) at line 1930
w_name=rintl
DEBUG C_PARSER: parsed function rintl with 1 params (varargs=0) at line 1937
w_name=__rintl
DEBUG C_PARSER: parsed function __rintl with 1 params (varargs=0) at line 1937
w_name=nextafterl
DEBUG C_PARSER: parsed function nextafterl with 2 params (varargs=0) at line 1940
w_name=__nextafterl
DEBUG C_PARSER: parsed function __nextafterl with 2 params (varargs=0) at line 1940
w_name=nexttowardl
DEBUG C_PARSER: parsed function nexttowardl with 2 params (varargs=0) at line 1942
w_name=__nexttowardl
DEBUG C_PARSER: parsed function __nexttowardl with 2 params (varargs=0) at line 1942
w_name=nextdownl
DEBUG C_PARSER: parsed function nextdownl with 1 params (varargs=0) at line 1947
w_name=__nextdownl
DEBUG C_PARSER: parsed function __nextdownl with 1 params (varargs=0) at line 1947
w_name=nextupl
DEBUG C_PARSER: parsed function nextupl with 1 params (varargs=0) at line 1949
w_name=__nextupl
DEBUG C_PARSER: parsed function __nextupl with 1 params (varargs=0) at line 1949
w_name=remainderl
DEBUG C_PARSER: parsed function remainderl with 2 params (varargs=0) at line 1953
w_name=__remainderl
DEBUG C_PARSER: parsed function __remainderl with 2 params (varargs=0) at line 1953
w_name=scalbnl
DEBUG C_PARSER: parsed function scalbnl with 2 params (varargs=0) at line 1957
w_name=__scalbnl
DEBUG C_PARSER: parsed function __scalbnl with 2 params (varargs=0) at line 1957
w_name=ilogbl
DEBUG C_PARSER: parsed function ilogbl with 1 params (varargs=0) at line 1961
w_name=__ilogbl
DEBUG C_PARSER: parsed function __ilogbl with 1 params (varargs=0) at line 1961
w_name=llogbl
DEBUG C_PARSER: parsed function llogbl with 1 params (varargs=0) at line 1966
w_name=__llogbl
DEBUG C_PARSER: parsed function __llogbl with 1 params (varargs=0) at line 1966
w_name=scalblnl
DEBUG C_PARSER: parsed function scalblnl with 2 params (varargs=0) at line 1971
w_name=__scalblnl
DEBUG C_PARSER: parsed function __scalblnl with 2 params (varargs=0) at line 1971
w_name=nearbyintl
DEBUG C_PARSER: parsed function nearbyintl with 1 params (varargs=0) at line 1975
w_name=__nearbyintl
DEBUG C_PARSER: parsed function __nearbyintl with 1 params (varargs=0) at line 1975
w_name=roundl
DEBUG C_PARSER: parsed function roundl with 1 params (varargs=0) at line 1979
w_name=truncl
DEBUG C_PARSER: parsed function truncl with 1 params (varargs=0) at line 1983
w_name=remquol
DEBUG C_PARSER: parsed function remquol with 3 params (varargs=0) at line 1988
w_name=__remquol
DEBUG C_PARSER: parsed function __remquol with 3 params (varargs=0) at line 1988
w_name=lrintl
DEBUG C_PARSER: parsed function lrintl with 1 params (varargs=0) at line 1995
w_name=__lrintl
DEBUG C_PARSER: parsed function __lrintl with 1 params (varargs=0) at line 1995
w_name=llrintl
DEBUG C_PARSER: parsed function llrintl with 1 params (varargs=0) at line 1997
w_name=__llrintl
DEBUG C_PARSER: parsed function __llrintl with 1 params (varargs=0) at line 1997
w_name=lroundl
DEBUG C_PARSER: parsed function lroundl with 1 params (varargs=0) at line 2001
w_name=__lroundl
DEBUG C_PARSER: parsed function __lroundl with 1 params (varargs=0) at line 2001
w_name=llroundl
DEBUG C_PARSER: parsed function llroundl with 1 params (varargs=0) at line 2003
w_name=__llroundl
DEBUG C_PARSER: parsed function __llroundl with 1 params (varargs=0) at line 2003
w_name=fdiml
DEBUG C_PARSER: parsed function fdiml with 2 params (varargs=0) at line 2007
w_name=__fdiml
DEBUG C_PARSER: parsed function __fdiml with 2 params (varargs=0) at line 2007
w_name=fmaxl
DEBUG C_PARSER: parsed function fmaxl with 2 params (varargs=0) at line 2011
w_name=fminl
DEBUG C_PARSER: parsed function fminl with 2 params (varargs=0) at line 2014
w_name=fmal
DEBUG C_PARSER: parsed function fmal with 3 params (varargs=0) at line 2018
w_name=__fmal
DEBUG C_PARSER: parsed function __fmal with 3 params (varargs=0) at line 2018
w_name=roundevenl
DEBUG C_PARSER: parsed function roundevenl with 1 params (varargs=0) at line 2023
w_name=fromfpl
DEBUG C_PARSER: parsed function fromfpl with 3 params (varargs=0) at line 2027
w_name=__fromfpl
DEBUG C_PARSER: parsed function __fromfpl with 3 params (varargs=0) at line 2027
w_name=ufromfpl
DEBUG C_PARSER: parsed function ufromfpl with 3 params (varargs=0) at line 2031
w_name=__ufromfpl
DEBUG C_PARSER: parsed function __ufromfpl with 3 params (varargs=0) at line 2031
w_name=fromfpxl
DEBUG C_PARSER: parsed function fromfpxl with 3 params (varargs=0) at line 2036
w_name=__fromfpxl
DEBUG C_PARSER: parsed function __fromfpxl with 3 params (varargs=0) at line 2036
w_name=ufromfpxl
DEBUG C_PARSER: parsed function ufromfpxl with 3 params (varargs=0) at line 2041
w_name=__ufromfpxl
DEBUG C_PARSER: parsed function __ufromfpxl with 3 params (varargs=0) at line 2041
w_name=canonicalizel
DEBUG C_PARSER: parsed function canonicalizel with 2 params (varargs=0) at line 2044
w_name=fmaximuml
DEBUG C_PARSER: parsed function fmaximuml with 2 params (varargs=0) at line 2046
w_name=fminimuml
DEBUG C_PARSER: parsed function fminimuml with 2 params (varargs=0) at line 2049
w_name=fmaximum_numl
DEBUG C_PARSER: parsed function fmaximum_numl with 2 params (varargs=0) at line 2052
w_name=fminimum_numl
DEBUG C_PARSER: parsed function fminimum_numl with 2 params (varargs=0) at line 2055
w_name=fmaximum_magl
DEBUG C_PARSER: parsed function fmaximum_magl with 2 params (varargs=0) at line 2058
w_name=fminimum_magl
DEBUG C_PARSER: parsed function fminimum_magl with 2 params (varargs=0) at line 2061
w_name=fmaximum_mag_numl
DEBUG C_PARSER: parsed function fmaximum_mag_numl with 2 params (varargs=0) at line 2064
w_name=fminimum_mag_numl
DEBUG C_PARSER: parsed function fminimum_mag_numl with 2 params (varargs=0) at line 2067
w_name=scalbl
DEBUG C_PARSER: parsed function scalbl with 2 params (varargs=0) at line 2069
w_name=__scalbl
DEBUG C_PARSER: parsed function __scalbl with 2 params (varargs=0) at line 2069
w_name=__fpclassifyf128
DEBUG C_PARSER: parsed function __fpclassifyf128 with 1 params (varargs=0) at line 2074
w_name=__signbitf128
DEBUG C_PARSER: parsed function __signbitf128 with 1 params (varargs=0) at line 2078
w_name=__isinff128
DEBUG C_PARSER: parsed function __isinff128 with 1 params (varargs=0) at line 2083
w_name=__finitef128
DEBUG C_PARSER: parsed function __finitef128 with 1 params (varargs=0) at line 2087
w_name=__isnanf128
DEBUG C_PARSER: parsed function __isnanf128 with 1 params (varargs=0) at line 2091
w_name=__iseqsigf128
DEBUG C_PARSER: parsed function __iseqsigf128 with 2 params (varargs=0) at line 2095
w_name=__issignalingf128
DEBUG C_PARSER: parsed function __issignalingf128 with 1 params (varargs=0) at line 2098
w_name=fadd
DEBUG C_PARSER: parsed function fadd with 2 params (varargs=0) at line 2104
w_name=fdiv
DEBUG C_PARSER: parsed function fdiv with 2 params (varargs=0) at line 2107
w_name=ffma
DEBUG C_PARSER: parsed function ffma with 3 params (varargs=0) at line 2110
w_name=fmul
DEBUG C_PARSER: parsed function fmul with 2 params (varargs=0) at line 2113
w_name=fsqrt
DEBUG C_PARSER: parsed function fsqrt with 1 params (varargs=0) at line 2116
w_name=fsub
DEBUG C_PARSER: parsed function fsub with 2 params (varargs=0) at line 2119
w_name=faddl
DEBUG C_PARSER: parsed function faddl with 2 params (varargs=0) at line 2124
w_name=fdivl
DEBUG C_PARSER: parsed function fdivl with 2 params (varargs=0) at line 2127
w_name=ffmal
DEBUG C_PARSER: parsed function ffmal with 3 params (varargs=0) at line 2130
w_name=fmull
DEBUG C_PARSER: parsed function fmull with 2 params (varargs=0) at line 2133
w_name=fsqrtl
DEBUG C_PARSER: parsed function fsqrtl with 1 params (varargs=0) at line 2136
w_name=fsubl
DEBUG C_PARSER: parsed function fsubl with 2 params (varargs=0) at line 2139
w_name=daddl
DEBUG C_PARSER: parsed function daddl with 2 params (varargs=0) at line 2144
w_name=ddivl
DEBUG C_PARSER: parsed function ddivl with 2 params (varargs=0) at line 2147
w_name=dfmal
DEBUG C_PARSER: parsed function dfmal with 3 params (varargs=0) at line 2150
w_name=dmull
DEBUG C_PARSER: parsed function dmull with 2 params (varargs=0) at line 2153
w_name=dsqrtl
DEBUG C_PARSER: parsed function dsqrtl with 1 params (varargs=0) at line 2156
w_name=dsubl
DEBUG C_PARSER: parsed function dsubl with 2 params (varargs=0) at line 2159
w_name=__iscanonicall
DEBUG C_PARSER: parsed function __iscanonicall with 1 params (varargs=0) at line 2186
w_name=imaxabs
DEBUG C_PARSER: parsed function imaxabs with 1 params (varargs=0) at line 2220
w_name=imaxdiv
DEBUG C_PARSER: parsed function imaxdiv with 2 params (varargs=0) at line 2229
w_name=strtoimax
DEBUG C_PARSER: parsed function strtoimax with 3 params (varargs=0) at line 2233
w_name=strtoumax
DEBUG C_PARSER: parsed function strtoumax with 3 params (varargs=0) at line 2237
w_name=wcstoimax
DEBUG C_PARSER: parsed function wcstoimax with 3 params (varargs=0) at line 2242
w_name=wcstoumax
DEBUG C_PARSER: parsed function wcstoumax with 3 params (varargs=0) at line 2247
w_name=strtoimax
DEBUG C_PARSER: parsed function strtoimax with 3 params (varargs=0) at line 2253
w_name=strtoumax
DEBUG C_PARSER: parsed function strtoumax with 3 params (varargs=0) at line 2256
w_name=wcstoimax
DEBUG C_PARSER: parsed function wcstoimax with 3 params (varargs=0) at line 2259
w_name=wcstoumax
DEBUG C_PARSER: parsed function wcstoumax with 3 params (varargs=0) at line 2263
w_name=wl_list_init
DEBUG C_PARSER: parsed function wl_list_init with 1 params (varargs=0) at line 2311
w_name=wl_list_insert
DEBUG C_PARSER: parsed function wl_list_insert with 2 params (varargs=0) at line 2314
w_name=wl_list_remove
DEBUG C_PARSER: parsed function wl_list_remove with 1 params (varargs=0) at line 2317
w_name=wl_list_length
DEBUG C_PARSER: parsed function wl_list_length with 1 params (varargs=0) at line 2320
w_name=wl_list_empty
DEBUG C_PARSER: parsed function wl_list_empty with 1 params (varargs=0) at line 2323
w_name=wl_list_insert_list
DEBUG C_PARSER: parsed function wl_list_insert_list with 2 params (varargs=0) at line 2326
w_name=wl_array_init
DEBUG C_PARSER: parsed function wl_array_init with 1 params (varargs=0) at line 2338
w_name=wl_array_release
DEBUG C_PARSER: parsed function wl_array_release with 1 params (varargs=0) at line 2341
w_name=wl_array_add
DEBUG C_PARSER: parsed function wl_array_add with 2 params (varargs=0) at line 2344
w_name=wl_array_copy
DEBUG C_PARSER: parsed function wl_array_copy with 2 params (varargs=0) at line 2347
w_name=wl_fixed_to_double
DEBUG C_PARSER: parsed function wl_fixed_to_double with 1 params (varargs=0) at line 2353
w_name=wl_fixed_from_double
DEBUG C_PARSER: parsed function wl_fixed_from_double with 1 params (varargs=0) at line 2359
w_name=wl_fixed_to_int
DEBUG C_PARSER: parsed function wl_fixed_to_int with 1 params (varargs=0) at line 2365
w_name=wl_fixed_from_int
DEBUG C_PARSER: parsed function wl_fixed_from_int with 1 params (varargs=0) at line 2371
w_name=wl_event_loop_create
DEBUG C_PARSER: parsed function wl_event_loop_create with 0 params (varargs=0) at line 2428
w_name=wl_event_loop_destroy
DEBUG C_PARSER: parsed function wl_event_loop_destroy with 1 params (varargs=0) at line 2431
w_name=wl_event_loop_add_fd
DEBUG C_PARSER: parsed function wl_event_loop_add_fd with 5 params (varargs=0) at line 2437
w_name=wl_event_source_fd_update
DEBUG C_PARSER: parsed function wl_event_source_fd_update with 2 params (varargs=0) at line 2440
w_name=wl_event_loop_add_timer
DEBUG C_PARSER: parsed function wl_event_loop_add_timer with 3 params (varargs=0) at line 2445
w_name=wl_event_loop_add_signal
DEBUG C_PARSER: parsed function wl_event_loop_add_signal with 4 params (varargs=0) at line 2451
w_name=wl_event_source_timer_update
DEBUG C_PARSER: parsed function wl_event_source_timer_update with 2 params (varargs=0) at line 2455
w_name=wl_event_source_remove
DEBUG C_PARSER: parsed function wl_event_source_remove with 1 params (varargs=0) at line 2458
w_name=wl_event_source_check
DEBUG C_PARSER: parsed function wl_event_source_check with 1 params (varargs=0) at line 2461
w_name=wl_event_loop_dispatch
DEBUG C_PARSER: parsed function wl_event_loop_dispatch with 2 params (varargs=0) at line 2464
w_name=wl_event_loop_dispatch_idle
DEBUG C_PARSER: parsed function wl_event_loop_dispatch_idle with 1 params (varargs=0) at line 2467
w_name=wl_event_loop_add_idle
DEBUG C_PARSER: parsed function wl_event_loop_add_idle with 3 params (varargs=0) at line 2472
w_name=wl_event_loop_get_fd
DEBUG C_PARSER: parsed function wl_event_loop_get_fd with 1 params (varargs=0) at line 2475
w_name=wl_event_loop_add_destroy_listener
DEBUG C_PARSER: parsed function wl_event_loop_add_destroy_listener with 2 params (varargs=0) at line 2483
w_name=wl_event_loop_get_destroy_listener
DEBUG C_PARSER: parsed function wl_event_loop_get_destroy_listener with 2 params (varargs=0) at line 2487
w_name=wl_display_create
DEBUG C_PARSER: parsed function wl_display_create with 0 params (varargs=0) at line 2490
w_name=wl_display_destroy
DEBUG C_PARSER: parsed function wl_display_destroy with 1 params (varargs=0) at line 2493
w_name=wl_display_get_event_loop
DEBUG C_PARSER: parsed function wl_display_get_event_loop with 1 params (varargs=0) at line 2496
w_name=wl_display_add_socket
DEBUG C_PARSER: parsed function wl_display_add_socket with 2 params (varargs=0) at line 2499
w_name=wl_display_add_socket_auto
DEBUG C_PARSER: parsed function wl_display_add_socket_auto with 1 params (varargs=0) at line 2502
w_name=wl_display_add_socket_fd
DEBUG C_PARSER: parsed function wl_display_add_socket_fd with 2 params (varargs=0) at line 2505
w_name=wl_display_terminate
DEBUG C_PARSER: parsed function wl_display_terminate with 1 params (varargs=0) at line 2508
w_name=wl_display_run
DEBUG C_PARSER: parsed function wl_display_run with 1 params (varargs=0) at line 2511
w_name=wl_display_flush_clients
DEBUG C_PARSER: parsed function wl_display_flush_clients with 1 params (varargs=0) at line 2514
w_name=wl_display_destroy_clients
DEBUG C_PARSER: parsed function wl_display_destroy_clients with 1 params (varargs=0) at line 2517
w_name=wl_display_set_default_max_buffer_size
DEBUG C_PARSER: parsed function wl_display_set_default_max_buffer_size with 2 params (varargs=0) at line 2521
w_name=wl_display_get_serial
DEBUG C_PARSER: parsed function wl_display_get_serial with 1 params (varargs=0) at line 2529
w_name=wl_display_next_serial
DEBUG C_PARSER: parsed function wl_display_next_serial with 1 params (varargs=0) at line 2532
w_name=wl_display_add_destroy_listener
DEBUG C_PARSER: parsed function wl_display_add_destroy_listener with 2 params (varargs=0) at line 2536
w_name=wl_display_add_client_created_listener
DEBUG C_PARSER: parsed function wl_display_add_client_created_listener with 2 params (varargs=0) at line 2540
w_name=wl_display_get_destroy_listener
DEBUG C_PARSER: parsed function wl_display_get_destroy_listener with 2 params (varargs=0) at line 2544
w_name=wl_global_create
DEBUG C_PARSER: parsed function wl_global_create with 5 params (varargs=0) at line 2550
w_name=wl_global_remove
DEBUG C_PARSER: parsed function wl_global_remove with 1 params (varargs=0) at line 2553
w_name=wl_global_destroy
DEBUG C_PARSER: parsed function wl_global_destroy with 1 params (varargs=0) at line 2556
w_name=wl_display_set_global_filter
DEBUG C_PARSER: parsed function wl_display_set_global_filter with 3 params (varargs=0) at line 2565
w_name=wl_global_get_interface
DEBUG C_PARSER: parsed function wl_global_get_interface with 1 params (varargs=0) at line 2568
w_name=wl_global_get_name
DEBUG C_PARSER: parsed function wl_global_get_name with 2 params (varargs=0) at line 2572
w_name=wl_global_get_version
DEBUG C_PARSER: parsed function wl_global_get_version with 1 params (varargs=0) at line 2575
w_name=wl_global_get_display
DEBUG C_PARSER: parsed function wl_global_get_display with 1 params (varargs=0) at line 2578
w_name=wl_global_get_user_data
DEBUG C_PARSER: parsed function wl_global_get_user_data with 1 params (varargs=0) at line 2581
w_name=wl_global_set_user_data
DEBUG C_PARSER: parsed function wl_global_set_user_data with 2 params (varargs=0) at line 2584
w_name=wl_client_create
DEBUG C_PARSER: parsed function wl_client_create with 2 params (varargs=0) at line 2587
w_name=wl_display_get_client_list
DEBUG C_PARSER: parsed function wl_display_get_client_list with 1 params (varargs=0) at line 2590
w_name=wl_client_get_link
DEBUG C_PARSER: parsed function wl_client_get_link with 1 params (varargs=0) at line 2593
w_name=wl_client_from_link
DEBUG C_PARSER: parsed function wl_client_from_link with 1 params (varargs=0) at line 2596
w_name=wl_client_destroy
DEBUG C_PARSER: parsed function wl_client_destroy with 1 params (varargs=0) at line 2605
w_name=wl_client_flush
DEBUG C_PARSER: parsed function wl_client_flush with 1 params (varargs=0) at line 2608
w_name=wl_client_get_credentials
DEBUG C_PARSER: parsed function wl_client_get_credentials with 4 params (varargs=0) at line 2612
w_name=wl_client_get_fd
DEBUG C_PARSER: parsed function wl_client_get_fd with 1 params (varargs=0) at line 2615
w_name=wl_client_add_destroy_listener
DEBUG C_PARSER: parsed function wl_client_add_destroy_listener with 2 params (varargs=0) at line 2619
w_name=wl_client_get_destroy_listener
DEBUG C_PARSER: parsed function wl_client_get_destroy_listener with 2 params (varargs=0) at line 2623
w_name=wl_client_add_destroy_late_listener
DEBUG C_PARSER: parsed function wl_client_add_destroy_late_listener with 2 params (varargs=0) at line 2627
w_name=wl_client_get_destroy_late_listener
DEBUG C_PARSER: parsed function wl_client_get_destroy_late_listener with 2 params (varargs=0) at line 2631
w_name=wl_client_get_object
DEBUG C_PARSER: parsed function wl_client_get_object with 2 params (varargs=0) at line 2634
w_name=wl_client_post_no_memory
DEBUG C_PARSER: parsed function wl_client_post_no_memory with 1 params (varargs=0) at line 2637
w_name=wl_client_post_implementation_error
DEBUG C_PARSER: parsed function wl_client_post_implementation_error with 2 params (varargs=1) at line 2641
w_name=wl_client_add_resource_created_listener
DEBUG C_PARSER: parsed function wl_client_add_resource_created_listener with 2 params (varargs=0) at line 2645
w_name=wl_client_for_each_resource
DEBUG C_PARSER: parsed function wl_client_for_each_resource with 3 params (varargs=0) at line 2655
w_name=wl_client_set_user_data
DEBUG C_PARSER: parsed function wl_client_set_user_data with 3 params (varargs=0) at line 2662
w_name=wl_client_get_user_data
DEBUG C_PARSER: parsed function wl_client_get_user_data with 1 params (varargs=0) at line 2665
w_name=wl_client_set_max_buffer_size
DEBUG C_PARSER: parsed function wl_client_set_max_buffer_size with 2 params (varargs=0) at line 2668
w_name=wl_signal_init
DEBUG C_PARSER: parsed function wl_signal_init with 1 params (varargs=0) at line 2690
w_name=wl_signal_add
DEBUG C_PARSER: parsed function wl_signal_add with 2 params (varargs=0) at line 2696
w_name=wl_signal_get
DEBUG C_PARSER: parsed function wl_signal_get with 2 params (varargs=0) at line 2702
w_name=wl_signal_emit
DEBUG C_PARSER: parsed function wl_signal_emit with 2 params (varargs=0) at line 2714
w_name=wl_signal_emit_mutable
DEBUG C_PARSER: parsed function wl_signal_emit_mutable with 2 params (varargs=0) at line 2722
w_name=wl_resource_post_event
DEBUG C_PARSER: parsed function wl_resource_post_event with 2 params (varargs=1) at line 2728
w_name=wl_resource_post_event_array
DEBUG C_PARSER: parsed function wl_resource_post_event_array with 3 params (varargs=0) at line 2732
w_name=wl_resource_queue_event
DEBUG C_PARSER: parsed function wl_resource_queue_event with 2 params (varargs=1) at line 2736
w_name=wl_resource_queue_event_array
DEBUG C_PARSER: parsed function wl_resource_queue_event_array with 3 params (varargs=0) at line 2740
w_name=wl_resource_post_error_vargs
DEBUG C_PARSER: parsed function wl_resource_post_error_vargs with 4 params (varargs=0) at line 2744
w_name=wl_resource_post_error
DEBUG C_PARSER: parsed function wl_resource_post_error with 3 params (varargs=1) at line 2748
w_name=wl_resource_post_no_memory
DEBUG C_PARSER: parsed function wl_resource_post_no_memory with 1 params (varargs=0) at line 2751
w_name=wl_client_get_display
DEBUG C_PARSER: parsed function wl_client_get_display with 1 params (varargs=0) at line 2754
w_name=wl_resource_create
DEBUG C_PARSER: parsed function wl_resource_create with 4 params (varargs=0) at line 2759
w_name=wl_resource_set_implementation
DEBUG C_PARSER: parsed function wl_resource_set_implementation with 4 params (varargs=0) at line 2765
w_name=wl_resource_set_dispatcher
DEBUG C_PARSER: parsed function wl_resource_set_dispatcher with 5 params (varargs=0) at line 2772
w_name=wl_resource_destroy
DEBUG C_PARSER: parsed function wl_resource_destroy with 1 params (varargs=0) at line 2775
w_name=wl_resource_get_id
DEBUG C_PARSER: parsed function wl_resource_get_id with 1 params (varargs=0) at line 2778
w_name=wl_resource_get_link
DEBUG C_PARSER: parsed function wl_resource_get_link with 1 params (varargs=0) at line 2781
w_name=wl_resource_from_link
DEBUG C_PARSER: parsed function wl_resource_from_link with 1 params (varargs=0) at line 2784
w_name=wl_resource_find_for_client
DEBUG C_PARSER: parsed function wl_resource_find_for_client with 2 params (varargs=0) at line 2787
w_name=wl_resource_get_client
DEBUG C_PARSER: parsed function wl_resource_get_client with 1 params (varargs=0) at line 2790
w_name=wl_resource_set_user_data
DEBUG C_PARSER: parsed function wl_resource_set_user_data with 2 params (varargs=0) at line 2793
w_name=wl_resource_get_user_data
DEBUG C_PARSER: parsed function wl_resource_get_user_data with 1 params (varargs=0) at line 2796
w_name=wl_resource_get_version
DEBUG C_PARSER: parsed function wl_resource_get_version with 1 params (varargs=0) at line 2799
w_name=wl_resource_set_destructor
DEBUG C_PARSER: parsed function wl_resource_set_destructor with 2 params (varargs=0) at line 2803
w_name=wl_resource_instance_of
DEBUG C_PARSER: parsed function wl_resource_instance_of with 3 params (varargs=0) at line 2808
w_name=wl_resource_get_class
DEBUG C_PARSER: parsed function wl_resource_get_class with 1 params (varargs=0) at line 2811
w_name=wl_resource_get_interface
DEBUG C_PARSER: parsed function wl_resource_get_interface with 1 params (varargs=0) at line 2814
w_name=wl_resource_add_destroy_listener
DEBUG C_PARSER: parsed function wl_resource_add_destroy_listener with 2 params (varargs=0) at line 2818
w_name=wl_resource_get_destroy_listener
DEBUG C_PARSER: parsed function wl_resource_get_destroy_listener with 2 params (varargs=0) at line 2822
w_name=wl_shm_buffer_get
DEBUG C_PARSER: parsed function wl_shm_buffer_get with 1 params (varargs=0) at line 2825
w_name=wl_shm_buffer_begin_access
DEBUG C_PARSER: parsed function wl_shm_buffer_begin_access with 1 params (varargs=0) at line 2828
w_name=wl_shm_buffer_end_access
DEBUG C_PARSER: parsed function wl_shm_buffer_end_access with 1 params (varargs=0) at line 2831
w_name=wl_shm_buffer_get_data
DEBUG C_PARSER: parsed function wl_shm_buffer_get_data with 1 params (varargs=0) at line 2834
w_name=wl_shm_buffer_get_stride
DEBUG C_PARSER: parsed function wl_shm_buffer_get_stride with 1 params (varargs=0) at line 2837
w_name=wl_shm_buffer_get_format
DEBUG C_PARSER: parsed function wl_shm_buffer_get_format with 1 params (varargs=0) at line 2840
w_name=wl_shm_buffer_get_width
DEBUG C_PARSER: parsed function wl_shm_buffer_get_width with 1 params (varargs=0) at line 2843
w_name=wl_shm_buffer_get_height
DEBUG C_PARSER: parsed function wl_shm_buffer_get_height with 1 params (varargs=0) at line 2846
w_name=wl_shm_buffer_ref
DEBUG C_PARSER: parsed function wl_shm_buffer_ref with 1 params (varargs=0) at line 2849
w_name=wl_shm_buffer_unref
DEBUG C_PARSER: parsed function wl_shm_buffer_unref with 1 params (varargs=0) at line 2852
w_name=wl_shm_buffer_ref_pool
DEBUG C_PARSER: parsed function wl_shm_buffer_ref_pool with 1 params (varargs=0) at line 2855
w_name=wl_shm_pool_unref
DEBUG C_PARSER: parsed function wl_shm_pool_unref with 1 params (varargs=0) at line 2858
w_name=wl_display_init_shm
DEBUG C_PARSER: parsed function wl_display_init_shm with 1 params (varargs=0) at line 2861
w_name=wl_display_add_shm_format
DEBUG C_PARSER: parsed function wl_display_add_shm_format with 2 params (varargs=0) at line 2864
w_name=wl_log_set_handler_server
DEBUG C_PARSER: parsed function wl_log_set_handler_server with 1 params (varargs=0) at line 2873
w_name=wl_display_add_protocol_logger
DEBUG C_PARSER: parsed function wl_display_add_protocol_logger with 3 params (varargs=0) at line 2895
w_name=wl_protocol_logger_destroy
DEBUG C_PARSER: parsed function wl_protocol_logger_destroy with 1 params (varargs=0) at line 2898
w_name=wlr_allocator_init
DEBUG C_PARSER: parsed function wlr_allocator_init with 3 params (varargs=0) at line 2915
w_name=wlr_allocator_autocreate
DEBUG C_PARSER: parsed function wlr_allocator_autocreate with 2 params (varargs=0) at line 2932
w_name=wlr_allocator_destroy
DEBUG C_PARSER: parsed function wlr_allocator_destroy with 1 params (varargs=0) at line 2936
w_name=wlr_allocator_create_buffer
DEBUG C_PARSER: parsed function wlr_allocator_create_buffer with 4 params (varargs=0) at line 2939
w_name=__bswap_16
DEBUG C_PARSER: parsed function __bswap_16 with 1 params (varargs=0) at line 330
w_name=__bswap_32
DEBUG C_PARSER: parsed function __bswap_32 with 1 params (varargs=0) at line 345
w_name=__bswap_64
DEBUG C_PARSER: parsed function __bswap_64 with 1 params (varargs=0) at line 355
w_name=__uint16_identity
DEBUG C_PARSER: parsed function __uint16_identity with 1 params (varargs=0) at line 367
w_name=__uint32_identity
DEBUG C_PARSER: parsed function __uint32_identity with 1 params (varargs=0) at line 373
w_name=__uint64_identity
DEBUG C_PARSER: parsed function __uint64_identity with 1 params (varargs=0) at line 379
w_name=select
DEBUG C_PARSER: parsed function select with 5 params (varargs=0) at line 485
w_name=pselect
DEBUG C_PARSER: parsed function pselect with 6 params (varargs=0) at line 491
w_name=__fpclassify
DEBUG C_PARSER: parsed function __fpclassify with 1 params (varargs=0) at line 862
w_name=__signbit
DEBUG C_PARSER: parsed function __signbit with 1 params (varargs=0) at line 866
w_name=__isinf
DEBUG C_PARSER: parsed function __isinf with 1 params (varargs=0) at line 871
w_name=__finite
DEBUG C_PARSER: parsed function __finite with 1 params (varargs=0) at line 875
w_name=__isnan
DEBUG C_PARSER: parsed function __isnan with 1 params (varargs=0) at line 879
w_name=__iseqsig
DEBUG C_PARSER: parsed function __iseqsig with 2 params (varargs=0) at line 883
w_name=__issignaling
DEBUG C_PARSER: parsed function __issignaling with 1 params (varargs=0) at line 886
w_name=acos
DEBUG C_PARSER: parsed function acos with 1 params (varargs=0) at line 891
w_name=__acos
DEBUG C_PARSER: parsed function __acos with 1 params (varargs=0) at line 891
w_name=asin
DEBUG C_PARSER: parsed function asin with 1 params (varargs=0) at line 893
w_name=__asin
DEBUG C_PARSER: parsed function __asin with 1 params (varargs=0) at line 893
w_name=atan
DEBUG C_PARSER: parsed function atan with 1 params (varargs=0) at line 895
w_name=__atan
DEBUG C_PARSER: parsed function __atan with 1 params (varargs=0) at line 895
w_name=atan2
DEBUG C_PARSER: parsed function atan2 with 2 params (varargs=0) at line 897
w_name=__atan2
DEBUG C_PARSER: parsed function __atan2 with 2 params (varargs=0) at line 897
w_name=cos
DEBUG C_PARSER: parsed function cos with 1 params (varargs=0) at line 900
w_name=__cos
DEBUG C_PARSER: parsed function __cos with 1 params (varargs=0) at line 900
w_name=sin
DEBUG C_PARSER: parsed function sin with 1 params (varargs=0) at line 902
w_name=__sin
DEBUG C_PARSER: parsed function __sin with 1 params (varargs=0) at line 902
w_name=tan
DEBUG C_PARSER: parsed function tan with 1 params (varargs=0) at line 904
w_name=__tan
DEBUG C_PARSER: parsed function __tan with 1 params (varargs=0) at line 904
w_name=acospi
DEBUG C_PARSER: parsed function acospi with 1 params (varargs=0) at line 908
w_name=__acospi
DEBUG C_PARSER: parsed function __acospi with 1 params (varargs=0) at line 908
w_name=acospi
DEBUG C_PARSER: parsed function acospi with 1 params (varargs=0) at line 909
w_name=__acospi
DEBUG C_PARSER: parsed function __acospi with 1 params (varargs=0) at line 909
w_name=asinpi
DEBUG C_PARSER: parsed function asinpi with 1 params (varargs=0) at line 911
w_name=__asinpi
DEBUG C_PARSER: parsed function __asinpi with 1 params (varargs=0) at line 911
w_name=asinpi
DEBUG C_PARSER: parsed function asinpi with 1 params (varargs=0) at line 912
w_name=__asinpi
DEBUG C_PARSER: parsed function __asinpi with 1 params (varargs=0) at line 912
w_name=atanpi
DEBUG C_PARSER: parsed function atanpi with 1 params (varargs=0) at line 914
w_name=__atanpi
DEBUG C_PARSER: parsed function __atanpi with 1 params (varargs=0) at line 914
w_name=atanpi
DEBUG C_PARSER: parsed function atanpi with 1 params (varargs=0) at line 915
w_name=__atanpi
DEBUG C_PARSER: parsed function __atanpi with 1 params (varargs=0) at line 915
w_name=atan2pi
DEBUG C_PARSER: parsed function atan2pi with 2 params (varargs=0) at line 917
w_name=__atan2pi
DEBUG C_PARSER: parsed function __atan2pi with 2 params (varargs=0) at line 917
w_name=atan2pi
DEBUG C_PARSER: parsed function atan2pi with 2 params (varargs=0) at line 918
w_name=__atan2pi
DEBUG C_PARSER: parsed function __atan2pi with 2 params (varargs=0) at line 918
w_name=cospi
DEBUG C_PARSER: parsed function cospi with 1 params (varargs=0) at line 921
w_name=__cospi
DEBUG C_PARSER: parsed function __cospi with 1 params (varargs=0) at line 921
w_name=sinpi
DEBUG C_PARSER: parsed function sinpi with 1 params (varargs=0) at line 923
w_name=__sinpi
DEBUG C_PARSER: parsed function __sinpi with 1 params (varargs=0) at line 923
w_name=tanpi
DEBUG C_PARSER: parsed function tanpi with 1 params (varargs=0) at line 925
w_name=__tanpi
DEBUG C_PARSER: parsed function __tanpi with 1 params (varargs=0) at line 925
w_name=cosh
DEBUG C_PARSER: parsed function cosh with 1 params (varargs=0) at line 931
w_name=__cosh
DEBUG C_PARSER: parsed function __cosh with 1 params (varargs=0) at line 931
w_name=sinh
DEBUG C_PARSER: parsed function sinh with 1 params (varargs=0) at line 933
w_name=__sinh
DEBUG C_PARSER: parsed function __sinh with 1 params (varargs=0) at line 933
w_name=tanh
DEBUG C_PARSER: parsed function tanh with 1 params (varargs=0) at line 935
w_name=__tanh
DEBUG C_PARSER: parsed function __tanh with 1 params (varargs=0) at line 935
w_name=acosh
DEBUG C_PARSER: parsed function acosh with 1 params (varargs=0) at line 937
w_name=__acosh
DEBUG C_PARSER: parsed function __acosh with 1 params (varargs=0) at line 937
w_name=asinh
DEBUG C_PARSER: parsed function asinh with 1 params (varargs=0) at line 939
w_name=__asinh
DEBUG C_PARSER: parsed function __asinh with 1 params (varargs=0) at line 939
w_name=atanh
DEBUG C_PARSER: parsed function atanh with 1 params (varargs=0) at line 941
w_name=__atanh
DEBUG C_PARSER: parsed function __atanh with 1 params (varargs=0) at line 941
w_name=exp
DEBUG C_PARSER: parsed function exp with 1 params (varargs=0) at line 947
w_name=__exp
DEBUG C_PARSER: parsed function __exp with 1 params (varargs=0) at line 947
w_name=frexp
DEBUG C_PARSER: parsed function frexp with 2 params (varargs=0) at line 950
w_name=__frexp
DEBUG C_PARSER: parsed function __frexp with 2 params (varargs=0) at line 950
w_name=ldexp
DEBUG C_PARSER: parsed function ldexp with 2 params (varargs=0) at line 953
w_name=__ldexp
DEBUG C_PARSER: parsed function __ldexp with 2 params (varargs=0) at line 953
w_name=log
DEBUG C_PARSER: parsed function log with 1 params (varargs=0) at line 956
w_name=__log
DEBUG C_PARSER: parsed function __log with 1 params (varargs=0) at line 956
w_name=log10
DEBUG C_PARSER: parsed function log10 with 1 params (varargs=0) at line 959
w_name=__log10
DEBUG C_PARSER: parsed function __log10 with 1 params (varargs=0) at line 959
w_name=modf
DEBUG C_PARSER: parsed function modf with 2 params (varargs=0) at line 962
w_name=__modf
DEBUG C_PARSER: parsed function __modf with 2 params (varargs=0) at line 962
w_name=exp10
DEBUG C_PARSER: parsed function exp10 with 1 params (varargs=0) at line 966
w_name=__exp10
DEBUG C_PARSER: parsed function __exp10 with 1 params (varargs=0) at line 966
w_name=exp2m1
DEBUG C_PARSER: parsed function exp2m1 with 1 params (varargs=0) at line 969
w_name=__exp2m1
DEBUG C_PARSER: parsed function __exp2m1 with 1 params (varargs=0) at line 969
w_name=exp10m1
DEBUG C_PARSER: parsed function exp10m1 with 1 params (varargs=0) at line 972
w_name=__exp10m1
DEBUG C_PARSER: parsed function __exp10m1 with 1 params (varargs=0) at line 972
w_name=log2p1
DEBUG C_PARSER: parsed function log2p1 with 1 params (varargs=0) at line 975
w_name=__log2p1
DEBUG C_PARSER: parsed function __log2p1 with 1 params (varargs=0) at line 975
w_name=log10p1
DEBUG C_PARSER: parsed function log10p1 with 1 params (varargs=0) at line 978
w_name=__log10p1
DEBUG C_PARSER: parsed function __log10p1 with 1 params (varargs=0) at line 978
w_name=logp1
DEBUG C_PARSER: parsed function logp1 with 1 params (varargs=0) at line 981
w_name=__logp1
DEBUG C_PARSER: parsed function __logp1 with 1 params (varargs=0) at line 981
w_name=expm1
DEBUG C_PARSER: parsed function expm1 with 1 params (varargs=0) at line 986
w_name=__expm1
DEBUG C_PARSER: parsed function __expm1 with 1 params (varargs=0) at line 986
w_name=log1p
DEBUG C_PARSER: parsed function log1p with 1 params (varargs=0) at line 989
w_name=__log1p
DEBUG C_PARSER: parsed function __log1p with 1 params (varargs=0) at line 989
w_name=logb
DEBUG C_PARSER: parsed function logb with 1 params (varargs=0) at line 992
w_name=__logb
DEBUG C_PARSER: parsed function __logb with 1 params (varargs=0) at line 992
w_name=exp2
DEBUG C_PARSER: parsed function exp2 with 1 params (varargs=0) at line 997
w_name=__exp2
DEBUG C_PARSER: parsed function __exp2 with 1 params (varargs=0) at line 997
w_name=log2
DEBUG C_PARSER: parsed function log2 with 1 params (varargs=0) at line 1000
w_name=__log2
DEBUG C_PARSER: parsed function __log2 with 1 params (varargs=0) at line 1000
w_name=pow
DEBUG C_PARSER: parsed function pow with 2 params (varargs=0) at line 1007
w_name=__pow
DEBUG C_PARSER: parsed function __pow with 2 params (varargs=0) at line 1007
w_name=sqrt
DEBUG C_PARSER: parsed function sqrt with 1 params (varargs=0) at line 1010
w_name=__sqrt
DEBUG C_PARSER: parsed function __sqrt with 1 params (varargs=0) at line 1010
w_name=hypot
DEBUG C_PARSER: parsed function hypot with 2 params (varargs=0) at line 1014
w_name=__hypot
DEBUG C_PARSER: parsed function __hypot with 2 params (varargs=0) at line 1014
w_name=cbrt
DEBUG C_PARSER: parsed function cbrt with 1 params (varargs=0) at line 1019
w_name=__cbrt
DEBUG C_PARSER: parsed function __cbrt with 1 params (varargs=0) at line 1019
w_name=compoundn
DEBUG C_PARSER: parsed function compoundn with 2 params (varargs=0) at line 1024
w_name=__compoundn
DEBUG C_PARSER: parsed function __compoundn with 2 params (varargs=0) at line 1024
w_name=pown
DEBUG C_PARSER: parsed function pown with 2 params (varargs=0) at line 1027
w_name=__pown
DEBUG C_PARSER: parsed function __pown with 2 params (varargs=0) at line 1027
w_name=powr
DEBUG C_PARSER: parsed function powr with 2 params (varargs=0) at line 1030
w_name=__powr
DEBUG C_PARSER: parsed function __powr with 2 params (varargs=0) at line 1030
w_name=powr
DEBUG C_PARSER: parsed function powr with 2 params (varargs=0) at line 1031
w_name=__powr
DEBUG C_PARSER: parsed function __powr with 2 params (varargs=0) at line 1031
w_name=rootn
DEBUG C_PARSER: parsed function rootn with 2 params (varargs=0) at line 1034
w_name=__rootn
DEBUG C_PARSER: parsed function __rootn with 2 params (varargs=0) at line 1034
w_name=rsqrt
DEBUG C_PARSER: parsed function rsqrt with 1 params (varargs=0) at line 1037
w_name=__rsqrt
DEBUG C_PARSER: parsed function __rsqrt with 1 params (varargs=0) at line 1037
w_name=ceil
DEBUG C_PARSER: parsed function ceil with 1 params (varargs=0) at line 1044
w_name=fabs
DEBUG C_PARSER: parsed function fabs with 1 params (varargs=0) at line 1047
w_name=floor
DEBUG C_PARSER: parsed function floor with 1 params (varargs=0) at line 1050
w_name=fmod
DEBUG C_PARSER: parsed function fmod with 2 params (varargs=0) at line 1053
w_name=__fmod
DEBUG C_PARSER: parsed function __fmod with 2 params (varargs=0) at line 1053
w_name=isinf
DEBUG C_PARSER: parsed function isinf with 1 params (varargs=0) at line 1055
w_name=finite
DEBUG C_PARSER: parsed function finite with 1 params (varargs=0) at line 1061
w_name=drem
DEBUG C_PARSER: parsed function drem with 2 params (varargs=0) at line 1065
w_name=__drem
DEBUG C_PARSER: parsed function __drem with 2 params (varargs=0) at line 1065
w_name=significand
DEBUG C_PARSER: parsed function significand with 1 params (varargs=0) at line 1069
w_name=__significand
DEBUG C_PARSER: parsed function __significand with 1 params (varargs=0) at line 1069
w_name=copysign
DEBUG C_PARSER: parsed function copysign with 2 params (varargs=0) at line 1076
w_name=nan
DEBUG C_PARSER: parsed function nan with 1 params (varargs=0) at line 1081
w_name=__nan
DEBUG C_PARSER: parsed function __nan with 1 params (varargs=0) at line 1081
w_name=isnan
DEBUG C_PARSER: parsed function isnan with 1 params (varargs=0) at line 1083
w_name=j0
DEBUG C_PARSER: parsed function j0 with 1 params (varargs=0) at line 1090
w_name=__j0
DEBUG C_PARSER: parsed function __j0 with 1 params (varargs=0) at line 1090
w_name=j1
DEBUG C_PARSER: parsed function j1 with 1 params (varargs=0) at line 1091
w_name=__j1
DEBUG C_PARSER: parsed function __j1 with 1 params (varargs=0) at line 1091
w_name=jn
DEBUG C_PARSER: parsed function jn with 2 params (varargs=0) at line 1092
w_name=__jn
DEBUG C_PARSER: parsed function __jn with 2 params (varargs=0) at line 1092
w_name=y0
DEBUG C_PARSER: parsed function y0 with 1 params (varargs=0) at line 1093
w_name=__y0
DEBUG C_PARSER: parsed function __y0 with 1 params (varargs=0) at line 1093
w_name=y1
DEBUG C_PARSER: parsed function y1 with 1 params (varargs=0) at line 1094
w_name=__y1
DEBUG C_PARSER: parsed function __y1 with 1 params (varargs=0) at line 1094
w_name=yn
DEBUG C_PARSER: parsed function yn with 2 params (varargs=0) at line 1095
w_name=__yn
DEBUG C_PARSER: parsed function __yn with 2 params (varargs=0) at line 1095
w_name=erf
DEBUG C_PARSER: parsed function erf with 1 params (varargs=0) at line 1101
w_name=__erf
DEBUG C_PARSER: parsed function __erf with 1 params (varargs=0) at line 1101
w_name=erfc
DEBUG C_PARSER: parsed function erfc with 1 params (varargs=0) at line 1102
w_name=__erfc
DEBUG C_PARSER: parsed function __erfc with 1 params (varargs=0) at line 1102
w_name=lgamma
DEBUG C_PARSER: parsed function lgamma with 1 params (varargs=0) at line 1103
w_name=__lgamma
DEBUG C_PARSER: parsed function __lgamma with 1 params (varargs=0) at line 1103
w_name=tgamma
DEBUG C_PARSER: parsed function tgamma with 1 params (varargs=0) at line 1108
w_name=__tgamma
DEBUG C_PARSER: parsed function __tgamma with 1 params (varargs=0) at line 1108
w_name=gamma
DEBUG C_PARSER: parsed function gamma with 1 params (varargs=0) at line 1114
w_name=__gamma
DEBUG C_PARSER: parsed function __gamma with 1 params (varargs=0) at line 1114
w_name=lgamma_r
DEBUG C_PARSER: parsed function lgamma_r with 2 params (varargs=0) at line 1122
w_name=__lgamma_r
DEBUG C_PARSER: parsed function __lgamma_r with 2 params (varargs=0) at line 1122
w_name=rint
DEBUG C_PARSER: parsed function rint with 1 params (varargs=0) at line 1129
w_name=__rint
DEBUG C_PARSER: parsed function __rint with 1 params (varargs=0) at line 1129
w_name=nextafter
DEBUG C_PARSER: parsed function nextafter with 2 params (varargs=0) at line 1132
w_name=__nextafter
DEBUG C_PARSER: parsed function __nextafter with 2 params (varargs=0) at line 1132
w_name=nexttoward
DEBUG C_PARSER: parsed function nexttoward with 2 params (varargs=0) at line 1134
w_name=__nexttoward
DEBUG C_PARSER: parsed function __nexttoward with 2 params (varargs=0) at line 1134
w_name=nextdown
DEBUG C_PARSER: parsed function nextdown with 1 params (varargs=0) at line 1139
w_name=__nextdown
DEBUG C_PARSER: parsed function __nextdown with 1 params (varargs=0) at line 1139
w_name=nextup
DEBUG C_PARSER: parsed function nextup with 1 params (varargs=0) at line 1141
w_name=__nextup
DEBUG C_PARSER: parsed function __nextup with 1 params (varargs=0) at line 1141
w_name=remainder
DEBUG C_PARSER: parsed function remainder with 2 params (varargs=0) at line 1145
w_name=__remainder
DEBUG C_PARSER: parsed function __remainder with 2 params (varargs=0) at line 1145
w_name=scalbn
DEBUG C_PARSER: parsed function scalbn with 2 params (varargs=0) at line 1149
w_name=__scalbn
DEBUG C_PARSER: parsed function __scalbn with 2 params (varargs=0) at line 1149
w_name=ilogb
DEBUG C_PARSER: parsed function ilogb with 1 params (varargs=0) at line 1153
w_name=__ilogb
DEBUG C_PARSER: parsed function __ilogb with 1 params (varargs=0) at line 1153
w_name=llogb
DEBUG C_PARSER: parsed function llogb with 1 params (varargs=0) at line 1158
w_name=__llogb
DEBUG C_PARSER: parsed function __llogb with 1 params (varargs=0) at line 1158
w_name=scalbln
DEBUG C_PARSER: parsed function scalbln with 2 params (varargs=0) at line 1163
w_name=__scalbln
DEBUG C_PARSER: parsed function __scalbln with 2 params (varargs=0) at line 1163
w_name=nearbyint
DEBUG C_PARSER: parsed function nearbyint with 1 params (varargs=0) at line 1167
w_name=__nearbyint
DEBUG C_PARSER: parsed function __nearbyint with 1 params (varargs=0) at line 1167
w_name=round
DEBUG C_PARSER: parsed function round with 1 params (varargs=0) at line 1171
w_name=trunc
DEBUG C_PARSER: parsed function trunc with 1 params (varargs=0) at line 1175
w_name=remquo
DEBUG C_PARSER: parsed function remquo with 3 params (varargs=0) at line 1180
w_name=__remquo
DEBUG C_PARSER: parsed function __remquo with 3 params (varargs=0) at line 1180
w_name=lrint
DEBUG C_PARSER: parsed function lrint with 1 params (varargs=0) at line 1187
w_name=__lrint
DEBUG C_PARSER: parsed function __lrint with 1 params (varargs=0) at line 1187
w_name=llrint
DEBUG C_PARSER: parsed function llrint with 1 params (varargs=0) at line 1189
w_name=__llrint
DEBUG C_PARSER: parsed function __llrint with 1 params (varargs=0) at line 1189
w_name=lround
DEBUG C_PARSER: parsed function lround with 1 params (varargs=0) at line 1193
w_name=__lround
DEBUG C_PARSER: parsed function __lround with 1 params (varargs=0) at line 1193
w_name=llround
DEBUG C_PARSER: parsed function llround with 1 params (varargs=0) at line 1195
w_name=__llround
DEBUG C_PARSER: parsed function __llround with 1 params (varargs=0) at line 1195
w_name=fdim
DEBUG C_PARSER: parsed function fdim with 2 params (varargs=0) at line 1199
w_name=__fdim
DEBUG C_PARSER: parsed function __fdim with 2 params (varargs=0) at line 1199
w_name=fmax
DEBUG C_PARSER: parsed function fmax with 2 params (varargs=0) at line 1203
w_name=fmin
DEBUG C_PARSER: parsed function fmin with 2 params (varargs=0) at line 1206
w_name=fma
DEBUG C_PARSER: parsed function fma with 3 params (varargs=0) at line 1210
w_name=__fma
DEBUG C_PARSER: parsed function __fma with 3 params (varargs=0) at line 1210
w_name=roundeven
DEBUG C_PARSER: parsed function roundeven with 1 params (varargs=0) at line 1215
w_name=fromfp
DEBUG C_PARSER: parsed function fromfp with 3 params (varargs=0) at line 1219
w_name=__fromfp
DEBUG C_PARSER: parsed function __fromfp with 3 params (varargs=0) at line 1219
w_name=ufromfp
DEBUG C_PARSER: parsed function ufromfp with 3 params (varargs=0) at line 1223
w_name=__ufromfp
DEBUG C_PARSER: parsed function __ufromfp with 3 params (varargs=0) at line 1223
w_name=fromfpx
DEBUG C_PARSER: parsed function fromfpx with 3 params (varargs=0) at line 1228
w_name=__fromfpx
DEBUG C_PARSER: parsed function __fromfpx with 3 params (varargs=0) at line 1228
w_name=ufromfpx
DEBUG C_PARSER: parsed function ufromfpx with 3 params (varargs=0) at line 1233
w_name=__ufromfpx
DEBUG C_PARSER: parsed function __ufromfpx with 3 params (varargs=0) at line 1233
w_name=canonicalize
DEBUG C_PARSER: parsed function canonicalize with 2 params (varargs=0) at line 1236
w_name=fmaximum
DEBUG C_PARSER: parsed function fmaximum with 2 params (varargs=0) at line 1238
w_name=fminimum
DEBUG C_PARSER: parsed function fminimum with 2 params (varargs=0) at line 1241
w_name=fmaximum_num
DEBUG C_PARSER: parsed function fmaximum_num with 2 params (varargs=0) at line 1244
w_name=fminimum_num
DEBUG C_PARSER: parsed function fminimum_num with 2 params (varargs=0) at line 1247
w_name=fmaximum_mag
DEBUG C_PARSER: parsed function fmaximum_mag with 2 params (varargs=0) at line 1250
w_name=fminimum_mag
DEBUG C_PARSER: parsed function fminimum_mag with 2 params (varargs=0) at line 1253
w_name=fmaximum_mag_num
DEBUG C_PARSER: parsed function fmaximum_mag_num with 2 params (varargs=0) at line 1256
w_name=fminimum_mag_num
DEBUG C_PARSER: parsed function fminimum_mag_num with 2 params (varargs=0) at line 1259
w_name=scalb
DEBUG C_PARSER: parsed function scalb with 2 params (varargs=0) at line 1261
w_name=__scalb
DEBUG C_PARSER: parsed function __scalb with 2 params (varargs=0) at line 1261
w_name=__fpclassifyf
DEBUG C_PARSER: parsed function __fpclassifyf with 1 params (varargs=0) at line 1266
w_name=__signbitf
DEBUG C_PARSER: parsed function __signbitf with 1 params (varargs=0) at line 1270
w_name=__isinff
DEBUG C_PARSER: parsed function __isinff with 1 params (varargs=0) at line 1275
w_name=__finitef
DEBUG C_PARSER: parsed function __finitef with 1 params (varargs=0) at line 1279
w_name=__isnanf
DEBUG C_PARSER: parsed function __isnanf with 1 params (varargs=0) at line 1283
w_name=__iseqsigf
DEBUG C_PARSER: parsed function __iseqsigf with 2 params (varargs=0) at line 1287
w_name=__issignalingf
DEBUG C_PARSER: parsed function __issignalingf with 1 params (varargs=0) at line 1290
w_name=acosf
DEBUG C_PARSER: parsed function acosf with 1 params (varargs=0) at line 1295
w_name=__acosf
DEBUG C_PARSER: parsed function __acosf with 1 params (varargs=0) at line 1295
w_name=asinf
DEBUG C_PARSER: parsed function asinf with 1 params (varargs=0) at line 1297
w_name=__asinf
DEBUG C_PARSER: parsed function __asinf with 1 params (varargs=0) at line 1297
w_name=atanf
DEBUG C_PARSER: parsed function atanf with 1 params (varargs=0) at line 1299
w_name=__atanf
DEBUG C_PARSER: parsed function __atanf with 1 params (varargs=0) at line 1299
w_name=atan2f
DEBUG C_PARSER: parsed function atan2f with 2 params (varargs=0) at line 1301
w_name=__atan2f
DEBUG C_PARSER: parsed function __atan2f with 2 params (varargs=0) at line 1301
w_name=cosf
DEBUG C_PARSER: parsed function cosf with 1 params (varargs=0) at line 1304
w_name=__cosf
DEBUG C_PARSER: parsed function __cosf with 1 params (varargs=0) at line 1304
w_name=sinf
DEBUG C_PARSER: parsed function sinf with 1 params (varargs=0) at line 1306
w_name=__sinf
DEBUG C_PARSER: parsed function __sinf with 1 params (varargs=0) at line 1306
w_name=tanf
DEBUG C_PARSER: parsed function tanf with 1 params (varargs=0) at line 1308
w_name=__tanf
DEBUG C_PARSER: parsed function __tanf with 1 params (varargs=0) at line 1308
w_name=acospif
DEBUG C_PARSER: parsed function acospif with 1 params (varargs=0) at line 1312
w_name=__acospif
DEBUG C_PARSER: parsed function __acospif with 1 params (varargs=0) at line 1312
w_name=acospif
DEBUG C_PARSER: parsed function acospif with 1 params (varargs=0) at line 1313
w_name=__acospif
DEBUG C_PARSER: parsed function __acospif with 1 params (varargs=0) at line 1313
w_name=asinpif
DEBUG C_PARSER: parsed function asinpif with 1 params (varargs=0) at line 1315
w_name=__asinpif
DEBUG C_PARSER: parsed function __asinpif with 1 params (varargs=0) at line 1315
w_name=asinpif
DEBUG C_PARSER: parsed function asinpif with 1 params (varargs=0) at line 1316
w_name=__asinpif
DEBUG C_PARSER: parsed function __asinpif with 1 params (varargs=0) at line 1316
w_name=atanpif
DEBUG C_PARSER: parsed function atanpif with 1 params (varargs=0) at line 1318
w_name=__atanpif
DEBUG C_PARSER: parsed function __atanpif with 1 params (varargs=0) at line 1318
w_name=atanpif
DEBUG C_PARSER: parsed function atanpif with 1 params (varargs=0) at line 1319
w_name=__atanpif
DEBUG C_PARSER: parsed function __atanpif with 1 params (varargs=0) at line 1319
w_name=atan2pif
DEBUG C_PARSER: parsed function atan2pif with 2 params (varargs=0) at line 1321
w_name=__atan2pif
DEBUG C_PARSER: parsed function __atan2pif with 2 params (varargs=0) at line 1321
w_name=atan2pif
DEBUG C_PARSER: parsed function atan2pif with 2 params (varargs=0) at line 1322
w_name=__atan2pif
DEBUG C_PARSER: parsed function __atan2pif with 2 params (varargs=0) at line 1322
w_name=cospif
DEBUG C_PARSER: parsed function cospif with 1 params (varargs=0) at line 1325
w_name=__cospif
DEBUG C_PARSER: parsed function __cospif with 1 params (varargs=0) at line 1325
w_name=sinpif
DEBUG C_PARSER: parsed function sinpif with 1 params (varargs=0) at line 1327
w_name=__sinpif
DEBUG C_PARSER: parsed function __sinpif with 1 params (varargs=0) at line 1327
w_name=tanpif
DEBUG C_PARSER: parsed function tanpif with 1 params (varargs=0) at line 1329
w_name=__tanpif
DEBUG C_PARSER: parsed function __tanpif with 1 params (varargs=0) at line 1329
w_name=coshf
DEBUG C_PARSER: parsed function coshf with 1 params (varargs=0) at line 1335
w_name=__coshf
DEBUG C_PARSER: parsed function __coshf with 1 params (varargs=0) at line 1335
w_name=sinhf
DEBUG C_PARSER: parsed function sinhf with 1 params (varargs=0) at line 1337
w_name=__sinhf
DEBUG C_PARSER: parsed function __sinhf with 1 params (varargs=0) at line 1337
w_name=tanhf
DEBUG C_PARSER: parsed function tanhf with 1 params (varargs=0) at line 1339
w_name=__tanhf
DEBUG C_PARSER: parsed function __tanhf with 1 params (varargs=0) at line 1339
w_name=acoshf
DEBUG C_PARSER: parsed function acoshf with 1 params (varargs=0) at line 1341
w_name=__acoshf
DEBUG C_PARSER: parsed function __acoshf with 1 params (varargs=0) at line 1341
w_name=asinhf
DEBUG C_PARSER: parsed function asinhf with 1 params (varargs=0) at line 1343
w_name=__asinhf
DEBUG C_PARSER: parsed function __asinhf with 1 params (varargs=0) at line 1343
w_name=atanhf
DEBUG C_PARSER: parsed function atanhf with 1 params (varargs=0) at line 1345
w_name=__atanhf
DEBUG C_PARSER: parsed function __atanhf with 1 params (varargs=0) at line 1345
w_name=expf
DEBUG C_PARSER: parsed function expf with 1 params (varargs=0) at line 1351
w_name=__expf
DEBUG C_PARSER: parsed function __expf with 1 params (varargs=0) at line 1351
w_name=frexpf
DEBUG C_PARSER: parsed function frexpf with 2 params (varargs=0) at line 1354
w_name=__frexpf
DEBUG C_PARSER: parsed function __frexpf with 2 params (varargs=0) at line 1354
w_name=ldexpf
DEBUG C_PARSER: parsed function ldexpf with 2 params (varargs=0) at line 1357
w_name=__ldexpf
DEBUG C_PARSER: parsed function __ldexpf with 2 params (varargs=0) at line 1357
w_name=logf
DEBUG C_PARSER: parsed function logf with 1 params (varargs=0) at line 1360
w_name=__logf
DEBUG C_PARSER: parsed function __logf with 1 params (varargs=0) at line 1360
w_name=log10f
DEBUG C_PARSER: parsed function log10f with 1 params (varargs=0) at line 1363
w_name=__log10f
DEBUG C_PARSER: parsed function __log10f with 1 params (varargs=0) at line 1363
w_name=modff
DEBUG C_PARSER: parsed function modff with 2 params (varargs=0) at line 1366
w_name=__modff
DEBUG C_PARSER: parsed function __modff with 2 params (varargs=0) at line 1366
w_name=exp10f
DEBUG C_PARSER: parsed function exp10f with 1 params (varargs=0) at line 1370
w_name=__exp10f
DEBUG C_PARSER: parsed function __exp10f with 1 params (varargs=0) at line 1370
w_name=exp2m1f
DEBUG C_PARSER: parsed function exp2m1f with 1 params (varargs=0) at line 1373
w_name=__exp2m1f
DEBUG C_PARSER: parsed function __exp2m1f with 1 params (varargs=0) at line 1373
w_name=exp10m1f
DEBUG C_PARSER: parsed function exp10m1f with 1 params (varargs=0) at line 1376
w_name=__exp10m1f
DEBUG C_PARSER: parsed function __exp10m1f with 1 params (varargs=0) at line 1376
w_name=log2p1f
DEBUG C_PARSER: parsed function log2p1f with 1 params (varargs=0) at line 1379
w_name=__log2p1f
DEBUG C_PARSER: parsed function __log2p1f with 1 params (varargs=0) at line 1379
w_name=log10p1f
DEBUG C_PARSER: parsed function log10p1f with 1 params (varargs=0) at line 1382
w_name=__log10p1f
DEBUG C_PARSER: parsed function __log10p1f with 1 params (varargs=0) at line 1382
w_name=logp1f
DEBUG C_PARSER: parsed function logp1f with 1 params (varargs=0) at line 1385
w_name=__logp1f
DEBUG C_PARSER: parsed function __logp1f with 1 params (varargs=0) at line 1385
w_name=expm1f
DEBUG C_PARSER: parsed function expm1f with 1 params (varargs=0) at line 1390
w_name=__expm1f
DEBUG C_PARSER: parsed function __expm1f with 1 params (varargs=0) at line 1390
w_name=log1pf
DEBUG C_PARSER: parsed function log1pf with 1 params (varargs=0) at line 1393
w_name=__log1pf
DEBUG C_PARSER: parsed function __log1pf with 1 params (varargs=0) at line 1393
w_name=logbf
DEBUG C_PARSER: parsed function logbf with 1 params (varargs=0) at line 1396
w_name=__logbf
DEBUG C_PARSER: parsed function __logbf with 1 params (varargs=0) at line 1396
w_name=exp2f
DEBUG C_PARSER: parsed function exp2f with 1 params (varargs=0) at line 1401
w_name=__exp2f
DEBUG C_PARSER: parsed function __exp2f with 1 params (varargs=0) at line 1401
w_name=log2f
DEBUG C_PARSER: parsed function log2f with 1 params (varargs=0) at line 1404
w_name=__log2f
DEBUG C_PARSER: parsed function __log2f with 1 params (varargs=0) at line 1404
w_name=powf
DEBUG C_PARSER: parsed function powf with 2 params (varargs=0) at line 1411
w_name=__powf
DEBUG C_PARSER: parsed function __powf with 2 params (varargs=0) at line 1411
w_name=sqrtf
DEBUG C_PARSER: parsed function sqrtf with 1 params (varargs=0) at line 1414
w_name=__sqrtf
DEBUG C_PARSER: parsed function __sqrtf with 1 params (varargs=0) at line 1414
w_name=hypotf
DEBUG C_PARSER: parsed function hypotf with 2 params (varargs=0) at line 1418
w_name=__hypotf
DEBUG C_PARSER: parsed function __hypotf with 2 params (varargs=0) at line 1418
w_name=cbrtf
DEBUG C_PARSER: parsed function cbrtf with 1 params (varargs=0) at line 1423
w_name=__cbrtf
DEBUG C_PARSER: parsed function __cbrtf with 1 params (varargs=0) at line 1423
w_name=compoundnf
DEBUG C_PARSER: parsed function compoundnf with 2 params (varargs=0) at line 1428
w_name=__compoundnf
DEBUG C_PARSER: parsed function __compoundnf with 2 params (varargs=0) at line 1428
w_name=pownf
DEBUG C_PARSER: parsed function pownf with 2 params (varargs=0) at line 1431
w_name=__pownf
DEBUG C_PARSER: parsed function __pownf with 2 params (varargs=0) at line 1431
w_name=powrf
DEBUG C_PARSER: parsed function powrf with 2 params (varargs=0) at line 1434
w_name=__powrf
DEBUG C_PARSER: parsed function __powrf with 2 params (varargs=0) at line 1434
w_name=powrf
DEBUG C_PARSER: parsed function powrf with 2 params (varargs=0) at line 1435
w_name=__powrf
DEBUG C_PARSER: parsed function __powrf with 2 params (varargs=0) at line 1435
w_name=rootnf
DEBUG C_PARSER: parsed function rootnf with 2 params (varargs=0) at line 1438
w_name=__rootnf
DEBUG C_PARSER: parsed function __rootnf with 2 params (varargs=0) at line 1438
w_name=rsqrtf
DEBUG C_PARSER: parsed function rsqrtf with 1 params (varargs=0) at line 1441
w_name=__rsqrtf
DEBUG C_PARSER: parsed function __rsqrtf with 1 params (varargs=0) at line 1441
w_name=ceilf
DEBUG C_PARSER: parsed function ceilf with 1 params (varargs=0) at line 1448
w_name=fabsf
DEBUG C_PARSER: parsed function fabsf with 1 params (varargs=0) at line 1451
w_name=floorf
DEBUG C_PARSER: parsed function floorf with 1 params (varargs=0) at line 1454
w_name=fmodf
DEBUG C_PARSER: parsed function fmodf with 2 params (varargs=0) at line 1457
w_name=__fmodf
DEBUG C_PARSER: parsed function __fmodf with 2 params (varargs=0) at line 1457
w_name=isinff
DEBUG C_PARSER: parsed function isinff with 1 params (varargs=0) at line 1459
w_name=finitef
DEBUG C_PARSER: parsed function finitef with 1 params (varargs=0) at line 1465
w_name=dremf
DEBUG C_PARSER: parsed function dremf with 2 params (varargs=0) at line 1469
w_name=__dremf
DEBUG C_PARSER: parsed function __dremf with 2 params (varargs=0) at line 1469
w_name=significandf
DEBUG C_PARSER: parsed function significandf with 1 params (varargs=0) at line 1473
w_name=__significandf
DEBUG C_PARSER: parsed function __significandf with 1 params (varargs=0) at line 1473
w_name=copysignf
DEBUG C_PARSER: parsed function copysignf with 2 params (varargs=0) at line 1480
w_name=nanf
DEBUG C_PARSER: parsed function nanf with 1 params (varargs=0) at line 1485
w_name=__nanf
DEBUG C_PARSER: parsed function __nanf with 1 params (varargs=0) at line 1485
w_name=isnanf
DEBUG C_PARSER: parsed function isnanf with 1 params (varargs=0) at line 1487
w_name=j0f
DEBUG C_PARSER: parsed function j0f with 1 params (varargs=0) at line 1494
w_name=__j0f
DEBUG C_PARSER: parsed function __j0f with 1 params (varargs=0) at line 1494
w_name=j1f
DEBUG C_PARSER: parsed function j1f with 1 params (varargs=0) at line 1495
w_name=__j1f
DEBUG C_PARSER: parsed function __j1f with 1 params (varargs=0) at line 1495
w_name=jnf
DEBUG C_PARSER: parsed function jnf with 2 params (varargs=0) at line 1496
w_name=__jnf
DEBUG C_PARSER: parsed function __jnf with 2 params (varargs=0) at line 1496
w_name=y0f
DEBUG C_PARSER: parsed function y0f with 1 params (varargs=0) at line 1497
w_name=__y0f
DEBUG C_PARSER: parsed function __y0f with 1 params (varargs=0) at line 1497
w_name=y1f
DEBUG C_PARSER: parsed function y1f with 1 params (varargs=0) at line 1498
w_name=__y1f
DEBUG C_PARSER: parsed function __y1f with 1 params (varargs=0) at line 1498
w_name=ynf
DEBUG C_PARSER: parsed function ynf with 2 params (varargs=0) at line 1499
w_name=__ynf
DEBUG C_PARSER: parsed function __ynf with 2 params (varargs=0) at line 1499
w_name=erff
DEBUG C_PARSER: parsed function erff with 1 params (varargs=0) at line 1505
w_name=__erff
DEBUG C_PARSER: parsed function __erff with 1 params (varargs=0) at line 1505
w_name=erfcf
DEBUG C_PARSER: parsed function erfcf with 1 params (varargs=0) at line 1506
w_name=__erfcf
DEBUG C_PARSER: parsed function __erfcf with 1 params (varargs=0) at line 1506
w_name=lgammaf
DEBUG C_PARSER: parsed function lgammaf with 1 params (varargs=0) at line 1507
w_name=__lgammaf
DEBUG C_PARSER: parsed function __lgammaf with 1 params (varargs=0) at line 1507
w_name=tgammaf
DEBUG C_PARSER: parsed function tgammaf with 1 params (varargs=0) at line 1512
w_name=__tgammaf
DEBUG C_PARSER: parsed function __tgammaf with 1 params (varargs=0) at line 1512
w_name=gammaf
DEBUG C_PARSER: parsed function gammaf with 1 params (varargs=0) at line 1518
w_name=__gammaf
DEBUG C_PARSER: parsed function __gammaf with 1 params (varargs=0) at line 1518
w_name=lgammaf_r
DEBUG C_PARSER: parsed function lgammaf_r with 2 params (varargs=0) at line 1526
w_name=__lgammaf_r
DEBUG C_PARSER: parsed function __lgammaf_r with 2 params (varargs=0) at line 1526
w_name=rintf
DEBUG C_PARSER: parsed function rintf with 1 params (varargs=0) at line 1533
w_name=__rintf
DEBUG C_PARSER: parsed function __rintf with 1 params (varargs=0) at line 1533
w_name=nextafterf
DEBUG C_PARSER: parsed function nextafterf with 2 params (varargs=0) at line 1536
w_name=__nextafterf
DEBUG C_PARSER: parsed function __nextafterf with 2 params (varargs=0) at line 1536
w_name=nexttowardf
DEBUG C_PARSER: parsed function nexttowardf with 2 params (varargs=0) at line 1538
w_name=__nexttowardf
DEBUG C_PARSER: parsed function __nexttowardf with 2 params (varargs=0) at line 1538
w_name=nextdownf
DEBUG C_PARSER: parsed function nextdownf with 1 params (varargs=0) at line 1543
w_name=__nextdownf
DEBUG C_PARSER: parsed function __nextdownf with 1 params (varargs=0) at line 1543
w_name=nextupf
DEBUG C_PARSER: parsed function nextupf with 1 params (varargs=0) at line 1545
w_name=__nextupf
DEBUG C_PARSER: parsed function __nextupf with 1 params (varargs=0) at line 1545
w_name=remainderf
DEBUG C_PARSER: parsed function remainderf with 2 params (varargs=0) at line 1549
w_name=__remainderf
DEBUG C_PARSER: parsed function __remainderf with 2 params (varargs=0) at line 1549
w_name=scalbnf
DEBUG C_PARSER: parsed function scalbnf with 2 params (varargs=0) at line 1553
w_name=__scalbnf
DEBUG C_PARSER: parsed function __scalbnf with 2 params (varargs=0) at line 1553
w_name=ilogbf
DEBUG C_PARSER: parsed function ilogbf with 1 params (varargs=0) at line 1557
w_name=__ilogbf
DEBUG C_PARSER: parsed function __ilogbf with 1 params (varargs=0) at line 1557
w_name=llogbf
DEBUG C_PARSER: parsed function llogbf with 1 params (varargs=0) at line 1562
w_name=__llogbf
DEBUG C_PARSER: parsed function __llogbf with 1 params (varargs=0) at line 1562
w_name=scalblnf
DEBUG C_PARSER: parsed function scalblnf with 2 params (varargs=0) at line 1567
w_name=__scalblnf
DEBUG C_PARSER: parsed function __scalblnf with 2 params (varargs=0) at line 1567
w_name=nearbyintf
DEBUG C_PARSER: parsed function nearbyintf with 1 params (varargs=0) at line 1571
w_name=__nearbyintf
DEBUG C_PARSER: parsed function __nearbyintf with 1 params (varargs=0) at line 1571
w_name=roundf
DEBUG C_PARSER: parsed function roundf with 1 params (varargs=0) at line 1575
w_name=truncf
DEBUG C_PARSER: parsed function truncf with 1 params (varargs=0) at line 1579
w_name=remquof
DEBUG C_PARSER: parsed function remquof with 3 params (varargs=0) at line 1584
w_name=__remquof
DEBUG C_PARSER: parsed function __remquof with 3 params (varargs=0) at line 1584
w_name=lrintf
DEBUG C_PARSER: parsed function lrintf with 1 params (varargs=0) at line 1591
w_name=__lrintf
DEBUG C_PARSER: parsed function __lrintf with 1 params (varargs=0) at line 1591
w_name=llrintf
DEBUG C_PARSER: parsed function llrintf with 1 params (varargs=0) at line 1593
w_name=__llrintf
DEBUG C_PARSER: parsed function __llrintf with 1 params (varargs=0) at line 1593
w_name=lroundf
DEBUG C_PARSER: parsed function lroundf with 1 params (varargs=0) at line 1597
w_name=__lroundf
DEBUG C_PARSER: parsed function __lroundf with 1 params (varargs=0) at line 1597
w_name=llroundf
DEBUG C_PARSER: parsed function llroundf with 1 params (varargs=0) at line 1599
w_name=__llroundf
DEBUG C_PARSER: parsed function __llroundf with 1 params (varargs=0) at line 1599
w_name=fdimf
DEBUG C_PARSER: parsed function fdimf with 2 params (varargs=0) at line 1603
w_name=__fdimf
DEBUG C_PARSER: parsed function __fdimf with 2 params (varargs=0) at line 1603
w_name=fmaxf
DEBUG C_PARSER: parsed function fmaxf with 2 params (varargs=0) at line 1607
w_name=fminf
DEBUG C_PARSER: parsed function fminf with 2 params (varargs=0) at line 1610
w_name=fmaf
DEBUG C_PARSER: parsed function fmaf with 3 params (varargs=0) at line 1614
w_name=__fmaf
DEBUG C_PARSER: parsed function __fmaf with 3 params (varargs=0) at line 1614
w_name=roundevenf
DEBUG C_PARSER: parsed function roundevenf with 1 params (varargs=0) at line 1619
w_name=fromfpf
DEBUG C_PARSER: parsed function fromfpf with 3 params (varargs=0) at line 1623
w_name=__fromfpf
DEBUG C_PARSER: parsed function __fromfpf with 3 params (varargs=0) at line 1623
w_name=ufromfpf
DEBUG C_PARSER: parsed function ufromfpf with 3 params (varargs=0) at line 1627
w_name=__ufromfpf
DEBUG C_PARSER: parsed function __ufromfpf with 3 params (varargs=0) at line 1627
w_name=fromfpxf
DEBUG C_PARSER: parsed function fromfpxf with 3 params (varargs=0) at line 1632
w_name=__fromfpxf
DEBUG C_PARSER: parsed function __fromfpxf with 3 params (varargs=0) at line 1632
w_name=ufromfpxf
DEBUG C_PARSER: parsed function ufromfpxf with 3 params (varargs=0) at line 1637
w_name=__ufromfpxf
DEBUG C_PARSER: parsed function __ufromfpxf with 3 params (varargs=0) at line 1637
w_name=canonicalizef
DEBUG C_PARSER: parsed function canonicalizef with 2 params (varargs=0) at line 1640
w_name=fmaximumf
DEBUG C_PARSER: parsed function fmaximumf with 2 params (varargs=0) at line 1642
w_name=fminimumf
DEBUG C_PARSER: parsed function fminimumf with 2 params (varargs=0) at line 1645
w_name=fmaximum_numf
DEBUG C_PARSER: parsed function fmaximum_numf with 2 params (varargs=0) at line 1648
w_name=fminimum_numf
DEBUG C_PARSER: parsed function fminimum_numf with 2 params (varargs=0) at line 1651
w_name=fmaximum_magf
DEBUG C_PARSER: parsed function fmaximum_magf with 2 params (varargs=0) at line 1654
w_name=fminimum_magf
DEBUG C_PARSER: parsed function fminimum_magf with 2 params (varargs=0) at line 1657
w_name=fmaximum_mag_numf
DEBUG C_PARSER: parsed function fmaximum_mag_numf with 2 params (varargs=0) at line 1660
w_name=fminimum_mag_numf
DEBUG C_PARSER: parsed function fminimum_mag_numf with 2 params (varargs=0) at line 1663
w_name=scalbf
DEBUG C_PARSER: parsed function scalbf with 2 params (varargs=0) at line 1665
w_name=__scalbf
DEBUG C_PARSER: parsed function __scalbf with 2 params (varargs=0) at line 1665
w_name=__fpclassifyl
DEBUG C_PARSER: parsed function __fpclassifyl with 1 params (varargs=0) at line 1670
w_name=__signbitl
DEBUG C_PARSER: parsed function __signbitl with 1 params (varargs=0) at line 1674
w_name=__isinfl
DEBUG C_PARSER: parsed function __isinfl with 1 params (varargs=0) at line 1679
w_name=__finitel
DEBUG C_PARSER: parsed function __finitel with 1 params (varargs=0) at line 1683
w_name=__isnanl
DEBUG C_PARSER: parsed function __isnanl with 1 params (varargs=0) at line 1687
w_name=__iseqsigl
DEBUG C_PARSER: parsed function __iseqsigl with 2 params (varargs=0) at line 1691
w_name=__issignalingl
DEBUG C_PARSER: parsed function __issignalingl with 1 params (varargs=0) at line 1694
w_name=acosl
DEBUG C_PARSER: parsed function acosl with 1 params (varargs=0) at line 1699
w_name=__acosl
DEBUG C_PARSER: parsed function __acosl with 1 params (varargs=0) at line 1699
w_name=asinl
DEBUG C_PARSER: parsed function asinl with 1 params (varargs=0) at line 1701
w_name=__asinl
DEBUG C_PARSER: parsed function __asinl with 1 params (varargs=0) at line 1701
w_name=atanl
DEBUG C_PARSER: parsed function atanl with 1 params (varargs=0) at line 1703
w_name=__atanl
DEBUG C_PARSER: parsed function __atanl with 1 params (varargs=0) at line 1703
w_name=atan2l
DEBUG C_PARSER: parsed function atan2l with 2 params (varargs=0) at line 1705
w_name=__atan2l
DEBUG C_PARSER: parsed function __atan2l with 2 params (varargs=0) at line 1705
w_name=cosl
DEBUG C_PARSER: parsed function cosl with 1 params (varargs=0) at line 1708
w_name=__cosl
DEBUG C_PARSER: parsed function __cosl with 1 params (varargs=0) at line 1708
w_name=sinl
DEBUG C_PARSER: parsed function sinl with 1 params (varargs=0) at line 1710
w_name=__sinl
DEBUG C_PARSER: parsed function __sinl with 1 params (varargs=0) at line 1710
w_name=tanl
DEBUG C_PARSER: parsed function tanl with 1 params (varargs=0) at line 1712
w_name=__tanl
DEBUG C_PARSER: parsed function __tanl with 1 params (varargs=0) at line 1712
w_name=acospil
DEBUG C_PARSER: parsed function acospil with 1 params (varargs=0) at line 1716
w_name=__acospil
DEBUG C_PARSER: parsed function __acospil with 1 params (varargs=0) at line 1716
w_name=acospil
DEBUG C_PARSER: parsed function acospil with 1 params (varargs=0) at line 1717
w_name=__acospil
DEBUG C_PARSER: parsed function __acospil with 1 params (varargs=0) at line 1717
w_name=asinpil
DEBUG C_PARSER: parsed function asinpil with 1 params (varargs=0) at line 1719
w_name=__asinpil
DEBUG C_PARSER: parsed function __asinpil with 1 params (varargs=0) at line 1719
w_name=asinpil
DEBUG C_PARSER: parsed function asinpil with 1 params (varargs=0) at line 1720
w_name=__asinpil
DEBUG C_PARSER: parsed function __asinpil with 1 params (varargs=0) at line 1720
w_name=atanpil
DEBUG C_PARSER: parsed function atanpil with 1 params (varargs=0) at line 1722
w_name=__atanpil
DEBUG C_PARSER: parsed function __atanpil with 1 params (varargs=0) at line 1722
w_name=atanpil
DEBUG C_PARSER: parsed function atanpil with 1 params (varargs=0) at line 1723
w_name=__atanpil
DEBUG C_PARSER: parsed function __atanpil with 1 params (varargs=0) at line 1723
w_name=atan2pil
DEBUG C_PARSER: parsed function atan2pil with 2 params (varargs=0) at line 1725
w_name=__atan2pil
DEBUG C_PARSER: parsed function __atan2pil with 2 params (varargs=0) at line 1725
w_name=atan2pil
DEBUG C_PARSER: parsed function atan2pil with 2 params (varargs=0) at line 1726
w_name=__atan2pil
DEBUG C_PARSER: parsed function __atan2pil with 2 params (varargs=0) at line 1726
w_name=cospil
DEBUG C_PARSER: parsed function cospil with 1 params (varargs=0) at line 1729
w_name=__cospil
DEBUG C_PARSER: parsed function __cospil with 1 params (varargs=0) at line 1729
w_name=sinpil
DEBUG C_PARSER: parsed function sinpil with 1 params (varargs=0) at line 1731
w_name=__sinpil
DEBUG C_PARSER: parsed function __sinpil with 1 params (varargs=0) at line 1731
w_name=tanpil
DEBUG C_PARSER: parsed function tanpil with 1 params (varargs=0) at line 1733
w_name=__tanpil
DEBUG C_PARSER: parsed function __tanpil with 1 params (varargs=0) at line 1733
w_name=coshl
DEBUG C_PARSER: parsed function coshl with 1 params (varargs=0) at line 1739
w_name=__coshl
DEBUG C_PARSER: parsed function __coshl with 1 params (varargs=0) at line 1739
w_name=sinhl
DEBUG C_PARSER: parsed function sinhl with 1 params (varargs=0) at line 1741
w_name=__sinhl
DEBUG C_PARSER: parsed function __sinhl with 1 params (varargs=0) at line 1741
w_name=tanhl
DEBUG C_PARSER: parsed function tanhl with 1 params (varargs=0) at line 1743
w_name=__tanhl
DEBUG C_PARSER: parsed function __tanhl with 1 params (varargs=0) at line 1743
w_name=acoshl
DEBUG C_PARSER: parsed function acoshl with 1 params (varargs=0) at line 1745
w_name=__acoshl
DEBUG C_PARSER: parsed function __acoshl with 1 params (varargs=0) at line 1745
w_name=asinhl
DEBUG C_PARSER: parsed function asinhl with 1 params (varargs=0) at line 1747
w_name=__asinhl
DEBUG C_PARSER: parsed function __asinhl with 1 params (varargs=0) at line 1747
w_name=atanhl
DEBUG C_PARSER: parsed function atanhl with 1 params (varargs=0) at line 1749
w_name=__atanhl
DEBUG C_PARSER: parsed function __atanhl with 1 params (varargs=0) at line 1749
w_name=expl
DEBUG C_PARSER: parsed function expl with 1 params (varargs=0) at line 1755
w_name=__expl
DEBUG C_PARSER: parsed function __expl with 1 params (varargs=0) at line 1755
w_name=frexpl
DEBUG C_PARSER: parsed function frexpl with 2 params (varargs=0) at line 1758
w_name=__frexpl
DEBUG C_PARSER: parsed function __frexpl with 2 params (varargs=0) at line 1758
w_name=ldexpl
DEBUG C_PARSER: parsed function ldexpl with 2 params (varargs=0) at line 1761
w_name=__ldexpl
DEBUG C_PARSER: parsed function __ldexpl with 2 params (varargs=0) at line 1761
w_name=logl
DEBUG C_PARSER: parsed function logl with 1 params (varargs=0) at line 1764
w_name=__logl
DEBUG C_PARSER: parsed function __logl with 1 params (varargs=0) at line 1764
w_name=log10l
DEBUG C_PARSER: parsed function log10l with 1 params (varargs=0) at line 1767
w_name=__log10l
DEBUG C_PARSER: parsed function __log10l with 1 params (varargs=0) at line 1767
w_name=modfl
DEBUG C_PARSER: parsed function modfl with 2 params (varargs=0) at line 1770
w_name=__modfl
DEBUG C_PARSER: parsed function __modfl with 2 params (varargs=0) at line 1770
w_name=exp10l
DEBUG C_PARSER: parsed function exp10l with 1 params (varargs=0) at line 1774
w_name=__exp10l
DEBUG C_PARSER: parsed function __exp10l with 1 params (varargs=0) at line 1774
w_name=exp2m1l
DEBUG C_PARSER: parsed function exp2m1l with 1 params (varargs=0) at line 1777
w_name=__exp2m1l
DEBUG C_PARSER: parsed function __exp2m1l with 1 params (varargs=0) at line 1777
w_name=exp10m1l
DEBUG C_PARSER: parsed function exp10m1l with 1 params (varargs=0) at line 1780
w_name=__exp10m1l
DEBUG C_PARSER: parsed function __exp10m1l with 1 params (varargs=0) at line 1780
w_name=log2p1l
DEBUG C_PARSER: parsed function log2p1l with 1 params (varargs=0) at line 1783
w_name=__log2p1l
DEBUG C_PARSER: parsed function __log2p1l with 1 params (varargs=0) at line 1783
w_name=log10p1l
DEBUG C_PARSER: parsed function log10p1l with 1 params (varargs=0) at line 1786
w_name=__log10p1l
DEBUG C_PARSER: parsed function __log10p1l with 1 params (varargs=0) at line 1786
w_name=logp1l
DEBUG C_PARSER: parsed function logp1l with 1 params (varargs=0) at line 1789
w_name=__logp1l
DEBUG C_PARSER: parsed function __logp1l with 1 params (varargs=0) at line 1789
w_name=expm1l
DEBUG C_PARSER: parsed function expm1l with 1 params (varargs=0) at line 1794
w_name=__expm1l
DEBUG C_PARSER: parsed function __expm1l with 1 params (varargs=0) at line 1794
w_name=log1pl
DEBUG C_PARSER: parsed function log1pl with 1 params (varargs=0) at line 1797
w_name=__log1pl
DEBUG C_PARSER: parsed function __log1pl with 1 params (varargs=0) at line 1797
w_name=logbl
DEBUG C_PARSER: parsed function logbl with 1 params (varargs=0) at line 1800
w_name=__logbl
DEBUG C_PARSER: parsed function __logbl with 1 params (varargs=0) at line 1800
w_name=exp2l
DEBUG C_PARSER: parsed function exp2l with 1 params (varargs=0) at line 1805
w_name=__exp2l
DEBUG C_PARSER: parsed function __exp2l with 1 params (varargs=0) at line 1805
w_name=log2l
DEBUG C_PARSER: parsed function log2l with 1 params (varargs=0) at line 1808
w_name=__log2l
DEBUG C_PARSER: parsed function __log2l with 1 params (varargs=0) at line 1808
w_name=powl
DEBUG C_PARSER: parsed function powl with 2 params (varargs=0) at line 1815
w_name=__powl
DEBUG C_PARSER: parsed function __powl with 2 params (varargs=0) at line 1815
w_name=sqrtl
DEBUG C_PARSER: parsed function sqrtl with 1 params (varargs=0) at line 1818
w_name=__sqrtl
DEBUG C_PARSER: parsed function __sqrtl with 1 params (varargs=0) at line 1818
w_name=hypotl
DEBUG C_PARSER: parsed function hypotl with 2 params (varargs=0) at line 1822
w_name=__hypotl
DEBUG C_PARSER: parsed function __hypotl with 2 params (varargs=0) at line 1822
w_name=cbrtl
DEBUG C_PARSER: parsed function cbrtl with 1 params (varargs=0) at line 1827
w_name=__cbrtl
DEBUG C_PARSER: parsed function __cbrtl with 1 params (varargs=0) at line 1827
w_name=compoundnl
DEBUG C_PARSER: parsed function compoundnl with 2 params (varargs=0) at line 1832
w_name=__compoundnl
DEBUG C_PARSER: parsed function __compoundnl with 2 params (varargs=0) at line 1832
w_name=pownl
DEBUG C_PARSER: parsed function pownl with 2 params (varargs=0) at line 1835
w_name=__pownl
DEBUG C_PARSER: parsed function __pownl with 2 params (varargs=0) at line 1835
w_name=powrl
DEBUG C_PARSER: parsed function powrl with 2 params (varargs=0) at line 1838
w_name=__powrl
DEBUG C_PARSER: parsed function __powrl with 2 params (varargs=0) at line 1838
w_name=powrl
DEBUG C_PARSER: parsed function powrl with 2 params (varargs=0) at line 1839
w_name=__powrl
DEBUG C_PARSER: parsed function __powrl with 2 params (varargs=0) at line 1839
w_name=rootnl
DEBUG C_PARSER: parsed function rootnl with 2 params (varargs=0) at line 1842
w_name=__rootnl
DEBUG C_PARSER: parsed function __rootnl with 2 params (varargs=0) at line 1842
w_name=rsqrtl
DEBUG C_PARSER: parsed function rsqrtl with 1 params (varargs=0) at line 1845
w_name=__rsqrtl
DEBUG C_PARSER: parsed function __rsqrtl with 1 params (varargs=0) at line 1845
w_name=ceill
DEBUG C_PARSER: parsed function ceill with 1 params (varargs=0) at line 1852
w_name=fabsl
DEBUG C_PARSER: parsed function fabsl with 1 params (varargs=0) at line 1855
w_name=floorl
DEBUG C_PARSER: parsed function floorl with 1 params (varargs=0) at line 1858
w_name=fmodl
DEBUG C_PARSER: parsed function fmodl with 2 params (varargs=0) at line 1861
w_name=__fmodl
DEBUG C_PARSER: parsed function __fmodl with 2 params (varargs=0) at line 1861
w_name=isinfl
DEBUG C_PARSER: parsed function isinfl with 1 params (varargs=0) at line 1863
w_name=finitel
DEBUG C_PARSER: parsed function finitel with 1 params (varargs=0) at line 1869
w_name=dreml
DEBUG C_PARSER: parsed function dreml with 2 params (varargs=0) at line 1873
w_name=__dreml
DEBUG C_PARSER: parsed function __dreml with 2 params (varargs=0) at line 1873
w_name=significandl
DEBUG C_PARSER: parsed function significandl with 1 params (varargs=0) at line 1877
w_name=__significandl
DEBUG C_PARSER: parsed function __significandl with 1 params (varargs=0) at line 1877
w_name=copysignl
DEBUG C_PARSER: parsed function copysignl with 2 params (varargs=0) at line 1884
w_name=nanl
DEBUG C_PARSER: parsed function nanl with 1 params (varargs=0) at line 1889
w_name=__nanl
DEBUG C_PARSER: parsed function __nanl with 1 params (varargs=0) at line 1889
w_name=isnanl
DEBUG C_PARSER: parsed function isnanl with 1 params (varargs=0) at line 1891
w_name=j0l
DEBUG C_PARSER: parsed function j0l with 1 params (varargs=0) at line 1898
w_name=__j0l
DEBUG C_PARSER: parsed function __j0l with 1 params (varargs=0) at line 1898
w_name=j1l
DEBUG C_PARSER: parsed function j1l with 1 params (varargs=0) at line 1899
w_name=__j1l
DEBUG C_PARSER: parsed function __j1l with 1 params (varargs=0) at line 1899
w_name=jnl
DEBUG C_PARSER: parsed function jnl with 2 params (varargs=0) at line 1900
w_name=__jnl
DEBUG C_PARSER: parsed function __jnl with 2 params (varargs=0) at line 1900
w_name=y0l
DEBUG C_PARSER: parsed function y0l with 1 params (varargs=0) at line 1901
w_name=__y0l
DEBUG C_PARSER: parsed function __y0l with 1 params (varargs=0) at line 1901
w_name=y1l
DEBUG C_PARSER: parsed function y1l with 1 params (varargs=0) at line 1902
w_name=__y1l
DEBUG C_PARSER: parsed function __y1l with 1 params (varargs=0) at line 1902
w_name=ynl
DEBUG C_PARSER: parsed function ynl with 2 params (varargs=0) at line 1903
w_name=__ynl
DEBUG C_PARSER: parsed function __ynl with 2 params (varargs=0) at line 1903
w_name=erfl
DEBUG C_PARSER: parsed function erfl with 1 params (varargs=0) at line 1909
w_name=__erfl
DEBUG C_PARSER: parsed function __erfl with 1 params (varargs=0) at line 1909
w_name=erfcl
DEBUG C_PARSER: parsed function erfcl with 1 params (varargs=0) at line 1910
w_name=__erfcl
DEBUG C_PARSER: parsed function __erfcl with 1 params (varargs=0) at line 1910
w_name=lgammal
DEBUG C_PARSER: parsed function lgammal with 1 params (varargs=0) at line 1911
w_name=__lgammal
DEBUG C_PARSER: parsed function __lgammal with 1 params (varargs=0) at line 1911
w_name=tgammal
DEBUG C_PARSER: parsed function tgammal with 1 params (varargs=0) at line 1916
w_name=__tgammal
DEBUG C_PARSER: parsed function __tgammal with 1 params (varargs=0) at line 1916
w_name=gammal
DEBUG C_PARSER: parsed function gammal with 1 params (varargs=0) at line 1922
w_name=__gammal
DEBUG C_PARSER: parsed function __gammal with 1 params (varargs=0) at line 1922
w_name=lgammal_r
DEBUG C_PARSER: parsed function lgammal_r with 2 params (varargs=0) at line 1930
w_name=__lgammal_r
DEBUG C_PARSER: parsed function __lgammal_r with 2 params (varargs=0) at line 1930
w_name=rintl
DEBUG C_PARSER: parsed function rintl with 1 params (varargs=0) at line 1937
w_name=__rintl
DEBUG C_PARSER: parsed function __rintl with 1 params (varargs=0) at line 1937
w_name=nextafterl
DEBUG C_PARSER: parsed function nextafterl with 2 params (varargs=0) at line 1940
w_name=__nextafterl
DEBUG C_PARSER: parsed function __nextafterl with 2 params (varargs=0) at line 1940
w_name=nexttowardl
DEBUG C_PARSER: parsed function nexttowardl with 2 params (varargs=0) at line 1942
w_name=__nexttowardl
DEBUG C_PARSER: parsed function __nexttowardl with 2 params (varargs=0) at line 1942
w_name=nextdownl
DEBUG C_PARSER: parsed function nextdownl with 1 params (varargs=0) at line 1947
w_name=__nextdownl
DEBUG C_PARSER: parsed function __nextdownl with 1 params (varargs=0) at line 1947
w_name=nextupl
DEBUG C_PARSER: parsed function nextupl with 1 params (varargs=0) at line 1949
w_name=__nextupl
DEBUG C_PARSER: parsed function __nextupl with 1 params (varargs=0) at line 1949
w_name=remainderl
DEBUG C_PARSER: parsed function remainderl with 2 params (varargs=0) at line 1953
w_name=__remainderl
DEBUG C_PARSER: parsed function __remainderl with 2 params (varargs=0) at line 1953
w_name=scalbnl
DEBUG C_PARSER: parsed function scalbnl with 2 params (varargs=0) at line 1957
w_name=__scalbnl
DEBUG C_PARSER: parsed function __scalbnl with 2 params (varargs=0) at line 1957
w_name=ilogbl
DEBUG C_PARSER: parsed function ilogbl with 1 params (varargs=0) at line 1961
w_name=__ilogbl
DEBUG C_PARSER: parsed function __ilogbl with 1 params (varargs=0) at line 1961
w_name=llogbl
DEBUG C_PARSER: parsed function llogbl with 1 params (varargs=0) at line 1966
w_name=__llogbl
DEBUG C_PARSER: parsed function __llogbl with 1 params (varargs=0) at line 1966
w_name=scalblnl
DEBUG C_PARSER: parsed function scalblnl with 2 params (varargs=0) at line 1971
w_name=__scalblnl
DEBUG C_PARSER: parsed function __scalblnl with 2 params (varargs=0) at line 1971
w_name=nearbyintl
DEBUG C_PARSER: parsed function nearbyintl with 1 params (varargs=0) at line 1975
w_name=__nearbyintl
DEBUG C_PARSER: parsed function __nearbyintl with 1 params (varargs=0) at line 1975
w_name=roundl
DEBUG C_PARSER: parsed function roundl with 1 params (varargs=0) at line 1979
w_name=truncl
DEBUG C_PARSER: parsed function truncl with 1 params (varargs=0) at line 1983
w_name=remquol
DEBUG C_PARSER: parsed function remquol with 3 params (varargs=0) at line 1988
w_name=__remquol
DEBUG C_PARSER: parsed function __remquol with 3 params (varargs=0) at line 1988
w_name=lrintl
DEBUG C_PARSER: parsed function lrintl with 1 params (varargs=0) at line 1995
w_name=__lrintl
DEBUG C_PARSER: parsed function __lrintl with 1 params (varargs=0) at line 1995
w_name=llrintl
DEBUG C_PARSER: parsed function llrintl with 1 params (varargs=0) at line 1997
w_name=__llrintl
DEBUG C_PARSER: parsed function __llrintl with 1 params (varargs=0) at line 1997
w_name=lroundl
DEBUG C_PARSER: parsed function lroundl with 1 params (varargs=0) at line 2001
w_name=__lroundl
DEBUG C_PARSER: parsed function __lroundl with 1 params (varargs=0) at line 2001
w_name=llroundl
DEBUG C_PARSER: parsed function llroundl with 1 params (varargs=0) at line 2003
w_name=__llroundl
DEBUG C_PARSER: parsed function __llroundl with 1 params (varargs=0) at line 2003
w_name=fdiml
DEBUG C_PARSER: parsed function fdiml with 2 params (varargs=0) at line 2007
w_name=__fdiml
DEBUG C_PARSER: parsed function __fdiml with 2 params (varargs=0) at line 2007
w_name=fmaxl
DEBUG C_PARSER: parsed function fmaxl with 2 params (varargs=0) at line 2011
w_name=fminl
DEBUG C_PARSER: parsed function fminl with 2 params (varargs=0) at line 2014
w_name=fmal
DEBUG C_PARSER: parsed function fmal with 3 params (varargs=0) at line 2018
w_name=__fmal
DEBUG C_PARSER: parsed function __fmal with 3 params (varargs=0) at line 2018
w_name=roundevenl
DEBUG C_PARSER: parsed function roundevenl with 1 params (varargs=0) at line 2023
w_name=fromfpl
DEBUG C_PARSER: parsed function fromfpl with 3 params (varargs=0) at line 2027
w_name=__fromfpl
DEBUG C_PARSER: parsed function __fromfpl with 3 params (varargs=0) at line 2027
w_name=ufromfpl
DEBUG C_PARSER: parsed function ufromfpl with 3 params (varargs=0) at line 2031
w_name=__ufromfpl
DEBUG C_PARSER: parsed function __ufromfpl with 3 params (varargs=0) at line 2031
w_name=fromfpxl
DEBUG C_PARSER: parsed function fromfpxl with 3 params (varargs=0) at line 2036
w_name=__fromfpxl
DEBUG C_PARSER: parsed function __fromfpxl with 3 params (varargs=0) at line 2036
w_name=ufromfpxl
DEBUG C_PARSER: parsed function ufromfpxl with 3 params (varargs=0) at line 2041
w_name=__ufromfpxl
DEBUG C_PARSER: parsed function __ufromfpxl with 3 params (varargs=0) at line 2041
w_name=canonicalizel
DEBUG C_PARSER: parsed function canonicalizel with 2 params (varargs=0) at line 2044
w_name=fmaximuml
DEBUG C_PARSER: parsed function fmaximuml with 2 params (varargs=0) at line 2046
w_name=fminimuml
DEBUG C_PARSER: parsed function fminimuml with 2 params (varargs=0) at line 2049
w_name=fmaximum_numl
DEBUG C_PARSER: parsed function fmaximum_numl with 2 params (varargs=0) at line 2052
w_name=fminimum_numl
DEBUG C_PARSER: parsed function fminimum_numl with 2 params (varargs=0) at line 2055
w_name=fmaximum_magl
DEBUG C_PARSER: parsed function fmaximum_magl with 2 params (varargs=0) at line 2058
w_name=fminimum_magl
DEBUG C_PARSER: parsed function fminimum_magl with 2 params (varargs=0) at line 2061
w_name=fmaximum_mag_numl
DEBUG C_PARSER: parsed function fmaximum_mag_numl with 2 params (varargs=0) at line 2064
w_name=fminimum_mag_numl
DEBUG C_PARSER: parsed function fminimum_mag_numl with 2 params (varargs=0) at line 2067
w_name=scalbl
DEBUG C_PARSER: parsed function scalbl with 2 params (varargs=0) at line 2069
w_name=__scalbl
DEBUG C_PARSER: parsed function __scalbl with 2 params (varargs=0) at line 2069
w_name=__fpclassifyf128
DEBUG C_PARSER: parsed function __fpclassifyf128 with 1 params (varargs=0) at line 2074
w_name=__signbitf128
DEBUG C_PARSER: parsed function __signbitf128 with 1 params (varargs=0) at line 2078
w_name=__isinff128
DEBUG C_PARSER: parsed function __isinff128 with 1 params (varargs=0) at line 2083
w_name=__finitef128
DEBUG C_PARSER: parsed function __finitef128 with 1 params (varargs=0) at line 2087
w_name=__isnanf128
DEBUG C_PARSER: parsed function __isnanf128 with 1 params (varargs=0) at line 2091
w_name=__iseqsigf128
DEBUG C_PARSER: parsed function __iseqsigf128 with 2 params (varargs=0) at line 2095
w_name=__issignalingf128
DEBUG C_PARSER: parsed function __issignalingf128 with 1 params (varargs=0) at line 2098
w_name=fadd
DEBUG C_PARSER: parsed function fadd with 2 params (varargs=0) at line 2104
w_name=fdiv
DEBUG C_PARSER: parsed function fdiv with 2 params (varargs=0) at line 2107
w_name=ffma
DEBUG C_PARSER: parsed function ffma with 3 params (varargs=0) at line 2110
w_name=fmul
DEBUG C_PARSER: parsed function fmul with 2 params (varargs=0) at line 2113
w_name=fsqrt
DEBUG C_PARSER: parsed function fsqrt with 1 params (varargs=0) at line 2116
w_name=fsub
DEBUG C_PARSER: parsed function fsub with 2 params (varargs=0) at line 2119
w_name=faddl
DEBUG C_PARSER: parsed function faddl with 2 params (varargs=0) at line 2124
w_name=fdivl
DEBUG C_PARSER: parsed function fdivl with 2 params (varargs=0) at line 2127
w_name=ffmal
DEBUG C_PARSER: parsed function ffmal with 3 params (varargs=0) at line 2130
w_name=fmull
DEBUG C_PARSER: parsed function fmull with 2 params (varargs=0) at line 2133
w_name=fsqrtl
DEBUG C_PARSER: parsed function fsqrtl with 1 params (varargs=0) at line 2136
w_name=fsubl
DEBUG C_PARSER: parsed function fsubl with 2 params (varargs=0) at line 2139
w_name=daddl
DEBUG C_PARSER: parsed function daddl with 2 params (varargs=0) at line 2144
w_name=ddivl
DEBUG C_PARSER: parsed function ddivl with 2 params (varargs=0) at line 2147
w_name=dfmal
DEBUG C_PARSER: parsed function dfmal with 3 params (varargs=0) at line 2150
w_name=dmull
DEBUG C_PARSER: parsed function dmull with 2 params (varargs=0) at line 2153
w_name=dsqrtl
DEBUG C_PARSER: parsed function dsqrtl with 1 params (varargs=0) at line 2156
w_name=dsubl
DEBUG C_PARSER: parsed function dsubl with 2 params (varargs=0) at line 2159
w_name=__iscanonicall
DEBUG C_PARSER: parsed function __iscanonicall with 1 params (varargs=0) at line 2186
w_name=imaxabs
DEBUG C_PARSER: parsed function imaxabs with 1 params (varargs=0) at line 2220
w_name=imaxdiv
DEBUG C_PARSER: parsed function imaxdiv with 2 params (varargs=0) at line 2229
w_name=strtoimax
DEBUG C_PARSER: parsed function strtoimax with 3 params (varargs=0) at line 2233
w_name=strtoumax
DEBUG C_PARSER: parsed function strtoumax with 3 params (varargs=0) at line 2237
w_name=wcstoimax
DEBUG C_PARSER: parsed function wcstoimax with 3 params (varargs=0) at line 2242
w_name=wcstoumax
DEBUG C_PARSER: parsed function wcstoumax with 3 params (varargs=0) at line 2247
w_name=strtoimax
DEBUG C_PARSER: parsed function strtoimax with 3 params (varargs=0) at line 2253
w_name=strtoumax
DEBUG C_PARSER: parsed function strtoumax with 3 params (varargs=0) at line 2256
w_name=wcstoimax
DEBUG C_PARSER: parsed function wcstoimax with 3 params (varargs=0) at line 2259
w_name=wcstoumax
DEBUG C_PARSER: parsed function wcstoumax with 3 params (varargs=0) at line 2263
w_name=wl_list_init
DEBUG C_PARSER: parsed function wl_list_init with 1 params (varargs=0) at line 2311
w_name=wl_list_insert
DEBUG C_PARSER: parsed function wl_list_insert with 2 params (varargs=0) at line 2314
w_name=wl_list_remove
DEBUG C_PARSER: parsed function wl_list_remove with 1 params (varargs=0) at line 2317
w_name=wl_list_length
DEBUG C_PARSER: parsed function wl_list_length with 1 params (varargs=0) at line 2320
w_name=wl_list_empty
DEBUG C_PARSER: parsed function wl_list_empty with 1 params (varargs=0) at line 2323
w_name=wl_list_insert_list
DEBUG C_PARSER: parsed function wl_list_insert_list with 2 params (varargs=0) at line 2326
w_name=wl_array_init
DEBUG C_PARSER: parsed function wl_array_init with 1 params (varargs=0) at line 2338
w_name=wl_array_release
DEBUG C_PARSER: parsed function wl_array_release with 1 params (varargs=0) at line 2341
w_name=wl_array_add
DEBUG C_PARSER: parsed function wl_array_add with 2 params (varargs=0) at line 2344
w_name=wl_array_copy
DEBUG C_PARSER: parsed function wl_array_copy with 2 params (varargs=0) at line 2347
w_name=wl_fixed_to_double
DEBUG C_PARSER: parsed function wl_fixed_to_double with 1 params (varargs=0) at line 2353
w_name=wl_fixed_from_double
DEBUG C_PARSER: parsed function wl_fixed_from_double with 1 params (varargs=0) at line 2359
w_name=wl_fixed_to_int
DEBUG C_PARSER: parsed function wl_fixed_to_int with 1 params (varargs=0) at line 2365
w_name=wl_fixed_from_int
DEBUG C_PARSER: parsed function wl_fixed_from_int with 1 params (varargs=0) at line 2371
w_name=wl_event_loop_create
DEBUG C_PARSER: parsed function wl_event_loop_create with 0 params (varargs=0) at line 2428
w_name=wl_event_loop_destroy
DEBUG C_PARSER: parsed function wl_event_loop_destroy with 1 params (varargs=0) at line 2431
w_name=wl_event_loop_add_fd
DEBUG C_PARSER: parsed function wl_event_loop_add_fd with 5 params (varargs=0) at line 2437
w_name=wl_event_source_fd_update
DEBUG C_PARSER: parsed function wl_event_source_fd_update with 2 params (varargs=0) at line 2440
w_name=wl_event_loop_add_timer
DEBUG C_PARSER: parsed function wl_event_loop_add_timer with 3 params (varargs=0) at line 2445
w_name=wl_event_loop_add_signal
DEBUG C_PARSER: parsed function wl_event_loop_add_signal with 4 params (varargs=0) at line 2451
w_name=wl_event_source_timer_update
DEBUG C_PARSER: parsed function wl_event_source_timer_update with 2 params (varargs=0) at line 2455
w_name=wl_event_source_remove
DEBUG C_PARSER: parsed function wl_event_source_remove with 1 params (varargs=0) at line 2458
w_name=wl_event_source_check
DEBUG C_PARSER: parsed function wl_event_source_check with 1 params (varargs=0) at line 2461
w_name=wl_event_loop_dispatch
DEBUG C_PARSER: parsed function wl_event_loop_dispatch with 2 params (varargs=0) at line 2464
w_name=wl_event_loop_dispatch_idle
DEBUG C_PARSER: parsed function wl_event_loop_dispatch_idle with 1 params (varargs=0) at line 2467
w_name=wl_event_loop_add_idle
DEBUG C_PARSER: parsed function wl_event_loop_add_idle with 3 params (varargs=0) at line 2472
w_name=wl_event_loop_get_fd
DEBUG C_PARSER: parsed function wl_event_loop_get_fd with 1 params (varargs=0) at line 2475
w_name=wl_event_loop_add_destroy_listener
DEBUG C_PARSER: parsed function wl_event_loop_add_destroy_listener with 2 params (varargs=0) at line 2483
w_name=wl_event_loop_get_destroy_listener
DEBUG C_PARSER: parsed function wl_event_loop_get_destroy_listener with 2 params (varargs=0) at line 2487
w_name=wl_display_create
DEBUG C_PARSER: parsed function wl_display_create with 0 params (varargs=0) at line 2490
w_name=wl_display_destroy
DEBUG C_PARSER: parsed function wl_display_destroy with 1 params (varargs=0) at line 2493
w_name=wl_display_get_event_loop
DEBUG C_PARSER: parsed function wl_display_get_event_loop with 1 params (varargs=0) at line 2496
w_name=wl_display_add_socket
DEBUG C_PARSER: parsed function wl_display_add_socket with 2 params (varargs=0) at line 2499
w_name=wl_display_add_socket_auto
DEBUG C_PARSER: parsed function wl_display_add_socket_auto with 1 params (varargs=0) at line 2502
w_name=wl_display_add_socket_fd
DEBUG C_PARSER: parsed function wl_display_add_socket_fd with 2 params (varargs=0) at line 2505
w_name=wl_display_terminate
DEBUG C_PARSER: parsed function wl_display_terminate with 1 params (varargs=0) at line 2508
w_name=wl_display_run
DEBUG C_PARSER: parsed function wl_display_run with 1 params (varargs=0) at line 2511
w_name=wl_display_flush_clients
DEBUG C_PARSER: parsed function wl_display_flush_clients with 1 params (varargs=0) at line 2514
w_name=wl_display_destroy_clients
DEBUG C_PARSER: parsed function wl_display_destroy_clients with 1 params (varargs=0) at line 2517
w_name=wl_display_set_default_max_buffer_size
DEBUG C_PARSER: parsed function wl_display_set_default_max_buffer_size with 2 params (varargs=0) at line 2521
w_name=wl_display_get_serial
DEBUG C_PARSER: parsed function wl_display_get_serial with 1 params (varargs=0) at line 2529
w_name=wl_display_next_serial
DEBUG C_PARSER: parsed function wl_display_next_serial with 1 params (varargs=0) at line 2532
w_name=wl_display_add_destroy_listener
DEBUG C_PARSER: parsed function wl_display_add_destroy_listener with 2 params (varargs=0) at line 2536
w_name=wl_display_add_client_created_listener
DEBUG C_PARSER: parsed function wl_display_add_client_created_listener with 2 params (varargs=0) at line 2540
w_name=wl_display_get_destroy_listener
DEBUG C_PARSER: parsed function wl_display_get_destroy_listener with 2 params (varargs=0) at line 2544
w_name=wl_global_create
DEBUG C_PARSER: parsed function wl_global_create with 5 params (varargs=0) at line 2550
w_name=wl_global_remove
DEBUG C_PARSER: parsed function wl_global_remove with 1 params (varargs=0) at line 2553
w_name=wl_global_destroy
DEBUG C_PARSER: parsed function wl_global_destroy with 1 params (varargs=0) at line 2556
w_name=wl_display_set_global_filter
DEBUG C_PARSER: parsed function wl_display_set_global_filter with 3 params (varargs=0) at line 2565
w_name=wl_global_get_interface
DEBUG C_PARSER: parsed function wl_global_get_interface with 1 params (varargs=0) at line 2568
w_name=wl_global_get_name
DEBUG C_PARSER: parsed function wl_global_get_name with 2 params (varargs=0) at line 2572
w_name=wl_global_get_version
DEBUG C_PARSER: parsed function wl_global_get_version with 1 params (varargs=0) at line 2575
w_name=wl_global_get_display
DEBUG C_PARSER: parsed function wl_global_get_display with 1 params (varargs=0) at line 2578
w_name=wl_global_get_user_data
DEBUG C_PARSER: parsed function wl_global_get_user_data with 1 params (varargs=0) at line 2581
w_name=wl_global_set_user_data
DEBUG C_PARSER: parsed function wl_global_set_user_data with 2 params (varargs=0) at line 2584
w_name=wl_client_create
DEBUG C_PARSER: parsed function wl_client_create with 2 params (varargs=0) at line 2587
w_name=wl_display_get_client_list
DEBUG C_PARSER: parsed function wl_display_get_client_list with 1 params (varargs=0) at line 2590
w_name=wl_client_get_link
DEBUG C_PARSER: parsed function wl_client_get_link with 1 params (varargs=0) at line 2593
w_name=wl_client_from_link
DEBUG C_PARSER: parsed function wl_client_from_link with 1 params (varargs=0) at line 2596
w_name=wl_client_destroy
DEBUG C_PARSER: parsed function wl_client_destroy with 1 params (varargs=0) at line 2605
w_name=wl_client_flush
DEBUG C_PARSER: parsed function wl_client_flush with 1 params (varargs=0) at line 2608
w_name=wl_client_get_credentials
DEBUG C_PARSER: parsed function wl_client_get_credentials with 4 params (varargs=0) at line 2612
w_name=wl_client_get_fd
DEBUG C_PARSER: parsed function wl_client_get_fd with 1 params (varargs=0) at line 2615
w_name=wl_client_add_destroy_listener
DEBUG C_PARSER: parsed function wl_client_add_destroy_listener with 2 params (varargs=0) at line 2619
w_name=wl_client_get_destroy_listener
DEBUG C_PARSER: parsed function wl_client_get_destroy_listener with 2 params (varargs=0) at line 2623
w_name=wl_client_add_destroy_late_listener
DEBUG C_PARSER: parsed function wl_client_add_destroy_late_listener with 2 params (varargs=0) at line 2627
w_name=wl_client_get_destroy_late_listener
DEBUG C_PARSER: parsed function wl_client_get_destroy_late_listener with 2 params (varargs=0) at line 2631
w_name=wl_client_get_object
DEBUG C_PARSER: parsed function wl_client_get_object with 2 params (varargs=0) at line 2634
w_name=wl_client_post_no_memory
DEBUG C_PARSER: parsed function wl_client_post_no_memory with 1 params (varargs=0) at line 2637
w_name=wl_client_post_implementation_error
DEBUG C_PARSER: parsed function wl_client_post_implementation_error with 2 params (varargs=1) at line 2641
w_name=wl_client_add_resource_created_listener
DEBUG C_PARSER: parsed function wl_client_add_resource_created_listener with 2 params (varargs=0) at line 2645
w_name=wl_client_for_each_resource
DEBUG C_PARSER: parsed function wl_client_for_each_resource with 3 params (varargs=0) at line 2655
w_name=wl_client_set_user_data
DEBUG C_PARSER: parsed function wl_client_set_user_data with 3 params (varargs=0) at line 2662
w_name=wl_client_get_user_data
DEBUG C_PARSER: parsed function wl_client_get_user_data with 1 params (varargs=0) at line 2665
w_name=wl_client_set_max_buffer_size
DEBUG C_PARSER: parsed function wl_client_set_max_buffer_size with 2 params (varargs=0) at line 2668
w_name=wl_signal_init
DEBUG C_PARSER: parsed function wl_signal_init with 1 params (varargs=0) at line 2690
w_name=wl_signal_add
DEBUG C_PARSER: parsed function wl_signal_add with 2 params (varargs=0) at line 2696
w_name=wl_signal_get
DEBUG C_PARSER: parsed function wl_signal_get with 2 params (varargs=0) at line 2702
w_name=wl_signal_emit
DEBUG C_PARSER: parsed function wl_signal_emit with 2 params (varargs=0) at line 2714
w_name=wl_signal_emit_mutable
DEBUG C_PARSER: parsed function wl_signal_emit_mutable with 2 params (varargs=0) at line 2722
w_name=wl_resource_post_event
DEBUG C_PARSER: parsed function wl_resource_post_event with 2 params (varargs=1) at line 2728
w_name=wl_resource_post_event_array
DEBUG C_PARSER: parsed function wl_resource_post_event_array with 3 params (varargs=0) at line 2732
w_name=wl_resource_queue_event
DEBUG C_PARSER: parsed function wl_resource_queue_event with 2 params (varargs=1) at line 2736
w_name=wl_resource_queue_event_array
DEBUG C_PARSER: parsed function wl_resource_queue_event_array with 3 params (varargs=0) at line 2740
w_name=wl_resource_post_error_vargs
DEBUG C_PARSER: parsed function wl_resource_post_error_vargs with 4 params (varargs=0) at line 2744
w_name=wl_resource_post_error
DEBUG C_PARSER: parsed function wl_resource_post_error with 3 params (varargs=1) at line 2748
w_name=wl_resource_post_no_memory
DEBUG C_PARSER: parsed function wl_resource_post_no_memory with 1 params (varargs=0) at line 2751
w_name=wl_client_get_display
DEBUG C_PARSER: parsed function wl_client_get_display with 1 params (varargs=0) at line 2754
w_name=wl_resource_create
DEBUG C_PARSER: parsed function wl_resource_create with 4 params (varargs=0) at line 2759
w_name=wl_resource_set_implementation
DEBUG C_PARSER: parsed function wl_resource_set_implementation with 4 params (varargs=0) at line 2765
w_name=wl_resource_set_dispatcher
DEBUG C_PARSER: parsed function wl_resource_set_dispatcher with 5 params (varargs=0) at line 2772
w_name=wl_resource_destroy
DEBUG C_PARSER: parsed function wl_resource_destroy with 1 params (varargs=0) at line 2775
w_name=wl_resource_get_id
DEBUG C_PARSER: parsed function wl_resource_get_id with 1 params (varargs=0) at line 2778
w_name=wl_resource_get_link
DEBUG C_PARSER: parsed function wl_resource_get_link with 1 params (varargs=0) at line 2781
w_name=wl_resource_from_link
DEBUG C_PARSER: parsed function wl_resource_from_link with 1 params (varargs=0) at line 2784
w_name=wl_resource_find_for_client
DEBUG C_PARSER: parsed function wl_resource_find_for_client with 2 params (varargs=0) at line 2787
w_name=wl_resource_get_client
DEBUG C_PARSER: parsed function wl_resource_get_client with 1 params (varargs=0) at line 2790
w_name=wl_resource_set_user_data
DEBUG C_PARSER: parsed function wl_resource_set_user_data with 2 params (varargs=0) at line 2793
w_name=wl_resource_get_user_data
DEBUG C_PARSER: parsed function wl_resource_get_user_data with 1 params (varargs=0) at line 2796
w_name=wl_resource_get_version
DEBUG C_PARSER: parsed function wl_resource_get_version with 1 params (varargs=0) at line 2799
w_name=wl_resource_set_destructor
DEBUG C_PARSER: parsed function wl_resource_set_destructor with 2 params (varargs=0) at line 2803
w_name=wl_resource_instance_of
DEBUG C_PARSER: parsed function wl_resource_instance_of with 3 params (varargs=0) at line 2808
w_name=wl_resource_get_class
DEBUG C_PARSER: parsed function wl_resource_get_class with 1 params (varargs=0) at line 2811
w_name=wl_resource_get_interface
DEBUG C_PARSER: parsed function wl_resource_get_interface with 1 params (varargs=0) at line 2814
w_name=wl_resource_add_destroy_listener
DEBUG C_PARSER: parsed function wl_resource_add_destroy_listener with 2 params (varargs=0) at line 2818
w_name=wl_resource_get_destroy_listener
DEBUG C_PARSER: parsed function wl_resource_get_destroy_listener with 2 params (varargs=0) at line 2822
w_name=wl_shm_buffer_get
DEBUG C_PARSER: parsed function wl_shm_buffer_get with 1 params (varargs=0) at line 2825
w_name=wl_shm_buffer_begin_access
DEBUG C_PARSER: parsed function wl_shm_buffer_begin_access with 1 params (varargs=0) at line 2828
w_name=wl_shm_buffer_end_access
DEBUG C_PARSER: parsed function wl_shm_buffer_end_access with 1 params (varargs=0) at line 2831
w_name=wl_shm_buffer_get_data
DEBUG C_PARSER: parsed function wl_shm_buffer_get_data with 1 params (varargs=0) at line 2834
w_name=wl_shm_buffer_get_stride
DEBUG C_PARSER: parsed function wl_shm_buffer_get_stride with 1 params (varargs=0) at line 2837
w_name=wl_shm_buffer_get_format
DEBUG C_PARSER: parsed function wl_shm_buffer_get_format with 1 params (varargs=0) at line 2840
w_name=wl_shm_buffer_get_width
DEBUG C_PARSER: parsed function wl_shm_buffer_get_width with 1 params (varargs=0) at line 2843
w_name=wl_shm_buffer_get_height
DEBUG C_PARSER: parsed function wl_shm_buffer_get_height with 1 params (varargs=0) at line 2846
w_name=wl_shm_buffer_ref
DEBUG C_PARSER: parsed function wl_shm_buffer_ref with 1 params (varargs=0) at line 2849
w_name=wl_shm_buffer_unref
DEBUG C_PARSER: parsed function wl_shm_buffer_unref with 1 params (varargs=0) at line 2852
w_name=wl_shm_buffer_ref_pool
DEBUG C_PARSER: parsed function wl_shm_buffer_ref_pool with 1 params (varargs=0) at line 2855
w_name=wl_shm_pool_unref
DEBUG C_PARSER: parsed function wl_shm_pool_unref with 1 params (varargs=0) at line 2858
w_name=wl_display_init_shm
DEBUG C_PARSER: parsed function wl_display_init_shm with 1 params (varargs=0) at line 2861
w_name=wl_display_add_shm_format
DEBUG C_PARSER: parsed function wl_display_add_shm_format with 2 params (varargs=0) at line 2864
w_name=wl_log_set_handler_server
DEBUG C_PARSER: parsed function wl_log_set_handler_server with 1 params (varargs=0) at line 2873
w_name=wl_display_add_protocol_logger
DEBUG C_PARSER: parsed function wl_display_add_protocol_logger with 3 params (varargs=0) at line 2895
w_name=wl_protocol_logger_destroy
DEBUG C_PARSER: parsed function wl_protocol_logger_destroy with 1 params (varargs=0) at line 2898
w_name=__fpclassify
DEBUG C_PARSER: parsed function __fpclassify with 1 params (varargs=0) at line 115
w_name=__signbit
DEBUG C_PARSER: parsed function __signbit with 1 params (varargs=0) at line 119
w_name=__isinf
DEBUG C_PARSER: parsed function __isinf with 1 params (varargs=0) at line 124
w_name=__finite
DEBUG C_PARSER: parsed function __finite with 1 params (varargs=0) at line 128
w_name=__isnan
DEBUG C_PARSER: parsed function __isnan with 1 params (varargs=0) at line 132
w_name=__iseqsig
DEBUG C_PARSER: parsed function __iseqsig with 2 params (varargs=0) at line 136
w_name=__issignaling
DEBUG C_PARSER: parsed function __issignaling with 1 params (varargs=0) at line 139
w_name=acos
DEBUG C_PARSER: parsed function acos with 1 params (varargs=0) at line 144
w_name=__acos
DEBUG C_PARSER: parsed function __acos with 1 params (varargs=0) at line 144
w_name=asin
DEBUG C_PARSER: parsed function asin with 1 params (varargs=0) at line 146
w_name=__asin
DEBUG C_PARSER: parsed function __asin with 1 params (varargs=0) at line 146
w_name=atan
DEBUG C_PARSER: parsed function atan with 1 params (varargs=0) at line 148
w_name=__atan
DEBUG C_PARSER: parsed function __atan with 1 params (varargs=0) at line 148
w_name=atan2
DEBUG C_PARSER: parsed function atan2 with 2 params (varargs=0) at line 150
w_name=__atan2
DEBUG C_PARSER: parsed function __atan2 with 2 params (varargs=0) at line 150
w_name=cos
DEBUG C_PARSER: parsed function cos with 1 params (varargs=0) at line 153
w_name=__cos
DEBUG C_PARSER: parsed function __cos with 1 params (varargs=0) at line 153
w_name=sin
DEBUG C_PARSER: parsed function sin with 1 params (varargs=0) at line 155
w_name=__sin
DEBUG C_PARSER: parsed function __sin with 1 params (varargs=0) at line 155
w_name=tan
DEBUG C_PARSER: parsed function tan with 1 params (varargs=0) at line 157
w_name=__tan
DEBUG C_PARSER: parsed function __tan with 1 params (varargs=0) at line 157
w_name=acospi
DEBUG C_PARSER: parsed function acospi with 1 params (varargs=0) at line 161
w_name=__acospi
DEBUG C_PARSER: parsed function __acospi with 1 params (varargs=0) at line 161
w_name=acospi
DEBUG C_PARSER: parsed function acospi with 1 params (varargs=0) at line 162
w_name=__acospi
DEBUG C_PARSER: parsed function __acospi with 1 params (varargs=0) at line 162
w_name=asinpi
DEBUG C_PARSER: parsed function asinpi with 1 params (varargs=0) at line 164
w_name=__asinpi
DEBUG C_PARSER: parsed function __asinpi with 1 params (varargs=0) at line 164
w_name=asinpi
DEBUG C_PARSER: parsed function asinpi with 1 params (varargs=0) at line 165
w_name=__asinpi
DEBUG C_PARSER: parsed function __asinpi with 1 params (varargs=0) at line 165
w_name=atanpi
DEBUG C_PARSER: parsed function atanpi with 1 params (varargs=0) at line 167
w_name=__atanpi
DEBUG C_PARSER: parsed function __atanpi with 1 params (varargs=0) at line 167
w_name=atanpi
DEBUG C_PARSER: parsed function atanpi with 1 params (varargs=0) at line 168
w_name=__atanpi
DEBUG C_PARSER: parsed function __atanpi with 1 params (varargs=0) at line 168
w_name=atan2pi
DEBUG C_PARSER: parsed function atan2pi with 2 params (varargs=0) at line 170
w_name=__atan2pi
DEBUG C_PARSER: parsed function __atan2pi with 2 params (varargs=0) at line 170
w_name=atan2pi
DEBUG C_PARSER: parsed function atan2pi with 2 params (varargs=0) at line 171
w_name=__atan2pi
DEBUG C_PARSER: parsed function __atan2pi with 2 params (varargs=0) at line 171
w_name=cospi
DEBUG C_PARSER: parsed function cospi with 1 params (varargs=0) at line 174
w_name=__cospi
DEBUG C_PARSER: parsed function __cospi with 1 params (varargs=0) at line 174
w_name=sinpi
DEBUG C_PARSER: parsed function sinpi with 1 params (varargs=0) at line 176
w_name=__sinpi
DEBUG C_PARSER: parsed function __sinpi with 1 params (varargs=0) at line 176
w_name=tanpi
DEBUG C_PARSER: parsed function tanpi with 1 params (varargs=0) at line 178
w_name=__tanpi
DEBUG C_PARSER: parsed function __tanpi with 1 params (varargs=0) at line 178
w_name=cosh
DEBUG C_PARSER: parsed function cosh with 1 params (varargs=0) at line 184
w_name=__cosh
DEBUG C_PARSER: parsed function __cosh with 1 params (varargs=0) at line 184
w_name=sinh
DEBUG C_PARSER: parsed function sinh with 1 params (varargs=0) at line 186
w_name=__sinh
DEBUG C_PARSER: parsed function __sinh with 1 params (varargs=0) at line 186
w_name=tanh
DEBUG C_PARSER: parsed function tanh with 1 params (varargs=0) at line 188
w_name=__tanh
DEBUG C_PARSER: parsed function __tanh with 1 params (varargs=0) at line 188
w_name=acosh
DEBUG C_PARSER: parsed function acosh with 1 params (varargs=0) at line 190
w_name=__acosh
DEBUG C_PARSER: parsed function __acosh with 1 params (varargs=0) at line 190
w_name=asinh
DEBUG C_PARSER: parsed function asinh with 1 params (varargs=0) at line 192
w_name=__asinh
DEBUG C_PARSER: parsed function __asinh with 1 params (varargs=0) at line 192
w_name=atanh
DEBUG C_PARSER: parsed function atanh with 1 params (varargs=0) at line 194
w_name=__atanh
DEBUG C_PARSER: parsed function __atanh with 1 params (varargs=0) at line 194
w_name=exp
DEBUG C_PARSER: parsed function exp with 1 params (varargs=0) at line 200
w_name=__exp
DEBUG C_PARSER: parsed function __exp with 1 params (varargs=0) at line 200
w_name=frexp
DEBUG C_PARSER: parsed function frexp with 2 params (varargs=0) at line 203
w_name=__frexp
DEBUG C_PARSER: parsed function __frexp with 2 params (varargs=0) at line 203
w_name=ldexp
DEBUG C_PARSER: parsed function ldexp with 2 params (varargs=0) at line 206
w_name=__ldexp
DEBUG C_PARSER: parsed function __ldexp with 2 params (varargs=0) at line 206
w_name=log
DEBUG C_PARSER: parsed function log with 1 params (varargs=0) at line 209
w_name=__log
DEBUG C_PARSER: parsed function __log with 1 params (varargs=0) at line 209
w_name=log10
DEBUG C_PARSER: parsed function log10 with 1 params (varargs=0) at line 212
w_name=__log10
DEBUG C_PARSER: parsed function __log10 with 1 params (varargs=0) at line 212
w_name=modf
DEBUG C_PARSER: parsed function modf with 2 params (varargs=0) at line 215
w_name=__modf
DEBUG C_PARSER: parsed function __modf with 2 params (varargs=0) at line 215
w_name=exp10
DEBUG C_PARSER: parsed function exp10 with 1 params (varargs=0) at line 219
w_name=__exp10
DEBUG C_PARSER: parsed function __exp10 with 1 params (varargs=0) at line 219
w_name=exp2m1
DEBUG C_PARSER: parsed function exp2m1 with 1 params (varargs=0) at line 222
w_name=__exp2m1
DEBUG C_PARSER: parsed function __exp2m1 with 1 params (varargs=0) at line 222
w_name=exp10m1
DEBUG C_PARSER: parsed function exp10m1 with 1 params (varargs=0) at line 225
w_name=__exp10m1
DEBUG C_PARSER: parsed function __exp10m1 with 1 params (varargs=0) at line 225
w_name=log2p1
DEBUG C_PARSER: parsed function log2p1 with 1 params (varargs=0) at line 228
w_name=__log2p1
DEBUG C_PARSER: parsed function __log2p1 with 1 params (varargs=0) at line 228
w_name=log10p1
DEBUG C_PARSER: parsed function log10p1 with 1 params (varargs=0) at line 231
w_name=__log10p1
DEBUG C_PARSER: parsed function __log10p1 with 1 params (varargs=0) at line 231
w_name=logp1
DEBUG C_PARSER: parsed function logp1 with 1 params (varargs=0) at line 234
w_name=__logp1
DEBUG C_PARSER: parsed function __logp1 with 1 params (varargs=0) at line 234
w_name=expm1
DEBUG C_PARSER: parsed function expm1 with 1 params (varargs=0) at line 239
w_name=__expm1
DEBUG C_PARSER: parsed function __expm1 with 1 params (varargs=0) at line 239
w_name=log1p
DEBUG C_PARSER: parsed function log1p with 1 params (varargs=0) at line 242
w_name=__log1p
DEBUG C_PARSER: parsed function __log1p with 1 params (varargs=0) at line 242
w_name=logb
DEBUG C_PARSER: parsed function logb with 1 params (varargs=0) at line 245
w_name=__logb
DEBUG C_PARSER: parsed function __logb with 1 params (varargs=0) at line 245
w_name=exp2
DEBUG C_PARSER: parsed function exp2 with 1 params (varargs=0) at line 250
w_name=__exp2
DEBUG C_PARSER: parsed function __exp2 with 1 params (varargs=0) at line 250
w_name=log2
DEBUG C_PARSER: parsed function log2 with 1 params (varargs=0) at line 253
w_name=__log2
DEBUG C_PARSER: parsed function __log2 with 1 params (varargs=0) at line 253
w_name=pow
DEBUG C_PARSER: parsed function pow with 2 params (varargs=0) at line 260
w_name=__pow
DEBUG C_PARSER: parsed function __pow with 2 params (varargs=0) at line 260
w_name=sqrt
DEBUG C_PARSER: parsed function sqrt with 1 params (varargs=0) at line 263
w_name=__sqrt
DEBUG C_PARSER: parsed function __sqrt with 1 params (varargs=0) at line 263
w_name=hypot
DEBUG C_PARSER: parsed function hypot with 2 params (varargs=0) at line 267
w_name=__hypot
DEBUG C_PARSER: parsed function __hypot with 2 params (varargs=0) at line 267
w_name=cbrt
DEBUG C_PARSER: parsed function cbrt with 1 params (varargs=0) at line 272
w_name=__cbrt
DEBUG C_PARSER: parsed function __cbrt with 1 params (varargs=0) at line 272
w_name=compoundn
DEBUG C_PARSER: parsed function compoundn with 2 params (varargs=0) at line 277
w_name=__compoundn
DEBUG C_PARSER: parsed function __compoundn with 2 params (varargs=0) at line 277
w_name=pown
DEBUG C_PARSER: parsed function pown with 2 params (varargs=0) at line 280
w_name=__pown
DEBUG C_PARSER: parsed function __pown with 2 params (varargs=0) at line 280
w_name=powr
DEBUG C_PARSER: parsed function powr with 2 params (varargs=0) at line 283
w_name=__powr
DEBUG C_PARSER: parsed function __powr with 2 params (varargs=0) at line 283
w_name=powr
DEBUG C_PARSER: parsed function powr with 2 params (varargs=0) at line 284
w_name=__powr
DEBUG C_PARSER: parsed function __powr with 2 params (varargs=0) at line 284
w_name=rootn
DEBUG C_PARSER: parsed function rootn with 2 params (varargs=0) at line 287
w_name=__rootn
DEBUG C_PARSER: parsed function __rootn with 2 params (varargs=0) at line 287
w_name=rsqrt
DEBUG C_PARSER: parsed function rsqrt with 1 params (varargs=0) at line 290
w_name=__rsqrt
DEBUG C_PARSER: parsed function __rsqrt with 1 params (varargs=0) at line 290
w_name=ceil
DEBUG C_PARSER: parsed function ceil with 1 params (varargs=0) at line 297
w_name=fabs
DEBUG C_PARSER: parsed function fabs with 1 params (varargs=0) at line 300
w_name=floor
DEBUG C_PARSER: parsed function floor with 1 params (varargs=0) at line 303
w_name=fmod
DEBUG C_PARSER: parsed function fmod with 2 params (varargs=0) at line 306
w_name=__fmod
DEBUG C_PARSER: parsed function __fmod with 2 params (varargs=0) at line 306
w_name=isinf
DEBUG C_PARSER: parsed function isinf with 1 params (varargs=0) at line 308
w_name=finite
DEBUG C_PARSER: parsed function finite with 1 params (varargs=0) at line 314
w_name=drem
DEBUG C_PARSER: parsed function drem with 2 params (varargs=0) at line 318
w_name=__drem
DEBUG C_PARSER: parsed function __drem with 2 params (varargs=0) at line 318
w_name=significand
DEBUG C_PARSER: parsed function significand with 1 params (varargs=0) at line 322
w_name=__significand
DEBUG C_PARSER: parsed function __significand with 1 params (varargs=0) at line 322
w_name=copysign
DEBUG C_PARSER: parsed function copysign with 2 params (varargs=0) at line 329
w_name=nan
DEBUG C_PARSER: parsed function nan with 1 params (varargs=0) at line 334
w_name=__nan
DEBUG C_PARSER: parsed function __nan with 1 params (varargs=0) at line 334
w_name=isnan
DEBUG C_PARSER: parsed function isnan with 1 params (varargs=0) at line 336
w_name=j0
DEBUG C_PARSER: parsed function j0 with 1 params (varargs=0) at line 343
w_name=__j0
DEBUG C_PARSER: parsed function __j0 with 1 params (varargs=0) at line 343
w_name=j1
DEBUG C_PARSER: parsed function j1 with 1 params (varargs=0) at line 344
w_name=__j1
DEBUG C_PARSER: parsed function __j1 with 1 params (varargs=0) at line 344
w_name=jn
DEBUG C_PARSER: parsed function jn with 2 params (varargs=0) at line 345
w_name=__jn
DEBUG C_PARSER: parsed function __jn with 2 params (varargs=0) at line 345
w_name=y0
DEBUG C_PARSER: parsed function y0 with 1 params (varargs=0) at line 346
w_name=__y0
DEBUG C_PARSER: parsed function __y0 with 1 params (varargs=0) at line 346
w_name=y1
DEBUG C_PARSER: parsed function y1 with 1 params (varargs=0) at line 347
w_name=__y1
DEBUG C_PARSER: parsed function __y1 with 1 params (varargs=0) at line 347
w_name=yn
DEBUG C_PARSER: parsed function yn with 2 params (varargs=0) at line 348
w_name=__yn
DEBUG C_PARSER: parsed function __yn with 2 params (varargs=0) at line 348
w_name=erf
DEBUG C_PARSER: parsed function erf with 1 params (varargs=0) at line 354
w_name=__erf
DEBUG C_PARSER: parsed function __erf with 1 params (varargs=0) at line 354
w_name=erfc
DEBUG C_PARSER: parsed function erfc with 1 params (varargs=0) at line 355
w_name=__erfc
DEBUG C_PARSER: parsed function __erfc with 1 params (varargs=0) at line 355
w_name=lgamma
DEBUG C_PARSER: parsed function lgamma with 1 params (varargs=0) at line 356
w_name=__lgamma
DEBUG C_PARSER: parsed function __lgamma with 1 params (varargs=0) at line 356
w_name=tgamma
DEBUG C_PARSER: parsed function tgamma with 1 params (varargs=0) at line 361
w_name=__tgamma
DEBUG C_PARSER: parsed function __tgamma with 1 params (varargs=0) at line 361
w_name=gamma
DEBUG C_PARSER: parsed function gamma with 1 params (varargs=0) at line 367
w_name=__gamma
DEBUG C_PARSER: parsed function __gamma with 1 params (varargs=0) at line 367
w_name=lgamma_r
DEBUG C_PARSER: parsed function lgamma_r with 2 params (varargs=0) at line 375
w_name=__lgamma_r
DEBUG C_PARSER: parsed function __lgamma_r with 2 params (varargs=0) at line 375
w_name=rint
DEBUG C_PARSER: parsed function rint with 1 params (varargs=0) at line 382
w_name=__rint
DEBUG C_PARSER: parsed function __rint with 1 params (varargs=0) at line 382
w_name=nextafter
DEBUG C_PARSER: parsed function nextafter with 2 params (varargs=0) at line 385
w_name=__nextafter
DEBUG C_PARSER: parsed function __nextafter with 2 params (varargs=0) at line 385
w_name=nexttoward
DEBUG C_PARSER: parsed function nexttoward with 2 params (varargs=0) at line 387
w_name=__nexttoward
DEBUG C_PARSER: parsed function __nexttoward with 2 params (varargs=0) at line 387
w_name=nextdown
DEBUG C_PARSER: parsed function nextdown with 1 params (varargs=0) at line 392
w_name=__nextdown
DEBUG C_PARSER: parsed function __nextdown with 1 params (varargs=0) at line 392
w_name=nextup
DEBUG C_PARSER: parsed function nextup with 1 params (varargs=0) at line 394
w_name=__nextup
DEBUG C_PARSER: parsed function __nextup with 1 params (varargs=0) at line 394
w_name=remainder
DEBUG C_PARSER: parsed function remainder with 2 params (varargs=0) at line 398
w_name=__remainder
DEBUG C_PARSER: parsed function __remainder with 2 params (varargs=0) at line 398
w_name=scalbn
DEBUG C_PARSER: parsed function scalbn with 2 params (varargs=0) at line 402
w_name=__scalbn
DEBUG C_PARSER: parsed function __scalbn with 2 params (varargs=0) at line 402
w_name=ilogb
DEBUG C_PARSER: parsed function ilogb with 1 params (varargs=0) at line 406
w_name=__ilogb
DEBUG C_PARSER: parsed function __ilogb with 1 params (varargs=0) at line 406
w_name=llogb
DEBUG C_PARSER: parsed function llogb with 1 params (varargs=0) at line 411
w_name=__llogb
DEBUG C_PARSER: parsed function __llogb with 1 params (varargs=0) at line 411
w_name=scalbln
DEBUG C_PARSER: parsed function scalbln with 2 params (varargs=0) at line 416
w_name=__scalbln
DEBUG C_PARSER: parsed function __scalbln with 2 params (varargs=0) at line 416
w_name=nearbyint
DEBUG C_PARSER: parsed function nearbyint with 1 params (varargs=0) at line 420
w_name=__nearbyint
DEBUG C_PARSER: parsed function __nearbyint with 1 params (varargs=0) at line 420
w_name=round
DEBUG C_PARSER: parsed function round with 1 params (varargs=0) at line 424
w_name=trunc
DEBUG C_PARSER: parsed function trunc with 1 params (varargs=0) at line 428
w_name=remquo
DEBUG C_PARSER: parsed function remquo with 3 params (varargs=0) at line 433
w_name=__remquo
DEBUG C_PARSER: parsed function __remquo with 3 params (varargs=0) at line 433
w_name=lrint
DEBUG C_PARSER: parsed function lrint with 1 params (varargs=0) at line 440
w_name=__lrint
DEBUG C_PARSER: parsed function __lrint with 1 params (varargs=0) at line 440
w_name=llrint
DEBUG C_PARSER: parsed function llrint with 1 params (varargs=0) at line 442
w_name=__llrint
DEBUG C_PARSER: parsed function __llrint with 1 params (varargs=0) at line 442
w_name=lround
DEBUG C_PARSER: parsed function lround with 1 params (varargs=0) at line 446
w_name=__lround
DEBUG C_PARSER: parsed function __lround with 1 params (varargs=0) at line 446
w_name=llround
DEBUG C_PARSER: parsed function llround with 1 params (varargs=0) at line 448
w_name=__llround
DEBUG C_PARSER: parsed function __llround with 1 params (varargs=0) at line 448
w_name=fdim
DEBUG C_PARSER: parsed function fdim with 2 params (varargs=0) at line 452
w_name=__fdim
DEBUG C_PARSER: parsed function __fdim with 2 params (varargs=0) at line 452
w_name=fmax
DEBUG C_PARSER: parsed function fmax with 2 params (varargs=0) at line 456
w_name=fmin
DEBUG C_PARSER: parsed function fmin with 2 params (varargs=0) at line 459
w_name=fma
DEBUG C_PARSER: parsed function fma with 3 params (varargs=0) at line 463
w_name=__fma
DEBUG C_PARSER: parsed function __fma with 3 params (varargs=0) at line 463
w_name=roundeven
DEBUG C_PARSER: parsed function roundeven with 1 params (varargs=0) at line 468
w_name=fromfp
DEBUG C_PARSER: parsed function fromfp with 3 params (varargs=0) at line 472
w_name=__fromfp
DEBUG C_PARSER: parsed function __fromfp with 3 params (varargs=0) at line 472
w_name=ufromfp
DEBUG C_PARSER: parsed function ufromfp with 3 params (varargs=0) at line 476
w_name=__ufromfp
DEBUG C_PARSER: parsed function __ufromfp with 3 params (varargs=0) at line 476
w_name=fromfpx
DEBUG C_PARSER: parsed function fromfpx with 3 params (varargs=0) at line 481
w_name=__fromfpx
DEBUG C_PARSER: parsed function __fromfpx with 3 params (varargs=0) at line 481
w_name=ufromfpx
DEBUG C_PARSER: parsed function ufromfpx with 3 params (varargs=0) at line 486
w_name=__ufromfpx
DEBUG C_PARSER: parsed function __ufromfpx with 3 params (varargs=0) at line 486
w_name=canonicalize
DEBUG C_PARSER: parsed function canonicalize with 2 params (varargs=0) at line 489
w_name=fmaximum
DEBUG C_PARSER: parsed function fmaximum with 2 params (varargs=0) at line 491
w_name=fminimum
DEBUG C_PARSER: parsed function fminimum with 2 params (varargs=0) at line 494
w_name=fmaximum_num
DEBUG C_PARSER: parsed function fmaximum_num with 2 params (varargs=0) at line 497
w_name=fminimum_num
DEBUG C_PARSER: parsed function fminimum_num with 2 params (varargs=0) at line 500
w_name=fmaximum_mag
DEBUG C_PARSER: parsed function fmaximum_mag with 2 params (varargs=0) at line 503
w_name=fminimum_mag
DEBUG C_PARSER: parsed function fminimum_mag with 2 params (varargs=0) at line 506
w_name=fmaximum_mag_num
DEBUG C_PARSER: parsed function fmaximum_mag_num with 2 params (varargs=0) at line 509
w_name=fminimum_mag_num
DEBUG C_PARSER: parsed function fminimum_mag_num with 2 params (varargs=0) at line 512
w_name=scalb
DEBUG C_PARSER: parsed function scalb with 2 params (varargs=0) at line 514
w_name=__scalb
DEBUG C_PARSER: parsed function __scalb with 2 params (varargs=0) at line 514
w_name=__fpclassifyf
DEBUG C_PARSER: parsed function __fpclassifyf with 1 params (varargs=0) at line 519
w_name=__signbitf
DEBUG C_PARSER: parsed function __signbitf with 1 params (varargs=0) at line 523
w_name=__isinff
DEBUG C_PARSER: parsed function __isinff with 1 params (varargs=0) at line 528
w_name=__finitef
DEBUG C_PARSER: parsed function __finitef with 1 params (varargs=0) at line 532
w_name=__isnanf
DEBUG C_PARSER: parsed function __isnanf with 1 params (varargs=0) at line 536
w_name=__iseqsigf
DEBUG C_PARSER: parsed function __iseqsigf with 2 params (varargs=0) at line 540
w_name=__issignalingf
DEBUG C_PARSER: parsed function __issignalingf with 1 params (varargs=0) at line 543
w_name=acosf
DEBUG C_PARSER: parsed function acosf with 1 params (varargs=0) at line 548
w_name=__acosf
DEBUG C_PARSER: parsed function __acosf with 1 params (varargs=0) at line 548
w_name=asinf
DEBUG C_PARSER: parsed function asinf with 1 params (varargs=0) at line 550
w_name=__asinf
DEBUG C_PARSER: parsed function __asinf with 1 params (varargs=0) at line 550
w_name=atanf
DEBUG C_PARSER: parsed function atanf with 1 params (varargs=0) at line 552
w_name=__atanf
DEBUG C_PARSER: parsed function __atanf with 1 params (varargs=0) at line 552
w_name=atan2f
DEBUG C_PARSER: parsed function atan2f with 2 params (varargs=0) at line 554
w_name=__atan2f
DEBUG C_PARSER: parsed function __atan2f with 2 params (varargs=0) at line 554
w_name=cosf
DEBUG C_PARSER: parsed function cosf with 1 params (varargs=0) at line 557
w_name=__cosf
DEBUG C_PARSER: parsed function __cosf with 1 params (varargs=0) at line 557
w_name=sinf
DEBUG C_PARSER: parsed function sinf with 1 params (varargs=0) at line 559
w_name=__sinf
DEBUG C_PARSER: parsed function __sinf with 1 params (varargs=0) at line 559
w_name=tanf
DEBUG C_PARSER: parsed function tanf with 1 params (varargs=0) at line 561
w_name=__tanf
DEBUG C_PARSER: parsed function __tanf with 1 params (varargs=0) at line 561
w_name=acospif
DEBUG C_PARSER: parsed function acospif with 1 params (varargs=0) at line 565
w_name=__acospif
DEBUG C_PARSER: parsed function __acospif with 1 params (varargs=0) at line 565
w_name=acospif
DEBUG C_PARSER: parsed function acospif with 1 params (varargs=0) at line 566
w_name=__acospif
DEBUG C_PARSER: parsed function __acospif with 1 params (varargs=0) at line 566
w_name=asinpif
DEBUG C_PARSER: parsed function asinpif with 1 params (varargs=0) at line 568
w_name=__asinpif
DEBUG C_PARSER: parsed function __asinpif with 1 params (varargs=0) at line 568
w_name=asinpif
DEBUG C_PARSER: parsed function asinpif with 1 params (varargs=0) at line 569
w_name=__asinpif
DEBUG C_PARSER: parsed function __asinpif with 1 params (varargs=0) at line 569
w_name=atanpif
DEBUG C_PARSER: parsed function atanpif with 1 params (varargs=0) at line 571
w_name=__atanpif
DEBUG C_PARSER: parsed function __atanpif with 1 params (varargs=0) at line 571
w_name=atanpif
DEBUG C_PARSER: parsed function atanpif with 1 params (varargs=0) at line 572
w_name=__atanpif
DEBUG C_PARSER: parsed function __atanpif with 1 params (varargs=0) at line 572
w_name=atan2pif
DEBUG C_PARSER: parsed function atan2pif with 2 params (varargs=0) at line 574
w_name=__atan2pif
DEBUG C_PARSER: parsed function __atan2pif with 2 params (varargs=0) at line 574
w_name=atan2pif
DEBUG C_PARSER: parsed function atan2pif with 2 params (varargs=0) at line 575
w_name=__atan2pif
DEBUG C_PARSER: parsed function __atan2pif with 2 params (varargs=0) at line 575
w_name=cospif
DEBUG C_PARSER: parsed function cospif with 1 params (varargs=0) at line 578
w_name=__cospif
DEBUG C_PARSER: parsed function __cospif with 1 params (varargs=0) at line 578
w_name=sinpif
DEBUG C_PARSER: parsed function sinpif with 1 params (varargs=0) at line 580
w_name=__sinpif
DEBUG C_PARSER: parsed function __sinpif with 1 params (varargs=0) at line 580
w_name=tanpif
DEBUG C_PARSER: parsed function tanpif with 1 params (varargs=0) at line 582
w_name=__tanpif
DEBUG C_PARSER: parsed function __tanpif with 1 params (varargs=0) at line 582
w_name=coshf
DEBUG C_PARSER: parsed function coshf with 1 params (varargs=0) at line 588
w_name=__coshf
DEBUG C_PARSER: parsed function __coshf with 1 params (varargs=0) at line 588
w_name=sinhf
DEBUG C_PARSER: parsed function sinhf with 1 params (varargs=0) at line 590
w_name=__sinhf
DEBUG C_PARSER: parsed function __sinhf with 1 params (varargs=0) at line 590
w_name=tanhf
DEBUG C_PARSER: parsed function tanhf with 1 params (varargs=0) at line 592
w_name=__tanhf
DEBUG C_PARSER: parsed function __tanhf with 1 params (varargs=0) at line 592
w_name=acoshf
DEBUG C_PARSER: parsed function acoshf with 1 params (varargs=0) at line 594
w_name=__acoshf
DEBUG C_PARSER: parsed function __acoshf with 1 params (varargs=0) at line 594
w_name=asinhf
DEBUG C_PARSER: parsed function asinhf with 1 params (varargs=0) at line 596
w_name=__asinhf
DEBUG C_PARSER: parsed function __asinhf with 1 params (varargs=0) at line 596
w_name=atanhf
DEBUG C_PARSER: parsed function atanhf with 1 params (varargs=0) at line 598
w_name=__atanhf
DEBUG C_PARSER: parsed function __atanhf with 1 params (varargs=0) at line 598
w_name=expf
DEBUG C_PARSER: parsed function expf with 1 params (varargs=0) at line 604
w_name=__expf
DEBUG C_PARSER: parsed function __expf with 1 params (varargs=0) at line 604
w_name=frexpf
DEBUG C_PARSER: parsed function frexpf with 2 params (varargs=0) at line 607
w_name=__frexpf
DEBUG C_PARSER: parsed function __frexpf with 2 params (varargs=0) at line 607
w_name=ldexpf
DEBUG C_PARSER: parsed function ldexpf with 2 params (varargs=0) at line 610
w_name=__ldexpf
DEBUG C_PARSER: parsed function __ldexpf with 2 params (varargs=0) at line 610
w_name=logf
DEBUG C_PARSER: parsed function logf with 1 params (varargs=0) at line 613
w_name=__logf
DEBUG C_PARSER: parsed function __logf with 1 params (varargs=0) at line 613
w_name=log10f
DEBUG C_PARSER: parsed function log10f with 1 params (varargs=0) at line 616
w_name=__log10f
DEBUG C_PARSER: parsed function __log10f with 1 params (varargs=0) at line 616
w_name=modff
DEBUG C_PARSER: parsed function modff with 2 params (varargs=0) at line 619
w_name=__modff
DEBUG C_PARSER: parsed function __modff with 2 params (varargs=0) at line 619
w_name=exp10f
DEBUG C_PARSER: parsed function exp10f with 1 params (varargs=0) at line 623
w_name=__exp10f
DEBUG C_PARSER: parsed function __exp10f with 1 params (varargs=0) at line 623
w_name=exp2m1f
DEBUG C_PARSER: parsed function exp2m1f with 1 params (varargs=0) at line 626
w_name=__exp2m1f
DEBUG C_PARSER: parsed function __exp2m1f with 1 params (varargs=0) at line 626
w_name=exp10m1f
DEBUG C_PARSER: parsed function exp10m1f with 1 params (varargs=0) at line 629
w_name=__exp10m1f
DEBUG C_PARSER: parsed function __exp10m1f with 1 params (varargs=0) at line 629
w_name=log2p1f
DEBUG C_PARSER: parsed function log2p1f with 1 params (varargs=0) at line 632
w_name=__log2p1f
DEBUG C_PARSER: parsed function __log2p1f with 1 params (varargs=0) at line 632
w_name=log10p1f
DEBUG C_PARSER: parsed function log10p1f with 1 params (varargs=0) at line 635
w_name=__log10p1f
DEBUG C_PARSER: parsed function __log10p1f with 1 params (varargs=0) at line 635
w_name=logp1f
DEBUG C_PARSER: parsed function logp1f with 1 params (varargs=0) at line 638
w_name=__logp1f
DEBUG C_PARSER: parsed function __logp1f with 1 params (varargs=0) at line 638
w_name=expm1f
DEBUG C_PARSER: parsed function expm1f with 1 params (varargs=0) at line 643
w_name=__expm1f
DEBUG C_PARSER: parsed function __expm1f with 1 params (varargs=0) at line 643
w_name=log1pf
DEBUG C_PARSER: parsed function log1pf with 1 params (varargs=0) at line 646
w_name=__log1pf
DEBUG C_PARSER: parsed function __log1pf with 1 params (varargs=0) at line 646
w_name=logbf
DEBUG C_PARSER: parsed function logbf with 1 params (varargs=0) at line 649
w_name=__logbf
DEBUG C_PARSER: parsed function __logbf with 1 params (varargs=0) at line 649
w_name=exp2f
DEBUG C_PARSER: parsed function exp2f with 1 params (varargs=0) at line 654
w_name=__exp2f
DEBUG C_PARSER: parsed function __exp2f with 1 params (varargs=0) at line 654
w_name=log2f
DEBUG C_PARSER: parsed function log2f with 1 params (varargs=0) at line 657
w_name=__log2f
DEBUG C_PARSER: parsed function __log2f with 1 params (varargs=0) at line 657
w_name=powf
DEBUG C_PARSER: parsed function powf with 2 params (varargs=0) at line 664
w_name=__powf
DEBUG C_PARSER: parsed function __powf with 2 params (varargs=0) at line 664
w_name=sqrtf
DEBUG C_PARSER: parsed function sqrtf with 1 params (varargs=0) at line 667
w_name=__sqrtf
DEBUG C_PARSER: parsed function __sqrtf with 1 params (varargs=0) at line 667
w_name=hypotf
DEBUG C_PARSER: parsed function hypotf with 2 params (varargs=0) at line 671
w_name=__hypotf
DEBUG C_PARSER: parsed function __hypotf with 2 params (varargs=0) at line 671
w_name=cbrtf
DEBUG C_PARSER: parsed function cbrtf with 1 params (varargs=0) at line 676
w_name=__cbrtf
DEBUG C_PARSER: parsed function __cbrtf with 1 params (varargs=0) at line 676
w_name=compoundnf
DEBUG C_PARSER: parsed function compoundnf with 2 params (varargs=0) at line 681
w_name=__compoundnf
DEBUG C_PARSER: parsed function __compoundnf with 2 params (varargs=0) at line 681
w_name=pownf
DEBUG C_PARSER: parsed function pownf with 2 params (varargs=0) at line 684
w_name=__pownf
DEBUG C_PARSER: parsed function __pownf with 2 params (varargs=0) at line 684
w_name=powrf
DEBUG C_PARSER: parsed function powrf with 2 params (varargs=0) at line 687
w_name=__powrf
DEBUG C_PARSER: parsed function __powrf with 2 params (varargs=0) at line 687
w_name=powrf
DEBUG C_PARSER: parsed function powrf with 2 params (varargs=0) at line 688
w_name=__powrf
DEBUG C_PARSER: parsed function __powrf with 2 params (varargs=0) at line 688
w_name=rootnf
DEBUG C_PARSER: parsed function rootnf with 2 params (varargs=0) at line 691
w_name=__rootnf
DEBUG C_PARSER: parsed function __rootnf with 2 params (varargs=0) at line 691
w_name=rsqrtf
DEBUG C_PARSER: parsed function rsqrtf with 1 params (varargs=0) at line 694
w_name=__rsqrtf
DEBUG C_PARSER: parsed function __rsqrtf with 1 params (varargs=0) at line 694
w_name=ceilf
DEBUG C_PARSER: parsed function ceilf with 1 params (varargs=0) at line 701
w_name=fabsf
DEBUG C_PARSER: parsed function fabsf with 1 params (varargs=0) at line 704
w_name=floorf
DEBUG C_PARSER: parsed function floorf with 1 params (varargs=0) at line 707
w_name=fmodf
DEBUG C_PARSER: parsed function fmodf with 2 params (varargs=0) at line 710
w_name=__fmodf
DEBUG C_PARSER: parsed function __fmodf with 2 params (varargs=0) at line 710
w_name=isinff
DEBUG C_PARSER: parsed function isinff with 1 params (varargs=0) at line 712
w_name=finitef
DEBUG C_PARSER: parsed function finitef with 1 params (varargs=0) at line 718
w_name=dremf
DEBUG C_PARSER: parsed function dremf with 2 params (varargs=0) at line 722
w_name=__dremf
DEBUG C_PARSER: parsed function __dremf with 2 params (varargs=0) at line 722
w_name=significandf
DEBUG C_PARSER: parsed function significandf with 1 params (varargs=0) at line 726
w_name=__significandf
DEBUG C_PARSER: parsed function __significandf with 1 params (varargs=0) at line 726
w_name=copysignf
DEBUG C_PARSER: parsed function copysignf with 2 params (varargs=0) at line 733
w_name=nanf
DEBUG C_PARSER: parsed function nanf with 1 params (varargs=0) at line 738
w_name=__nanf
DEBUG C_PARSER: parsed function __nanf with 1 params (varargs=0) at line 738
w_name=isnanf
DEBUG C_PARSER: parsed function isnanf with 1 params (varargs=0) at line 740
w_name=j0f
DEBUG C_PARSER: parsed function j0f with 1 params (varargs=0) at line 747
w_name=__j0f
DEBUG C_PARSER: parsed function __j0f with 1 params (varargs=0) at line 747
w_name=j1f
DEBUG C_PARSER: parsed function j1f with 1 params (varargs=0) at line 748
w_name=__j1f
DEBUG C_PARSER: parsed function __j1f with 1 params (varargs=0) at line 748
w_name=jnf
DEBUG C_PARSER: parsed function jnf with 2 params (varargs=0) at line 749
w_name=__jnf
DEBUG C_PARSER: parsed function __jnf with 2 params (varargs=0) at line 749
w_name=y0f
DEBUG C_PARSER: parsed function y0f with 1 params (varargs=0) at line 750
w_name=__y0f
DEBUG C_PARSER: parsed function __y0f with 1 params (varargs=0) at line 750
w_name=y1f
DEBUG C_PARSER: parsed function y1f with 1 params (varargs=0) at line 751
w_name=__y1f
DEBUG C_PARSER: parsed function __y1f with 1 params (varargs=0) at line 751
w_name=ynf
DEBUG C_PARSER: parsed function ynf with 2 params (varargs=0) at line 752
w_name=__ynf
DEBUG C_PARSER: parsed function __ynf with 2 params (varargs=0) at line 752
w_name=erff
DEBUG C_PARSER: parsed function erff with 1 params (varargs=0) at line 758
w_name=__erff
DEBUG C_PARSER: parsed function __erff with 1 params (varargs=0) at line 758
w_name=erfcf
DEBUG C_PARSER: parsed function erfcf with 1 params (varargs=0) at line 759
w_name=__erfcf
DEBUG C_PARSER: parsed function __erfcf with 1 params (varargs=0) at line 759
w_name=lgammaf
DEBUG C_PARSER: parsed function lgammaf with 1 params (varargs=0) at line 760
w_name=__lgammaf
DEBUG C_PARSER: parsed function __lgammaf with 1 params (varargs=0) at line 760
w_name=tgammaf
DEBUG C_PARSER: parsed function tgammaf with 1 params (varargs=0) at line 765
w_name=__tgammaf
DEBUG C_PARSER: parsed function __tgammaf with 1 params (varargs=0) at line 765
w_name=gammaf
DEBUG C_PARSER: parsed function gammaf with 1 params (varargs=0) at line 771
w_name=__gammaf
DEBUG C_PARSER: parsed function __gammaf with 1 params (varargs=0) at line 771
w_name=lgammaf_r
DEBUG C_PARSER: parsed function lgammaf_r with 2 params (varargs=0) at line 779
w_name=__lgammaf_r
DEBUG C_PARSER: parsed function __lgammaf_r with 2 params (varargs=0) at line 779
w_name=rintf
DEBUG C_PARSER: parsed function rintf with 1 params (varargs=0) at line 786
w_name=__rintf
DEBUG C_PARSER: parsed function __rintf with 1 params (varargs=0) at line 786
w_name=nextafterf
DEBUG C_PARSER: parsed function nextafterf with 2 params (varargs=0) at line 789
w_name=__nextafterf
DEBUG C_PARSER: parsed function __nextafterf with 2 params (varargs=0) at line 789
w_name=nexttowardf
DEBUG C_PARSER: parsed function nexttowardf with 2 params (varargs=0) at line 791
w_name=__nexttowardf
DEBUG C_PARSER: parsed function __nexttowardf with 2 params (varargs=0) at line 791
w_name=nextdownf
DEBUG C_PARSER: parsed function nextdownf with 1 params (varargs=0) at line 796
w_name=__nextdownf
DEBUG C_PARSER: parsed function __nextdownf with 1 params (varargs=0) at line 796
w_name=nextupf
DEBUG C_PARSER: parsed function nextupf with 1 params (varargs=0) at line 798
w_name=__nextupf
DEBUG C_PARSER: parsed function __nextupf with 1 params (varargs=0) at line 798
w_name=remainderf
DEBUG C_PARSER: parsed function remainderf with 2 params (varargs=0) at line 802
w_name=__remainderf
DEBUG C_PARSER: parsed function __remainderf with 2 params (varargs=0) at line 802
w_name=scalbnf
DEBUG C_PARSER: parsed function scalbnf with 2 params (varargs=0) at line 806
w_name=__scalbnf
DEBUG C_PARSER: parsed function __scalbnf with 2 params (varargs=0) at line 806
w_name=ilogbf
DEBUG C_PARSER: parsed function ilogbf with 1 params (varargs=0) at line 810
w_name=__ilogbf
DEBUG C_PARSER: parsed function __ilogbf with 1 params (varargs=0) at line 810
w_name=llogbf
DEBUG C_PARSER: parsed function llogbf with 1 params (varargs=0) at line 815
w_name=__llogbf
DEBUG C_PARSER: parsed function __llogbf with 1 params (varargs=0) at line 815
w_name=scalblnf
DEBUG C_PARSER: parsed function scalblnf with 2 params (varargs=0) at line 820
w_name=__scalblnf
DEBUG C_PARSER: parsed function __scalblnf with 2 params (varargs=0) at line 820
w_name=nearbyintf
DEBUG C_PARSER: parsed function nearbyintf with 1 params (varargs=0) at line 824
w_name=__nearbyintf
DEBUG C_PARSER: parsed function __nearbyintf with 1 params (varargs=0) at line 824
w_name=roundf
DEBUG C_PARSER: parsed function roundf with 1 params (varargs=0) at line 828
w_name=truncf
DEBUG C_PARSER: parsed function truncf with 1 params (varargs=0) at line 832
w_name=remquof
DEBUG C_PARSER: parsed function remquof with 3 params (varargs=0) at line 837
w_name=__remquof
DEBUG C_PARSER: parsed function __remquof with 3 params (varargs=0) at line 837
w_name=lrintf
DEBUG C_PARSER: parsed function lrintf with 1 params (varargs=0) at line 844
w_name=__lrintf
DEBUG C_PARSER: parsed function __lrintf with 1 params (varargs=0) at line 844
w_name=llrintf
DEBUG C_PARSER: parsed function llrintf with 1 params (varargs=0) at line 846
w_name=__llrintf
DEBUG C_PARSER: parsed function __llrintf with 1 params (varargs=0) at line 846
w_name=lroundf
DEBUG C_PARSER: parsed function lroundf with 1 params (varargs=0) at line 850
w_name=__lroundf
DEBUG C_PARSER: parsed function __lroundf with 1 params (varargs=0) at line 850
w_name=llroundf
DEBUG C_PARSER: parsed function llroundf with 1 params (varargs=0) at line 852
w_name=__llroundf
DEBUG C_PARSER: parsed function __llroundf with 1 params (varargs=0) at line 852
w_name=fdimf
DEBUG C_PARSER: parsed function fdimf with 2 params (varargs=0) at line 856
w_name=__fdimf
DEBUG C_PARSER: parsed function __fdimf with 2 params (varargs=0) at line 856
w_name=fmaxf
DEBUG C_PARSER: parsed function fmaxf with 2 params (varargs=0) at line 860
w_name=fminf
DEBUG C_PARSER: parsed function fminf with 2 params (varargs=0) at line 863
w_name=fmaf
DEBUG C_PARSER: parsed function fmaf with 3 params (varargs=0) at line 867
w_name=__fmaf
DEBUG C_PARSER: parsed function __fmaf with 3 params (varargs=0) at line 867
w_name=roundevenf
DEBUG C_PARSER: parsed function roundevenf with 1 params (varargs=0) at line 872
w_name=fromfpf
DEBUG C_PARSER: parsed function fromfpf with 3 params (varargs=0) at line 876
w_name=__fromfpf
DEBUG C_PARSER: parsed function __fromfpf with 3 params (varargs=0) at line 876
w_name=ufromfpf
DEBUG C_PARSER: parsed function ufromfpf with 3 params (varargs=0) at line 880
w_name=__ufromfpf
DEBUG C_PARSER: parsed function __ufromfpf with 3 params (varargs=0) at line 880
w_name=fromfpxf
DEBUG C_PARSER: parsed function fromfpxf with 3 params (varargs=0) at line 885
w_name=__fromfpxf
DEBUG C_PARSER: parsed function __fromfpxf with 3 params (varargs=0) at line 885
w_name=ufromfpxf
DEBUG C_PARSER: parsed function ufromfpxf with 3 params (varargs=0) at line 890
w_name=__ufromfpxf
DEBUG C_PARSER: parsed function __ufromfpxf with 3 params (varargs=0) at line 890
w_name=canonicalizef
DEBUG C_PARSER: parsed function canonicalizef with 2 params (varargs=0) at line 893
w_name=fmaximumf
DEBUG C_PARSER: parsed function fmaximumf with 2 params (varargs=0) at line 895
w_name=fminimumf
DEBUG C_PARSER: parsed function fminimumf with 2 params (varargs=0) at line 898
w_name=fmaximum_numf
DEBUG C_PARSER: parsed function fmaximum_numf with 2 params (varargs=0) at line 901
w_name=fminimum_numf
DEBUG C_PARSER: parsed function fminimum_numf with 2 params (varargs=0) at line 904
w_name=fmaximum_magf
DEBUG C_PARSER: parsed function fmaximum_magf with 2 params (varargs=0) at line 907
w_name=fminimum_magf
DEBUG C_PARSER: parsed function fminimum_magf with 2 params (varargs=0) at line 910
w_name=fmaximum_mag_numf
DEBUG C_PARSER: parsed function fmaximum_mag_numf with 2 params (varargs=0) at line 913
w_name=fminimum_mag_numf
DEBUG C_PARSER: parsed function fminimum_mag_numf with 2 params (varargs=0) at line 916
w_name=scalbf
DEBUG C_PARSER: parsed function scalbf with 2 params (varargs=0) at line 918
w_name=__scalbf
DEBUG C_PARSER: parsed function __scalbf with 2 params (varargs=0) at line 918
w_name=__fpclassifyl
DEBUG C_PARSER: parsed function __fpclassifyl with 1 params (varargs=0) at line 923
w_name=__signbitl
DEBUG C_PARSER: parsed function __signbitl with 1 params (varargs=0) at line 927
w_name=__isinfl
DEBUG C_PARSER: parsed function __isinfl with 1 params (varargs=0) at line 932
w_name=__finitel
DEBUG C_PARSER: parsed function __finitel with 1 params (varargs=0) at line 936
w_name=__isnanl
DEBUG C_PARSER: parsed function __isnanl with 1 params (varargs=0) at line 940
w_name=__iseqsigl
DEBUG C_PARSER: parsed function __iseqsigl with 2 params (varargs=0) at line 944
w_name=__issignalingl
DEBUG C_PARSER: parsed function __issignalingl with 1 params (varargs=0) at line 947
w_name=acosl
DEBUG C_PARSER: parsed function acosl with 1 params (varargs=0) at line 952
w_name=__acosl
DEBUG C_PARSER: parsed function __acosl with 1 params (varargs=0) at line 952
w_name=asinl
DEBUG C_PARSER: parsed function asinl with 1 params (varargs=0) at line 954
w_name=__asinl
DEBUG C_PARSER: parsed function __asinl with 1 params (varargs=0) at line 954
w_name=atanl
DEBUG C_PARSER: parsed function atanl with 1 params (varargs=0) at line 956
w_name=__atanl
DEBUG C_PARSER: parsed function __atanl with 1 params (varargs=0) at line 956
w_name=atan2l
DEBUG C_PARSER: parsed function atan2l with 2 params (varargs=0) at line 958
w_name=__atan2l
DEBUG C_PARSER: parsed function __atan2l with 2 params (varargs=0) at line 958
w_name=cosl
DEBUG C_PARSER: parsed function cosl with 1 params (varargs=0) at line 961
w_name=__cosl
DEBUG C_PARSER: parsed function __cosl with 1 params (varargs=0) at line 961
w_name=sinl
DEBUG C_PARSER: parsed function sinl with 1 params (varargs=0) at line 963
w_name=__sinl
DEBUG C_PARSER: parsed function __sinl with 1 params (varargs=0) at line 963
w_name=tanl
DEBUG C_PARSER: parsed function tanl with 1 params (varargs=0) at line 965
w_name=__tanl
DEBUG C_PARSER: parsed function __tanl with 1 params (varargs=0) at line 965
w_name=acospil
DEBUG C_PARSER: parsed function acospil with 1 params (varargs=0) at line 969
w_name=__acospil
DEBUG C_PARSER: parsed function __acospil with 1 params (varargs=0) at line 969
w_name=acospil
DEBUG C_PARSER: parsed function acospil with 1 params (varargs=0) at line 970
w_name=__acospil
DEBUG C_PARSER: parsed function __acospil with 1 params (varargs=0) at line 970
w_name=asinpil
DEBUG C_PARSER: parsed function asinpil with 1 params (varargs=0) at line 972
w_name=__asinpil
DEBUG C_PARSER: parsed function __asinpil with 1 params (varargs=0) at line 972
w_name=asinpil
DEBUG C_PARSER: parsed function asinpil with 1 params (varargs=0) at line 973
w_name=__asinpil
DEBUG C_PARSER: parsed function __asinpil with 1 params (varargs=0) at line 973
w_name=atanpil
DEBUG C_PARSER: parsed function atanpil with 1 params (varargs=0) at line 975
w_name=__atanpil
DEBUG C_PARSER: parsed function __atanpil with 1 params (varargs=0) at line 975
w_name=atanpil
DEBUG C_PARSER: parsed function atanpil with 1 params (varargs=0) at line 976
w_name=__atanpil
DEBUG C_PARSER: parsed function __atanpil with 1 params (varargs=0) at line 976
w_name=atan2pil
DEBUG C_PARSER: parsed function atan2pil with 2 params (varargs=0) at line 978
w_name=__atan2pil
DEBUG C_PARSER: parsed function __atan2pil with 2 params (varargs=0) at line 978
w_name=atan2pil
DEBUG C_PARSER: parsed function atan2pil with 2 params (varargs=0) at line 979
w_name=__atan2pil
DEBUG C_PARSER: parsed function __atan2pil with 2 params (varargs=0) at line 979
w_name=cospil
DEBUG C_PARSER: parsed function cospil with 1 params (varargs=0) at line 982
w_name=__cospil
DEBUG C_PARSER: parsed function __cospil with 1 params (varargs=0) at line 982
w_name=sinpil
DEBUG C_PARSER: parsed function sinpil with 1 params (varargs=0) at line 984
w_name=__sinpil
DEBUG C_PARSER: parsed function __sinpil with 1 params (varargs=0) at line 984
w_name=tanpil
DEBUG C_PARSER: parsed function tanpil with 1 params (varargs=0) at line 986
w_name=__tanpil
DEBUG C_PARSER: parsed function __tanpil with 1 params (varargs=0) at line 986
w_name=coshl
DEBUG C_PARSER: parsed function coshl with 1 params (varargs=0) at line 992
w_name=__coshl
DEBUG C_PARSER: parsed function __coshl with 1 params (varargs=0) at line 992
w_name=sinhl
DEBUG C_PARSER: parsed function sinhl with 1 params (varargs=0) at line 994
w_name=__sinhl
DEBUG C_PARSER: parsed function __sinhl with 1 params (varargs=0) at line 994
w_name=tanhl
DEBUG C_PARSER: parsed function tanhl with 1 params (varargs=0) at line 996
w_name=__tanhl
DEBUG C_PARSER: parsed function __tanhl with 1 params (varargs=0) at line 996
w_name=acoshl
DEBUG C_PARSER: parsed function acoshl with 1 params (varargs=0) at line 998
w_name=__acoshl
DEBUG C_PARSER: parsed function __acoshl with 1 params (varargs=0) at line 998
w_name=asinhl
DEBUG C_PARSER: parsed function asinhl with 1 params (varargs=0) at line 1000
w_name=__asinhl
DEBUG C_PARSER: parsed function __asinhl with 1 params (varargs=0) at line 1000
w_name=atanhl
DEBUG C_PARSER: parsed function atanhl with 1 params (varargs=0) at line 1002
w_name=__atanhl
DEBUG C_PARSER: parsed function __atanhl with 1 params (varargs=0) at line 1002
w_name=expl
DEBUG C_PARSER: parsed function expl with 1 params (varargs=0) at line 1008
w_name=__expl
DEBUG C_PARSER: parsed function __expl with 1 params (varargs=0) at line 1008
w_name=frexpl
DEBUG C_PARSER: parsed function frexpl with 2 params (varargs=0) at line 1011
w_name=__frexpl
DEBUG C_PARSER: parsed function __frexpl with 2 params (varargs=0) at line 1011
w_name=ldexpl
DEBUG C_PARSER: parsed function ldexpl with 2 params (varargs=0) at line 1014
w_name=__ldexpl
DEBUG C_PARSER: parsed function __ldexpl with 2 params (varargs=0) at line 1014
w_name=logl
DEBUG C_PARSER: parsed function logl with 1 params (varargs=0) at line 1017
w_name=__logl
DEBUG C_PARSER: parsed function __logl with 1 params (varargs=0) at line 1017
w_name=log10l
DEBUG C_PARSER: parsed function log10l with 1 params (varargs=0) at line 1020
w_name=__log10l
DEBUG C_PARSER: parsed function __log10l with 1 params (varargs=0) at line 1020
w_name=modfl
DEBUG C_PARSER: parsed function modfl with 2 params (varargs=0) at line 1023
w_name=__modfl
DEBUG C_PARSER: parsed function __modfl with 2 params (varargs=0) at line 1023
w_name=exp10l
DEBUG C_PARSER: parsed function exp10l with 1 params (varargs=0) at line 1027
w_name=__exp10l
DEBUG C_PARSER: parsed function __exp10l with 1 params (varargs=0) at line 1027
w_name=exp2m1l
DEBUG C_PARSER: parsed function exp2m1l with 1 params (varargs=0) at line 1030
w_name=__exp2m1l
DEBUG C_PARSER: parsed function __exp2m1l with 1 params (varargs=0) at line 1030
w_name=exp10m1l
DEBUG C_PARSER: parsed function exp10m1l with 1 params (varargs=0) at line 1033
w_name=__exp10m1l
DEBUG C_PARSER: parsed function __exp10m1l with 1 params (varargs=0) at line 1033
w_name=log2p1l
DEBUG C_PARSER: parsed function log2p1l with 1 params (varargs=0) at line 1036
w_name=__log2p1l
DEBUG C_PARSER: parsed function __log2p1l with 1 params (varargs=0) at line 1036
w_name=log10p1l
DEBUG C_PARSER: parsed function log10p1l with 1 params (varargs=0) at line 1039
w_name=__log10p1l
DEBUG C_PARSER: parsed function __log10p1l with 1 params (varargs=0) at line 1039
w_name=logp1l
DEBUG C_PARSER: parsed function logp1l with 1 params (varargs=0) at line 1042
w_name=__logp1l
DEBUG C_PARSER: parsed function __logp1l with 1 params (varargs=0) at line 1042
w_name=expm1l
DEBUG C_PARSER: parsed function expm1l with 1 params (varargs=0) at line 1047
w_name=__expm1l
DEBUG C_PARSER: parsed function __expm1l with 1 params (varargs=0) at line 1047
w_name=log1pl
DEBUG C_PARSER: parsed function log1pl with 1 params (varargs=0) at line 1050
w_name=__log1pl
DEBUG C_PARSER: parsed function __log1pl with 1 params (varargs=0) at line 1050
w_name=logbl
DEBUG C_PARSER: parsed function logbl with 1 params (varargs=0) at line 1053
w_name=__logbl
DEBUG C_PARSER: parsed function __logbl with 1 params (varargs=0) at line 1053
w_name=exp2l
DEBUG C_PARSER: parsed function exp2l with 1 params (varargs=0) at line 1058
w_name=__exp2l
DEBUG C_PARSER: parsed function __exp2l with 1 params (varargs=0) at line 1058
w_name=log2l
DEBUG C_PARSER: parsed function log2l with 1 params (varargs=0) at line 1061
w_name=__log2l
DEBUG C_PARSER: parsed function __log2l with 1 params (varargs=0) at line 1061
w_name=powl
DEBUG C_PARSER: parsed function powl with 2 params (varargs=0) at line 1068
w_name=__powl
DEBUG C_PARSER: parsed function __powl with 2 params (varargs=0) at line 1068
w_name=sqrtl
DEBUG C_PARSER: parsed function sqrtl with 1 params (varargs=0) at line 1071
w_name=__sqrtl
DEBUG C_PARSER: parsed function __sqrtl with 1 params (varargs=0) at line 1071
w_name=hypotl
DEBUG C_PARSER: parsed function hypotl with 2 params (varargs=0) at line 1075
w_name=__hypotl
DEBUG C_PARSER: parsed function __hypotl with 2 params (varargs=0) at line 1075
w_name=cbrtl
DEBUG C_PARSER: parsed function cbrtl with 1 params (varargs=0) at line 1080
w_name=__cbrtl
DEBUG C_PARSER: parsed function __cbrtl with 1 params (varargs=0) at line 1080
w_name=compoundnl
DEBUG C_PARSER: parsed function compoundnl with 2 params (varargs=0) at line 1085
w_name=__compoundnl
DEBUG C_PARSER: parsed function __compoundnl with 2 params (varargs=0) at line 1085
w_name=pownl
DEBUG C_PARSER: parsed function pownl with 2 params (varargs=0) at line 1088
w_name=__pownl
DEBUG C_PARSER: parsed function __pownl with 2 params (varargs=0) at line 1088
w_name=powrl
DEBUG C_PARSER: parsed function powrl with 2 params (varargs=0) at line 1091
w_name=__powrl
DEBUG C_PARSER: parsed function __powrl with 2 params (varargs=0) at line 1091
w_name=powrl
DEBUG C_PARSER: parsed function powrl with 2 params (varargs=0) at line 1092
w_name=__powrl
DEBUG C_PARSER: parsed function __powrl with 2 params (varargs=0) at line 1092
w_name=rootnl
DEBUG C_PARSER: parsed function rootnl with 2 params (varargs=0) at line 1095
w_name=__rootnl
DEBUG C_PARSER: parsed function __rootnl with 2 params (varargs=0) at line 1095
w_name=rsqrtl
DEBUG C_PARSER: parsed function rsqrtl with 1 params (varargs=0) at line 1098
w_name=__rsqrtl
DEBUG C_PARSER: parsed function __rsqrtl with 1 params (varargs=0) at line 1098
w_name=ceill
DEBUG C_PARSER: parsed function ceill with 1 params (varargs=0) at line 1105
w_name=fabsl
DEBUG C_PARSER: parsed function fabsl with 1 params (varargs=0) at line 1108
w_name=floorl
DEBUG C_PARSER: parsed function floorl with 1 params (varargs=0) at line 1111
w_name=fmodl
DEBUG C_PARSER: parsed function fmodl with 2 params (varargs=0) at line 1114
w_name=__fmodl
DEBUG C_PARSER: parsed function __fmodl with 2 params (varargs=0) at line 1114
w_name=isinfl
DEBUG C_PARSER: parsed function isinfl with 1 params (varargs=0) at line 1116
w_name=finitel
DEBUG C_PARSER: parsed function finitel with 1 params (varargs=0) at line 1122
w_name=dreml
DEBUG C_PARSER: parsed function dreml with 2 params (varargs=0) at line 1126
w_name=__dreml
DEBUG C_PARSER: parsed function __dreml with 2 params (varargs=0) at line 1126
w_name=significandl
DEBUG C_PARSER: parsed function significandl with 1 params (varargs=0) at line 1130
w_name=__significandl
DEBUG C_PARSER: parsed function __significandl with 1 params (varargs=0) at line 1130
w_name=copysignl
DEBUG C_PARSER: parsed function copysignl with 2 params (varargs=0) at line 1137
w_name=nanl
DEBUG C_PARSER: parsed function nanl with 1 params (varargs=0) at line 1142
w_name=__nanl
DEBUG C_PARSER: parsed function __nanl with 1 params (varargs=0) at line 1142
w_name=isnanl
DEBUG C_PARSER: parsed function isnanl with 1 params (varargs=0) at line 1144
w_name=j0l
DEBUG C_PARSER: parsed function j0l with 1 params (varargs=0) at line 1151
w_name=__j0l
DEBUG C_PARSER: parsed function __j0l with 1 params (varargs=0) at line 1151
w_name=j1l
DEBUG C_PARSER: parsed function j1l with 1 params (varargs=0) at line 1152
w_name=__j1l
DEBUG C_PARSER: parsed function __j1l with 1 params (varargs=0) at line 1152
w_name=jnl
DEBUG C_PARSER: parsed function jnl with 2 params (varargs=0) at line 1153
w_name=__jnl
DEBUG C_PARSER: parsed function __jnl with 2 params (varargs=0) at line 1153
w_name=y0l
DEBUG C_PARSER: parsed function y0l with 1 params (varargs=0) at line 1154
w_name=__y0l
DEBUG C_PARSER: parsed function __y0l with 1 params (varargs=0) at line 1154
w_name=y1l
DEBUG C_PARSER: parsed function y1l with 1 params (varargs=0) at line 1155
w_name=__y1l
DEBUG C_PARSER: parsed function __y1l with 1 params (varargs=0) at line 1155
w_name=ynl
DEBUG C_PARSER: parsed function ynl with 2 params (varargs=0) at line 1156
w_name=__ynl
DEBUG C_PARSER: parsed function __ynl with 2 params (varargs=0) at line 1156
w_name=erfl
DEBUG C_PARSER: parsed function erfl with 1 params (varargs=0) at line 1162
w_name=__erfl
DEBUG C_PARSER: parsed function __erfl with 1 params (varargs=0) at line 1162
w_name=erfcl
DEBUG C_PARSER: parsed function erfcl with 1 params (varargs=0) at line 1163
w_name=__erfcl
DEBUG C_PARSER: parsed function __erfcl with 1 params (varargs=0) at line 1163
w_name=lgammal
DEBUG C_PARSER: parsed function lgammal with 1 params (varargs=0) at line 1164
w_name=__lgammal
DEBUG C_PARSER: parsed function __lgammal with 1 params (varargs=0) at line 1164
w_name=tgammal
DEBUG C_PARSER: parsed function tgammal with 1 params (varargs=0) at line 1169
w_name=__tgammal
DEBUG C_PARSER: parsed function __tgammal with 1 params (varargs=0) at line 1169
w_name=gammal
DEBUG C_PARSER: parsed function gammal with 1 params (varargs=0) at line 1175
w_name=__gammal
DEBUG C_PARSER: parsed function __gammal with 1 params (varargs=0) at line 1175
w_name=lgammal_r
DEBUG C_PARSER: parsed function lgammal_r with 2 params (varargs=0) at line 1183
w_name=__lgammal_r
DEBUG C_PARSER: parsed function __lgammal_r with 2 params (varargs=0) at line 1183
w_name=rintl
DEBUG C_PARSER: parsed function rintl with 1 params (varargs=0) at line 1190
w_name=__rintl
DEBUG C_PARSER: parsed function __rintl with 1 params (varargs=0) at line 1190
w_name=nextafterl
DEBUG C_PARSER: parsed function nextafterl with 2 params (varargs=0) at line 1193
w_name=__nextafterl
DEBUG C_PARSER: parsed function __nextafterl with 2 params (varargs=0) at line 1193
w_name=nexttowardl
DEBUG C_PARSER: parsed function nexttowardl with 2 params (varargs=0) at line 1195
w_name=__nexttowardl
DEBUG C_PARSER: parsed function __nexttowardl with 2 params (varargs=0) at line 1195
w_name=nextdownl
DEBUG C_PARSER: parsed function nextdownl with 1 params (varargs=0) at line 1200
w_name=__nextdownl
DEBUG C_PARSER: parsed function __nextdownl with 1 params (varargs=0) at line 1200
w_name=nextupl
DEBUG C_PARSER: parsed function nextupl with 1 params (varargs=0) at line 1202
w_name=__nextupl
DEBUG C_PARSER: parsed function __nextupl with 1 params (varargs=0) at line 1202
w_name=remainderl
DEBUG C_PARSER: parsed function remainderl with 2 params (varargs=0) at line 1206
w_name=__remainderl
DEBUG C_PARSER: parsed function __remainderl with 2 params (varargs=0) at line 1206
w_name=scalbnl
DEBUG C_PARSER: parsed function scalbnl with 2 params (varargs=0) at line 1210
w_name=__scalbnl
DEBUG C_PARSER: parsed function __scalbnl with 2 params (varargs=0) at line 1210
w_name=ilogbl
DEBUG C_PARSER: parsed function ilogbl with 1 params (varargs=0) at line 1214
w_name=__ilogbl
DEBUG C_PARSER: parsed function __ilogbl with 1 params (varargs=0) at line 1214
w_name=llogbl
DEBUG C_PARSER: parsed function llogbl with 1 params (varargs=0) at line 1219
w_name=__llogbl
DEBUG C_PARSER: parsed function __llogbl with 1 params (varargs=0) at line 1219
w_name=scalblnl
DEBUG C_PARSER: parsed function scalblnl with 2 params (varargs=0) at line 1224
w_name=__scalblnl
DEBUG C_PARSER: parsed function __scalblnl with 2 params (varargs=0) at line 1224
w_name=nearbyintl
DEBUG C_PARSER: parsed function nearbyintl with 1 params (varargs=0) at line 1228
w_name=__nearbyintl
DEBUG C_PARSER: parsed function __nearbyintl with 1 params (varargs=0) at line 1228
w_name=roundl
DEBUG C_PARSER: parsed function roundl with 1 params (varargs=0) at line 1232
w_name=truncl
DEBUG C_PARSER: parsed function truncl with 1 params (varargs=0) at line 1236
w_name=remquol
DEBUG C_PARSER: parsed function remquol with 3 params (varargs=0) at line 1241
w_name=__remquol
DEBUG C_PARSER: parsed function __remquol with 3 params (varargs=0) at line 1241
w_name=lrintl
DEBUG C_PARSER: parsed function lrintl with 1 params (varargs=0) at line 1248
w_name=__lrintl
DEBUG C_PARSER: parsed function __lrintl with 1 params (varargs=0) at line 1248
w_name=llrintl
DEBUG C_PARSER: parsed function llrintl with 1 params (varargs=0) at line 1250
w_name=__llrintl
DEBUG C_PARSER: parsed function __llrintl with 1 params (varargs=0) at line 1250
w_name=lroundl
DEBUG C_PARSER: parsed function lroundl with 1 params (varargs=0) at line 1254
w_name=__lroundl
DEBUG C_PARSER: parsed function __lroundl with 1 params (varargs=0) at line 1254
w_name=llroundl
DEBUG C_PARSER: parsed function llroundl with 1 params (varargs=0) at line 1256
w_name=__llroundl
DEBUG C_PARSER: parsed function __llroundl with 1 params (varargs=0) at line 1256
w_name=fdiml
DEBUG C_PARSER: parsed function fdiml with 2 params (varargs=0) at line 1260
w_name=__fdiml
DEBUG C_PARSER: parsed function __fdiml with 2 params (varargs=0) at line 1260
w_name=fmaxl
DEBUG C_PARSER: parsed function fmaxl with 2 params (varargs=0) at line 1264
w_name=fminl
DEBUG C_PARSER: parsed function fminl with 2 params (varargs=0) at line 1267
w_name=fmal
DEBUG C_PARSER: parsed function fmal with 3 params (varargs=0) at line 1271
w_name=__fmal
DEBUG C_PARSER: parsed function __fmal with 3 params (varargs=0) at line 1271
w_name=roundevenl
DEBUG C_PARSER: parsed function roundevenl with 1 params (varargs=0) at line 1276
w_name=fromfpl
DEBUG C_PARSER: parsed function fromfpl with 3 params (varargs=0) at line 1280
w_name=__fromfpl
DEBUG C_PARSER: parsed function __fromfpl with 3 params (varargs=0) at line 1280
w_name=ufromfpl
DEBUG C_PARSER: parsed function ufromfpl with 3 params (varargs=0) at line 1284
w_name=__ufromfpl
DEBUG C_PARSER: parsed function __ufromfpl with 3 params (varargs=0) at line 1284
w_name=fromfpxl
DEBUG C_PARSER: parsed function fromfpxl with 3 params (varargs=0) at line 1289
w_name=__fromfpxl
DEBUG C_PARSER: parsed function __fromfpxl with 3 params (varargs=0) at line 1289
w_name=ufromfpxl
DEBUG C_PARSER: parsed function ufromfpxl with 3 params (varargs=0) at line 1294
w_name=__ufromfpxl
DEBUG C_PARSER: parsed function __ufromfpxl with 3 params (varargs=0) at line 1294
w_name=canonicalizel
DEBUG C_PARSER: parsed function canonicalizel with 2 params (varargs=0) at line 1297
w_name=fmaximuml
DEBUG C_PARSER: parsed function fmaximuml with 2 params (varargs=0) at line 1299
w_name=fminimuml
DEBUG C_PARSER: parsed function fminimuml with 2 params (varargs=0) at line 1302
w_name=fmaximum_numl
DEBUG C_PARSER: parsed function fmaximum_numl with 2 params (varargs=0) at line 1305
w_name=fminimum_numl
DEBUG C_PARSER: parsed function fminimum_numl with 2 params (varargs=0) at line 1308
w_name=fmaximum_magl
DEBUG C_PARSER: parsed function fmaximum_magl with 2 params (varargs=0) at line 1311
w_name=fminimum_magl
DEBUG C_PARSER: parsed function fminimum_magl with 2 params (varargs=0) at line 1314
w_name=fmaximum_mag_numl
DEBUG C_PARSER: parsed function fmaximum_mag_numl with 2 params (varargs=0) at line 1317
w_name=fminimum_mag_numl
DEBUG C_PARSER: parsed function fminimum_mag_numl with 2 params (varargs=0) at line 1320
w_name=scalbl
DEBUG C_PARSER: parsed function scalbl with 2 params (varargs=0) at line 1322
w_name=__scalbl
DEBUG C_PARSER: parsed function __scalbl with 2 params (varargs=0) at line 1322
w_name=__fpclassifyf128
DEBUG C_PARSER: parsed function __fpclassifyf128 with 1 params (varargs=0) at line 1327
w_name=__signbitf128
DEBUG C_PARSER: parsed function __signbitf128 with 1 params (varargs=0) at line 1331
w_name=__isinff128
DEBUG C_PARSER: parsed function __isinff128 with 1 params (varargs=0) at line 1336
w_name=__finitef128
DEBUG C_PARSER: parsed function __finitef128 with 1 params (varargs=0) at line 1340
w_name=__isnanf128
DEBUG C_PARSER: parsed function __isnanf128 with 1 params (varargs=0) at line 1344
w_name=__iseqsigf128
DEBUG C_PARSER: parsed function __iseqsigf128 with 2 params (varargs=0) at line 1348
w_name=__issignalingf128
DEBUG C_PARSER: parsed function __issignalingf128 with 1 params (varargs=0) at line 1351
w_name=fadd
DEBUG C_PARSER: parsed function fadd with 2 params (varargs=0) at line 1357
w_name=fdiv
DEBUG C_PARSER: parsed function fdiv with 2 params (varargs=0) at line 1360
w_name=ffma
DEBUG C_PARSER: parsed function ffma with 3 params (varargs=0) at line 1363
w_name=fmul
DEBUG C_PARSER: parsed function fmul with 2 params (varargs=0) at line 1366
w_name=fsqrt
DEBUG C_PARSER: parsed function fsqrt with 1 params (varargs=0) at line 1369
w_name=fsub
DEBUG C_PARSER: parsed function fsub with 2 params (varargs=0) at line 1372
w_name=faddl
DEBUG C_PARSER: parsed function faddl with 2 params (varargs=0) at line 1377
w_name=fdivl
DEBUG C_PARSER: parsed function fdivl with 2 params (varargs=0) at line 1380
w_name=ffmal
DEBUG C_PARSER: parsed function ffmal with 3 params (varargs=0) at line 1383
w_name=fmull
DEBUG C_PARSER: parsed function fmull with 2 params (varargs=0) at line 1386
w_name=fsqrtl
DEBUG C_PARSER: parsed function fsqrtl with 1 params (varargs=0) at line 1389
w_name=fsubl
DEBUG C_PARSER: parsed function fsubl with 2 params (varargs=0) at line 1392
w_name=daddl
DEBUG C_PARSER: parsed function daddl with 2 params (varargs=0) at line 1397
w_name=ddivl
DEBUG C_PARSER: parsed function ddivl with 2 params (varargs=0) at line 1400
w_name=dfmal
DEBUG C_PARSER: parsed function dfmal with 3 params (varargs=0) at line 1403
w_name=dmull
DEBUG C_PARSER: parsed function dmull with 2 params (varargs=0) at line 1406
w_name=dsqrtl
DEBUG C_PARSER: parsed function dsqrtl with 1 params (varargs=0) at line 1409
w_name=dsubl
DEBUG C_PARSER: parsed function dsubl with 2 params (varargs=0) at line 1412
w_name=__iscanonicall
DEBUG C_PARSER: parsed function __iscanonicall with 1 params (varargs=0) at line 1439
w_name=imaxabs
DEBUG C_PARSER: parsed function imaxabs with 1 params (varargs=0) at line 1686
w_name=imaxdiv
DEBUG C_PARSER: parsed function imaxdiv with 2 params (varargs=0) at line 1695
w_name=strtoimax
DEBUG C_PARSER: parsed function strtoimax with 3 params (varargs=0) at line 1699
w_name=strtoumax
DEBUG C_PARSER: parsed function strtoumax with 3 params (varargs=0) at line 1703
w_name=wcstoimax
DEBUG C_PARSER: parsed function wcstoimax with 3 params (varargs=0) at line 1708
w_name=wcstoumax
DEBUG C_PARSER: parsed function wcstoumax with 3 params (varargs=0) at line 1713
w_name=strtoimax
DEBUG C_PARSER: parsed function strtoimax with 3 params (varargs=0) at line 1719
w_name=strtoumax
DEBUG C_PARSER: parsed function strtoumax with 3 params (varargs=0) at line 1722
w_name=wcstoimax
DEBUG C_PARSER: parsed function wcstoimax with 3 params (varargs=0) at line 1725
w_name=wcstoumax
DEBUG C_PARSER: parsed function wcstoumax with 3 params (varargs=0) at line 1729
w_name=wl_list_init
DEBUG C_PARSER: parsed function wl_list_init with 1 params (varargs=0) at line 1777
w_name=wl_list_insert
DEBUG C_PARSER: parsed function wl_list_insert with 2 params (varargs=0) at line 1780
w_name=wl_list_remove
DEBUG C_PARSER: parsed function wl_list_remove with 1 params (varargs=0) at line 1783
w_name=wl_list_length
DEBUG C_PARSER: parsed function wl_list_length with 1 params (varargs=0) at line 1786
w_name=wl_list_empty
DEBUG C_PARSER: parsed function wl_list_empty with 1 params (varargs=0) at line 1789
w_name=wl_list_insert_list
DEBUG C_PARSER: parsed function wl_list_insert_list with 2 params (varargs=0) at line 1792
w_name=wl_array_init
DEBUG C_PARSER: parsed function wl_array_init with 1 params (varargs=0) at line 1804
w_name=wl_array_release
DEBUG C_PARSER: parsed function wl_array_release with 1 params (varargs=0) at line 1807
w_name=wl_array_add
DEBUG C_PARSER: parsed function wl_array_add with 2 params (varargs=0) at line 1810
w_name=wl_array_copy
DEBUG C_PARSER: parsed function wl_array_copy with 2 params (varargs=0) at line 1813
w_name=wl_fixed_to_double
DEBUG C_PARSER: parsed function wl_fixed_to_double with 1 params (varargs=0) at line 1819
w_name=wl_fixed_from_double
DEBUG C_PARSER: parsed function wl_fixed_from_double with 1 params (varargs=0) at line 1825
w_name=wl_fixed_to_int
DEBUG C_PARSER: parsed function wl_fixed_to_int with 1 params (varargs=0) at line 1831
w_name=wl_fixed_from_int
DEBUG C_PARSER: parsed function wl_fixed_from_int with 1 params (varargs=0) at line 1837
