[1;36mstep: [0mFinished lexing. Start parsing.
[1;36mdebug: [0mparser: parse_postfix: before parse_call, node->type=13
[1;36mdebug: [0mparser: Created Call name=hasError target_type=13 line=0 col=0 node=0x55d6337cf378 target=0x55d6337cf258
[1;36mdebug: [0mparser: parse_postfix: before parse_call, node->type=13
[1;36mdebug: [0mparser: Created Call name=hasError target_type=13 line=0 col=0 node=0x55d6337cfa90 target=0x55d6337cf970
[1;36mdebug: [0mparser: parse_postfix: before parse_call, node->type=13
[1;36mdebug: [0mparser: Created Call name=hasError target_type=13 line=0 col=0 node=0x55d6337d01a8 target=0x55d6337d0088
[1;36mdebug: [0mparser: parse_postfix: before parse_call, node->type=13
[1;36mdebug: [0mparser: Created Call name=hasError target_type=13 line=0 col=0 node=0x55d6337d0ac8 target=0x55d6337d09a8
[1;36mdebug: [0mparser: parse_postfix: before parse_call, node->type=13
[1;36mdebug: [0mparser: Created Call name=print_int_array target_type=13 line=0 col=0 node=0x55d633804388 target=0x55d633804020
[1;36mdebug: [0mparser: parse_postfix: before parse_call, node->type=13
[1;36mdebug: [0mparser: Created Call name=print_uint_array target_type=13 line=0 col=0 node=0x55d6338049f0 target=0x55d633804688
[1;36mdebug: [0mparser: parse_postfix: before parse_call, node->type=13
[1;36mdebug: [0mparser: Created Call name=print_long_array target_type=13 line=0 col=0 node=0x55d633805058 target=0x55d633804cf0
[1;36mdebug: [0mparser: parse_postfix: before parse_call, node->type=13
[1;36mdebug: [0mparser: Created Call name=print_ulong_array target_type=13 line=0 col=0 node=0x55d6338056c0 target=0x55d633805358
[1;36mdebug: [0mparser: parse_postfix: before parse_call, node->type=13
[1;36mdebug: [0mparser: Created Call name=print_single_array target_type=13 line=0 col=0 node=0x55d633805d28 target=0x55d6338059c0
[1;36mdebug: [0mparser: parse_postfix: before parse_call, node->type=13
[1;36mdebug: [0mparser: Created Call name=print_double_array target_type=13 line=0 col=0 node=0x55d633806390 target=0x55d633806028
[1;36mdebug: [0mparser: parse_postfix: before parse_call, node->type=13
[1;36mdebug: [0mparser: Created Call name=print target_type=13 line=0 col=0 node=0x55d633808658 target=0x55d633808558
[1;36mdebug: [0msemantic: table.c lookup: name='printf', found_ns='__c_lib', current_ns='std'
at namespace [1mstd[0m:
in [1;35mstd/print[0m:
126:6: [1;35mwarning[0m: Implicitly resolved 'printf' to '__c_lib.printf'
  [0;90m|[0m meta void printf(char* fmt, ...) {
  [0;90m|[0m      [1m^[0m
[1;33mhint:[0m consider writing __c_lib.printf
[1;36mdebug: [0msemantic: sem_check_block: ns='__c_lib'
[1;36mdebug: [0msemantic: sem_check_block: visiting node type=1
[1;36mdebug: [0msemantic: sem_check_block: ns='__c_lib'
[1;36mdebug: [0msemantic: sem_check_block: visiting node type=1
[1;36mdebug: [0msemantic: sem_check_block: ns='__c_lib'
[1;36mdebug: [0msemantic: sem_check_block: visiting node type=1
[1;36mdebug: [0msemantic: sem_check_block: ns='__c_lib'
[1;36mdebug: [0msemantic: sem_check_block: ns='std'
[1;36mdebug: [0msemantic: sem_check_block: visiting node type=1
[1;36mdebug: [0msemantic: sem_check_block: ns='std'
[1;36mdebug: [0msemantic: sem_check_block: visiting node type=27
[1;36mdebug: [0msemantic: sem_check_expr: type=27 line=11 col=26 node=0x55d6337f09c8
[1;36mdebug: [0msemantic: sem_check_expr: type=13 line=11 col=19 node=0x55d6337f08a8
[1;36mdebug: [0msemantic: sem_check_method_call: method='putchar', obj_base=18, obj_class='__c_lib'
[1;36mdebug: [0msemantic: sem_check_expr: type=16 line=16 col=13 node=0x55d6337f0928
[1;36mdebug: [0msemantic: sem_check_expr: type=16 line=16 col=13 node=0x55d6337f0928
[1;36mdebug: [0msemantic: sem_check_block: visiting node type=11
[1;36mdebug: [0msemantic: sem_check_expr: type=16 line=17 col=23 node=0x55d6337f0a60
[1;36mdebug: [0msemantic: sem_check_block: visiting node type=7
[1;36mdebug: [0msemantic: sem_check_expr: type=14 line=18 col=14 node=0x55d6337f0cc0
[1;36mdebug: [0msemantic: sem_check_expr: type=13 line=18 col=12 node=0x55d6337f0bc0
[1;36mdebug: [0msemantic: sem_check_expr: type=13 line=18 col=16 node=0x55d6337f0c40
[1;36mdebug: [0msemantic: sem_check_block: ns='std'
[1;36mdebug: [0msemantic: sem_check_block: visiting node type=27
[1;36mdebug: [0msemantic: sem_check_expr: type=27 line=10 col=35 node=0x55d6337f14f0
[1;36mdebug: [0msemantic: sem_check_expr: type=13 line=10 col=28 node=0x55d6337f1258
[1;36mdebug: [0msemantic: sem_check_method_call: method='printf', obj_base=18, obj_class='__c_lib'
[1;36mdebug: [0msemantic: sem_check_expr: type=16 line=19 col=26 node=0x55d6337f12d8
[1;36mdebug: [0msemantic: sem_check_expr: type=18 line=19 col=35 node=0x55d6337f1478
[1;36mdebug: [0msemantic: sem_check_index_access type base: 0, array_size: 0
[1;36mdebug: [0msemantic: sem_check_expr: type=13 line=19 col=32 node=0x55d6337f1378
[1;36mdebug: [0msemantic: sem_check_expr: type=13 line=19 col=36 node=0x55d6337f13f8
[1;36mdebug: [0msemantic: sem_check_expr: type=16 line=19 col=26 node=0x55d6337f12d8
[1;36mdebug: [0msemantic: sem_check_block: visiting node type=8
[1;36mdebug: [0msemantic: sem_check_expr: type=14 line=20 col=15 node=0x55d6337f17d0
[1;36mdebug: [0msemantic: sem_check_expr: type=13 line=20 col=13 node=0x55d6337f1588
[1;36mdebug: [0msemantic: sem_check_expr: type=14 line=20 col=22 node=0x55d6337f1728
[1;36mdebug: [0msemantic: sem_check_expr: type=13 line=20 col=17 node=0x55d6337f1608
[1;36mdebug: [0msemantic: sem_check_expr: type=16 line=20 col=24 node=0x55d6337f1688
[1;36mdebug: [0msemantic: sem_check_block: ns='std'
[1;36mdebug: [0msemantic: sem_check_block: visiting node type=27
[1;36mdebug: [0msemantic: sem_check_expr: type=27 line=10 col=35 node=0x55d6337f1f28
[1;36mdebug: [0msemantic: sem_check_expr: type=13 line=10 col=28 node=0x55d6337f1d68
[1;36mdebug: [0msemantic: sem_check_method_call: method='printf', obj_base=18, obj_class='__c_lib'
[1;36mdebug: [0msemantic: sem_check_expr: type=16 line=20 col=46 node=0x55d6337f1de8
[1;36mdebug: [0msemantic: sem_check_expr: type=16 line=20 col=52 node=0x55d6337f1e88
[1;36mdebug: [0msemantic: sem_check_expr: type=16 line=20 col=46 node=0x55d6337f1de8
[1;36mdebug: [0msemantic: sem_check_block: visiting node type=12
[1;36mdebug: [0msemantic: sem_check_expr: type=16 line=21 col=14 node=0x55d6337f20c0
[1;36mdebug: [0msemantic: sem_check_block: visiting node type=27
[1;36mdebug: [0msemantic: sem_check_expr: type=27 line=11 col=26 node=0x55d6337f2888
[1;36mdebug: [0msemantic: sem_check_expr: type=13 line=11 col=19 node=0x55d6337f2768
[1;36mdebug: [0msemantic: sem_check_method_call: method='putchar', obj_base=18, obj_class='__c_lib'
[1;36mdebug: [0msemantic: sem_check_expr: type=16 line=23 col=13 node=0x55d6337f27e8
[1;36mdebug: [0msemantic: sem_check_expr: type=16 line=23 col=13 node=0x55d6337f27e8
[1;36mdebug: [0msemantic: sem_check_block: visiting node type=1
[1;36mdebug: [0msemantic: sem_check_block: ns='std'
[1;36mdebug: [0msemantic: sem_check_block: visiting node type=27
[1;36mdebug: [0msemantic: sem_check_expr: type=27 line=11 col=26 node=0x55d6337f30c0
[1;36mdebug: [0msemantic: sem_check_expr: type=13 line=11 col=19 node=0x55d6337f2fa0
[1;36mdebug: [0msemantic: sem_check_method_call: method='putchar', obj_base=18, obj_class='__c_lib'
[1;36mdebug: [0msemantic: sem_check_expr: type=16 line=27 col=13 node=0x55d6337f3020
[1;36mdebug: [0msemantic: sem_check_expr: type=16 line=27 col=13 node=0x55d6337f3020
[1;36mdebug: [0msemantic: sem_check_block: visiting node type=11
[1;36mdebug: [0msemantic: sem_check_expr: type=16 line=28 col=23 node=0x55d6337f3158
[1;36mdebug: [0msemantic: sem_check_block: visiting node type=7
[1;36mdebug: [0msemantic: sem_check_expr: type=14 line=29 col=14 node=0x55d6337f33b8
[1;36mdebug: [0msemantic: sem_check_expr: type=13 line=29 col=12 node=0x55d6337f32b8
[1;36mdebug: [0msemantic: sem_check_expr: type=13 line=29 col=16 node=0x55d6337f3338
[1;36mdebug: [0msemantic: sem_check_block: ns='std'
[1;36mdebug: [0msemantic: sem_check_block: visiting node type=27
[1;36mdebug: [0msemantic: sem_check_expr: type=27 line=10 col=35 node=0x55d6337f3be8
[1;36mdebug: [0msemantic: sem_check_expr: type=13 line=10 col=28 node=0x55d6337f3950
[1;36mdebug: [0msemantic: sem_check_method_call: method='printf', obj_base=18, obj_class='__c_lib'
[1;36mdebug: [0msemantic: sem_check_expr: type=16 line=30 col=26 node=0x55d6337f39d0
[1;36mdebug: [0msemantic: sem_check_expr: type=18 line=30 col=35 node=0x55d6337f3b70
[1;36mdebug: [0msemantic: sem_check_index_access type base: 0, array_size: 0
[1;36mdebug: [0msemantic: sem_check_expr: type=13 line=30 col=32 node=0x55d6337f3a70
[1;36mdebug: [0msemantic: sem_check_expr: type=13 line=30 col=36 node=0x55d6337f3af0
[1;36mdebug: [0msemantic: sem_check_expr: type=16 line=30 col=26 node=0x55d6337f39d0
[1;36mdebug: [0msemantic: sem_check_block: visiting node type=8
[1;36mdebug: [0msemantic: sem_check_expr: type=14 line=31 col=15 node=0x55d6337f3ec8
[1;36mdebug: [0msemantic: sem_check_expr: type=13 line=31 col=13 node=0x55d6337f3c80
[1;36mdebug: [0msemantic: sem_check_expr: type=14 line=31 col=22 node=0x55d6337f3e20
[1;36mdebug: [0msemantic: sem_check_expr: type=13 line=31 col=17 node=0x55d6337f3d00
[1;36mdebug: [0msemantic: sem_check_expr: type=16 line=31 col=24 node=0x55d6337f3d80
[1;36mdebug: [0msemantic: sem_check_block: ns='std'
[1;36mdebug: [0msemantic: sem_check_block: visiting node type=27
[1;36mdebug: [0msemantic: sem_check_expr: type=27 line=10 col=35 node=0x55d6337f4620
[1;36mdebug: [0msemantic: sem_check_expr: type=13 line=10 col=28 node=0x55d6337f4460
[1;36mdebug: [0msemantic: sem_check_method_call: method='printf', obj_base=18, obj_class='__c_lib'
[1;36mdebug: [0msemantic: sem_check_expr: type=16 line=31 col=46 node=0x55d6337f44e0
[1;36mdebug: [0msemantic: sem_check_expr: type=16 line=31 col=52 node=0x55d6337f4580
[1;36mdebug: [0msemantic: sem_check_expr: type=16 line=31 col=46 node=0x55d6337f44e0
[1;36mdebug: [0msemantic: sem_check_block: visiting node type=12
[1;36mdebug: [0msemantic: sem_check_expr: type=16 line=32 col=14 node=0x55d6337f47b8
[1;36mdebug: [0msemantic: sem_check_block: visiting node type=27
[1;36mdebug: [0msemantic: sem_check_expr: type=27 line=11 col=26 node=0x55d6337f4f80
[1;36mdebug: [0msemantic: sem_check_expr: type=13 line=11 col=19 node=0x55d6337f4e60
[1;36mdebug: [0msemantic: sem_check_method_call: method='putchar', obj_base=18, obj_class='__c_lib'
[1;36mdebug: [0msemantic: sem_check_expr: type=16 line=34 col=13 node=0x55d6337f4ee0
[1;36mdebug: [0msemantic: sem_check_expr: type=16 line=34 col=13 node=0x55d6337f4ee0
[1;36mdebug: [0msemantic: sem_check_block: visiting node type=1
[1;36mdebug: [0msemantic: sem_check_block: ns='std'
[1;36mdebug: [0msemantic: sem_check_block: visiting node type=27
[1;36mdebug: [0msemantic: sem_check_expr: type=27 line=11 col=26 node=0x55d6337f57b8
[1;36mdebug: [0msemantic: sem_check_expr: type=13 line=11 col=19 node=0x55d6337f5698
[1;36mdebug: [0msemantic: sem_check_method_call: method='putchar', obj_base=18, obj_class='__c_lib'
[1;36mdebug: [0msemantic: sem_check_expr: type=16 line=38 col=13 node=0x55d6337f5718
[1;36mdebug: [0msemantic: sem_check_expr: type=16 line=38 col=13 node=0x55d6337f5718
[1;36mdebug: [0msemantic: sem_check_block: visiting node type=11
[1;36mdebug: [0msemantic: sem_check_expr: type=16 line=39 col=23 node=0x55d6337f5850
[1;36mdebug: [0msemantic: sem_check_block: visiting node type=7
[1;36mdebug: [0msemantic: sem_check_expr: type=14 line=40 col=14 node=0x55d6337f5ab0
[1;36mdebug: [0msemantic: sem_check_expr: type=13 line=40 col=12 node=0x55d6337f59b0
[1;36mdebug: [0msemantic: sem_check_expr: type=13 line=40 col=16 node=0x55d6337f5a30
[1;36mdebug: [0msemantic: sem_check_block: ns='std'
[1;36mdebug: [0msemantic: sem_check_block: visiting node type=27
[1;36mdebug: [0msemantic: sem_check_expr: type=27 line=10 col=35 node=0x55d6337f6388
[1;36mdebug: [0msemantic: sem_check_expr: type=13 line=10 col=28 node=0x55d6337f6048
[1;36mdebug: [0msemantic: sem_check_method_call: method='printf', obj_base=18, obj_class='__c_lib'
[1;36mdebug: [0msemantic: sem_check_expr: type=16 line=41 col=26 node=0x55d6337f60c8
[1;36mdebug: [0msemantic: sem_check_expr: type=18 line=41 col=47 node=0x55d6337f6310
[1;36mdebug: [0msemantic: sem_check_index_access type base: 0, array_size: 0
[1;36mdebug: [0msemantic: sem_check_expr: type=31 line=41 col=38 node=0x55d6337f61e8
[1;36mdebug: [0msemantic: sem_check_expr: type=13 line=41 col=34 node=0x55d6337f6168
[1;36mdebug: [0msemantic: sem_check_expr: type=13 line=41 col=48 node=0x55d6337f6290
[1;36mdebug: [0msemantic: sem_check_expr: type=16 line=41 col=26 node=0x55d6337f60c8
[1;36mdebug: [0msemantic: sem_check_block: visiting node type=8
[1;36mdebug: [0msemantic: sem_check_expr: type=14 line=42 col=15 node=0x55d6337f6668
[1;36mdebug: [0msemantic: sem_check_expr: type=13 line=42 col=13 node=0x55d6337f6420
[1;36mdebug: [0msemantic: sem_check_expr: type=14 line=42 col=22 node=0x55d6337f65c0
[1;36mdebug: [0msemantic: sem_check_expr: type=13 line=42 col=17 node=0x55d6337f64a0
[1;36mdebug: [0msemantic: sem_check_expr: type=16 line=42 col=24 node=0x55d6337f6520
[1;36mdebug: [0msemantic: sem_check_block: ns='std'
[1;36mdebug: [0msemantic: sem_check_block: visiting node type=27
[1;36mdebug: [0msemantic: sem_check_expr: type=27 line=10 col=35 node=0x55d6337f6dc0
[1;36mdebug: [0msemantic: sem_check_expr: type=13 line=10 col=28 node=0x55d6337f6c00
[1;36mdebug: [0msemantic: sem_check_method_call: method='printf', obj_base=18, obj_class='__c_lib'
[1;36mdebug: [0msemantic: sem_check_expr: type=16 line=42 col=46 node=0x55d6337f6c80
[1;36mdebug: [0msemantic: sem_check_expr: type=16 line=42 col=52 node=0x55d6337f6d20
[1;36mdebug: [0msemantic: sem_check_expr: type=16 line=42 col=46 node=0x55d6337f6c80
[1;36mdebug: [0msemantic: sem_check_block: visiting node type=12
[1;36mdebug: [0msemantic: sem_check_expr: type=16 line=43 col=14 node=0x55d6337f6f58
[1;36mdebug: [0msemantic: sem_check_block: visiting node type=27
[1;36mdebug: [0msemantic: sem_check_expr: type=27 line=11 col=26 node=0x55d6337f7720
[1;36mdebug: [0msemantic: sem_check_expr: type=13 line=11 col=19 node=0x55d6337f7600
[1;36mdebug: [0msemantic: sem_check_method_call: method='putchar', obj_base=18, obj_class='__c_lib'
[1;36mdebug: [0msemantic: sem_check_expr: type=16 line=45 col=13 node=0x55d6337f7680
[1;36mdebug: [0msemantic: sem_check_expr: type=16 line=45 col=13 node=0x55d6337f7680
[1;36mdebug: [0msemantic: sem_check_block: visiting node type=1
[1;36mdebug: [0msemantic: sem_check_block: ns='std'
[1;36mdebug: [0msemantic: sem_check_block: visiting node type=27
[1;36mdebug: [0msemantic: sem_check_expr: type=27 line=11 col=26 node=0x55d6337f7f58
[1;36mdebug: [0msemantic: sem_check_expr: type=13 line=11 col=19 node=0x55d6337f7e38
[1;36mdebug: [0msemantic: sem_check_method_call: method='putchar', obj_base=18, obj_class='__c_lib'
[1;36mdebug: [0msemantic: sem_check_expr: type=16 line=49 col=13 node=0x55d6337f7eb8
[1;36mdebug: [0msemantic: sem_check_expr: type=16 line=49 col=13 node=0x55d6337f7eb8
[1;36mdebug: [0msemantic: sem_check_block: visiting node type=11
[1;36mdebug: [0msemantic: sem_check_expr: type=16 line=50 col=23 node=0x55d6337f7ff0
[1;36mdebug: [0msemantic: sem_check_block: visiting node type=7
[1;36mdebug: [0msemantic: sem_check_expr: type=14 line=51 col=14 node=0x55d6337f8250
[1;36mdebug: [0msemantic: sem_check_expr: type=13 line=51 col=12 node=0x55d6337f8150
[1;36mdebug: [0msemantic: sem_check_expr: type=13 line=51 col=16 node=0x55d6337f81d0
[1;36mdebug: [0msemantic: sem_check_block: ns='std'
[1;36mdebug: [0msemantic: sem_check_block: visiting node type=27
[1;36mdebug: [0msemantic: sem_check_expr: type=27 line=10 col=35 node=0x55d6337f8b28
[1;36mdebug: [0msemantic: sem_check_expr: type=13 line=10 col=28 node=0x55d6337f87e8
[1;36mdebug: [0msemantic: sem_check_method_call: method='printf', obj_base=18, obj_class='__c_lib'
[1;36mdebug: [0msemantic: sem_check_expr: type=16 line=52 col=26 node=0x55d6337f8868
[1;36mdebug: [0msemantic: sem_check_expr: type=18 line=52 col=56 node=0x55d6337f8ab0
[1;36mdebug: [0msemantic: sem_check_index_access type base: 0, array_size: 0
[1;36mdebug: [0msemantic: sem_check_expr: type=31 line=52 col=38 node=0x55d6337f8988
[1;36mdebug: [0msemantic: sem_check_expr: type=13 line=52 col=34 node=0x55d6337f8908
[1;36mdebug: [0msemantic: sem_check_expr: type=13 line=52 col=57 node=0x55d6337f8a30
[1;36mdebug: [0msemantic: sem_check_expr: type=16 line=52 col=26 node=0x55d6337f8868
[1;36mdebug: [0msemantic: sem_check_block: visiting node type=8
[1;36mdebug: [0msemantic: sem_check_expr: type=14 line=53 col=15 node=0x55d6337f8e08
[1;36mdebug: [0msemantic: sem_check_expr: type=13 line=53 col=13 node=0x55d6337f8bc0
[1;36mdebug: [0msemantic: sem_check_expr: type=14 line=53 col=22 node=0x55d6337f8d60
[1;36mdebug: [0msemantic: sem_check_expr: type=13 line=53 col=17 node=0x55d6337f8c40
[1;36mdebug: [0msemantic: sem_check_expr: type=16 line=53 col=24 node=0x55d6337f8cc0
[1;36mdebug: [0msemantic: sem_check_block: ns='std'
[1;36mdebug: [0msemantic: sem_check_block: visiting node type=27
[1;36mdebug: [0msemantic: sem_check_expr: type=27 line=10 col=35 node=0x55d6337f9560
[1;36mdebug: [0msemantic: sem_check_expr: type=13 line=10 col=28 node=0x55d6337f93a0
[1;36mdebug: [0msemantic: sem_check_method_call: method='printf', obj_base=18, obj_class='__c_lib'
[1;36mdebug: [0msemantic: sem_check_expr: type=16 line=53 col=46 node=0x55d6337f9420
[1;36mdebug: [0msemantic: sem_check_expr: type=16 line=53 col=52 node=0x55d6337f94c0
[1;36mdebug: [0msemantic: sem_check_expr: type=16 line=53 col=46 node=0x55d6337f9420
[1;36mdebug: [0msemantic: sem_check_block: visiting node type=12
[1;36mdebug: [0msemantic: sem_check_expr: type=16 line=54 col=14 node=0x55d6337f96f8
[1;36mdebug: [0msemantic: sem_check_block: visiting node type=27
[1;36mdebug: [0msemantic: sem_check_expr: type=27 line=11 col=26 node=0x55d6337f9ec0
[1;36mdebug: [0msemantic: sem_check_expr: type=13 line=11 col=19 node=0x55d6337f9da0
[1;36mdebug: [0msemantic: sem_check_method_call: method='putchar', obj_base=18, obj_class='__c_lib'
[1;36mdebug: [0msemantic: sem_check_expr: type=16 line=56 col=13 node=0x55d6337f9e20
[1;36mdebug: [0msemantic: sem_check_expr: type=16 line=56 col=13 node=0x55d6337f9e20
[1;36mdebug: [0msemantic: sem_check_block: visiting node type=1
[1;36mdebug: [0msemantic: sem_check_block: ns='std'
[1;36mdebug: [0msemantic: sem_check_block: visiting node type=27
[1;36mdebug: [0msemantic: sem_check_expr: type=27 line=11 col=26 node=0x55d6337fa6f8
[1;36mdebug: [0msemantic: sem_check_expr: type=13 line=11 col=19 node=0x55d6337fa5d8
[1;36mdebug: [0msemantic: sem_check_method_call: method='putchar', obj_base=18, obj_class='__c_lib'
[1;36mdebug: [0msemantic: sem_check_expr: type=16 line=60 col=13 node=0x55d6337fa658
[1;36mdebug: [0msemantic: sem_check_expr: type=16 line=60 col=13 node=0x55d6337fa658
[1;36mdebug: [0msemantic: sem_check_block: visiting node type=11
[1;36mdebug: [0msemantic: sem_check_expr: type=16 line=61 col=23 node=0x55d6337fa790
[1;36mdebug: [0msemantic: sem_check_block: visiting node type=7
[1;36mdebug: [0msemantic: sem_check_expr: type=14 line=62 col=14 node=0x55d6337fa9f0
[1;36mdebug: [0msemantic: sem_check_expr: type=13 line=62 col=12 node=0x55d6337fa8f0
[1;36mdebug: [0msemantic: sem_check_expr: type=13 line=62 col=16 node=0x55d6337fa970
[1;36mdebug: [0msemantic: sem_check_block: ns='std'
[1;36mdebug: [0msemantic: sem_check_block: visiting node type=27
[1;36mdebug: [0msemantic: sem_check_expr: type=27 line=10 col=35 node=0x55d6337fb2c8
[1;36mdebug: [0msemantic: sem_check_expr: type=13 line=10 col=28 node=0x55d6337faf88
[1;36mdebug: [0msemantic: sem_check_method_call: method='printf', obj_base=18, obj_class='__c_lib'
[1;36mdebug: [0msemantic: sem_check_expr: type=16 line=63 col=26 node=0x55d6337fb008
[1;36mdebug: [0msemantic: sem_check_expr: type=18 line=63 col=48 node=0x55d6337fb250
[1;36mdebug: [0msemantic: sem_check_index_access type base: 0, array_size: 0
[1;36mdebug: [0msemantic: sem_check_expr: type=31 line=63 col=37 node=0x55d6337fb128
[1;36mdebug: [0msemantic: sem_check_expr: type=13 line=63 col=33 node=0x55d6337fb0a8
[1;36mdebug: [0msemantic: sem_check_expr: type=13 line=63 col=49 node=0x55d6337fb1d0
[1;36mdebug: [0msemantic: sem_check_expr: type=16 line=63 col=26 node=0x55d6337fb008
[1;36mdebug: [0msemantic: sem_check_block: visiting node type=8
[1;36mdebug: [0msemantic: sem_check_expr: type=14 line=64 col=15 node=0x55d6337fb5a8
[1;36mdebug: [0msemantic: sem_check_expr: type=13 line=64 col=13 node=0x55d6337fb360
[1;36mdebug: [0msemantic: sem_check_expr: type=14 line=64 col=22 node=0x55d6337fb500
[1;36mdebug: [0msemantic: sem_check_expr: type=13 line=64 col=17 node=0x55d6337fb3e0
[1;36mdebug: [0msemantic: sem_check_expr: type=16 line=64 col=24 node=0x55d6337fb460
[1;36mdebug: [0msemantic: sem_check_block: ns='std'
[1;36mdebug: [0msemantic: sem_check_block: visiting node type=27
[1;36mdebug: [0msemantic: sem_check_expr: type=27 line=10 col=35 node=0x55d6337fbd00
[1;36mdebug: [0msemantic: sem_check_expr: type=13 line=10 col=28 node=0x55d6337fbb40
[1;36mdebug: [0msemantic: sem_check_method_call: method='printf', obj_base=18, obj_class='__c_lib'
[1;36mdebug: [0msemantic: sem_check_expr: type=16 line=64 col=46 node=0x55d6337fbbc0
[1;36mdebug: [0msemantic: sem_check_expr: type=16 line=64 col=52 node=0x55d6337fbc60
[1;36mdebug: [0msemantic: sem_check_expr: type=16 line=64 col=46 node=0x55d6337fbbc0
[1;36mdebug: [0msemantic: sem_check_block: visiting node type=12
[1;36mdebug: [0msemantic: sem_check_expr: type=16 line=65 col=14 node=0x55d6337fbe98
[1;36mdebug: [0msemantic: sem_check_block: visiting node type=27
[1;36mdebug: [0msemantic: sem_check_expr: type=27 line=11 col=26 node=0x55d6337fc660
[1;36mdebug: [0msemantic: sem_check_expr: type=13 line=11 col=19 node=0x55d6337fc540
[1;36mdebug: [0msemantic: sem_check_method_call: method='putchar', obj_base=18, obj_class='__c_lib'
[1;36mdebug: [0msemantic: sem_check_expr: type=16 line=67 col=13 node=0x55d6337fc5c0
[1;36mdebug: [0msemantic: sem_check_expr: type=16 line=67 col=13 node=0x55d6337fc5c0
[1;36mdebug: [0msemantic: sem_check_block: visiting node type=1
[1;36mdebug: [0msemantic: sem_check_block: ns='std'
[1;36mdebug: [0msemantic: sem_check_block: visiting node type=27
[1;36mdebug: [0msemantic: sem_check_expr: type=27 line=11 col=26 node=0x55d6337fce98
[1;36mdebug: [0msemantic: sem_check_expr: type=13 line=11 col=19 node=0x55d6337fcd78
[1;36mdebug: [0msemantic: sem_check_method_call: method='putchar', obj_base=18, obj_class='__c_lib'
[1;36mdebug: [0msemantic: sem_check_expr: type=16 line=71 col=13 node=0x55d6337fcdf8
[1;36mdebug: [0msemantic: sem_check_expr: type=16 line=71 col=13 node=0x55d6337fcdf8
[1;36mdebug: [0msemantic: sem_check_block: visiting node type=11
[1;36mdebug: [0msemantic: sem_check_expr: type=16 line=72 col=23 node=0x55d6337fcf30
[1;36mdebug: [0msemantic: sem_check_block: visiting node type=7
[1;36mdebug: [0msemantic: sem_check_expr: type=14 line=73 col=14 node=0x55d6337fd190
[1;36mdebug: [0msemantic: sem_check_expr: type=13 line=73 col=12 node=0x55d6337fd090
[1;36mdebug: [0msemantic: sem_check_expr: type=13 line=73 col=16 node=0x55d6337fd110
[1;36mdebug: [0msemantic: sem_check_block: ns='std'
[1;36mdebug: [0msemantic: sem_check_block: visiting node type=27
[1;36mdebug: [0msemantic: sem_check_expr: type=27 line=10 col=35 node=0x55d6337fda68
[1;36mdebug: [0msemantic: sem_check_expr: type=13 line=10 col=28 node=0x55d6337fd728
[1;36mdebug: [0msemantic: sem_check_method_call: method='printf', obj_base=18, obj_class='__c_lib'
[1;36mdebug: [0msemantic: sem_check_expr: type=16 line=74 col=26 node=0x55d6337fd7a8
[1;36mdebug: [0msemantic: sem_check_expr: type=18 line=74 col=49 node=0x55d6337fd9f0
[1;36mdebug: [0msemantic: sem_check_index_access type base: 0, array_size: 0
[1;36mdebug: [0msemantic: sem_check_expr: type=31 line=74 col=38 node=0x55d6337fd8c8
[1;36mdebug: [0msemantic: sem_check_expr: type=13 line=74 col=34 node=0x55d6337fd848
[1;36mdebug: [0msemantic: sem_check_expr: type=13 line=74 col=50 node=0x55d6337fd970
[1;36mdebug: [0msemantic: sem_check_expr: type=16 line=74 col=26 node=0x55d6337fd7a8
[1;36mdebug: [0msemantic: sem_check_block: visiting node type=8
[1;36mdebug: [0msemantic: sem_check_expr: type=14 line=75 col=15 node=0x55d6337fdd48
[1;36mdebug: [0msemantic: sem_check_expr: type=13 line=75 col=13 node=0x55d6337fdb00
[1;36mdebug: [0msemantic: sem_check_expr: type=14 line=75 col=22 node=0x55d6337fdca0
[1;36mdebug: [0msemantic: sem_check_expr: type=13 line=75 col=17 node=0x55d6337fdb80
[1;36mdebug: [0msemantic: sem_check_expr: type=16 line=75 col=24 node=0x55d6337fdc00
[1;36mdebug: [0msemantic: sem_check_block: ns='std'
[1;36mdebug: [0msemantic: sem_check_block: visiting node type=27
[1;36mdebug: [0msemantic: sem_check_expr: type=27 line=10 col=35 node=0x55d6337fe4a0
[1;36mdebug: [0msemantic: sem_check_expr: type=13 line=10 col=28 node=0x55d6337fe2e0
[1;36mdebug: [0msemantic: sem_check_method_call: method='printf', obj_base=18, obj_class='__c_lib'
[1;36mdebug: [0msemantic: sem_check_expr: type=16 line=75 col=46 node=0x55d6337fe360
[1;36mdebug: [0msemantic: sem_check_expr: type=16 line=75 col=52 node=0x55d6337fe400
[1;36mdebug: [0msemantic: sem_check_expr: type=16 line=75 col=46 node=0x55d6337fe360
[1;36mdebug: [0msemantic: sem_check_block: visiting node type=12
[1;36mdebug: [0msemantic: sem_check_expr: type=16 line=76 col=14 node=0x55d6337fe638
[1;36mdebug: [0msemantic: sem_check_block: visiting node type=27
[1;36mdebug: [0msemantic: sem_check_expr: type=27 line=11 col=26 node=0x55d6337fee00
[1;36mdebug: [0msemantic: sem_check_expr: type=13 line=11 col=19 node=0x55d6337fece0
[1;36mdebug: [0msemantic: sem_check_method_call: method='putchar', obj_base=18, obj_class='__c_lib'
[1;36mdebug: [0msemantic: sem_check_expr: type=16 line=78 col=13 node=0x55d6337fed60
[1;36mdebug: [0msemantic: sem_check_expr: type=16 line=78 col=13 node=0x55d6337fed60
[1;36mdebug: [0msemantic: sem_check_block: visiting node type=1
[1;36mdebug: [0msemantic: sem_check_block: visiting node type=1
[1;36mdebug: [0msemantic: sem_check_block: ns='main'
[1;36mdebug: [0msemantic: sem_check_block: visiting node type=8
[1;36mdebug: [0msemantic: sem_check_expr: type=14 line=5 col=10 node=0x55d6337ce7a0
[1;36mdebug: [0msemantic: sem_check_expr: type=13 line=5 col=8 node=0x55d6337ce680
[1;36mdebug: [0msemantic: sem_check_expr: type=16 line=5 col=13 node=0x55d6337ce700
[1;36mdebug: [0msemantic: sem_check_block: ns='main'
[1;36mdebug: [0msemantic: sem_check_block: visiting node type=3
[1;36mdebug: [0msemantic: sem_check_expr: type=16 line=5 col=27 node=0x55d6337ce848
[1;36mdebug: [0msemantic: sem_check_block: visiting node type=8
[1;36mdebug: [0msemantic: sem_check_expr: type=14 line=6 col=10 node=0x55d6337ceaf8
[1;36mdebug: [0msemantic: sem_check_expr: type=13 line=6 col=8 node=0x55d6337ce9d8
[1;36mdebug: [0msemantic: sem_check_expr: type=16 line=6 col=13 node=0x55d6337cea58
[1;36mdebug: [0msemantic: sem_check_block: ns='main'
[1;36mdebug: [0msemantic: sem_check_block: visiting node type=45
[1;36mdebug: [0msemantic: sem_check_block: visiting node type=8
[1;36mdebug: [0msemantic: sem_check_expr: type=14 line=7 col=10 node=0x55d6337cee38
[1;36mdebug: [0msemantic: sem_check_expr: type=13 line=7 col=8 node=0x55d6337ced18
[1;36mdebug: [0msemantic: sem_check_expr: type=16 line=7 col=13 node=0x55d6337ced98
[1;36mdebug: [0msemantic: sem_check_block: ns='main'
[1;36mdebug: [0msemantic: sem_check_block: visiting node type=45
[1;36mdebug: [0msemantic: sem_check_block: visiting node type=45
[1;36mdebug: [0msemantic: sem_check_block: ns='main'
[1;36mdebug: [0msemantic: sem_check_block: visiting node type=11
[1;36mdebug: [0msemantic: sem_check_expr: type=2 line=12 col=21 node=0x55d6337cf378
[1;36mdebug: [0msemantic: sem_check_call: name='hasError', ns='main'
[1;36mdebug: [0msemantic: sem_check_expr: type=13 line=12 col=13 node=0x55d6337cf258
[1;36mdebug: [0msemantic: sem_check_expr: type=16 line=12 col=22 node=0x55d6337cf2d8
[1;36mdebug: [0msemantic: sem_check_expr: type=16 line=12 col=22 node=0x55d6337cf2d8
[1;36mdebug: [0mparser: inferring type for p, init_type.base=10
[1;36mdebug: [0mparser: debug: inferred type tainted bool for p
[1;36mdebug: [0msemantic: sem_check_block: visiting node type=8
[1;36mdebug: [0msemantic: sem_check_expr: type=14 line=13 col=10 node=0x55d6337cf5f0
[1;36mdebug: [0msemantic: sem_check_expr: type=13 line=13 col=8 node=0x55d6337cf4d0
[1;36mdebug: [0msemantic: sem_check_expr: type=16 line=13 col=12 node=0x55d6337cf550
[1;36mdebug: [0msemantic: sem_check_block: ns='main'
[1;36mdebug: [0msemantic: sem_check_block: visiting node type=27
[1;36mdebug: [0msemantic: sem_check_expr: type=27 line=14 col=19 node=0x55d6337cf858
[1;36mdebug: [0msemantic: sem_check_expr: type=13 line=14 col=9 node=0x55d6337cf6c0
[1;36mdebug: [0msemantic: sem_check_method_call: method='print', obj_base=18, obj_class='std'
[1;36mdebug: [0msemantic: sem_check_call: name='std.print', ns='main'
[1;36mdebug: [0msemantic: sem_check_expr: type=13 line=14 col=19 node=0x55d633812e08
[1;36mdebug: [0msemantic: sem_check_expr: type=16 line=14 col=19 node=0x55d6337cf7b8
[1;36mdebug: [0msemantic: sem_check_block: visiting node type=11
[1;36mdebug: [0msemantic: sem_check_expr: type=2 line=17 col=21 node=0x55d6337cfa90
[1;36mdebug: [0msemantic: sem_check_call: name='hasError', ns='main'
[1;36mdebug: [0msemantic: sem_check_expr: type=13 line=17 col=13 node=0x55d6337cf970
[1;36mdebug: [0msemantic: sem_check_expr: type=16 line=17 col=22 node=0x55d6337cf9f0
[1;36mdebug: [0msemantic: sem_check_expr: type=16 line=17 col=22 node=0x55d6337cf9f0
[1;36mdebug: [0mparser: inferring type for v, init_type.base=10
[1;36mdebug: [0mparser: debug: inferred type tainted bool for v
[1;36mdebug: [0msemantic: sem_check_block: visiting node type=8
[1;36mdebug: [0msemantic: sem_check_expr: type=14 line=18 col=10 node=0x55d6337cfd08
[1;36mdebug: [0msemantic: sem_check_expr: type=13 line=18 col=8 node=0x55d6337cfbe8
[1;36mdebug: [0msemantic: sem_check_expr: type=16 line=18 col=12 node=0x55d6337cfc68
[1;36mdebug: [0msemantic: sem_check_block: ns='main'
[1;36mdebug: [0msemantic: sem_check_block: visiting node type=27
[1;36mdebug: [0msemantic: sem_check_expr: type=27 line=19 col=19 node=0x55d6337cff70
[1;36mdebug: [0msemantic: sem_check_expr: type=13 line=19 col=9 node=0x55d6337cfdd8
[1;36mdebug: [0msemantic: sem_check_method_call: method='print', obj_base=18, obj_class='std'
[1;36mdebug: [0msemantic: sem_check_call: name='std.print', ns='main'
[1;36mdebug: [0msemantic: sem_check_expr: type=13 line=19 col=19 node=0x55d6338133d8
[1;36mdebug: [0msemantic: sem_check_expr: type=16 line=19 col=19 node=0x55d6337cfed0
[1;36mdebug: [0msemantic: sem_check_block: visiting node type=11
[1;36mdebug: [0msemantic: sem_check_expr: type=2 line=22 col=21 node=0x55d6337d01a8
[1;36mdebug: [0msemantic: sem_check_call: name='hasError', ns='main'
[1;36mdebug: [0msemantic: sem_check_expr: type=13 line=22 col=13 node=0x55d6337d0088
[1;36mdebug: [0msemantic: sem_check_expr: type=16 line=22 col=22 node=0x55d6337d0108
[1;36mdebug: [0msemantic: sem_check_expr: type=16 line=22 col=22 node=0x55d6337d0108
[1;36mdebug: [0mparser: inferring type for t, init_type.base=10
[1;36mdebug: [0mparser: debug: inferred type tainted bool for t
[1;36mdebug: [0msemantic: sem_check_block: visiting node type=8
[1;36mdebug: [0msemantic: sem_check_expr: type=14 line=23 col=25 node=0x55d6337d0628
[1;36mdebug: [0msemantic: sem_check_expr: type=14 line=23 col=10 node=0x55d6337d04b8
[1;36mdebug: [0msemantic: sem_check_expr: type=13 line=23 col=8 node=0x55d6337d0378
[1;36mdebug: [0msemantic: sem_check_expr: type=16 line=23 col=20 node=0x55d6337d0418
[1;36mdebug: [0msemantic: sem_check_expr: type=16 line=23 col=27 node=0x55d6337d0588
[1;36mdebug: [0msemantic: sem_check_block: ns='main'
[1;36mdebug: [0msemantic: sem_check_block: visiting node type=27
[1;36mdebug: [0msemantic: sem_check_expr: type=27 line=24 col=19 node=0x55d6337d0890
[1;36mdebug: [0msemantic: sem_check_expr: type=13 line=24 col=9 node=0x55d6337d06f8
[1;36mdebug: [0msemantic: sem_check_method_call: method='print', obj_base=18, obj_class='std'
[1;36mdebug: [0msemantic: sem_check_call: name='std.print', ns='main'
[1;36mdebug: [0msemantic: sem_check_expr: type=13 line=24 col=19 node=0x55d633813a38
[1;36mdebug: [0msemantic: sem_check_expr: type=16 line=24 col=19 node=0x55d6337d07f0
[1;36mdebug: [0msemantic: sem_check_block: visiting node type=11
[1;36mdebug: [0msemantic: sem_check_expr: type=2 line=27 col=21 node=0x55d6337d0ac8
[1;36mdebug: [0msemantic: sem_check_call: name='hasError', ns='main'
[1;36mdebug: [0msemantic: sem_check_expr: type=13 line=27 col=13 node=0x55d6337d09a8
[1;36mdebug: [0msemantic: sem_check_expr: type=16 line=27 col=22 node=0x55d6337d0a28
[1;36mdebug: [0msemantic: sem_check_expr: type=16 line=27 col=22 node=0x55d6337d0a28
[1;36mdebug: [0mparser: inferring type for z, init_type.base=10
[1;36mdebug: [0mparser: debug: inferred type tainted bool for z
[1;36mdebug: [0msemantic: sem_check_block: visiting node type=8
[1;36mdebug: [0msemantic: sem_check_expr: type=14 line=28 col=28 node=0x55d6337d0ed0
[1;36mdebug: [0msemantic: sem_check_expr: type=14 line=28 col=10 node=0x55d6337d0d60
[1;36mdebug: [0msemantic: sem_check_expr: type=13 line=28 col=8 node=0x55d6337d0c20
[1;36mdebug: [0msemantic: sem_check_expr: type=16 line=28 col=22 node=0x55d6337d0cc0
[1;36mdebug: [0msemantic: sem_check_expr: type=16 line=28 col=30 node=0x55d6337d0e30
[1;36mdebug: [0msemantic: sem_check_block: ns='main'
[1;36mdebug: [0msemantic: sem_check_block: visiting node type=27
[1;36mdebug: [0msemantic: sem_check_expr: type=27 line=29 col=19 node=0x55d6337d1138
[1;36mdebug: [0msemantic: sem_check_expr: type=13 line=29 col=9 node=0x55d6337d0fa0
[1;36mdebug: [0msemantic: sem_check_method_call: method='print', obj_base=18, obj_class='std'
[1;36mdebug: [0msemantic: sem_check_call: name='std.print', ns='main'
[1;36mdebug: [0msemantic: sem_check_expr: type=13 line=29 col=19 node=0x55d633814098
[1;36mdebug: [0msemantic: sem_check_expr: type=16 line=29 col=19 node=0x55d6337d1098
[1;36mstep: [0mFinished Semantic Analysis. Start macro-linking.
[1;36mstep: [0mFinished macro linking. Start generating Alkyl Intermediate Representation (alir).
[1;36mdebug: [0malir: DEBUG_PASS1_END: struct list:
[1;36mdebug: [0malir: Found namespace __c_lib
[1;36mdebug: [0malir: Found func_def printf
[1;36mdebug: [0malir: alir_gen_function_def fn->name=printf class_name=NULL fn->mangled_name=printf -> func_name=printf
[1;36mdebug: [0malir: alir_add_function: printf
[1;36mdebug: [0malir: printf adding param '(null)' type.base=8
[1;36mdebug: [0malir: Found func_def putchar
[1;36mdebug: [0malir: alir_gen_function_def fn->name=putchar class_name=NULL fn->mangled_name=putchar -> func_name=putchar
[1;36mdebug: [0malir: alir_add_function: putchar
[1;36mdebug: [0malir: Found func_def puts
[1;36mdebug: [0malir: alir_gen_function_def fn->name=puts class_name=NULL fn->mangled_name=puts -> func_name=puts
[1;36mdebug: [0malir: alir_add_function: puts
[1;36mdebug: [0malir: Found namespace std
[1;36mdebug: [0malir: Found func_def print_int_array
[1;36mdebug: [0malir: alir_gen_function_def fn->name=print_int_array class_name=NULL fn->mangled_name=std_print_int_array_i32_p_i64 -> func_name=std_print_int_array_i32_p_i64
[1;36mdebug: [0malir: alir_add_function: std_print_int_array_i32_p_i64
[1;36mdebug: [0malir: Found func_def print_uint_array
[1;36mdebug: [0malir: alir_gen_function_def fn->name=print_uint_array class_name=NULL fn->mangled_name=std_print_uint_array_i32_p_i64 -> func_name=std_print_uint_array_i32_p_i64
[1;36mdebug: [0malir: alir_add_function: std_print_uint_array_i32_p_i64
[1;36mdebug: [0malir: Found func_def print_long_array
[1;36mdebug: [0malir: alir_gen_function_def fn->name=print_long_array class_name=NULL fn->mangled_name=std_print_long_array_void_p_i64 -> func_name=std_print_long_array_void_p_i64
[1;36mdebug: [0malir: alir_add_function: std_print_long_array_void_p_i64
[1;36mdebug: [0malir: Found func_def print_ulong_array
[1;36mdebug: [0malir: alir_gen_function_def fn->name=print_ulong_array class_name=NULL fn->mangled_name=std_print_ulong_array_void_p_i64 -> func_name=std_print_ulong_array_void_p_i64
[1;36mdebug: [0malir: alir_add_function: std_print_ulong_array_void_p_i64
[1;36mdebug: [0malir: Found func_def print_single_array
[1;36mdebug: [0malir: alir_gen_function_def fn->name=print_single_array class_name=NULL fn->mangled_name=std_print_single_array_void_p_i64 -> func_name=std_print_single_array_void_p_i64
[1;36mdebug: [0malir: alir_add_function: std_print_single_array_void_p_i64
[1;36mdebug: [0malir: Found func_def print_double_array
[1;36mdebug: [0malir: alir_gen_function_def fn->name=print_double_array class_name=NULL fn->mangled_name=std_print_double_array_void_p_i64 -> func_name=std_print_double_array_void_p_i64
[1;36mdebug: [0malir: alir_add_function: std_print_double_array_void_p_i64
[1;36mdebug: [0malir: Found func_def print
[1;36mdebug: [0malir: Found func_def printf
[1;36mdebug: [0malir: Found func_def hasError
[1;36mdebug: [0malir: alir_gen_function_def fn->name=hasError class_name=NULL fn->mangled_name=main_hasError_i32 -> func_name=main_hasError_i32
[1;36mdebug: [0malir: alir_add_function: main_hasError_i32
[1;36mdebug: [0malir: Found func_def main
[1;36mdebug: [0malir: alir_gen_function_def fn->name=main class_name=NULL fn->mangled_name=main -> func_name=main
[1;36mdebug: [0malir: alir_add_function: main
[1;36mdebug: [0malir: GEN_CALL: name=hasError mangled=main_hasError_i32
[1;36mdebug: [0malir: Looking up 'main_hasError_i32'
[1;36mdebug: [0malir: Found symbol hasError, kind=1, is_macro=0, node_ptr=0x55d6337cf150
[1;36mdebug: [0malir: CALL_STD: name=hasError mangled=main_hasError_i32 target_type=13
[1;36mdebug: [0malir: GLOBAL VAR ADDR: hasError
[1;36mdebug: [0malir: TAINTED PTR: ctx->module=0x55d6338141f8 target_name=main_hasError_i32 count=1
[1;36mdebug: [0malir: func=main op=31 dest_kind=5 dest_type_base=10 op1_kind=9 op1_type_base=10
[1;36mdebug: [0malir: func=main op=0 dest_kind=5 dest_type_base=10 op1_kind=0 op1_type_base=0
[1;36mdebug: [0malir: func=main op=2 dest_kind=0 dest_type_base=0 op1_kind=5 op1_type_base=10
[1;36mdebug: [0malir: func=main op=4 dest_kind=5 dest_type_base=10 op1_kind=5 op1_type_base=10
[1;36mdebug: [0malir: func=main op=3 dest_kind=5 dest_type_base=10 op1_kind=5 op1_type_base=10
FALLBACK: left node type=13
FALLBACK: var_ref=p sym=0x55d633827ea8
FALLBACK: sym->type.is_tainted=1
[1;36mdebug: [0malir: func=main op=3 dest_kind=5 dest_type_base=10 op1_kind=5 op1_type_base=10
FALLBACK: l overridden!
[1;36mdebug: [0malir: func=main op=34 dest_kind=5 dest_type_base=10 op1_kind=5 op1_type_base=10
[1;36mdebug: [0malir: func=main op=30 dest_kind=0 dest_type_base=0 op1_kind=5 op1_type_base=10
[1;36mdebug: [0malir: GEN_CALL: name=std.print mangled=std.print
[1;36mdebug: [0malir: Looking up 'std.print'
[1;36mdebug: [0malir: Found symbol print, kind=1, is_macro=1, node_ptr=0x55d633807568
[1;36mdebug: [0mparser: clone_var_type fallback: class_name=(null) array_size=0 array_depth=0
[1;36mdebug: [0mparser: clone_var_type fallback: class_name=(null) array_size=0 array_depth=0
[1;36mdebug: [0mparser: clone_var_type fallback: class_name=(null) array_size=0 array_depth=0
[1;36mdebug: [0mparser: clone_var_type fallback: class_name=(null) array_size=0 array_depth=0
[1;36mdebug: [0mparser: clone_var_type fallback: class_name=(null) array_size=0 array_depth=0
[1;36mdebug: [0mparser: clone_var_type fallback: class_name=(null) array_size=0 array_depth=0
[1;36mdebug: [0mparser: clone_var_type fallback: class_name=(null) array_size=0 array_depth=0
[1;36mdebug: [0mparser: clone_var_type fallback: class_name=(null) array_size=0 array_depth=0
[1;36mdebug: [0mparser: clone_var_type fallback: class_name=(null) array_size=0 array_depth=0
[1;36mdebug: [0mparser: clone_var_type fallback: class_name=(null) array_size=0 array_depth=0
[1;36mdebug: [0mparser: clone_var_type fallback: class_name=(null) array_size=0 array_depth=0
[1;36mdebug: [0mparser: clone_var_type fallback: class_name=(null) array_size=0 array_depth=0
[1;36mdebug: [0mparser: clone_var_type fallback: class_name=(null) array_size=0 array_depth=0
[1;36mdebug: [0mparser: clone_var_type fallback: class_name=(null) array_size=0 array_depth=0
[1;36mdebug: [0mparser: clone_var_type fallback: class_name=(null) array_size=0 array_depth=0
[1;36mdebug: [0mparser: clone_var_type fallback: class_name=(null) array_size=0 array_depth=0
[1;36mdebug: [0mparser: clone_var_type fallback: class_name=(null) array_size=0 array_depth=0
[1;36mdebug: [0mparser: clone_var_type fallback: class_name=(null) array_size=0 array_depth=0
[1;36mdebug: [0mparser: clone_var_type fallback: class_name=(null) array_size=0 array_depth=0
[1;36mdebug: [0mparser: clone_var_type fallback: class_name=(null) array_size=0 array_depth=0
[1;36mdebug: [0mparser: clone_var_type fallback: class_name=(null) array_size=0 array_depth=0
[1;36mdebug: [0mparser: clone_var_type fallback: class_name=(null) array_size=0 array_depth=0
[1;36mdebug: [0mparser: clone_var_type fallback: class_name=(null) array_size=0 array_depth=0
[1;36mdebug: [0mparser: clone_var_type fallback: class_name=(null) array_size=0 array_depth=0
[1;36mdebug: [0mparser: clone_var_type fallback: class_name=(null) array_size=0 array_depth=0
[1;36mdebug: [0mparser: clone_var_type fallback: class_name=(null) array_size=1 array_depth=0
[1;36mdebug: [0mparser: clone_var_type fallback: class_name=(null) array_size=0 array_depth=0
[1;36mdebug: [0mparser: clone_var_type fallback: class_name=(null) array_size=0 array_depth=0
[1;36mdebug: [0mparser: clone_var_type fallback: class_name=(null) array_size=0 array_depth=0
[1;36mdebug: [0mparser: clone_var_type fallback: class_name=(null) array_size=1 array_depth=0
[1;36mdebug: [0mparser: clone_var_type fallback: class_name=(null) array_size=0 array_depth=0
[1;36mdebug: [0mparser: clone_var_type fallback: class_name=(null) array_size=0 array_depth=0
[1;36mdebug: [0mparser: clone_var_type fallback: class_name=(null) array_size=0 array_depth=0
[1;36mdebug: [0mparser: clone_var_type fallback: class_name=(null) array_size=1 array_depth=0
[1;36mdebug: [0mparser: clone_var_type fallback: class_name=(null) array_size=0 array_depth=0
[1;36mdebug: [0mparser: clone_var_type fallback: class_name=(null) array_size=0 array_depth=0
[1;36mdebug: [0mparser: clone_var_type fallback: class_name=(null) array_size=0 array_depth=0
[1;36mdebug: [0mparser: clone_var_type fallback: class_name=(null) array_size=1 array_depth=0
[1;36mdebug: [0mparser: clone_var_type fallback: class_name=(null) array_size=0 array_depth=0
[1;36mdebug: [0mparser: clone_var_type fallback: class_name=(null) array_size=0 array_depth=0
[1;36mdebug: [0mparser: clone_var_type fallback: class_name=(null) array_size=0 array_depth=0
[1;36mdebug: [0mparser: clone_var_type fallback: class_name=(null) array_size=1 array_depth=0
[1;36mdebug: [0mparser: clone_var_type fallback: class_name=(null) array_size=0 array_depth=0
[1;36mdebug: [0mparser: clone_var_type fallback: class_name=(null) array_size=0 array_depth=0
[1;36mdebug: [0mparser: clone_var_type fallback: class_name=(null) array_size=0 array_depth=0
[1;36mdebug: [0mparser: clone_var_type fallback: class_name=(null) array_size=1 array_depth=0
[1;36mdebug: [0mparser: clone_var_type fallback: class_name=(null) array_size=0 array_depth=0
[1;36mdebug: [0mparser: clone_var_type fallback: class_name=(null) array_size=0 array_depth=0
[1;36mdebug: [0mparser: clone_var_type fallback: class_name=(null) array_size=0 array_depth=0
[1;36mdebug: [0mparser: clone_var_type fallback: class_name=(null) array_size=0 array_depth=0
[1;36mdebug: [0mparser: clone_var_type fallback: class_name=(null) array_size=0 array_depth=0
[1;36mdebug: [0mparser: clone_var_type fallback: class_name=(null) array_size=0 array_depth=0
[1;36mdebug: [0mparser: clone_var_type fallback: class_name=(null) array_size=0 array_depth=0
[1;36mdebug: [0mparser: clone_var_type fallback: class_name=(null) array_size=0 array_depth=0
[1;36mdebug: [0mparser: clone_var_type fallback: class_name=(null) array_size=0 array_depth=0
[1;36mdebug: [0mparser: clone_var_type fallback: class_name=(null) array_size=0 array_depth=0
[1;36mdebug: [0mparser: clone_var_type fallback: class_name=(null) array_size=0 array_depth=0
[1;36mdebug: [0mparser: clone_var_type fallback: class_name=(null) array_size=0 array_depth=0
[1;36mdebug: [0mparser: clone_var_type fallback: class_name=(null) array_size=0 array_depth=0
[1;36mdebug: [0mparser: clone_var_type fallback: class_name=(null) array_size=0 array_depth=0
[1;36mdebug: [0mparser: clone_var_type fallback: class_name=(null) array_size=0 array_depth=0
[1;36mdebug: [0mparser: clone_var_type fallback: class_name=(null) array_size=0 array_depth=0
[1;36mdebug: [0mparser: clone_var_type fallback: class_name=(null) array_size=0 array_depth=0
[1;36mdebug: [0mparser: clone_var_type fallback: class_name=(null) array_size=0 array_depth=0
[1;36mdebug: [0mparser: clone_var_type fallback: class_name=(null) array_size=0 array_depth=0
[1;36mdebug: [0mparser: clone_var_type fallback: class_name=(null) array_size=0 array_depth=0
[1;36mdebug: [0mparser: clone_var_type fallback: class_name=(null) array_size=0 array_depth=0
[1;36mdebug: [0mparser: clone_var_type fallback: class_name=(null) array_size=0 array_depth=0
[1;36mdebug: [0mparser: clone_var_type fallback: class_name=(null) array_size=0 array_depth=0
[1;36mdebug: [0mparser: clone_var_type fallback: class_name=(null) array_size=0 array_depth=0
[1;36mdebug: [0mparser: clone_var_type fallback: class_name=(null) array_size=0 array_depth=0
[1;36mdebug: [0mparser: clone_var_type fallback: class_name=(null) array_size=0 array_depth=0
[1;36mdebug: [0mparser: clone_var_type fallback: class_name=(null) array_size=0 array_depth=0
[1;36mdebug: [0mparser: clone_var_type fallback: class_name=(null) array_size=0 array_depth=0
[1;36mdebug: [0mparser: clone_var_type fallback: class_name=(null) array_size=0 array_depth=0
[1;36mdebug: [0mparser: clone_var_type fallback: class_name=(null) array_size=0 array_depth=0
[1;36mdebug: [0mparser: clone_var_type fallback: class_name=(null) array_size=1 array_depth=0
[1;36mdebug: [0mparser: clone_var_type fallback: class_name=(null) array_size=0 array_depth=0
[1;36mdebug: [0mparser: clone_var_type fallback: class_name=(null) array_size=0 array_depth=0
[1;36mdebug: [0mparser: clone_var_type fallback: class_name=(null) array_size=0 array_depth=0
[1;36mdebug: [0mparser: clone_var_type fallback: class_name=(null) array_size=1 array_depth=0
[1;36mdebug: [0mparser: clone_var_type fallback: class_name=(null) array_size=0 array_depth=0
[1;36mdebug: [0mparser: clone_var_type fallback: class_name=(null) array_size=0 array_depth=0
[1;36mdebug: [0mparser: clone_var_type fallback: class_name=(null) array_size=0 array_depth=0
[1;36mdebug: [0mparser: clone_var_type fallback: class_name=(null) array_size=1 array_depth=0
[1;36mdebug: [0mparser: clone_var_type fallback: class_name=(null) array_size=0 array_depth=0
[1;36mdebug: [0mparser: clone_var_type fallback: class_name=(null) array_size=0 array_depth=0
[1;36mdebug: [0mparser: clone_var_type fallback: class_name=(null) array_size=0 array_depth=0
[1;36mdebug: [0mparser: clone_var_type fallback: class_name=(null) array_size=1 array_depth=0
[1;36mdebug: [0mparser: clone_var_type fallback: class_name=(null) array_size=0 array_depth=0
[1;36mdebug: [0mparser: clone_var_type fallback: class_name=(null) array_size=0 array_depth=0
[1;36mdebug: [0mparser: clone_var_type fallback: class_name=(null) array_size=0 array_depth=0
[1;36mdebug: [0mparser: clone_var_type fallback: class_name=(null) array_size=1 array_depth=0
[1;36mdebug: [0mparser: clone_var_type fallback: class_name=(null) array_size=0 array_depth=0
[1;36mdebug: [0mparser: clone_var_type fallback: class_name=(null) array_size=0 array_depth=0
[1;36mdebug: [0mparser: clone_var_type fallback: class_name=(null) array_size=0 array_depth=0
[1;36mdebug: [0mparser: clone_var_type fallback: class_name=(null) array_size=1 array_depth=0
[1;36mdebug: [0mparser: clone_var_type fallback: class_name=(null) array_size=0 array_depth=0
[1;36mdebug: [0mparser: clone_var_type fallback: class_name=(null) array_size=0 array_depth=0
[1;36mdebug: [0mparser: clone_var_type fallback: class_name=(null) array_size=0 array_depth=0
[1;36mdebug: [0mparser: clone_var_type fallback: class_name=(null) array_size=0 array_depth=0
[1;36mdebug: [0mparser: clone_var_type fallback: class_name=(null) array_size=0 array_depth=0
[1;36mdebug: [0mparser: clone_var_type fallback: class_name=(null) array_size=0 array_depth=0
[1;36mdebug: [0mparser: clone_var_type fallback: class_name=(null) array_size=0 array_depth=0
[1;36mdebug: [0mparser: clone_var_type fallback: class_name=(null) array_size=0 array_depth=0
[1;36mdebug: [0mparser: clone_var_type fallback: class_name=(null) array_size=0 array_depth=0
[1;36mdebug: [0mparser: clone_var_type fallback: class_name=(null) array_size=0 array_depth=0
[1;36mdebug: [0mparser: clone_var_type fallback: class_name=(null) array_size=0 array_depth=0
[1;36mdebug: [0mparser: clone_var_type fallback: class_name=(null) array_size=0 array_depth=0
[1;36mdebug: [0mparser: clone_var_type fallback: class_name=(null) array_size=0 array_depth=0
[1;36mdebug: [0mparser: clone_var_type fallback: class_name=(null) array_size=0 array_depth=0
[1;36mdebug: [0mparser: clone_var_type fallback: class_name=(null) array_size=0 array_depth=0
[1;36mdebug: [0mparser: clone_var_type fallback: class_name=(null) array_size=0 array_depth=0
[1;36mdebug: [0mparser: clone_var_type fallback: class_name=(null) array_size=0 array_depth=0
[1;36mdebug: [0mparser: clone_var_type fallback: class_name=(null) array_size=0 array_depth=0
[1;36mdebug: [0mparser: clone_var_type fallback: class_name=(null) array_size=0 array_depth=0
[1;36mdebug: [0mparser: clone_var_type fallback: class_name=(null) array_size=0 array_depth=0
[1;36mdebug: [0mparser: clone_var_type fallback: class_name=(null) array_size=0 array_depth=0
[1;36mdebug: [0mparser: clone_var_type fallback: class_name=(null) array_size=0 array_depth=0
[1;36mdebug: [0mparser: clone_var_type fallback: class_name=(null) array_size=0 array_depth=0
[1;36mdebug: [0mparser: clone_var_type fallback: class_name=(null) array_size=0 array_depth=0
[1;36mdebug: [0mparser: clone_var_type fallback: class_name=(null) array_size=0 array_depth=0
[1;36mdebug: [0mparser: clone_var_type fallback: class_name=(null) array_size=0 array_depth=0
[1;36mdebug: [0mparser: clone_var_type fallback: class_name=(null) array_size=0 array_depth=0
[1;36mdebug: [0mparser: clone_var_type fallback: class_name=(null) array_size=0 array_depth=0
[1;36mdebug: [0mparser: clone_var_type fallback: class_name=(null) array_size=0 array_depth=0
[1;36mdebug: [0mparser: clone_var_type fallback: class_name=(null) array_size=0 array_depth=0
[1;36mdebug: [0mparser: clone_var_type fallback: class_name=(null) array_size=0 array_depth=0
[1;36mdebug: [0mparser: clone_var_type fallback: class_name=(null) array_size=0 array_depth=0
[1;36mdebug: [0mparser: clone_var_type fallback: class_name=(null) array_size=0 array_depth=0
[1;36mdebug: [0mparser: clone_var_type fallback: class_name=(null) array_size=0 array_depth=0
[1;36mdebug: [0mparser: clone_var_type fallback: class_name=(null) array_size=0 array_depth=0
[1;36mdebug: [0mparser: clone_var_type fallback: class_name=(null) array_size=0 array_depth=0
[1;36mdebug: [0mparser: clone_var_type fallback: class_name=(null) array_size=0 array_depth=0
[1;36mdebug: [0mparser: clone_var_type fallback: class_name=(null) array_size=0 array_depth=0
[1;36mdebug: [0mparser: clone_var_type fallback: class_name=(null) array_size=0 array_depth=0
[1;36mdebug: [0mparser: clone_var_type fallback: class_name=(null) array_size=0 array_depth=0
[1;36mdebug: [0mparser: clone_var_type fallback: class_name=(null) array_size=0 array_depth=0
[1;36mdebug: [0malir: macro: mangled='std.print', old_ns='main'
[1;36mdebug: [0malir: macro: setting ns to 'std'
[1;36mdebug: [0malir: macro: before sem_check_block, ns='std'
[1;36mdebug: [0msemantic: sem_check_block: ns='std'
[1;36mdebug: [0msemantic: sem_check_block: visiting node type=8
[1;36mdebug: [0msemantic: sem_check_expr: type=14 line=87 col=25 node=0x55d63382dc18
[1;36mdebug: [0msemantic: sem_check_expr: type=28 line=87 col=13 node=0x55d63382dcc0
[1;36mdebug: [0msemantic: sem_check_expr: type=28 line=87 col=28 node=0x55d63382dde0
[1;36mdebug: [0msemantic: sem_check_expr: type=14 line=89 col=32 node=0x55d63382e138
[1;36mdebug: [0msemantic: sem_check_expr: type=28 line=89 col=20 node=0x55d63382e1e0
[1;36mdebug: [0msemantic: sem_check_expr: type=28 line=89 col=35 node=0x55d63382e300
[1;36mdebug: [0msemantic: sem_check_expr: type=14 line=91 col=32 node=0x55d63382e658
[1;36mdebug: [0msemantic: sem_check_expr: type=28 line=91 col=20 node=0x55d63382e700
[1;36mdebug: [0msemantic: sem_check_expr: type=28 line=91 col=35 node=0x55d63382e820
[1;36mdebug: [0msemantic: sem_check_expr: type=14 line=93 col=32 node=0x55d63382eb78
[1;36mdebug: [0msemantic: sem_check_expr: type=28 line=93 col=20 node=0x55d63382ec20
[1;36mdebug: [0msemantic: sem_check_expr: type=28 line=93 col=35 node=0x55d63382ed40
[1;36mdebug: [0msemantic: sem_check_expr: type=14 line=95 col=32 node=0x55d63382f098
[1;36mdebug: [0msemantic: sem_check_expr: type=28 line=95 col=20 node=0x55d63382f140
[1;36mdebug: [0msemantic: sem_check_expr: type=28 line=95 col=35 node=0x55d63382f260
[1;36mdebug: [0msemantic: sem_check_expr: type=14 line=97 col=32 node=0x55d63382f5b8
[1;36mdebug: [0msemantic: sem_check_expr: type=28 line=97 col=20 node=0x55d63382f660
[1;36mdebug: [0msemantic: sem_check_expr: type=28 line=97 col=35 node=0x55d63382f780
[1;36mdebug: [0msemantic: sem_check_expr: type=14 line=99 col=32 node=0x55d63382fad8
[1;36mdebug: [0msemantic: sem_check_expr: type=28 line=99 col=20 node=0x55d63382fb80
[1;36mdebug: [0msemantic: sem_check_expr: type=28 line=99 col=35 node=0x55d63382fca0
[1;36mdebug: [0msemantic: sem_check_expr: type=14 line=105 col=32 node=0x55d633830538
[1;36mdebug: [0msemantic: sem_check_expr: type=28 line=105 col=20 node=0x55d6338305e0
[1;36mdebug: [0msemantic: sem_check_expr: type=28 line=105 col=35 node=0x55d633830700
[1;36mdebug: [0msemantic: sem_check_expr: type=14 line=107 col=32 node=0x55d633830c10
[1;36mdebug: [0msemantic: sem_check_expr: type=28 line=107 col=20 node=0x55d633830cb8
[1;36mdebug: [0msemantic: sem_check_expr: type=28 line=107 col=35 node=0x55d633830dd8
[1;36mdebug: [0msemantic: sem_check_expr: type=14 line=109 col=32 node=0x55d6338312e8
[1;36mdebug: [0msemantic: sem_check_expr: type=28 line=109 col=20 node=0x55d633831390
[1;36mdebug: [0msemantic: sem_check_expr: type=28 line=109 col=35 node=0x55d6338314b0
[1;36mdebug: [0msemantic: sem_check_expr: type=14 line=111 col=32 node=0x55d6338319c0
[1;36mdebug: [0msemantic: sem_check_expr: type=28 line=111 col=20 node=0x55d633831a68
[1;36mdebug: [0msemantic: sem_check_expr: type=28 line=111 col=35 node=0x55d633831b88
[1;36mdebug: [0msemantic: sem_check_expr: type=14 line=113 col=32 node=0x55d633832098
[1;36mdebug: [0msemantic: sem_check_expr: type=28 line=113 col=20 node=0x55d633832140
[1;36mdebug: [0msemantic: sem_check_expr: type=28 line=113 col=35 node=0x55d633832260
[1;36mdebug: [0msemantic: sem_check_expr: type=14 line=115 col=32 node=0x55d633832770
[1;36mdebug: [0msemantic: sem_check_expr: type=28 line=115 col=20 node=0x55d633832818
[1;36mdebug: [0msemantic: sem_check_expr: type=28 line=115 col=35 node=0x55d633832938
[1;36mdebug: [0msemantic: sem_check_expr: type=14 line=117 col=32 node=0x55d633832e48
[1;36mdebug: [0msemantic: sem_check_expr: type=28 line=117 col=20 node=0x55d633832ef0
[1;36mdebug: [0msemantic: sem_check_expr: type=28 line=117 col=35 node=0x55d633833010
[1;36mdebug: [0msemantic: sem_check_block: ns='std'
[1;36mdebug: [0msemantic: sem_check_block: visiting node type=27
[1;36mdebug: [0msemantic: sem_check_expr: type=27 line=10 col=35 node=0x55d6338330b0
[1;36mdebug: [0msemantic: sem_check_expr: type=13 line=10 col=28 node=0x55d633833148
[1;36mdebug: [0msemantic: sem_check_method_call: method='printf', obj_base=18, obj_class='__c_lib'
[1;36mdebug: [0msemantic: sem_check_expr: type=16 line=118 col=30 node=0x55d6338331c8
[1;36mdebug: [0msemantic: sem_check_expr: type=16 line=118 col=30 node=0x55d6338331c8
[1;36mdebug: [0malir: macro: after sem_check_block, ns='std'
[1;36mdebug: [0malir: func=main op=0 dest_kind=5 dest_type_base=18 op1_kind=0 op1_type_base=0
[1;36mdebug: [0malir: func=main op=2 dest_kind=0 dest_type_base=0 op1_kind=7 op1_type_base=1
[1;36mdebug: [0malir: func=main op=31 dest_kind=5 dest_type_base=1 op1_kind=4 op1_type_base=0
[1;36mdebug: [0malir: func=main op=29 dest_kind=0 dest_type_base=0 op1_kind=6 op1_type_base=0
[1;36mdebug: [0malir: GEN_CALL: name=hasError mangled=main_hasError_i32
[1;36mdebug: [0malir: Looking up 'main_hasError_i32'
[1;36mdebug: [0malir: Found symbol hasError, kind=1, is_macro=0, node_ptr=0x55d6337cf150
[1;36mdebug: [0malir: CALL_STD: name=hasError mangled=main_hasError_i32 target_type=13
[1;36mdebug: [0malir: GLOBAL VAR ADDR: hasError
[1;36mdebug: [0malir: TAINTED PTR: ctx->module=0x55d6338141f8 target_name=main_hasError_i32 count=1
[1;36mdebug: [0malir: func=main op=31 dest_kind=5 dest_type_base=10 op1_kind=9 op1_type_base=10
[1;36mdebug: [0malir: func=main op=0 dest_kind=5 dest_type_base=10 op1_kind=0 op1_type_base=0
[1;36mdebug: [0malir: func=main op=2 dest_kind=0 dest_type_base=0 op1_kind=5 op1_type_base=10
[1;36mdebug: [0malir: func=main op=4 dest_kind=5 dest_type_base=10 op1_kind=5 op1_type_base=10
[1;36mdebug: [0malir: func=main op=3 dest_kind=5 dest_type_base=10 op1_kind=5 op1_type_base=10
FALLBACK: left node type=13
FALLBACK: var_ref=v sym=0x55d63383a108
FALLBACK: sym->type.is_tainted=1
[1;36mdebug: [0malir: func=main op=3 dest_kind=5 dest_type_base=10 op1_kind=5 op1_type_base=10
FALLBACK: l overridden!
[1;36mdebug: [0malir: func=main op=34 dest_kind=5 dest_type_base=10 op1_kind=5 op1_type_base=10
[1;36mdebug: [0malir: func=main op=30 dest_kind=0 dest_type_base=0 op1_kind=5 op1_type_base=10
[1;36mdebug: [0malir: GEN_CALL: name=std.print mangled=std.print
[1;36mdebug: [0malir: Looking up 'std.print'
[1;36mdebug: [0malir: Found symbol print, kind=1, is_macro=1, node_ptr=0x55d633807568
[1;36mdebug: [0mparser: clone_var_type fallback: class_name=(null) array_size=0 array_depth=0
[1;36mdebug: [0mparser: clone_var_type fallback: class_name=(null) array_size=0 array_depth=0
[1;36mdebug: [0mparser: clone_var_type fallback: class_name=(null) array_size=0 array_depth=0
[1;36mdebug: [0mparser: clone_var_type fallback: class_name=(null) array_size=0 array_depth=0
[1;36mdebug: [0mparser: clone_var_type fallback: class_name=(null) array_size=0 array_depth=0
[1;36mdebug: [0mparser: clone_var_type fallback: class_name=(null) array_size=0 array_depth=0
[1;36mdebug: [0mparser: clone_var_type fallback: class_name=(null) array_size=0 array_depth=0
[1;36mdebug: [0mparser: clone_var_type fallback: class_name=(null) array_size=0 array_depth=0
[1;36mdebug: [0mparser: clone_var_type fallback: class_name=(null) array_size=0 array_depth=0
[1;36mdebug: [0mparser: clone_var_type fallback: class_name=(null) array_size=0 array_depth=0
[1;36mdebug: [0mparser: clone_var_type fallback: class_name=(null) array_size=0 array_depth=0
[1;36mdebug: [0mparser: clone_var_type fallback: class_name=(null) array_size=0 array_depth=0
[1;36mdebug: [0mparser: clone_var_type fallback: class_name=(null) array_size=0 array_depth=0
[1;36mdebug: [0mparser: clone_var_type fallback: class_name=(null) array_size=0 array_depth=0
[1;36mdebug: [0mparser: clone_var_type fallback: class_name=(null) array_size=0 array_depth=0
[1;36mdebug: [0mparser: clone_var_type fallback: class_name=(null) array_size=0 array_depth=0
[1;36mdebug: [0mparser: clone_var_type fallback: class_name=(null) array_size=0 array_depth=0
[1;36mdebug: [0mparser: clone_var_type fallback: class_name=(null) array_size=0 array_depth=0
[1;36mdebug: [0mparser: clone_var_type fallback: class_name=(null) array_size=0 array_depth=0
[1;36mdebug: [0mparser: clone_var_type fallback: class_name=(null) array_size=0 array_depth=0
[1;36mdebug: [0mparser: clone_var_type fallback: class_name=(null) array_size=0 array_depth=0
[1;36mdebug: [0mparser: clone_var_type fallback: class_name=(null) array_size=0 array_depth=0
[1;36mdebug: [0mparser: clone_var_type fallback: class_name=(null) array_size=0 array_depth=0
[1;36mdebug: [0mparser: clone_var_type fallback: class_name=(null) array_size=0 array_depth=0
[1;36mdebug: [0mparser: clone_var_type fallback: class_name=(null) array_size=0 array_depth=0
[1;36mdebug: [0mparser: clone_var_type fallback: class_name=(null) array_size=1 array_depth=0
[1;36mdebug: [0mparser: clone_var_type fallback: class_name=(null) array_size=0 array_depth=0
[1;36mdebug: [0mparser: clone_var_type fallback: class_name=(null) array_size=0 array_depth=0
[1;36mdebug: [0mparser: clone_var_type fallback: class_name=(null) array_size=0 array_depth=0
[1;36mdebug: [0mparser: clone_var_type fallback: class_name=(null) array_size=1 array_depth=0
[1;36mdebug: [0mparser: clone_var_type fallback: class_name=(null) array_size=0 array_depth=0
[1;36mdebug: [0mparser: clone_var_type fallback: class_name=(null) array_size=0 array_depth=0
[1;36mdebug: [0mparser: clone_var_type fallback: class_name=(null) array_size=0 array_depth=0
[1;36mdebug: [0mparser: clone_var_type fallback: class_name=(null) array_size=1 array_depth=0
[1;36mdebug: [0mparser: clone_var_type fallback: class_name=(null) array_size=0 array_depth=0
[1;36mdebug: [0mparser: clone_var_type fallback: class_name=(null) array_size=0 array_depth=0
[1;36mdebug: [0mparser: clone_var_type fallback: class_name=(null) array_size=0 array_depth=0
[1;36mdebug: [0mparser: clone_var_type fallback: class_name=(null) array_size=1 array_depth=0
[1;36mdebug: [0mparser: clone_var_type fallback: class_name=(null) array_size=0 array_depth=0
[1;36mdebug: [0mparser: clone_var_type fallback: class_name=(null) array_size=0 array_depth=0
[1;36mdebug: [0mparser: clone_var_type fallback: class_name=(null) array_size=0 array_depth=0
[1;36mdebug: [0mparser: clone_var_type fallback: class_name=(null) array_size=1 array_depth=0
[1;36mdebug: [0mparser: clone_var_type fallback: class_name=(null) array_size=0 array_depth=0
[1;36mdebug: [0mparser: clone_var_type fallback: class_name=(null) array_size=0 array_depth=0
[1;36mdebug: [0mparser: clone_var_type fallback: class_name=(null) array_size=0 array_depth=0
[1;36mdebug: [0mparser: clone_var_type fallback: class_name=(null) array_size=1 array_depth=0
[1;36mdebug: [0mparser: clone_var_type fallback: class_name=(null) array_size=0 array_depth=0
[1;36mdebug: [0mparser: clone_var_type fallback: class_name=(null) array_size=0 array_depth=0
[1;36mdebug: [0mparser: clone_var_type fallback: class_name=(null) array_size=0 array_depth=0
[1;36mdebug: [0mparser: clone_var_type fallback: class_name=(null) array_size=0 array_depth=0
[1;36mdebug: [0mparser: clone_var_type fallback: class_name=(null) array_size=0 array_depth=0
[1;36mdebug: [0mparser: clone_var_type fallback: class_name=(null) array_size=0 array_depth=0
[1;36mdebug: [0mparser: clone_var_type fallback: class_name=(null) array_size=0 array_depth=0
[1;36mdebug: [0mparser: clone_var_type fallback: class_name=(null) array_size=0 array_depth=0
[1;36mdebug: [0mparser: clone_var_type fallback: class_name=(null) array_size=0 array_depth=0
[1;36mdebug: [0mparser: clone_var_type fallback: class_name=(null) array_size=0 array_depth=0
[1;36mdebug: [0mparser: clone_var_type fallback: class_name=(null) array_size=0 array_depth=0
[1;36mdebug: [0mparser: clone_var_type fallback: class_name=(null) array_size=0 array_depth=0
[1;36mdebug: [0mparser: clone_var_type fallback: class_name=(null) array_size=0 array_depth=0
[1;36mdebug: [0mparser: clone_var_type fallback: class_name=(null) array_size=0 array_depth=0
[1;36mdebug: [0mparser: clone_var_type fallback: class_name=(null) array_size=0 array_depth=0
[1;36mdebug: [0mparser: clone_var_type fallback: class_name=(null) array_size=0 array_depth=0
[1;36mdebug: [0mparser: clone_var_type fallback: class_name=(null) array_size=0 array_depth=0
[1;36mdebug: [0mparser: clone_var_type fallback: class_name=(null) array_size=0 array_depth=0
[1;36mdebug: [0mparser: clone_var_type fallback: class_name=(null) array_size=0 array_depth=0
[1;36mdebug: [0mparser: clone_var_type fallback: class_name=(null) array_size=0 array_depth=0
[1;36mdebug: [0mparser: clone_var_type fallback: class_name=(null) array_size=0 array_depth=0
[1;36mdebug: [0mparser: clone_var_type fallback: class_name=(null) array_size=0 array_depth=0
[1;36mdebug: [0mparser: clone_var_type fallback: class_name=(null) array_size=0 array_depth=0
[1;36mdebug: [0mparser: clone_var_type fallback: class_name=(null) array_size=0 array_depth=0
[1;36mdebug: [0mparser: clone_var_type fallback: class_name=(null) array_size=0 array_depth=0
[1;36mdebug: [0mparser: clone_var_type fallback: class_name=(null) array_size=0 array_depth=0
[1;36mdebug: [0mparser: clone_var_type fallback: class_name=(null) array_size=0 array_depth=0
[1;36mdebug: [0mparser: clone_var_type fallback: class_name=(null) array_size=0 array_depth=0
[1;36mdebug: [0mparser: clone_var_type fallback: class_name=(null) array_size=0 array_depth=0
[1;36mdebug: [0mparser: clone_var_type fallback: class_name=(null) array_size=0 array_depth=0
[1;36mdebug: [0mparser: clone_var_type fallback: class_name=(null) array_size=1 array_depth=0
[1;36mdebug: [0mparser: clone_var_type fallback: class_name=(null) array_size=0 array_depth=0
[1;36mdebug: [0mparser: clone_var_type fallback: class_name=(null) array_size=0 array_depth=0
[1;36mdebug: [0mparser: clone_var_type fallback: class_name=(null) array_size=0 array_depth=0
[1;36mdebug: [0mparser: clone_var_type fallback: class_name=(null) array_size=1 array_depth=0
[1;36mdebug: [0mparser: clone_var_type fallback: class_name=(null) array_size=0 array_depth=0
[1;36mdebug: [0mparser: clone_var_type fallback: class_name=(null) array_size=0 array_depth=0
[1;36mdebug: [0mparser: clone_var_type fallback: class_name=(null) array_size=0 array_depth=0
[1;36mdebug: [0mparser: clone_var_type fallback: class_name=(null) array_size=1 array_depth=0
[1;36mdebug: [0mparser: clone_var_type fallback: class_name=(null) array_size=0 array_depth=0
[1;36mdebug: [0mparser: clone_var_type fallback: class_name=(null) array_size=0 array_depth=0
[1;36mdebug: [0mparser: clone_var_type fallback: class_name=(null) array_size=0 array_depth=0
[1;36mdebug: [0mparser: clone_var_type fallback: class_name=(null) array_size=1 array_depth=0
[1;36mdebug: [0mparser: clone_var_type fallback: class_name=(null) array_size=0 array_depth=0
[1;36mdebug: [0mparser: clone_var_type fallback: class_name=(null) array_size=0 array_depth=0
[1;36mdebug: [0mparser: clone_var_type fallback: class_name=(null) array_size=0 array_depth=0
[1;36mdebug: [0mparser: clone_var_type fallback: class_name=(null) array_size=1 array_depth=0
[1;36mdebug: [0mparser: clone_var_type fallback: class_name=(null) array_size=0 array_depth=0
[1;36mdebug: [0mparser: clone_var_type fallback: class_name=(null) array_size=0 array_depth=0
[1;36mdebug: [0mparser: clone_var_type fallback: class_name=(null) array_size=0 array_depth=0
[1;36mdebug: [0mparser: clone_var_type fallback: class_name=(null) array_size=1 array_depth=0
[1;36mdebug: [0mparser: clone_var_type fallback: class_name=(null) array_size=0 array_depth=0
[1;36mdebug: [0mparser: clone_var_type fallback: class_name=(null) array_size=0 array_depth=0
[1;36mdebug: [0mparser: clone_var_type fallback: class_name=(null) array_size=0 array_depth=0
[1;36mdebug: [0mparser: clone_var_type fallback: class_name=(null) array_size=0 array_depth=0
[1;36mdebug: [0mparser: clone_var_type fallback: class_name=(null) array_size=0 array_depth=0
[1;36mdebug: [0mparser: clone_var_type fallback: class_name=(null) array_size=0 array_depth=0
[1;36mdebug: [0mparser: clone_var_type fallback: class_name=(null) array_size=0 array_depth=0
[1;36mdebug: [0mparser: clone_var_type fallback: class_name=(null) array_size=0 array_depth=0
[1;36mdebug: [0mparser: clone_var_type fallback: class_name=(null) array_size=0 array_depth=0
[1;36mdebug: [0mparser: clone_var_type fallback: class_name=(null) array_size=0 array_depth=0
[1;36mdebug: [0mparser: clone_var_type fallback: class_name=(null) array_size=0 array_depth=0
[1;36mdebug: [0mparser: clone_var_type fallback: class_name=(null) array_size=0 array_depth=0
[1;36mdebug: [0mparser: clone_var_type fallback: class_name=(null) array_size=0 array_depth=0
[1;36mdebug: [0mparser: clone_var_type fallback: class_name=(null) array_size=0 array_depth=0
[1;36mdebug: [0mparser: clone_var_type fallback: class_name=(null) array_size=0 array_depth=0
[1;36mdebug: [0mparser: clone_var_type fallback: class_name=(null) array_size=0 array_depth=0
[1;36mdebug: [0mparser: clone_var_type fallback: class_name=(null) array_size=0 array_depth=0
[1;36mdebug: [0mparser: clone_var_type fallback: class_name=(null) array_size=0 array_depth=0
[1;36mdebug: [0mparser: clone_var_type fallback: class_name=(null) array_size=0 array_depth=0
[1;36mdebug: [0mparser: clone_var_type fallback: class_name=(null) array_size=0 array_depth=0
[1;36mdebug: [0mparser: clone_var_type fallback: class_name=(null) array_size=0 array_depth=0
[1;36mdebug: [0mparser: clone_var_type fallback: class_name=(null) array_size=0 array_depth=0
[1;36mdebug: [0mparser: clone_var_type fallback: class_name=(null) array_size=0 array_depth=0
[1;36mdebug: [0mparser: clone_var_type fallback: class_name=(null) array_size=0 array_depth=0
[1;36mdebug: [0mparser: clone_var_type fallback: class_name=(null) array_size=0 array_depth=0
[1;36mdebug: [0mparser: clone_var_type fallback: class_name=(null) array_size=0 array_depth=0
[1;36mdebug: [0mparser: clone_var_type fallback: class_name=(null) array_size=0 array_depth=0
[1;36mdebug: [0mparser: clone_var_type fallback: class_name=(null) array_size=0 array_depth=0
[1;36mdebug: [0mparser: clone_var_type fallback: class_name=(null) array_size=0 array_depth=0
[1;36mdebug: [0mparser: clone_var_type fallback: class_name=(null) array_size=0 array_depth=0
[1;36mdebug: [0mparser: clone_var_type fallback: class_name=(null) array_size=0 array_depth=0
[1;36mdebug: [0mparser: clone_var_type fallback: class_name=(null) array_size=0 array_depth=0
[1;36mdebug: [0mparser: clone_var_type fallback: class_name=(null) array_size=0 array_depth=0
[1;36mdebug: [0mparser: clone_var_type fallback: class_name=(null) array_size=0 array_depth=0
[1;36mdebug: [0mparser: clone_var_type fallback: class_name=(null) array_size=0 array_depth=0
[1;36mdebug: [0mparser: clone_var_type fallback: class_name=(null) array_size=0 array_depth=0
[1;36mdebug: [0mparser: clone_var_type fallback: class_name=(null) array_size=0 array_depth=0
[1;36mdebug: [0mparser: clone_var_type fallback: class_name=(null) array_size=0 array_depth=0
[1;36mdebug: [0mparser: clone_var_type fallback: class_name=(null) array_size=0 array_depth=0
[1;36mdebug: [0mparser: clone_var_type fallback: class_name=(null) array_size=0 array_depth=0
[1;36mdebug: [0mparser: clone_var_type fallback: class_name=(null) array_size=0 array_depth=0
[1;36mdebug: [0malir: macro: mangled='std.print', old_ns='main'
[1;36mdebug: [0malir: macro: setting ns to 'std'
[1;36mdebug: [0malir: macro: before sem_check_block, ns='std'
[1;36mdebug: [0msemantic: sem_check_block: ns='std'
[1;36mdebug: [0msemantic: sem_check_block: visiting node type=8
[1;36mdebug: [0msemantic: sem_check_expr: type=14 line=87 col=25 node=0x55d63383fe78
[1;36mdebug: [0msemantic: sem_check_expr: type=28 line=87 col=13 node=0x55d63383ff20
[1;36mdebug: [0msemantic: sem_check_expr: type=28 line=87 col=28 node=0x55d633840040
[1;36mdebug: [0msemantic: sem_check_expr: type=14 line=89 col=32 node=0x55d633840458
[1;36mdebug: [0msemantic: sem_check_expr: type=28 line=89 col=20 node=0x55d633840500
[1;36mdebug: [0msemantic: sem_check_expr: type=28 line=89 col=35 node=0x55d633840620
[1;36mdebug: [0msemantic: sem_check_expr: type=14 line=91 col=32 node=0x55d633840978
[1;36mdebug: [0msemantic: sem_check_expr: type=28 line=91 col=20 node=0x55d633840a20
[1;36mdebug: [0msemantic: sem_check_expr: type=28 line=91 col=35 node=0x55d633840b40
[1;36mdebug: [0msemantic: sem_check_expr: type=14 line=93 col=32 node=0x55d633840e98
[1;36mdebug: [0msemantic: sem_check_expr: type=28 line=93 col=20 node=0x55d633840f40
[1;36mdebug: [0msemantic: sem_check_expr: type=28 line=93 col=35 node=0x55d633841060
[1;36mdebug: [0msemantic: sem_check_expr: type=14 line=95 col=32 node=0x55d6338413b8
[1;36mdebug: [0msemantic: sem_check_expr: type=28 line=95 col=20 node=0x55d633841460
[1;36mdebug: [0msemantic: sem_check_expr: type=28 line=95 col=35 node=0x55d633841580
[1;36mdebug: [0msemantic: sem_check_expr: type=14 line=97 col=32 node=0x55d6338418d8
[1;36mdebug: [0msemantic: sem_check_expr: type=28 line=97 col=20 node=0x55d633841980
[1;36mdebug: [0msemantic: sem_check_expr: type=28 line=97 col=35 node=0x55d633841aa0
[1;36mdebug: [0msemantic: sem_check_expr: type=14 line=99 col=32 node=0x55d633841df8
[1;36mdebug: [0msemantic: sem_check_expr: type=28 line=99 col=20 node=0x55d633841ea0
[1;36mdebug: [0msemantic: sem_check_expr: type=28 line=99 col=35 node=0x55d633841fc0
[1;36mdebug: [0msemantic: sem_check_expr: type=14 line=105 col=32 node=0x55d633842838
[1;36mdebug: [0msemantic: sem_check_expr: type=28 line=105 col=20 node=0x55d6338428e0
[1;36mdebug: [0msemantic: sem_check_expr: type=28 line=105 col=35 node=0x55d633842a00
[1;36mdebug: [0msemantic: sem_check_expr: type=14 line=107 col=32 node=0x55d633842f10
[1;36mdebug: [0msemantic: sem_check_expr: type=28 line=107 col=20 node=0x55d633842fb8
[1;36mdebug: [0msemantic: sem_check_expr: type=28 line=107 col=35 node=0x55d6338430d8
[1;36mdebug: [0msemantic: sem_check_expr: type=14 line=109 col=32 node=0x55d6338435e8
[1;36mdebug: [0msemantic: sem_check_expr: type=28 line=109 col=20 node=0x55d633843690
[1;36mdebug: [0msemantic: sem_check_expr: type=28 line=109 col=35 node=0x55d6338437b0
[1;36mdebug: [0msemantic: sem_check_expr: type=14 line=111 col=32 node=0x55d633843cc0
[1;36mdebug: [0msemantic: sem_check_expr: type=28 line=111 col=20 node=0x55d633843d68
[1;36mdebug: [0msemantic: sem_check_expr: type=28 line=111 col=35 node=0x55d633843e88
[1;36mdebug: [0msemantic: sem_check_expr: type=14 line=113 col=32 node=0x55d633844398
[1;36mdebug: [0msemantic: sem_check_expr: type=28 line=113 col=20 node=0x55d633844440
[1;36mdebug: [0msemantic: sem_check_expr: type=28 line=113 col=35 node=0x55d633844560
[1;36mdebug: [0msemantic: sem_check_expr: type=14 line=115 col=32 node=0x55d633844a70
[1;36mdebug: [0msemantic: sem_check_expr: type=28 line=115 col=20 node=0x55d633844b18
[1;36mdebug: [0msemantic: sem_check_expr: type=28 line=115 col=35 node=0x55d633844c38
[1;36mdebug: [0msemantic: sem_check_expr: type=14 line=117 col=32 node=0x55d633845148
[1;36mdebug: [0msemantic: sem_check_expr: type=28 line=117 col=20 node=0x55d6338451f0
[1;36mdebug: [0msemantic: sem_check_expr: type=28 line=117 col=35 node=0x55d633845310
[1;36mdebug: [0msemantic: sem_check_block: ns='std'
[1;36mdebug: [0msemantic: sem_check_block: visiting node type=27
[1;36mdebug: [0msemantic: sem_check_expr: type=27 line=10 col=35 node=0x55d6338453b0
[1;36mdebug: [0msemantic: sem_check_expr: type=13 line=10 col=28 node=0x55d633845448
[1;36mdebug: [0msemantic: sem_check_method_call: method='printf', obj_base=18, obj_class='__c_lib'
[1;36mdebug: [0msemantic: sem_check_expr: type=16 line=118 col=30 node=0x55d6338454c8
[1;36mdebug: [0msemantic: sem_check_expr: type=16 line=118 col=30 node=0x55d6338454c8
[1;36mdebug: [0malir: macro: after sem_check_block, ns='std'
[1;36mdebug: [0malir: func=main op=0 dest_kind=5 dest_type_base=18 op1_kind=0 op1_type_base=0
[1;36mdebug: [0malir: func=main op=2 dest_kind=0 dest_type_base=0 op1_kind=7 op1_type_base=1
[1;36mdebug: [0malir: func=main op=31 dest_kind=5 dest_type_base=1 op1_kind=4 op1_type_base=0
[1;36mdebug: [0malir: func=main op=29 dest_kind=0 dest_type_base=0 op1_kind=6 op1_type_base=0
[1;36mdebug: [0malir: GEN_CALL: name=hasError mangled=main_hasError_i32
[1;36mdebug: [0malir: Looking up 'main_hasError_i32'
[1;36mdebug: [0malir: Found symbol hasError, kind=1, is_macro=0, node_ptr=0x55d6337cf150
[1;36mdebug: [0malir: CALL_STD: name=hasError mangled=main_hasError_i32 target_type=13
[1;36mdebug: [0malir: GLOBAL VAR ADDR: hasError
[1;36mdebug: [0malir: TAINTED PTR: ctx->module=0x55d6338141f8 target_name=main_hasError_i32 count=1
[1;36mdebug: [0malir: func=main op=31 dest_kind=5 dest_type_base=10 op1_kind=9 op1_type_base=10
[1;36mdebug: [0malir: func=main op=0 dest_kind=5 dest_type_base=10 op1_kind=0 op1_type_base=0
[1;36mdebug: [0malir: func=main op=2 dest_kind=0 dest_type_base=0 op1_kind=5 op1_type_base=10
[1;36mdebug: [0malir: func=main op=4 dest_kind=5 dest_type_base=10 op1_kind=5 op1_type_base=10
[1;36mdebug: [0malir: func=main op=3 dest_kind=5 dest_type_base=10 op1_kind=5 op1_type_base=10
FALLBACK: left node type=13
FALLBACK: var_ref=t sym=0x55d63384c408
FALLBACK: sym->type.is_tainted=1
[1;36mdebug: [0malir: func=main op=3 dest_kind=5 dest_type_base=10 op1_kind=5 op1_type_base=10
FALLBACK: l overridden!
[1;36mdebug: [0malir: func=main op=34 dest_kind=5 dest_type_base=10 op1_kind=5 op1_type_base=10
FALLBACK: left node type=14
[1;36mdebug: [0malir: func=main op=34 dest_kind=5 dest_type_base=10 op1_kind=5 op1_type_base=10
[1;36mdebug: [0malir: func=main op=30 dest_kind=0 dest_type_base=0 op1_kind=5 op1_type_base=10
[1;36mdebug: [0malir: GEN_CALL: name=std.print mangled=std.print
[1;36mdebug: [0malir: Looking up 'std.print'
[1;36mdebug: [0malir: Found symbol print, kind=1, is_macro=1, node_ptr=0x55d633807568
[1;36mdebug: [0mparser: clone_var_type fallback: class_name=(null) array_size=0 array_depth=0
[1;36mdebug: [0mparser: clone_var_type fallback: class_name=(null) array_size=0 array_depth=0
[1;36mdebug: [0mparser: clone_var_type fallback: class_name=(null) array_size=0 array_depth=0
[1;36mdebug: [0mparser: clone_var_type fallback: class_name=(null) array_size=0 array_depth=0
[1;36mdebug: [0mparser: clone_var_type fallback: class_name=(null) array_size=0 array_depth=0
[1;36mdebug: [0mparser: clone_var_type fallback: class_name=(null) array_size=0 array_depth=0
[1;36mdebug: [0mparser: clone_var_type fallback: class_name=(null) array_size=0 array_depth=0
[1;36mdebug: [0mparser: clone_var_type fallback: class_name=(null) array_size=0 array_depth=0
[1;36mdebug: [0mparser: clone_var_type fallback: class_name=(null) array_size=0 array_depth=0
[1;36mdebug: [0mparser: clone_var_type fallback: class_name=(null) array_size=0 array_depth=0
[1;36mdebug: [0mparser: clone_var_type fallback: class_name=(null) array_size=0 array_depth=0
[1;36mdebug: [0mparser: clone_var_type fallback: class_name=(null) array_size=0 array_depth=0
[1;36mdebug: [0mparser: clone_var_type fallback: class_name=(null) array_size=0 array_depth=0
[1;36mdebug: [0mparser: clone_var_type fallback: class_name=(null) array_size=0 array_depth=0
[1;36mdebug: [0mparser: clone_var_type fallback: class_name=(null) array_size=0 array_depth=0
[1;36mdebug: [0mparser: clone_var_type fallback: class_name=(null) array_size=0 array_depth=0
[1;36mdebug: [0mparser: clone_var_type fallback: class_name=(null) array_size=0 array_depth=0
[1;36mdebug: [0mparser: clone_var_type fallback: class_name=(null) array_size=0 array_depth=0
[1;36mdebug: [0mparser: clone_var_type fallback: class_name=(null) array_size=0 array_depth=0
[1;36mdebug: [0mparser: clone_var_type fallback: class_name=(null) array_size=0 array_depth=0
[1;36mdebug: [0mparser: clone_var_type fallback: class_name=(null) array_size=0 array_depth=0
[1;36mdebug: [0mparser: clone_var_type fallback: class_name=(null) array_size=0 array_depth=0
[1;36mdebug: [0mparser: clone_var_type fallback: class_name=(null) array_size=0 array_depth=0
[1;36mdebug: [0mparser: clone_var_type fallback: class_name=(null) array_size=0 array_depth=0
[1;36mdebug: [0mparser: clone_var_type fallback: class_name=(null) array_size=0 array_depth=0
[1;36mdebug: [0mparser: clone_var_type fallback: class_name=(null) array_size=1 array_depth=0
[1;36mdebug: [0mparser: clone_var_type fallback: class_name=(null) array_size=0 array_depth=0
[1;36mdebug: [0mparser: clone_var_type fallback: class_name=(null) array_size=0 array_depth=0
[1;36mdebug: [0mparser: clone_var_type fallback: class_name=(null) array_size=0 array_depth=0
[1;36mdebug: [0mparser: clone_var_type fallback: class_name=(null) array_size=1 array_depth=0
[1;36mdebug: [0mparser: clone_var_type fallback: class_name=(null) array_size=0 array_depth=0
[1;36mdebug: [0mparser: clone_var_type fallback: class_name=(null) array_size=0 array_depth=0
[1;36mdebug: [0mparser: clone_var_type fallback: class_name=(null) array_size=0 array_depth=0
[1;36mdebug: [0mparser: clone_var_type fallback: class_name=(null) array_size=1 array_depth=0
[1;36mdebug: [0mparser: clone_var_type fallback: class_name=(null) array_size=0 array_depth=0
[1;36mdebug: [0mparser: clone_var_type fallback: class_name=(null) array_size=0 array_depth=0
[1;36mdebug: [0mparser: clone_var_type fallback: class_name=(null) array_size=0 array_depth=0
[1;36mdebug: [0mparser: clone_var_type fallback: class_name=(null) array_size=1 array_depth=0
[1;36mdebug: [0mparser: clone_var_type fallback: class_name=(null) array_size=0 array_depth=0
[1;36mdebug: [0mparser: clone_var_type fallback: class_name=(null) array_size=0 array_depth=0
[1;36mdebug: [0mparser: clone_var_type fallback: class_name=(null) array_size=0 array_depth=0
[1;36mdebug: [0mparser: clone_var_type fallback: class_name=(null) array_size=1 array_depth=0
[1;36mdebug: [0mparser: clone_var_type fallback: class_name=(null) array_size=0 array_depth=0
[1;36mdebug: [0mparser: clone_var_type fallback: class_name=(null) array_size=0 array_depth=0
[1;36mdebug: [0mparser: clone_var_type fallback: class_name=(null) array_size=0 array_depth=0
[1;36mdebug: [0mparser: clone_var_type fallback: class_name=(null) array_size=1 array_depth=0
[1;36mdebug: [0mparser: clone_var_type fallback: class_name=(null) array_size=0 array_depth=0
[1;36mdebug: [0mparser: clone_var_type fallback: class_name=(null) array_size=0 array_depth=0
[1;36mdebug: [0mparser: clone_var_type fallback: class_name=(null) array_size=0 array_depth=0
[1;36mdebug: [0mparser: clone_var_type fallback: class_name=(null) array_size=0 array_depth=0
[1;36mdebug: [0mparser: clone_var_type fallback: class_name=(null) array_size=0 array_depth=0
[1;36mdebug: [0mparser: clone_var_type fallback: class_name=(null) array_size=0 array_depth=0
[1;36mdebug: [0mparser: clone_var_type fallback: class_name=(null) array_size=0 array_depth=0
[1;36mdebug: [0mparser: clone_var_type fallback: class_name=(null) array_size=0 array_depth=0
[1;36mdebug: [0mparser: clone_var_type fallback: class_name=(null) array_size=0 array_depth=0
[1;36mdebug: [0mparser: clone_var_type fallback: class_name=(null) array_size=0 array_depth=0
[1;36mdebug: [0mparser: clone_var_type fallback: class_name=(null) array_size=0 array_depth=0
[1;36mdebug: [0mparser: clone_var_type fallback: class_name=(null) array_size=0 array_depth=0
[1;36mdebug: [0mparser: clone_var_type fallback: class_name=(null) array_size=0 array_depth=0
[1;36mdebug: [0mparser: clone_var_type fallback: class_name=(null) array_size=0 array_depth=0
[1;36mdebug: [0mparser: clone_var_type fallback: class_name=(null) array_size=0 array_depth=0
[1;36mdebug: [0mparser: clone_var_type fallback: class_name=(null) array_size=0 array_depth=0
[1;36mdebug: [0mparser: clone_var_type fallback: class_name=(null) array_size=0 array_depth=0
[1;36mdebug: [0mparser: clone_var_type fallback: class_name=(null) array_size=0 array_depth=0
[1;36mdebug: [0mparser: clone_var_type fallback: class_name=(null) array_size=0 array_depth=0
[1;36mdebug: [0mparser: clone_var_type fallback: class_name=(null) array_size=0 array_depth=0
[1;36mdebug: [0mparser: clone_var_type fallback: class_name=(null) array_size=0 array_depth=0
[1;36mdebug: [0mparser: clone_var_type fallback: class_name=(null) array_size=0 array_depth=0
[1;36mdebug: [0mparser: clone_var_type fallback: class_name=(null) array_size=0 array_depth=0
[1;36mdebug: [0mparser: clone_var_type fallback: class_name=(null) array_size=0 array_depth=0
[1;36mdebug: [0mparser: clone_var_type fallback: class_name=(null) array_size=0 array_depth=0
[1;36mdebug: [0mparser: clone_var_type fallback: class_name=(null) array_size=0 array_depth=0
[1;36mdebug: [0mparser: clone_var_type fallback: class_name=(null) array_size=0 array_depth=0
[1;36mdebug: [0mparser: clone_var_type fallback: class_name=(null) array_size=0 array_depth=0
[1;36mdebug: [0mparser: clone_var_type fallback: class_name=(null) array_size=0 array_depth=0
[1;36mdebug: [0mparser: clone_var_type fallback: class_name=(null) array_size=0 array_depth=0
[1;36mdebug: [0mparser: clone_var_type fallback: class_name=(null) array_size=1 array_depth=0
[1;36mdebug: [0mparser: clone_var_type fallback: class_name=(null) array_size=0 array_depth=0
[1;36mdebug: [0mparser: clone_var_type fallback: class_name=(null) array_size=0 array_depth=0
[1;36mdebug: [0mparser: clone_var_type fallback: class_name=(null) array_size=0 array_depth=0
[1;36mdebug: [0mparser: clone_var_type fallback: class_name=(null) array_size=1 array_depth=0
[1;36mdebug: [0mparser: clone_var_type fallback: class_name=(null) array_size=0 array_depth=0
[1;36mdebug: [0mparser: clone_var_type fallback: class_name=(null) array_size=0 array_depth=0
[1;36mdebug: [0mparser: clone_var_type fallback: class_name=(null) array_size=0 array_depth=0
[1;36mdebug: [0mparser: clone_var_type fallback: class_name=(null) array_size=1 array_depth=0
[1;36mdebug: [0mparser: clone_var_type fallback: class_name=(null) array_size=0 array_depth=0
[1;36mdebug: [0mparser: clone_var_type fallback: class_name=(null) array_size=0 array_depth=0
[1;36mdebug: [0mparser: clone_var_type fallback: class_name=(null) array_size=0 array_depth=0
[1;36mdebug: [0mparser: clone_var_type fallback: class_name=(null) array_size=1 array_depth=0
[1;36mdebug: [0mparser: clone_var_type fallback: class_name=(null) array_size=0 array_depth=0
[1;36mdebug: [0mparser: clone_var_type fallback: class_name=(null) array_size=0 array_depth=0
[1;36mdebug: [0mparser: clone_var_type fallback: class_name=(null) array_size=0 array_depth=0
[1;36mdebug: [0mparser: clone_var_type fallback: class_name=(null) array_size=1 array_depth=0
[1;36mdebug: [0mparser: clone_var_type fallback: class_name=(null) array_size=0 array_depth=0
[1;36mdebug: [0mparser: clone_var_type fallback: class_name=(null) array_size=0 array_depth=0
[1;36mdebug: [0mparser: clone_var_type fallback: class_name=(null) array_size=0 array_depth=0
[1;36mdebug: [0mparser: clone_var_type fallback: class_name=(null) array_size=1 array_depth=0
[1;36mdebug: [0mparser: clone_var_type fallback: class_name=(null) array_size=0 array_depth=0
[1;36mdebug: [0mparser: clone_var_type fallback: class_name=(null) array_size=0 array_depth=0
[1;36mdebug: [0mparser: clone_var_type fallback: class_name=(null) array_size=0 array_depth=0
[1;36mdebug: [0mparser: clone_var_type fallback: class_name=(null) array_size=0 array_depth=0
[1;36mdebug: [0mparser: clone_var_type fallback: class_name=(null) array_size=0 array_depth=0
[1;36mdebug: [0mparser: clone_var_type fallback: class_name=(null) array_size=0 array_depth=0
[1;36mdebug: [0mparser: clone_var_type fallback: class_name=(null) array_size=0 array_depth=0
[1;36mdebug: [0mparser: clone_var_type fallback: class_name=(null) array_size=0 array_depth=0
[1;36mdebug: [0mparser: clone_var_type fallback: class_name=(null) array_size=0 array_depth=0
[1;36mdebug: [0mparser: clone_var_type fallback: class_name=(null) array_size=0 array_depth=0
[1;36mdebug: [0mparser: clone_var_type fallback: class_name=(null) array_size=0 array_depth=0
[1;36mdebug: [0mparser: clone_var_type fallback: class_name=(null) array_size=0 array_depth=0
[1;36mdebug: [0mparser: clone_var_type fallback: class_name=(null) array_size=0 array_depth=0
[1;36mdebug: [0mparser: clone_var_type fallback: class_name=(null) array_size=0 array_depth=0
[1;36mdebug: [0mparser: clone_var_type fallback: class_name=(null) array_size=0 array_depth=0
[1;36mdebug: [0mparser: clone_var_type fallback: class_name=(null) array_size=0 array_depth=0
[1;36mdebug: [0mparser: clone_var_type fallback: class_name=(null) array_size=0 array_depth=0
[1;36mdebug: [0mparser: clone_var_type fallback: class_name=(null) array_size=0 array_depth=0
[1;36mdebug: [0mparser: clone_var_type fallback: class_name=(null) array_size=0 array_depth=0
[1;36mdebug: [0mparser: clone_var_type fallback: class_name=(null) array_size=0 array_depth=0
[1;36mdebug: [0mparser: clone_var_type fallback: class_name=(null) array_size=0 array_depth=0
[1;36mdebug: [0mparser: clone_var_type fallback: class_name=(null) array_size=0 array_depth=0
[1;36mdebug: [0mparser: clone_var_type fallback: class_name=(null) array_size=0 array_depth=0
[1;36mdebug: [0mparser: clone_var_type fallback: class_name=(null) array_size=0 array_depth=0
[1;36mdebug: [0mparser: clone_var_type fallback: class_name=(null) array_size=0 array_depth=0
[1;36mdebug: [0mparser: clone_var_type fallback: class_name=(null) array_size=0 array_depth=0
[1;36mdebug: [0mparser: clone_var_type fallback: class_name=(null) array_size=0 array_depth=0
[1;36mdebug: [0mparser: clone_var_type fallback: class_name=(null) array_size=0 array_depth=0
[1;36mdebug: [0mparser: clone_var_type fallback: class_name=(null) array_size=0 array_depth=0
[1;36mdebug: [0mparser: clone_var_type fallback: class_name=(null) array_size=0 array_depth=0
[1;36mdebug: [0mparser: clone_var_type fallback: class_name=(null) array_size=0 array_depth=0
[1;36mdebug: [0mparser: clone_var_type fallback: class_name=(null) array_size=0 array_depth=0
[1;36mdebug: [0mparser: clone_var_type fallback: class_name=(null) array_size=0 array_depth=0
[1;36mdebug: [0mparser: clone_var_type fallback: class_name=(null) array_size=0 array_depth=0
[1;36mdebug: [0mparser: clone_var_type fallback: class_name=(null) array_size=0 array_depth=0
[1;36mdebug: [0mparser: clone_var_type fallback: class_name=(null) array_size=0 array_depth=0
[1;36mdebug: [0mparser: clone_var_type fallback: class_name=(null) array_size=0 array_depth=0
[1;36mdebug: [0mparser: clone_var_type fallback: class_name=(null) array_size=0 array_depth=0
[1;36mdebug: [0mparser: clone_var_type fallback: class_name=(null) array_size=0 array_depth=0
[1;36mdebug: [0mparser: clone_var_type fallback: class_name=(null) array_size=0 array_depth=0
[1;36mdebug: [0mparser: clone_var_type fallback: class_name=(null) array_size=0 array_depth=0
[1;36mdebug: [0malir: macro: mangled='std.print', old_ns='main'
[1;36mdebug: [0malir: macro: setting ns to 'std'
[1;36mdebug: [0malir: macro: before sem_check_block, ns='std'
[1;36mdebug: [0msemantic: sem_check_block: ns='std'
[1;36mdebug: [0msemantic: sem_check_block: visiting node type=8
[1;36mdebug: [0msemantic: sem_check_expr: type=14 line=87 col=25 node=0x55d633852340
[1;36mdebug: [0msemantic: sem_check_expr: type=28 line=87 col=13 node=0x55d6338523e8
[1;36mdebug: [0msemantic: sem_check_expr: type=28 line=87 col=28 node=0x55d633852508
[1;36mdebug: [0msemantic: sem_check_expr: type=14 line=89 col=32 node=0x55d633852860
[1;36mdebug: [0msemantic: sem_check_expr: type=28 line=89 col=20 node=0x55d633852908
[1;36mdebug: [0msemantic: sem_check_expr: type=28 line=89 col=35 node=0x55d633852a28
[1;36mdebug: [0msemantic: sem_check_expr: type=14 line=91 col=32 node=0x55d633852d80
[1;36mdebug: [0msemantic: sem_check_expr: type=28 line=91 col=20 node=0x55d633852e28
[1;36mdebug: [0msemantic: sem_check_expr: type=28 line=91 col=35 node=0x55d633852f48
[1;36mdebug: [0msemantic: sem_check_expr: type=14 line=93 col=32 node=0x55d6338532a0
[1;36mdebug: [0msemantic: sem_check_expr: type=28 line=93 col=20 node=0x55d633853348
[1;36mdebug: [0msemantic: sem_check_expr: type=28 line=93 col=35 node=0x55d633853468
[1;36mdebug: [0msemantic: sem_check_expr: type=14 line=95 col=32 node=0x55d6338537c0
[1;36mdebug: [0msemantic: sem_check_expr: type=28 line=95 col=20 node=0x55d633853868
[1;36mdebug: [0msemantic: sem_check_expr: type=28 line=95 col=35 node=0x55d633853988
[1;36mdebug: [0msemantic: sem_check_expr: type=14 line=97 col=32 node=0x55d633853ce0
[1;36mdebug: [0msemantic: sem_check_expr: type=28 line=97 col=20 node=0x55d633853d88
[1;36mdebug: [0msemantic: sem_check_expr: type=28 line=97 col=35 node=0x55d633853ea8
[1;36mdebug: [0msemantic: sem_check_expr: type=14 line=99 col=32 node=0x55d633854200
[1;36mdebug: [0msemantic: sem_check_expr: type=28 line=99 col=20 node=0x55d6338542a8
[1;36mdebug: [0msemantic: sem_check_expr: type=28 line=99 col=35 node=0x55d6338543c8
[1;36mdebug: [0msemantic: sem_check_expr: type=14 line=105 col=32 node=0x55d633854c40
[1;36mdebug: [0msemantic: sem_check_expr: type=28 line=105 col=20 node=0x55d633854ce8
[1;36mdebug: [0msemantic: sem_check_expr: type=28 line=105 col=35 node=0x55d633854e08
[1;36mdebug: [0msemantic: sem_check_expr: type=14 line=107 col=32 node=0x55d633855318
[1;36mdebug: [0msemantic: sem_check_expr: type=28 line=107 col=20 node=0x55d6338553c0
[1;36mdebug: [0msemantic: sem_check_expr: type=28 line=107 col=35 node=0x55d6338554e0
[1;36mdebug: [0msemantic: sem_check_expr: type=14 line=109 col=32 node=0x55d6338559f0
[1;36mdebug: [0msemantic: sem_check_expr: type=28 line=109 col=20 node=0x55d633855a98
[1;36mdebug: [0msemantic: sem_check_expr: type=28 line=109 col=35 node=0x55d633855bb8
[1;36mdebug: [0msemantic: sem_check_expr: type=14 line=111 col=32 node=0x55d6338560c8
[1;36mdebug: [0msemantic: sem_check_expr: type=28 line=111 col=20 node=0x55d633856170
[1;36mdebug: [0msemantic: sem_check_expr: type=28 line=111 col=35 node=0x55d633856290
[1;36mdebug: [0msemantic: sem_check_expr: type=14 line=113 col=32 node=0x55d6338567a0
[1;36mdebug: [0msemantic: sem_check_expr: type=28 line=113 col=20 node=0x55d633856848
[1;36mdebug: [0msemantic: sem_check_expr: type=28 line=113 col=35 node=0x55d633856968
[1;36mdebug: [0msemantic: sem_check_expr: type=14 line=115 col=32 node=0x55d633856e78
[1;36mdebug: [0msemantic: sem_check_expr: type=28 line=115 col=20 node=0x55d633856f20
[1;36mdebug: [0msemantic: sem_check_expr: type=28 line=115 col=35 node=0x55d633857040
[1;36mdebug: [0msemantic: sem_check_expr: type=14 line=117 col=32 node=0x55d633857550
[1;36mdebug: [0msemantic: sem_check_expr: type=28 line=117 col=20 node=0x55d6338575f8
[1;36mdebug: [0msemantic: sem_check_expr: type=28 line=117 col=35 node=0x55d633857718
[1;36mdebug: [0msemantic: sem_check_block: ns='std'
[1;36mdebug: [0msemantic: sem_check_block: visiting node type=27
[1;36mdebug: [0msemantic: sem_check_expr: type=27 line=10 col=35 node=0x55d6338577b8
[1;36mdebug: [0msemantic: sem_check_expr: type=13 line=10 col=28 node=0x55d633857850
[1;36mdebug: [0msemantic: sem_check_method_call: method='printf', obj_base=18, obj_class='__c_lib'
[1;36mdebug: [0msemantic: sem_check_expr: type=16 line=118 col=30 node=0x55d6338578d0
[1;36mdebug: [0msemantic: sem_check_expr: type=16 line=118 col=30 node=0x55d6338578d0
[1;36mdebug: [0malir: macro: after sem_check_block, ns='std'
[1;36mdebug: [0malir: func=main op=0 dest_kind=5 dest_type_base=18 op1_kind=0 op1_type_base=0
[1;36mdebug: [0malir: func=main op=2 dest_kind=0 dest_type_base=0 op1_kind=7 op1_type_base=1
[1;36mdebug: [0malir: func=main op=31 dest_kind=5 dest_type_base=1 op1_kind=4 op1_type_base=0
[1;36mdebug: [0malir: func=main op=29 dest_kind=0 dest_type_base=0 op1_kind=6 op1_type_base=0
[1;36mdebug: [0malir: GEN_CALL: name=hasError mangled=main_hasError_i32
[1;36mdebug: [0malir: Looking up 'main_hasError_i32'
[1;36mdebug: [0malir: Found symbol hasError, kind=1, is_macro=0, node_ptr=0x55d6337cf150
[1;36mdebug: [0malir: CALL_STD: name=hasError mangled=main_hasError_i32 target_type=13
[1;36mdebug: [0malir: GLOBAL VAR ADDR: hasError
[1;36mdebug: [0malir: TAINTED PTR: ctx->module=0x55d6338141f8 target_name=main_hasError_i32 count=1
[1;36mdebug: [0malir: func=main op=31 dest_kind=5 dest_type_base=10 op1_kind=9 op1_type_base=10
[1;36mdebug: [0malir: func=main op=0 dest_kind=5 dest_type_base=10 op1_kind=0 op1_type_base=0
[1;36mdebug: [0malir: func=main op=2 dest_kind=0 dest_type_base=0 op1_kind=5 op1_type_base=10
[1;36mdebug: [0malir: func=main op=4 dest_kind=5 dest_type_base=10 op1_kind=5 op1_type_base=10
[1;36mdebug: [0malir: func=main op=3 dest_kind=5 dest_type_base=10 op1_kind=5 op1_type_base=10
FALLBACK: left node type=13
FALLBACK: var_ref=z sym=0x55d63385e7c0
FALLBACK: sym->type.is_tainted=1
[1;36mdebug: [0malir: func=main op=3 dest_kind=5 dest_type_base=10 op1_kind=5 op1_type_base=10
FALLBACK: l overridden!
[1;36mdebug: [0malir: func=main op=34 dest_kind=5 dest_type_base=10 op1_kind=5 op1_type_base=10
FALLBACK: left node type=14
[1;36mdebug: [0malir: func=main op=34 dest_kind=5 dest_type_base=10 op1_kind=5 op1_type_base=10
[1;36mdebug: [0malir: func=main op=30 dest_kind=0 dest_type_base=0 op1_kind=5 op1_type_base=10
[1;36mdebug: [0malir: GEN_CALL: name=std.print mangled=std.print
[1;36mdebug: [0malir: Looking up 'std.print'
[1;36mdebug: [0malir: Found symbol print, kind=1, is_macro=1, node_ptr=0x55d633807568
[1;36mdebug: [0mparser: clone_var_type fallback: class_name=(null) array_size=0 array_depth=0
[1;36mdebug: [0mparser: clone_var_type fallback: class_name=(null) array_size=0 array_depth=0
[1;36mdebug: [0mparser: clone_var_type fallback: class_name=(null) array_size=0 array_depth=0
[1;36mdebug: [0mparser: clone_var_type fallback: class_name=(null) array_size=0 array_depth=0
[1;36mdebug: [0mparser: clone_var_type fallback: class_name=(null) array_size=0 array_depth=0
[1;36mdebug: [0mparser: clone_var_type fallback: class_name=(null) array_size=0 array_depth=0
[1;36mdebug: [0mparser: clone_var_type fallback: class_name=(null) array_size=0 array_depth=0
[1;36mdebug: [0mparser: clone_var_type fallback: class_name=(null) array_size=0 array_depth=0
[1;36mdebug: [0mparser: clone_var_type fallback: class_name=(null) array_size=0 array_depth=0
[1;36mdebug: [0mparser: clone_var_type fallback: class_name=(null) array_size=0 array_depth=0
[1;36mdebug: [0mparser: clone_var_type fallback: class_name=(null) array_size=0 array_depth=0
[1;36mdebug: [0mparser: clone_var_type fallback: class_name=(null) array_size=0 array_depth=0
[1;36mdebug: [0mparser: clone_var_type fallback: class_name=(null) array_size=0 array_depth=0
[1;36mdebug: [0mparser: clone_var_type fallback: class_name=(null) array_size=0 array_depth=0
[1;36mdebug: [0mparser: clone_var_type fallback: class_name=(null) array_size=0 array_depth=0
[1;36mdebug: [0mparser: clone_var_type fallback: class_name=(null) array_size=0 array_depth=0
[1;36mdebug: [0mparser: clone_var_type fallback: class_name=(null) array_size=0 array_depth=0
[1;36mdebug: [0mparser: clone_var_type fallback: class_name=(null) array_size=0 array_depth=0
[1;36mdebug: [0mparser: clone_var_type fallback: class_name=(null) array_size=0 array_depth=0
[1;36mdebug: [0mparser: clone_var_type fallback: class_name=(null) array_size=0 array_depth=0
[1;36mdebug: [0mparser: clone_var_type fallback: class_name=(null) array_size=0 array_depth=0
[1;36mdebug: [0mparser: clone_var_type fallback: class_name=(null) array_size=0 array_depth=0
[1;36mdebug: [0mparser: clone_var_type fallback: class_name=(null) array_size=0 array_depth=0
[1;36mdebug: [0mparser: clone_var_type fallback: class_name=(null) array_size=0 array_depth=0
[1;36mdebug: [0mparser: clone_var_type fallback: class_name=(null) array_size=0 array_depth=0
[1;36mdebug: [0mparser: clone_var_type fallback: class_name=(null) array_size=1 array_depth=0
[1;36mdebug: [0mparser: clone_var_type fallback: class_name=(null) array_size=0 array_depth=0
[1;36mdebug: [0mparser: clone_var_type fallback: class_name=(null) array_size=0 array_depth=0
[1;36mdebug: [0mparser: clone_var_type fallback: class_name=(null) array_size=0 array_depth=0
[1;36mdebug: [0mparser: clone_var_type fallback: class_name=(null) array_size=1 array_depth=0
[1;36mdebug: [0mparser: clone_var_type fallback: class_name=(null) array_size=0 array_depth=0
[1;36mdebug: [0mparser: clone_var_type fallback: class_name=(null) array_size=0 array_depth=0
[1;36mdebug: [0mparser: clone_var_type fallback: class_name=(null) array_size=0 array_depth=0
[1;36mdebug: [0mparser: clone_var_type fallback: class_name=(null) array_size=1 array_depth=0
[1;36mdebug: [0mparser: clone_var_type fallback: class_name=(null) array_size=0 array_depth=0
[1;36mdebug: [0mparser: clone_var_type fallback: class_name=(null) array_size=0 array_depth=0
[1;36mdebug: [0mparser: clone_var_type fallback: class_name=(null) array_size=0 array_depth=0
[1;36mdebug: [0mparser: clone_var_type fallback: class_name=(null) array_size=1 array_depth=0
[1;36mdebug: [0mparser: clone_var_type fallback: class_name=(null) array_size=0 array_depth=0
[1;36mdebug: [0mparser: clone_var_type fallback: class_name=(null) array_size=0 array_depth=0
[1;36mdebug: [0mparser: clone_var_type fallback: class_name=(null) array_size=0 array_depth=0
[1;36mdebug: [0mparser: clone_var_type fallback: class_name=(null) array_size=1 array_depth=0
[1;36mdebug: [0mparser: clone_var_type fallback: class_name=(null) array_size=0 array_depth=0
[1;36mdebug: [0mparser: clone_var_type fallback: class_name=(null) array_size=0 array_depth=0
[1;36mdebug: [0mparser: clone_var_type fallback: class_name=(null) array_size=0 array_depth=0
[1;36mdebug: [0mparser: clone_var_type fallback: class_name=(null) array_size=1 array_depth=0
[1;36mdebug: [0mparser: clone_var_type fallback: class_name=(null) array_size=0 array_depth=0
[1;36mdebug: [0mparser: clone_var_type fallback: class_name=(null) array_size=0 array_depth=0
[1;36mdebug: [0mparser: clone_var_type fallback: class_name=(null) array_size=0 array_depth=0
[1;36mdebug: [0mparser: clone_var_type fallback: class_name=(null) array_size=0 array_depth=0
[1;36mdebug: [0mparser: clone_var_type fallback: class_name=(null) array_size=0 array_depth=0
[1;36mdebug: [0mparser: clone_var_type fallback: class_name=(null) array_size=0 array_depth=0
[1;36mdebug: [0mparser: clone_var_type fallback: class_name=(null) array_size=0 array_depth=0
[1;36mdebug: [0mparser: clone_var_type fallback: class_name=(null) array_size=0 array_depth=0
[1;36mdebug: [0mparser: clone_var_type fallback: class_name=(null) array_size=0 array_depth=0
[1;36mdebug: [0mparser: clone_var_type fallback: class_name=(null) array_size=0 array_depth=0
[1;36mdebug: [0mparser: clone_var_type fallback: class_name=(null) array_size=0 array_depth=0
[1;36mdebug: [0mparser: clone_var_type fallback: class_name=(null) array_size=0 array_depth=0
[1;36mdebug: [0mparser: clone_var_type fallback: class_name=(null) array_size=0 array_depth=0
[1;36mdebug: [0mparser: clone_var_type fallback: class_name=(null) array_size=0 array_depth=0
[1;36mdebug: [0mparser: clone_var_type fallback: class_name=(null) array_size=0 array_depth=0
[1;36mdebug: [0mparser: clone_var_type fallback: class_name=(null) array_size=0 array_depth=0
[1;36mdebug: [0mparser: clone_var_type fallback: class_name=(null) array_size=0 array_depth=0
[1;36mdebug: [0mparser: clone_var_type fallback: class_name=(null) array_size=0 array_depth=0
[1;36mdebug: [0mparser: clone_var_type fallback: class_name=(null) array_size=0 array_depth=0
[1;36mdebug: [0mparser: clone_var_type fallback: class_name=(null) array_size=0 array_depth=0
[1;36mdebug: [0mparser: clone_var_type fallback: class_name=(null) array_size=0 array_depth=0
[1;36mdebug: [0mparser: clone_var_type fallback: class_name=(null) array_size=0 array_depth=0
[1;36mdebug: [0mparser: clone_var_type fallback: class_name=(null) array_size=0 array_depth=0
[1;36mdebug: [0mparser: clone_var_type fallback: class_name=(null) array_size=0 array_depth=0
[1;36mdebug: [0mparser: clone_var_type fallback: class_name=(null) array_size=0 array_depth=0
[1;36mdebug: [0mparser: clone_var_type fallback: class_name=(null) array_size=0 array_depth=0
[1;36mdebug: [0mparser: clone_var_type fallback: class_name=(null) array_size=0 array_depth=0
[1;36mdebug: [0mparser: clone_var_type fallback: class_name=(null) array_size=0 array_depth=0
[1;36mdebug: [0mparser: clone_var_type fallback: class_name=(null) array_size=0 array_depth=0
[1;36mdebug: [0mparser: clone_var_type fallback: class_name=(null) array_size=0 array_depth=0
[1;36mdebug: [0mparser: clone_var_type fallback: class_name=(null) array_size=1 array_depth=0
[1;36mdebug: [0mparser: clone_var_type fallback: class_name=(null) array_size=0 array_depth=0
[1;36mdebug: [0mparser: clone_var_type fallback: class_name=(null) array_size=0 array_depth=0
[1;36mdebug: [0mparser: clone_var_type fallback: class_name=(null) array_size=0 array_depth=0
[1;36mdebug: [0mparser: clone_var_type fallback: class_name=(null) array_size=1 array_depth=0
[1;36mdebug: [0mparser: clone_var_type fallback: class_name=(null) array_size=0 array_depth=0
[1;36mdebug: [0mparser: clone_var_type fallback: class_name=(null) array_size=0 array_depth=0
[1;36mdebug: [0mparser: clone_var_type fallback: class_name=(null) array_size=0 array_depth=0
[1;36mdebug: [0mparser: clone_var_type fallback: class_name=(null) array_size=1 array_depth=0
[1;36mdebug: [0mparser: clone_var_type fallback: class_name=(null) array_size=0 array_depth=0
[1;36mdebug: [0mparser: clone_var_type fallback: class_name=(null) array_size=0 array_depth=0
[1;36mdebug: [0mparser: clone_var_type fallback: class_name=(null) array_size=0 array_depth=0
[1;36mdebug: [0mparser: clone_var_type fallback: class_name=(null) array_size=1 array_depth=0
[1;36mdebug: [0mparser: clone_var_type fallback: class_name=(null) array_size=0 array_depth=0
[1;36mdebug: [0mparser: clone_var_type fallback: class_name=(null) array_size=0 array_depth=0
[1;36mdebug: [0mparser: clone_var_type fallback: class_name=(null) array_size=0 array_depth=0
[1;36mdebug: [0mparser: clone_var_type fallback: class_name=(null) array_size=1 array_depth=0
[1;36mdebug: [0mparser: clone_var_type fallback: class_name=(null) array_size=0 array_depth=0
[1;36mdebug: [0mparser: clone_var_type fallback: class_name=(null) array_size=0 array_depth=0
[1;36mdebug: [0mparser: clone_var_type fallback: class_name=(null) array_size=0 array_depth=0
[1;36mdebug: [0mparser: clone_var_type fallback: class_name=(null) array_size=1 array_depth=0
[1;36mdebug: [0mparser: clone_var_type fallback: class_name=(null) array_size=0 array_depth=0
[1;36mdebug: [0mparser: clone_var_type fallback: class_name=(null) array_size=0 array_depth=0
[1;36mdebug: [0mparser: clone_var_type fallback: class_name=(null) array_size=0 array_depth=0
[1;36mdebug: [0mparser: clone_var_type fallback: class_name=(null) array_size=0 array_depth=0
[1;36mdebug: [0mparser: clone_var_type fallback: class_name=(null) array_size=0 array_depth=0
[1;36mdebug: [0mparser: clone_var_type fallback: class_name=(null) array_size=0 array_depth=0
[1;36mdebug: [0mparser: clone_var_type fallback: class_name=(null) array_size=0 array_depth=0
[1;36mdebug: [0mparser: clone_var_type fallback: class_name=(null) array_size=0 array_depth=0
[1;36mdebug: [0mparser: clone_var_type fallback: class_name=(null) array_size=0 array_depth=0
[1;36mdebug: [0mparser: clone_var_type fallback: class_name=(null) array_size=0 array_depth=0
[1;36mdebug: [0mparser: clone_var_type fallback: class_name=(null) array_size=0 array_depth=0
[1;36mdebug: [0mparser: clone_var_type fallback: class_name=(null) array_size=0 array_depth=0
[1;36mdebug: [0mparser: clone_var_type fallback: class_name=(null) array_size=0 array_depth=0
[1;36mdebug: [0mparser: clone_var_type fallback: class_name=(null) array_size=0 array_depth=0
[1;36mdebug: [0mparser: clone_var_type fallback: class_name=(null) array_size=0 array_depth=0
[1;36mdebug: [0mparser: clone_var_type fallback: class_name=(null) array_size=0 array_depth=0
[1;36mdebug: [0mparser: clone_var_type fallback: class_name=(null) array_size=0 array_depth=0
[1;36mdebug: [0mparser: clone_var_type fallback: class_name=(null) array_size=0 array_depth=0
[1;36mdebug: [0mparser: clone_var_type fallback: class_name=(null) array_size=0 array_depth=0
[1;36mdebug: [0mparser: clone_var_type fallback: class_name=(null) array_size=0 array_depth=0
[1;36mdebug: [0mparser: clone_var_type fallback: class_name=(null) array_size=0 array_depth=0
[1;36mdebug: [0mparser: clone_var_type fallback: class_name=(null) array_size=0 array_depth=0
[1;36mdebug: [0mparser: clone_var_type fallback: class_name=(null) array_size=0 array_depth=0
[1;36mdebug: [0mparser: clone_var_type fallback: class_name=(null) array_size=0 array_depth=0
[1;36mdebug: [0mparser: clone_var_type fallback: class_name=(null) array_size=0 array_depth=0
[1;36mdebug: [0mparser: clone_var_type fallback: class_name=(null) array_size=0 array_depth=0
[1;36mdebug: [0mparser: clone_var_type fallback: class_name=(null) array_size=0 array_depth=0
[1;36mdebug: [0mparser: clone_var_type fallback: class_name=(null) array_size=0 array_depth=0
[1;36mdebug: [0mparser: clone_var_type fallback: class_name=(null) array_size=0 array_depth=0
[1;36mdebug: [0mparser: clone_var_type fallback: class_name=(null) array_size=0 array_depth=0
[1;36mdebug: [0mparser: clone_var_type fallback: class_name=(null) array_size=0 array_depth=0
[1;36mdebug: [0mparser: clone_var_type fallback: class_name=(null) array_size=0 array_depth=0
[1;36mdebug: [0mparser: clone_var_type fallback: class_name=(null) array_size=0 array_depth=0
[1;36mdebug: [0mparser: clone_var_type fallback: class_name=(null) array_size=0 array_depth=0
[1;36mdebug: [0mparser: clone_var_type fallback: class_name=(null) array_size=0 array_depth=0
[1;36mdebug: [0mparser: clone_var_type fallback: class_name=(null) array_size=0 array_depth=0
[1;36mdebug: [0mparser: clone_var_type fallback: class_name=(null) array_size=0 array_depth=0
[1;36mdebug: [0mparser: clone_var_type fallback: class_name=(null) array_size=0 array_depth=0
[1;36mdebug: [0mparser: clone_var_type fallback: class_name=(null) array_size=0 array_depth=0
[1;36mdebug: [0mparser: clone_var_type fallback: class_name=(null) array_size=0 array_depth=0
[1;36mdebug: [0mparser: clone_var_type fallback: class_name=(null) array_size=0 array_depth=0
[1;36mdebug: [0malir: macro: mangled='std.print', old_ns='main'
[1;36mdebug: [0malir: macro: setting ns to 'std'
[1;36mdebug: [0malir: macro: before sem_check_block, ns='std'
[1;36mdebug: [0msemantic: sem_check_block: ns='std'
[1;36mdebug: [0msemantic: sem_check_block: visiting node type=8
[1;36mdebug: [0msemantic: sem_check_expr: type=14 line=87 col=25 node=0x55d6338646b0
[1;36mdebug: [0msemantic: sem_check_expr: type=28 line=87 col=13 node=0x55d633864758
[1;36mdebug: [0msemantic: sem_check_expr: type=28 line=87 col=28 node=0x55d633864878
[1;36mdebug: [0msemantic: sem_check_expr: type=14 line=89 col=32 node=0x55d633864bd0
[1;36mdebug: [0msemantic: sem_check_expr: type=28 line=89 col=20 node=0x55d633864c78
[1;36mdebug: [0msemantic: sem_check_expr: type=28 line=89 col=35 node=0x55d633864d98
[1;36mdebug: [0msemantic: sem_check_expr: type=14 line=91 col=32 node=0x55d6338650f0
[1;36mdebug: [0msemantic: sem_check_expr: type=28 line=91 col=20 node=0x55d633865198
[1;36mdebug: [0msemantic: sem_check_expr: type=28 line=91 col=35 node=0x55d6338652b8
[1;36mdebug: [0msemantic: sem_check_expr: type=14 line=93 col=32 node=0x55d633865610
[1;36mdebug: [0msemantic: sem_check_expr: type=28 line=93 col=20 node=0x55d6338656b8
[1;36mdebug: [0msemantic: sem_check_expr: type=28 line=93 col=35 node=0x55d6338657d8
[1;36mdebug: [0msemantic: sem_check_expr: type=14 line=95 col=32 node=0x55d633865b30
[1;36mdebug: [0msemantic: sem_check_expr: type=28 line=95 col=20 node=0x55d633865bd8
[1;36mdebug: [0msemantic: sem_check_expr: type=28 line=95 col=35 node=0x55d633865cf8
[1;36mdebug: [0msemantic: sem_check_expr: type=14 line=97 col=32 node=0x55d633866050
[1;36mdebug: [0msemantic: sem_check_expr: type=28 line=97 col=20 node=0x55d6338660f8
[1;36mdebug: [0msemantic: sem_check_expr: type=28 line=97 col=35 node=0x55d633866218
[1;36mdebug: [0msemantic: sem_check_expr: type=14 line=99 col=32 node=0x55d633866570
[1;36mdebug: [0msemantic: sem_check_expr: type=28 line=99 col=20 node=0x55d633866618
[1;36mdebug: [0msemantic: sem_check_expr: type=28 line=99 col=35 node=0x55d633866738
[1;36mdebug: [0msemantic: sem_check_expr: type=14 line=105 col=32 node=0x55d633866fb0
[1;36mdebug: [0msemantic: sem_check_expr: type=28 line=105 col=20 node=0x55d633867058
[1;36mdebug: [0msemantic: sem_check_expr: type=28 line=105 col=35 node=0x55d633867178
[1;36mdebug: [0msemantic: sem_check_expr: type=14 line=107 col=32 node=0x55d633867688
[1;36mdebug: [0msemantic: sem_check_expr: type=28 line=107 col=20 node=0x55d633867730
[1;36mdebug: [0msemantic: sem_check_expr: type=28 line=107 col=35 node=0x55d633867850
[1;36mdebug: [0msemantic: sem_check_expr: type=14 line=109 col=32 node=0x55d633867d60
[1;36mdebug: [0msemantic: sem_check_expr: type=28 line=109 col=20 node=0x55d633867e08
[1;36mdebug: [0msemantic: sem_check_expr: type=28 line=109 col=35 node=0x55d633867f28
[1;36mdebug: [0msemantic: sem_check_expr: type=14 line=111 col=32 node=0x55d633868438
[1;36mdebug: [0msemantic: sem_check_expr: type=28 line=111 col=20 node=0x55d6338684e0
[1;36mdebug: [0msemantic: sem_check_expr: type=28 line=111 col=35 node=0x55d633868600
[1;36mdebug: [0msemantic: sem_check_expr: type=14 line=113 col=32 node=0x55d633868b10
[1;36mdebug: [0msemantic: sem_check_expr: type=28 line=113 col=20 node=0x55d633868bb8
[1;36mdebug: [0msemantic: sem_check_expr: type=28 line=113 col=35 node=0x55d633868cd8
[1;36mdebug: [0msemantic: sem_check_expr: type=14 line=115 col=32 node=0x55d6338691e8
[1;36mdebug: [0msemantic: sem_check_expr: type=28 line=115 col=20 node=0x55d633869290
[1;36mdebug: [0msemantic: sem_check_expr: type=28 line=115 col=35 node=0x55d6338693b0
[1;36mdebug: [0msemantic: sem_check_expr: type=14 line=117 col=32 node=0x55d6338698c0
[1;36mdebug: [0msemantic: sem_check_expr: type=28 line=117 col=20 node=0x55d633869968
[1;36mdebug: [0msemantic: sem_check_expr: type=28 line=117 col=35 node=0x55d633869a88
[1;36mdebug: [0msemantic: sem_check_block: ns='std'
[1;36mdebug: [0msemantic: sem_check_block: visiting node type=27
[1;36mdebug: [0msemantic: sem_check_expr: type=27 line=10 col=35 node=0x55d633869b28
[1;36mdebug: [0msemantic: sem_check_expr: type=13 line=10 col=28 node=0x55d633869bc0
[1;36mdebug: [0msemantic: sem_check_method_call: method='printf', obj_base=18, obj_class='__c_lib'
[1;36mdebug: [0msemantic: sem_check_expr: type=16 line=118 col=30 node=0x55d633869c40
[1;36mdebug: [0msemantic: sem_check_expr: type=16 line=118 col=30 node=0x55d633869c40
[1;36mdebug: [0malir: macro: after sem_check_block, ns='std'
[1;36mdebug: [0malir: func=main op=0 dest_kind=5 dest_type_base=18 op1_kind=0 op1_type_base=0
[1;36mdebug: [0malir: func=main op=2 dest_kind=0 dest_type_base=0 op1_kind=7 op1_type_base=1
[1;36mdebug: [0malir: func=main op=31 dest_kind=5 dest_type_base=1 op1_kind=4 op1_type_base=0
[1;36mdebug: [0malir: func=main op=29 dest_kind=0 dest_type_base=0 op1_kind=6 op1_type_base=0
[1;36mdebug: [0malir: func=main op=32 dest_kind=0 dest_type_base=0 op1_kind=7 op1_type_base=1
[1;36mstep: [0mFinished alir. Start alir check and analysis.
[1;36mstep: [0mFinished alir check and analysis. Start alir optimization.
[1;36mstep: [0mFinished alir optimization. Start code generation using LLVM codegen
