[1;36mstep: [0mFinished lexing. Start parsing.
[1;36mdebug: [0mparser: parse_postfix: before parse_call, node->type=13
[1;36mdebug: [0mparser: Created Call name=wl_display_create target_type=13 line=0 col=0 node=0x5654b0368b98 target=0x5654b0368b18
[1;36mdebug: [0mparser: parse_postfix: before parse_call, node->type=13
[1;36mdebug: [0mparser: Created Call name=wlr_backend_autocreate target_type=13 line=0 col=0 node=0x5654b03694f0 target=0x5654b03692a8
[1;36mdebug: [0mparser: parse_postfix: before parse_call, node->type=13
[1;36mdebug: [0mparser: Created Call name=wl_display_destroy target_type=13 line=0 col=0 node=0x5654b0369bb8 target=0x5654b0369a70
[1;36mdebug: [0mparser: parse_postfix: before parse_call, node->type=13
[1;36mdebug: [0mparser: Created Call name=wlr_renderer_autocreate target_type=13 line=0 col=0 node=0x5654b0369ee0 target=0x5654b0369de0
[1;36mdebug: [0mparser: parse_postfix: before parse_call, node->type=13
[1;36mdebug: [0mparser: Created Call name=wlr_backend_destroy target_type=13 line=0 col=0 node=0x5654b036a560 target=0x5654b036a460
[1;36mdebug: [0mparser: parse_postfix: before parse_call, node->type=13
[1;36mdebug: [0mparser: Created Call name=wl_display_destroy target_type=13 line=0 col=0 node=0x5654b036a6f8 target=0x5654b036a5f8
[1;36mdebug: [0mparser: parse_postfix: before parse_call, node->type=13
[1;36mdebug: [0mparser: Created Call name=wlr_renderer_init_wl_display target_type=13 line=0 col=0 node=0x5654b036aaa0 target=0x5654b036a920
[1;36mdebug: [0mparser: parse_postfix: before parse_call, node->type=13
[1;36mdebug: [0mparser: Created Call name=wlr_allocator_autocreate target_type=13 line=0 col=0 node=0x5654b036acb8 target=0x5654b036ab38
[1;36mdebug: [0mparser: parse_postfix: before parse_call, node->type=13
[1;36mdebug: [0mparser: Created Call name=wlr_backend_destroy target_type=13 line=0 col=0 node=0x5654b036b338 target=0x5654b036b238
[1;36mdebug: [0mparser: parse_postfix: before parse_call, node->type=13
[1;36mdebug: [0mparser: Created Call name=wl_display_destroy target_type=13 line=0 col=0 node=0x5654b036b4d0 target=0x5654b036b3d0
[1;36mdebug: [0mparser: parse_postfix: before parse_call, node->type=13
[1;36mdebug: [0mparser: Created Call name=wlr_compositor_create target_type=13 line=0 col=0 node=0x5654b036b918 target=0x5654b036b6f8
[1;36mdebug: [0mparser: parse_postfix: before parse_call, node->type=13
[1;36mdebug: [0mparser: Created Call name=wlr_data_device_manager_create target_type=13 line=0 col=0 node=0x5654b036bab0 target=0x5654b036b9b0
[1;36mdebug: [0mparser: parse_postfix: before parse_call, node->type=13
[1;36mdebug: [0mparser: Created Call name=wlr_output_layout_create target_type=13 line=0 col=0 node=0x5654b036bc48 target=0x5654b036bb48
[1;36mdebug: [0mparser: parse_postfix: before parse_call, node->type=13
[1;36mdebug: [0mparser: Created Call name=wlr_backend_start target_type=13 line=0 col=0 node=0x5654b036c058 target=0x5654b036bf58
[1;36mdebug: [0mparser: parse_postfix: before parse_call, node->type=13
[1;36mdebug: [0mparser: Created Call name=wlr_backend_destroy target_type=13 line=0 col=0 node=0x5654b036c4f0 target=0x5654b036c3f0
[1;36mdebug: [0mparser: parse_postfix: before parse_call, node->type=13
[1;36mdebug: [0mparser: Created Call name=wl_display_destroy target_type=13 line=0 col=0 node=0x5654b036c688 target=0x5654b036c588
[1;36mdebug: [0mparser: parse_postfix: before parse_call, node->type=13
[1;36mdebug: [0mparser: Created Call name=wl_display_run target_type=13 line=0 col=0 node=0x5654b036cb68 target=0x5654b036ca68
[1;36mdebug: [0mparser: parse_postfix: before parse_call, node->type=13
[1;36mdebug: [0mparser: Created Call name=wl_display_destroy_clients target_type=13 line=0 col=0 node=0x5654b036cd00 target=0x5654b036cc00
[1;36mdebug: [0mparser: parse_postfix: before parse_call, node->type=13
[1;36mdebug: [0mparser: Created Call name=wl_display_destroy target_type=13 line=0 col=0 node=0x5654b036ce98 target=0x5654b036cd98
DEBUG C_PARSER: LOOP START token=72
[1;36mdebug: [0mc_header: w_name=__bswap_16
[1;36mdebug: [0mc_header: w_name=__bswap_32
[1;36mdebug: [0mc_header: w_name=__bswap_64
[1;36mdebug: [0mc_header: w_name=__uint16_identity
[1;36mdebug: [0mc_header: w_name=__uint32_identity
[1;36mdebug: [0mc_header: w_name=__uint64_identity
DEBUG C_PARSER: LOOP START token=85
DEBUG C_PARSER: LOOP START token=1 line=425 text='__time_t'
DEBUG C_PARSER: LOOP START token=1 line=426 text='__suseconds_t'
DEBUG C_PARSER: LOOP START token=1 line=438 text='__time_t'
DEBUG C_PARSER: LOOP START token=1 line=443 text='__syscall_slong_t'
DEBUG C_PARSER: LOOP START token=1
[1;36mdebug: [0mc_header: w_name=select
[1;36mdebug: [0mc_header: w_name=pselect
DEBUG C_PARSER: LOOP START token=97
DEBUG C_PARSER: LOOP START token=81
DEBUG C_PARSER: LOOP START token=85
DEBUG C_PARSER: LOOP START token=85
DEBUG C_PARSER: LOOP START token=81
DEBUG C_PARSER: LOOP START token=81
DEBUG C_PARSER: LOOP START token=81
DEBUG C_PARSER: LOOP START token=72 line=556 text='int'
DEBUG C_PARSER: LOOP START token=85 line=557 text='unsigned'
DEBUG C_PARSER: LOOP START token=72 line=558 text='int'
DEBUG C_PARSER: LOOP START token=85 line=560 text='unsigned'
DEBUG C_PARSER: LOOP START token=72 line=564 text='int'
DEBUG C_PARSER: LOOP START token=77 line=566 text='short'
DEBUG C_PARSER: LOOP START token=77 line=567 text='short'
DEBUG C_PARSER: LOOP START token=1 line=568 text='__pthread_list_t'
DEBUG C_PARSER: LOOP START token=85 line=577 text='unsigned'
DEBUG C_PARSER: LOOP START token=85 line=578 text='unsigned'
DEBUG C_PARSER: LOOP START token=85 line=579 text='unsigned'
DEBUG C_PARSER: LOOP START token=85 line=580 text='unsigned'
DEBUG C_PARSER: LOOP START token=85 line=581 text='unsigned'
DEBUG C_PARSER: LOOP START token=85 line=582 text='unsigned'
DEBUG C_PARSER: LOOP START token=72 line=584 text='int'
DEBUG C_PARSER: LOOP START token=72 line=585 text='int'
DEBUG C_PARSER: LOOP START token=85 line=586 text='unsigned'
DEBUG C_PARSER: LOOP START token=85 line=587 text='unsigned'
DEBUG C_PARSER: LOOP START token=85 line=590 text='unsigned'
DEBUG C_PARSER: LOOP START token=1 line=600 text='__atomic_wide_counter'
DEBUG C_PARSER: LOOP START token=1 line=601 text='__atomic_wide_counter'
DEBUG C_PARSER: LOOP START token=85 line=602 text='unsigned'
DEBUG C_PARSER: LOOP START token=85 line=603 text='unsigned'
DEBUG C_PARSER: LOOP START token=85 line=604 text='unsigned'
DEBUG C_PARSER: LOOP START token=85 line=605 text='unsigned'
DEBUG C_PARSER: LOOP START token=85 line=606 text='unsigned'
DEBUG C_PARSER: LOOP START token=85 line=607 text='unsigned'
DEBUG C_PARSER: LOOP START token=72
DEBUG C_PARSER: LOOP START token=58
DEBUG C_PARSER: LOOP START token=72
DEBUG C_PARSER: LOOP START token=58
DEBUG C_PARSER: LOOP START token=72
DEBUG C_PARSER: LOOP START token=58 line=652 text='char'
DEBUG C_PARSER: LOOP START token=73 line=653 text='long'
DEBUG C_PARSER: LOOP START token=81
DEBUG C_PARSER: LOOP START token=58
DEBUG C_PARSER: LOOP START token=73
DEBUG C_PARSER: LOOP START token=81
DEBUG C_PARSER: LOOP START token=58
DEBUG C_PARSER: LOOP START token=97
DEBUG C_PARSER: LOOP START token=81
DEBUG C_PARSER: LOOP START token=58
DEBUG C_PARSER: LOOP START token=73
DEBUG C_PARSER: LOOP START token=58
DEBUG C_PARSER: LOOP START token=73
DEBUG C_PARSER: LOOP START token=58
DEBUG C_PARSER: LOOP START token=73
DEBUG C_PARSER: LOOP START token=58
DEBUG C_PARSER: LOOP START token=72
DEBUG C_PARSER: LOOP START token=1
DEBUG C_PARSER: LOOP START token=1
DEBUG C_PARSER: LOOP START token=1
DEBUG C_PARSER: LOOP START token=1
DEBUG C_PARSER: LOOP START token=1
[1;36mdebug: [0mc_header: w_name=__fpclassify
[1;36mdebug: [0mc_header: w_name=__signbit
[1;36mdebug: [0mc_header: w_name=__isinf
[1;36mdebug: [0mc_header: w_name=__finite
[1;36mdebug: [0mc_header: w_name=__isnan
[1;36mdebug: [0mc_header: w_name=__iseqsig
[1;36mdebug: [0mc_header: w_name=__issignaling
[1;36mdebug: [0mc_header: w_name=acos
[1;36mdebug: [0mc_header: w_name=__acos
[1;36mdebug: [0mc_header: w_name=asin
[1;36mdebug: [0mc_header: w_name=__asin
[1;36mdebug: [0mc_header: w_name=atan
[1;36mdebug: [0mc_header: w_name=__atan
[1;36mdebug: [0mc_header: w_name=atan2
[1;36mdebug: [0mc_header: w_name=__atan2
[1;36mdebug: [0mc_header: w_name=cos
[1;36mdebug: [0mc_header: w_name=__cos
[1;36mdebug: [0mc_header: w_name=sin
[1;36mdebug: [0mc_header: w_name=__sin
[1;36mdebug: [0mc_header: w_name=tan
[1;36mdebug: [0mc_header: w_name=__tan
[1;36mdebug: [0mc_header: w_name=acospi
[1;36mdebug: [0mc_header: w_name=__acospi
[1;36mdebug: [0mc_header: w_name=acospi
[1;36mdebug: [0mc_header: w_name=__acospi
[1;36mdebug: [0mc_header: w_name=asinpi
[1;36mdebug: [0mc_header: w_name=__asinpi
[1;36mdebug: [0mc_header: w_name=asinpi
[1;36mdebug: [0mc_header: w_name=__asinpi
[1;36mdebug: [0mc_header: w_name=atanpi
[1;36mdebug: [0mc_header: w_name=__atanpi
[1;36mdebug: [0mc_header: w_name=atanpi
[1;36mdebug: [0mc_header: w_name=__atanpi
[1;36mdebug: [0mc_header: w_name=atan2pi
[1;36mdebug: [0mc_header: w_name=__atan2pi
[1;36mdebug: [0mc_header: w_name=atan2pi
[1;36mdebug: [0mc_header: w_name=__atan2pi
[1;36mdebug: [0mc_header: w_name=cospi
[1;36mdebug: [0mc_header: w_name=__cospi
[1;36mdebug: [0mc_header: w_name=sinpi
[1;36mdebug: [0mc_header: w_name=__sinpi
[1;36mdebug: [0mc_header: w_name=tanpi
[1;36mdebug: [0mc_header: w_name=__tanpi
[1;36mdebug: [0mc_header: w_name=cosh
[1;36mdebug: [0mc_header: w_name=__cosh
[1;36mdebug: [0mc_header: w_name=sinh
[1;36mdebug: [0mc_header: w_name=__sinh
[1;36mdebug: [0mc_header: w_name=tanh
[1;36mdebug: [0mc_header: w_name=__tanh
[1;36mdebug: [0mc_header: w_name=acosh
[1;36mdebug: [0mc_header: w_name=__acosh
[1;36mdebug: [0mc_header: w_name=asinh
[1;36mdebug: [0mc_header: w_name=__asinh
[1;36mdebug: [0mc_header: w_name=atanh
[1;36mdebug: [0mc_header: w_name=__atanh
[1;36mdebug: [0mc_header: w_name=exp
[1;36mdebug: [0mc_header: w_name=__exp
[1;36mdebug: [0mc_header: w_name=frexp
[1;36mdebug: [0mc_header: w_name=__frexp
[1;36mdebug: [0mc_header: w_name=ldexp
[1;36mdebug: [0mc_header: w_name=__ldexp
[1;36mdebug: [0mc_header: w_name=log
[1;36mdebug: [0mc_header: w_name=__log
[1;36mdebug: [0mc_header: w_name=log10
[1;36mdebug: [0mc_header: w_name=__log10
[1;36mdebug: [0mc_header: w_name=modf
[1;36mdebug: [0mc_header: w_name=__modf
[1;36mdebug: [0mc_header: w_name=exp10
[1;36mdebug: [0mc_header: w_name=__exp10
[1;36mdebug: [0mc_header: w_name=exp2m1
[1;36mdebug: [0mc_header: w_name=__exp2m1
[1;36mdebug: [0mc_header: w_name=exp10m1
[1;36mdebug: [0mc_header: w_name=__exp10m1
[1;36mdebug: [0mc_header: w_name=log2p1
[1;36mdebug: [0mc_header: w_name=__log2p1
[1;36mdebug: [0mc_header: w_name=log10p1
[1;36mdebug: [0mc_header: w_name=__log10p1
[1;36mdebug: [0mc_header: w_name=logp1
[1;36mdebug: [0mc_header: w_name=__logp1
[1;36mdebug: [0mc_header: w_name=expm1
[1;36mdebug: [0mc_header: w_name=__expm1
[1;36mdebug: [0mc_header: w_name=log1p
[1;36mdebug: [0mc_header: w_name=__log1p
[1;36mdebug: [0mc_header: w_name=logb
[1;36mdebug: [0mc_header: w_name=__logb
[1;36mdebug: [0mc_header: w_name=exp2
[1;36mdebug: [0mc_header: w_name=__exp2
[1;36mdebug: [0mc_header: w_name=log2
[1;36mdebug: [0mc_header: w_name=__log2
[1;36mdebug: [0mc_header: w_name=pow
[1;36mdebug: [0mc_header: w_name=__pow
[1;36mdebug: [0mc_header: w_name=sqrt
[1;36mdebug: [0mc_header: w_name=__sqrt
[1;36mdebug: [0mc_header: w_name=hypot
[1;36mdebug: [0mc_header: w_name=__hypot
[1;36mdebug: [0mc_header: w_name=cbrt
[1;36mdebug: [0mc_header: w_name=__cbrt
[1;36mdebug: [0mc_header: w_name=compoundn
[1;36mdebug: [0mc_header: w_name=__compoundn
[1;36mdebug: [0mc_header: w_name=pown
[1;36mdebug: [0mc_header: w_name=__pown
[1;36mdebug: [0mc_header: w_name=powr
[1;36mdebug: [0mc_header: w_name=__powr
[1;36mdebug: [0mc_header: w_name=powr
[1;36mdebug: [0mc_header: w_name=__powr
[1;36mdebug: [0mc_header: w_name=rootn
[1;36mdebug: [0mc_header: w_name=__rootn
[1;36mdebug: [0mc_header: w_name=rsqrt
[1;36mdebug: [0mc_header: w_name=__rsqrt
[1;36mdebug: [0mc_header: w_name=ceil
[1;36mdebug: [0mc_header: w_name=fabs
[1;36mdebug: [0mc_header: w_name=floor
[1;36mdebug: [0mc_header: w_name=fmod
[1;36mdebug: [0mc_header: w_name=__fmod
[1;36mdebug: [0mc_header: w_name=isinf
[1;36mdebug: [0mc_header: w_name=finite
[1;36mdebug: [0mc_header: w_name=drem
[1;36mdebug: [0mc_header: w_name=__drem
[1;36mdebug: [0mc_header: w_name=significand
[1;36mdebug: [0mc_header: w_name=__significand
[1;36mdebug: [0mc_header: w_name=copysign
[1;36mdebug: [0mc_header: w_name=nan
[1;36mdebug: [0mc_header: w_name=__nan
[1;36mdebug: [0mc_header: w_name=isnan
[1;36mdebug: [0mc_header: w_name=j0
[1;36mdebug: [0mc_header: w_name=__j0
[1;36mdebug: [0mc_header: w_name=j1
[1;36mdebug: [0mc_header: w_name=__j1
[1;36mdebug: [0mc_header: w_name=jn
[1;36mdebug: [0mc_header: w_name=__jn
[1;36mdebug: [0mc_header: w_name=y0
[1;36mdebug: [0mc_header: w_name=__y0
[1;36mdebug: [0mc_header: w_name=y1
[1;36mdebug: [0mc_header: w_name=__y1
[1;36mdebug: [0mc_header: w_name=yn
[1;36mdebug: [0mc_header: w_name=__yn
[1;36mdebug: [0mc_header: w_name=erf
[1;36mdebug: [0mc_header: w_name=__erf
[1;36mdebug: [0mc_header: w_name=erfc
[1;36mdebug: [0mc_header: w_name=__erfc
[1;36mdebug: [0mc_header: w_name=lgamma
[1;36mdebug: [0mc_header: w_name=__lgamma
[1;36mdebug: [0mc_header: w_name=tgamma
[1;36mdebug: [0mc_header: w_name=__tgamma
[1;36mdebug: [0mc_header: w_name=gamma
[1;36mdebug: [0mc_header: w_name=__gamma
[1;36mdebug: [0mc_header: w_name=lgamma_r
[1;36mdebug: [0mc_header: w_name=__lgamma_r
[1;36mdebug: [0mc_header: w_name=rint
[1;36mdebug: [0mc_header: w_name=__rint
[1;36mdebug: [0mc_header: w_name=nextafter
[1;36mdebug: [0mc_header: w_name=__nextafter
[1;36mdebug: [0mc_header: w_name=nexttoward
[1;36mdebug: [0mc_header: w_name=__nexttoward
[1;36mdebug: [0mc_header: w_name=nextdown
[1;36mdebug: [0mc_header: w_name=__nextdown
[1;36mdebug: [0mc_header: w_name=nextup
[1;36mdebug: [0mc_header: w_name=__nextup
[1;36mdebug: [0mc_header: w_name=remainder
[1;36mdebug: [0mc_header: w_name=__remainder
[1;36mdebug: [0mc_header: w_name=scalbn
[1;36mdebug: [0mc_header: w_name=__scalbn
[1;36mdebug: [0mc_header: w_name=ilogb
[1;36mdebug: [0mc_header: w_name=__ilogb
[1;36mdebug: [0mc_header: w_name=llogb
[1;36mdebug: [0mc_header: w_name=__llogb
[1;36mdebug: [0mc_header: w_name=scalbln
[1;36mdebug: [0mc_header: w_name=__scalbln
[1;36mdebug: [0mc_header: w_name=nearbyint
[1;36mdebug: [0mc_header: w_name=__nearbyint
[1;36mdebug: [0mc_header: w_name=round
[1;36mdebug: [0mc_header: w_name=trunc
[1;36mdebug: [0mc_header: w_name=remquo
[1;36mdebug: [0mc_header: w_name=__remquo
[1;36mdebug: [0mc_header: w_name=lrint
[1;36mdebug: [0mc_header: w_name=__lrint
[1;36mdebug: [0mc_header: w_name=llrint
[1;36mdebug: [0mc_header: w_name=__llrint
[1;36mdebug: [0mc_header: w_name=lround
[1;36mdebug: [0mc_header: w_name=__lround
[1;36mdebug: [0mc_header: w_name=llround
[1;36mdebug: [0mc_header: w_name=__llround
[1;36mdebug: [0mc_header: w_name=fdim
[1;36mdebug: [0mc_header: w_name=__fdim
[1;36mdebug: [0mc_header: w_name=fmax
[1;36mdebug: [0mc_header: w_name=fmin
[1;36mdebug: [0mc_header: w_name=fma
[1;36mdebug: [0mc_header: w_name=__fma
[1;36mdebug: [0mc_header: w_name=roundeven
[1;36mdebug: [0mc_header: w_name=fromfp
[1;36mdebug: [0mc_header: w_name=__fromfp
[1;36mdebug: [0mc_header: w_name=ufromfp
[1;36mdebug: [0mc_header: w_name=__ufromfp
[1;36mdebug: [0mc_header: w_name=fromfpx
[1;36mdebug: [0mc_header: w_name=__fromfpx
[1;36mdebug: [0mc_header: w_name=ufromfpx
[1;36mdebug: [0mc_header: w_name=__ufromfpx
[1;36mdebug: [0mc_header: w_name=canonicalize
[1;36mdebug: [0mc_header: w_name=fmaximum
[1;36mdebug: [0mc_header: w_name=fminimum
[1;36mdebug: [0mc_header: w_name=fmaximum_num
[1;36mdebug: [0mc_header: w_name=fminimum_num
[1;36mdebug: [0mc_header: w_name=fmaximum_mag
[1;36mdebug: [0mc_header: w_name=fminimum_mag
[1;36mdebug: [0mc_header: w_name=fmaximum_mag_num
[1;36mdebug: [0mc_header: w_name=fminimum_mag_num
[1;36mdebug: [0mc_header: w_name=scalb
[1;36mdebug: [0mc_header: w_name=__scalb
[1;36mdebug: [0mc_header: w_name=__fpclassifyf
[1;36mdebug: [0mc_header: w_name=__signbitf
[1;36mdebug: [0mc_header: w_name=__isinff
[1;36mdebug: [0mc_header: w_name=__finitef
[1;36mdebug: [0mc_header: w_name=__isnanf
[1;36mdebug: [0mc_header: w_name=__iseqsigf
[1;36mdebug: [0mc_header: w_name=__issignalingf
[1;36mdebug: [0mc_header: w_name=acosf
[1;36mdebug: [0mc_header: w_name=__acosf
[1;36mdebug: [0mc_header: w_name=asinf
[1;36mdebug: [0mc_header: w_name=__asinf
[1;36mdebug: [0mc_header: w_name=atanf
[1;36mdebug: [0mc_header: w_name=__atanf
[1;36mdebug: [0mc_header: w_name=atan2f
[1;36mdebug: [0mc_header: w_name=__atan2f
[1;36mdebug: [0mc_header: w_name=cosf
[1;36mdebug: [0mc_header: w_name=__cosf
[1;36mdebug: [0mc_header: w_name=sinf
[1;36mdebug: [0mc_header: w_name=__sinf
[1;36mdebug: [0mc_header: w_name=tanf
[1;36mdebug: [0mc_header: w_name=__tanf
[1;36mdebug: [0mc_header: w_name=acospif
[1;36mdebug: [0mc_header: w_name=__acospif
[1;36mdebug: [0mc_header: w_name=acospif
[1;36mdebug: [0mc_header: w_name=__acospif
[1;36mdebug: [0mc_header: w_name=asinpif
[1;36mdebug: [0mc_header: w_name=__asinpif
[1;36mdebug: [0mc_header: w_name=asinpif
[1;36mdebug: [0mc_header: w_name=__asinpif
[1;36mdebug: [0mc_header: w_name=atanpif
[1;36mdebug: [0mc_header: w_name=__atanpif
[1;36mdebug: [0mc_header: w_name=atanpif
[1;36mdebug: [0mc_header: w_name=__atanpif
[1;36mdebug: [0mc_header: w_name=atan2pif
[1;36mdebug: [0mc_header: w_name=__atan2pif
[1;36mdebug: [0mc_header: w_name=atan2pif
[1;36mdebug: [0mc_header: w_name=__atan2pif
[1;36mdebug: [0mc_header: w_name=cospif
[1;36mdebug: [0mc_header: w_name=__cospif
[1;36mdebug: [0mc_header: w_name=sinpif
[1;36mdebug: [0mc_header: w_name=__sinpif
[1;36mdebug: [0mc_header: w_name=tanpif
[1;36mdebug: [0mc_header: w_name=__tanpif
[1;36mdebug: [0mc_header: w_name=coshf
[1;36mdebug: [0mc_header: w_name=__coshf
[1;36mdebug: [0mc_header: w_name=sinhf
[1;36mdebug: [0mc_header: w_name=__sinhf
[1;36mdebug: [0mc_header: w_name=tanhf
[1;36mdebug: [0mc_header: w_name=__tanhf
[1;36mdebug: [0mc_header: w_name=acoshf
[1;36mdebug: [0mc_header: w_name=__acoshf
[1;36mdebug: [0mc_header: w_name=asinhf
[1;36mdebug: [0mc_header: w_name=__asinhf
[1;36mdebug: [0mc_header: w_name=atanhf
[1;36mdebug: [0mc_header: w_name=__atanhf
[1;36mdebug: [0mc_header: w_name=expf
[1;36mdebug: [0mc_header: w_name=__expf
[1;36mdebug: [0mc_header: w_name=frexpf
[1;36mdebug: [0mc_header: w_name=__frexpf
[1;36mdebug: [0mc_header: w_name=ldexpf
[1;36mdebug: [0mc_header: w_name=__ldexpf
[1;36mdebug: [0mc_header: w_name=logf
[1;36mdebug: [0mc_header: w_name=__logf
[1;36mdebug: [0mc_header: w_name=log10f
[1;36mdebug: [0mc_header: w_name=__log10f
[1;36mdebug: [0mc_header: w_name=modff
[1;36mdebug: [0mc_header: w_name=__modff
[1;36mdebug: [0mc_header: w_name=exp10f
[1;36mdebug: [0mc_header: w_name=__exp10f
[1;36mdebug: [0mc_header: w_name=exp2m1f
[1;36mdebug: [0mc_header: w_name=__exp2m1f
[1;36mdebug: [0mc_header: w_name=exp10m1f
[1;36mdebug: [0mc_header: w_name=__exp10m1f
[1;36mdebug: [0mc_header: w_name=log2p1f
[1;36mdebug: [0mc_header: w_name=__log2p1f
[1;36mdebug: [0mc_header: w_name=log10p1f
[1;36mdebug: [0mc_header: w_name=__log10p1f
[1;36mdebug: [0mc_header: w_name=logp1f
[1;36mdebug: [0mc_header: w_name=__logp1f
[1;36mdebug: [0mc_header: w_name=expm1f
[1;36mdebug: [0mc_header: w_name=__expm1f
[1;36mdebug: [0mc_header: w_name=log1pf
[1;36mdebug: [0mc_header: w_name=__log1pf
[1;36mdebug: [0mc_header: w_name=logbf
[1;36mdebug: [0mc_header: w_name=__logbf
[1;36mdebug: [0mc_header: w_name=exp2f
[1;36mdebug: [0mc_header: w_name=__exp2f
[1;36mdebug: [0mc_header: w_name=log2f
[1;36mdebug: [0mc_header: w_name=__log2f
[1;36mdebug: [0mc_header: w_name=powf
[1;36mdebug: [0mc_header: w_name=__powf
[1;36mdebug: [0mc_header: w_name=sqrtf
[1;36mdebug: [0mc_header: w_name=__sqrtf
[1;36mdebug: [0mc_header: w_name=hypotf
[1;36mdebug: [0mc_header: w_name=__hypotf
[1;36mdebug: [0mc_header: w_name=cbrtf
[1;36mdebug: [0mc_header: w_name=__cbrtf
[1;36mdebug: [0mc_header: w_name=compoundnf
[1;36mdebug: [0mc_header: w_name=__compoundnf
[1;36mdebug: [0mc_header: w_name=pownf
[1;36mdebug: [0mc_header: w_name=__pownf
[1;36mdebug: [0mc_header: w_name=powrf
[1;36mdebug: [0mc_header: w_name=__powrf
[1;36mdebug: [0mc_header: w_name=powrf
[1;36mdebug: [0mc_header: w_name=__powrf
[1;36mdebug: [0mc_header: w_name=rootnf
[1;36mdebug: [0mc_header: w_name=__rootnf
[1;36mdebug: [0mc_header: w_name=rsqrtf
[1;36mdebug: [0mc_header: w_name=__rsqrtf
[1;36mdebug: [0mc_header: w_name=ceilf
[1;36mdebug: [0mc_header: w_name=fabsf
[1;36mdebug: [0mc_header: w_name=floorf
[1;36mdebug: [0mc_header: w_name=fmodf
[1;36mdebug: [0mc_header: w_name=__fmodf
[1;36mdebug: [0mc_header: w_name=isinff
[1;36mdebug: [0mc_header: w_name=finitef
[1;36mdebug: [0mc_header: w_name=dremf
[1;36mdebug: [0mc_header: w_name=__dremf
[1;36mdebug: [0mc_header: w_name=significandf
[1;36mdebug: [0mc_header: w_name=__significandf
[1;36mdebug: [0mc_header: w_name=copysignf
[1;36mdebug: [0mc_header: w_name=nanf
[1;36mdebug: [0mc_header: w_name=__nanf
[1;36mdebug: [0mc_header: w_name=isnanf
[1;36mdebug: [0mc_header: w_name=j0f
[1;36mdebug: [0mc_header: w_name=__j0f
[1;36mdebug: [0mc_header: w_name=j1f
[1;36mdebug: [0mc_header: w_name=__j1f
[1;36mdebug: [0mc_header: w_name=jnf
[1;36mdebug: [0mc_header: w_name=__jnf
[1;36mdebug: [0mc_header: w_name=y0f
[1;36mdebug: [0mc_header: w_name=__y0f
[1;36mdebug: [0mc_header: w_name=y1f
[1;36mdebug: [0mc_header: w_name=__y1f
[1;36mdebug: [0mc_header: w_name=ynf
[1;36mdebug: [0mc_header: w_name=__ynf
[1;36mdebug: [0mc_header: w_name=erff
[1;36mdebug: [0mc_header: w_name=__erff
[1;36mdebug: [0mc_header: w_name=erfcf
[1;36mdebug: [0mc_header: w_name=__erfcf
[1;36mdebug: [0mc_header: w_name=lgammaf
[1;36mdebug: [0mc_header: w_name=__lgammaf
[1;36mdebug: [0mc_header: w_name=tgammaf
[1;36mdebug: [0mc_header: w_name=__tgammaf
[1;36mdebug: [0mc_header: w_name=gammaf
[1;36mdebug: [0mc_header: w_name=__gammaf
[1;36mdebug: [0mc_header: w_name=lgammaf_r
[1;36mdebug: [0mc_header: w_name=__lgammaf_r
[1;36mdebug: [0mc_header: w_name=rintf
[1;36mdebug: [0mc_header: w_name=__rintf
[1;36mdebug: [0mc_header: w_name=nextafterf
[1;36mdebug: [0mc_header: w_name=__nextafterf
[1;36mdebug: [0mc_header: w_name=nexttowardf
[1;36mdebug: [0mc_header: w_name=__nexttowardf
[1;36mdebug: [0mc_header: w_name=nextdownf
[1;36mdebug: [0mc_header: w_name=__nextdownf
[1;36mdebug: [0mc_header: w_name=nextupf
[1;36mdebug: [0mc_header: w_name=__nextupf
[1;36mdebug: [0mc_header: w_name=remainderf
[1;36mdebug: [0mc_header: w_name=__remainderf
[1;36mdebug: [0mc_header: w_name=scalbnf
[1;36mdebug: [0mc_header: w_name=__scalbnf
[1;36mdebug: [0mc_header: w_name=ilogbf
[1;36mdebug: [0mc_header: w_name=__ilogbf
[1;36mdebug: [0mc_header: w_name=llogbf
[1;36mdebug: [0mc_header: w_name=__llogbf
[1;36mdebug: [0mc_header: w_name=scalblnf
[1;36mdebug: [0mc_header: w_name=__scalblnf
[1;36mdebug: [0mc_header: w_name=nearbyintf
[1;36mdebug: [0mc_header: w_name=__nearbyintf
[1;36mdebug: [0mc_header: w_name=roundf
[1;36mdebug: [0mc_header: w_name=truncf
[1;36mdebug: [0mc_header: w_name=remquof
[1;36mdebug: [0mc_header: w_name=__remquof
[1;36mdebug: [0mc_header: w_name=lrintf
[1;36mdebug: [0mc_header: w_name=__lrintf
[1;36mdebug: [0mc_header: w_name=llrintf
[1;36mdebug: [0mc_header: w_name=__llrintf
[1;36mdebug: [0mc_header: w_name=lroundf
[1;36mdebug: [0mc_header: w_name=__lroundf
[1;36mdebug: [0mc_header: w_name=llroundf
[1;36mdebug: [0mc_header: w_name=__llroundf
[1;36mdebug: [0mc_header: w_name=fdimf
[1;36mdebug: [0mc_header: w_name=__fdimf
[1;36mdebug: [0mc_header: w_name=fmaxf
[1;36mdebug: [0mc_header: w_name=fminf
[1;36mdebug: [0mc_header: w_name=fmaf
[1;36mdebug: [0mc_header: w_name=__fmaf
[1;36mdebug: [0mc_header: w_name=roundevenf
[1;36mdebug: [0mc_header: w_name=fromfpf
[1;36mdebug: [0mc_header: w_name=__fromfpf
[1;36mdebug: [0mc_header: w_name=ufromfpf
[1;36mdebug: [0mc_header: w_name=__ufromfpf
[1;36mdebug: [0mc_header: w_name=fromfpxf
[1;36mdebug: [0mc_header: w_name=__fromfpxf
[1;36mdebug: [0mc_header: w_name=ufromfpxf
[1;36mdebug: [0mc_header: w_name=__ufromfpxf
[1;36mdebug: [0mc_header: w_name=canonicalizef
[1;36mdebug: [0mc_header: w_name=fmaximumf
[1;36mdebug: [0mc_header: w_name=fminimumf
[1;36mdebug: [0mc_header: w_name=fmaximum_numf
[1;36mdebug: [0mc_header: w_name=fminimum_numf
[1;36mdebug: [0mc_header: w_name=fmaximum_magf
[1;36mdebug: [0mc_header: w_name=fminimum_magf
[1;36mdebug: [0mc_header: w_name=fmaximum_mag_numf
[1;36mdebug: [0mc_header: w_name=fminimum_mag_numf
[1;36mdebug: [0mc_header: w_name=scalbf
[1;36mdebug: [0mc_header: w_name=__scalbf
[1;36mdebug: [0mc_header: w_name=__fpclassifyl
[1;36mdebug: [0mc_header: w_name=__signbitl
[1;36mdebug: [0mc_header: w_name=__isinfl
[1;36mdebug: [0mc_header: w_name=__finitel
[1;36mdebug: [0mc_header: w_name=__isnanl
[1;36mdebug: [0mc_header: w_name=__iseqsigl
[1;36mdebug: [0mc_header: w_name=__issignalingl
[1;36mdebug: [0mc_header: w_name=acosl
[1;36mdebug: [0mc_header: w_name=__acosl
[1;36mdebug: [0mc_header: w_name=asinl
[1;36mdebug: [0mc_header: w_name=__asinl
[1;36mdebug: [0mc_header: w_name=atanl
[1;36mdebug: [0mc_header: w_name=__atanl
[1;36mdebug: [0mc_header: w_name=atan2l
[1;36mdebug: [0mc_header: w_name=__atan2l
[1;36mdebug: [0mc_header: w_name=cosl
[1;36mdebug: [0mc_header: w_name=__cosl
[1;36mdebug: [0mc_header: w_name=sinl
[1;36mdebug: [0mc_header: w_name=__sinl
[1;36mdebug: [0mc_header: w_name=tanl
[1;36mdebug: [0mc_header: w_name=__tanl
[1;36mdebug: [0mc_header: w_name=acospil
[1;36mdebug: [0mc_header: w_name=__acospil
[1;36mdebug: [0mc_header: w_name=acospil
[1;36mdebug: [0mc_header: w_name=__acospil
[1;36mdebug: [0mc_header: w_name=asinpil
[1;36mdebug: [0mc_header: w_name=__asinpil
[1;36mdebug: [0mc_header: w_name=asinpil
[1;36mdebug: [0mc_header: w_name=__asinpil
[1;36mdebug: [0mc_header: w_name=atanpil
[1;36mdebug: [0mc_header: w_name=__atanpil
[1;36mdebug: [0mc_header: w_name=atanpil
[1;36mdebug: [0mc_header: w_name=__atanpil
[1;36mdebug: [0mc_header: w_name=atan2pil
[1;36mdebug: [0mc_header: w_name=__atan2pil
[1;36mdebug: [0mc_header: w_name=atan2pil
[1;36mdebug: [0mc_header: w_name=__atan2pil
[1;36mdebug: [0mc_header: w_name=cospil
[1;36mdebug: [0mc_header: w_name=__cospil
[1;36mdebug: [0mc_header: w_name=sinpil
[1;36mdebug: [0mc_header: w_name=__sinpil
[1;36mdebug: [0mc_header: w_name=tanpil
[1;36mdebug: [0mc_header: w_name=__tanpil
[1;36mdebug: [0mc_header: w_name=coshl
[1;36mdebug: [0mc_header: w_name=__coshl
[1;36mdebug: [0mc_header: w_name=sinhl
[1;36mdebug: [0mc_header: w_name=__sinhl
[1;36mdebug: [0mc_header: w_name=tanhl
[1;36mdebug: [0mc_header: w_name=__tanhl
[1;36mdebug: [0mc_header: w_name=acoshl
[1;36mdebug: [0mc_header: w_name=__acoshl
[1;36mdebug: [0mc_header: w_name=asinhl
[1;36mdebug: [0mc_header: w_name=__asinhl
[1;36mdebug: [0mc_header: w_name=atanhl
[1;36mdebug: [0mc_header: w_name=__atanhl
[1;36mdebug: [0mc_header: w_name=expl
[1;36mdebug: [0mc_header: w_name=__expl
[1;36mdebug: [0mc_header: w_name=frexpl
[1;36mdebug: [0mc_header: w_name=__frexpl
[1;36mdebug: [0mc_header: w_name=ldexpl
[1;36mdebug: [0mc_header: w_name=__ldexpl
[1;36mdebug: [0mc_header: w_name=logl
[1;36mdebug: [0mc_header: w_name=__logl
[1;36mdebug: [0mc_header: w_name=log10l
[1;36mdebug: [0mc_header: w_name=__log10l
[1;36mdebug: [0mc_header: w_name=modfl
[1;36mdebug: [0mc_header: w_name=__modfl
[1;36mdebug: [0mc_header: w_name=exp10l
[1;36mdebug: [0mc_header: w_name=__exp10l
[1;36mdebug: [0mc_header: w_name=exp2m1l
[1;36mdebug: [0mc_header: w_name=__exp2m1l
[1;36mdebug: [0mc_header: w_name=exp10m1l
[1;36mdebug: [0mc_header: w_name=__exp10m1l
[1;36mdebug: [0mc_header: w_name=log2p1l
[1;36mdebug: [0mc_header: w_name=__log2p1l
[1;36mdebug: [0mc_header: w_name=log10p1l
[1;36mdebug: [0mc_header: w_name=__log10p1l
[1;36mdebug: [0mc_header: w_name=logp1l
[1;36mdebug: [0mc_header: w_name=__logp1l
[1;36mdebug: [0mc_header: w_name=expm1l
[1;36mdebug: [0mc_header: w_name=__expm1l
[1;36mdebug: [0mc_header: w_name=log1pl
[1;36mdebug: [0mc_header: w_name=__log1pl
[1;36mdebug: [0mc_header: w_name=logbl
[1;36mdebug: [0mc_header: w_name=__logbl
[1;36mdebug: [0mc_header: w_name=exp2l
[1;36mdebug: [0mc_header: w_name=__exp2l
[1;36mdebug: [0mc_header: w_name=log2l
[1;36mdebug: [0mc_header: w_name=__log2l
[1;36mdebug: [0mc_header: w_name=powl
[1;36mdebug: [0mc_header: w_name=__powl
[1;36mdebug: [0mc_header: w_name=sqrtl
[1;36mdebug: [0mc_header: w_name=__sqrtl
[1;36mdebug: [0mc_header: w_name=hypotl
[1;36mdebug: [0mc_header: w_name=__hypotl
[1;36mdebug: [0mc_header: w_name=cbrtl
[1;36mdebug: [0mc_header: w_name=__cbrtl
[1;36mdebug: [0mc_header: w_name=compoundnl
[1;36mdebug: [0mc_header: w_name=__compoundnl
[1;36mdebug: [0mc_header: w_name=pownl
[1;36mdebug: [0mc_header: w_name=__pownl
[1;36mdebug: [0mc_header: w_name=powrl
[1;36mdebug: [0mc_header: w_name=__powrl
[1;36mdebug: [0mc_header: w_name=powrl
[1;36mdebug: [0mc_header: w_name=__powrl
[1;36mdebug: [0mc_header: w_name=rootnl
[1;36mdebug: [0mc_header: w_name=__rootnl
[1;36mdebug: [0mc_header: w_name=rsqrtl
[1;36mdebug: [0mc_header: w_name=__rsqrtl
[1;36mdebug: [0mc_header: w_name=ceill
[1;36mdebug: [0mc_header: w_name=fabsl
[1;36mdebug: [0mc_header: w_name=floorl
[1;36mdebug: [0mc_header: w_name=fmodl
[1;36mdebug: [0mc_header: w_name=__fmodl
[1;36mdebug: [0mc_header: w_name=isinfl
[1;36mdebug: [0mc_header: w_name=finitel
[1;36mdebug: [0mc_header: w_name=dreml
[1;36mdebug: [0mc_header: w_name=__dreml
[1;36mdebug: [0mc_header: w_name=significandl
[1;36mdebug: [0mc_header: w_name=__significandl
[1;36mdebug: [0mc_header: w_name=copysignl
[1;36mdebug: [0mc_header: w_name=nanl
[1;36mdebug: [0mc_header: w_name=__nanl
[1;36mdebug: [0mc_header: w_name=isnanl
[1;36mdebug: [0mc_header: w_name=j0l
[1;36mdebug: [0mc_header: w_name=__j0l
[1;36mdebug: [0mc_header: w_name=j1l
[1;36mdebug: [0mc_header: w_name=__j1l
[1;36mdebug: [0mc_header: w_name=jnl
[1;36mdebug: [0mc_header: w_name=__jnl
[1;36mdebug: [0mc_header: w_name=y0l
[1;36mdebug: [0mc_header: w_name=__y0l
[1;36mdebug: [0mc_header: w_name=y1l
[1;36mdebug: [0mc_header: w_name=__y1l
[1;36mdebug: [0mc_header: w_name=ynl
[1;36mdebug: [0mc_header: w_name=__ynl
[1;36mdebug: [0mc_header: w_name=erfl
[1;36mdebug: [0mc_header: w_name=__erfl
[1;36mdebug: [0mc_header: w_name=erfcl
[1;36mdebug: [0mc_header: w_name=__erfcl
[1;36mdebug: [0mc_header: w_name=lgammal
[1;36mdebug: [0mc_header: w_name=__lgammal
[1;36mdebug: [0mc_header: w_name=tgammal
[1;36mdebug: [0mc_header: w_name=__tgammal
[1;36mdebug: [0mc_header: w_name=gammal
[1;36mdebug: [0mc_header: w_name=__gammal
[1;36mdebug: [0mc_header: w_name=lgammal_r
[1;36mdebug: [0mc_header: w_name=__lgammal_r
[1;36mdebug: [0mc_header: w_name=rintl
[1;36mdebug: [0mc_header: w_name=__rintl
[1;36mdebug: [0mc_header: w_name=nextafterl
[1;36mdebug: [0mc_header: w_name=__nextafterl
[1;36mdebug: [0mc_header: w_name=nexttowardl
[1;36mdebug: [0mc_header: w_name=__nexttowardl
[1;36mdebug: [0mc_header: w_name=nextdownl
[1;36mdebug: [0mc_header: w_name=__nextdownl
[1;36mdebug: [0mc_header: w_name=nextupl
[1;36mdebug: [0mc_header: w_name=__nextupl
[1;36mdebug: [0mc_header: w_name=remainderl
[1;36mdebug: [0mc_header: w_name=__remainderl
[1;36mdebug: [0mc_header: w_name=scalbnl
[1;36mdebug: [0mc_header: w_name=__scalbnl
[1;36mdebug: [0mc_header: w_name=ilogbl
[1;36mdebug: [0mc_header: w_name=__ilogbl
[1;36mdebug: [0mc_header: w_name=llogbl
[1;36mdebug: [0mc_header: w_name=__llogbl
[1;36mdebug: [0mc_header: w_name=scalblnl
[1;36mdebug: [0mc_header: w_name=__scalblnl
[1;36mdebug: [0mc_header: w_name=nearbyintl
[1;36mdebug: [0mc_header: w_name=__nearbyintl
[1;36mdebug: [0mc_header: w_name=roundl
[1;36mdebug: [0mc_header: w_name=truncl
[1;36mdebug: [0mc_header: w_name=remquol
[1;36mdebug: [0mc_header: w_name=__remquol
[1;36mdebug: [0mc_header: w_name=lrintl
[1;36mdebug: [0mc_header: w_name=__lrintl
[1;36mdebug: [0mc_header: w_name=llrintl
[1;36mdebug: [0mc_header: w_name=__llrintl
[1;36mdebug: [0mc_header: w_name=lroundl
[1;36mdebug: [0mc_header: w_name=__lroundl
[1;36mdebug: [0mc_header: w_name=llroundl
[1;36mdebug: [0mc_header: w_name=__llroundl
[1;36mdebug: [0mc_header: w_name=fdiml
[1;36mdebug: [0mc_header: w_name=__fdiml
[1;36mdebug: [0mc_header: w_name=fmaxl
[1;36mdebug: [0mc_header: w_name=fminl
[1;36mdebug: [0mc_header: w_name=fmal
[1;36mdebug: [0mc_header: w_name=__fmal
[1;36mdebug: [0mc_header: w_name=roundevenl
[1;36mdebug: [0mc_header: w_name=fromfpl
[1;36mdebug: [0mc_header: w_name=__fromfpl
[1;36mdebug: [0mc_header: w_name=ufromfpl
[1;36mdebug: [0mc_header: w_name=__ufromfpl
[1;36mdebug: [0mc_header: w_name=fromfpxl
[1;36mdebug: [0mc_header: w_name=__fromfpxl
[1;36mdebug: [0mc_header: w_name=ufromfpxl
[1;36mdebug: [0mc_header: w_name=__ufromfpxl
[1;36mdebug: [0mc_header: w_name=canonicalizel
[1;36mdebug: [0mc_header: w_name=fmaximuml
[1;36mdebug: [0mc_header: w_name=fminimuml
[1;36mdebug: [0mc_header: w_name=fmaximum_numl
[1;36mdebug: [0mc_header: w_name=fminimum_numl
[1;36mdebug: [0mc_header: w_name=fmaximum_magl
[1;36mdebug: [0mc_header: w_name=fminimum_magl
[1;36mdebug: [0mc_header: w_name=fmaximum_mag_numl
[1;36mdebug: [0mc_header: w_name=fminimum_mag_numl
[1;36mdebug: [0mc_header: w_name=scalbl
[1;36mdebug: [0mc_header: w_name=__scalbl
[1;36mdebug: [0mc_header: w_name=__fpclassifyf128
[1;36mdebug: [0mc_header: w_name=__signbitf128
[1;36mdebug: [0mc_header: w_name=__isinff128
[1;36mdebug: [0mc_header: w_name=__finitef128
[1;36mdebug: [0mc_header: w_name=__isnanf128
[1;36mdebug: [0mc_header: w_name=__iseqsigf128
[1;36mdebug: [0mc_header: w_name=__issignalingf128
[1;36mdebug: [0mc_header: w_name=fadd
[1;36mdebug: [0mc_header: w_name=fdiv
[1;36mdebug: [0mc_header: w_name=ffma
[1;36mdebug: [0mc_header: w_name=fmul
[1;36mdebug: [0mc_header: w_name=fsqrt
[1;36mdebug: [0mc_header: w_name=fsub
[1;36mdebug: [0mc_header: w_name=faddl
[1;36mdebug: [0mc_header: w_name=fdivl
[1;36mdebug: [0mc_header: w_name=ffmal
[1;36mdebug: [0mc_header: w_name=fmull
[1;36mdebug: [0mc_header: w_name=fsqrtl
[1;36mdebug: [0mc_header: w_name=fsubl
[1;36mdebug: [0mc_header: w_name=daddl
[1;36mdebug: [0mc_header: w_name=ddivl
[1;36mdebug: [0mc_header: w_name=dfmal
[1;36mdebug: [0mc_header: w_name=dmull
[1;36mdebug: [0mc_header: w_name=dsqrtl
[1;36mdebug: [0mc_header: w_name=dsubl
DEBUG C_PARSER: LOOP START token=1
DEBUG C_PARSER: LOOP START token=1
DEBUG C_PARSER: LOOP START token=1
DEBUG C_PARSER: LOOP START token=1
DEBUG C_PARSER: LOOP START token=1
[1;36mdebug: [0mc_header: w_name=__iscanonicall
DEBUG C_PARSER: LOOP START token=73
DEBUG C_PARSER: LOOP START token=73
DEBUG C_PARSER: LOOP START token=73
DEBUG C_PARSER: LOOP START token=73
[1;36mdebug: [0mc_header: w_name=imaxabs
[1;36mdebug: [0mc_header: w_name=imaxdiv
[1;36mdebug: [0mc_header: w_name=strtoimax
[1;36mdebug: [0mc_header: w_name=strtoumax
[1;36mdebug: [0mc_header: w_name=wcstoimax
[1;36mdebug: [0mc_header: w_name=wcstoumax
[1;36mdebug: [0mc_header: w_name=strtoimax
[1;36mdebug: [0mc_header: w_name=strtoumax
[1;36mdebug: [0mc_header: w_name=wcstoimax
[1;36mdebug: [0mc_header: w_name=wcstoumax
DEBUG C_PARSER: LOOP START token=59 line=2281 text='const'
DEBUG C_PARSER: LOOP START token=59 line=2283 text='const'
DEBUG C_PARSER: LOOP START token=59 line=2285 text='const'
DEBUG C_PARSER: LOOP START token=59 line=2290 text='const'
DEBUG C_PARSER: LOOP START token=72 line=2292 text='int'
DEBUG C_PARSER: LOOP START token=72 line=2294 text='int'
DEBUG C_PARSER: LOOP START token=59 line=2296 text='const'
DEBUG C_PARSER: LOOP START token=72 line=2298 text='int'
DEBUG C_PARSER: LOOP START token=59 line=2300 text='const'
DEBUG C_PARSER: LOOP START token=81 line=2305 text='struct'
DEBUG C_PARSER: LOOP START token=81 line=2307 text='struct'
[1;36mdebug: [0mc_header: w_name=wl_list_init
[1;36mdebug: [0mc_header: w_name=wl_list_insert
[1;36mdebug: [0mc_header: w_name=wl_list_remove
[1;36mdebug: [0mc_header: w_name=wl_list_length
[1;36mdebug: [0mc_header: w_name=wl_list_empty
[1;36mdebug: [0mc_header: w_name=wl_list_insert_list
DEBUG C_PARSER: LOOP START token=1 line=2330 text='size_t'
DEBUG C_PARSER: LOOP START token=1 line=2332 text='size_t'
DEBUG C_PARSER: LOOP START token=86 line=2334 text='void'
[1;36mdebug: [0mc_header: w_name=wl_array_init
[1;36mdebug: [0mc_header: w_name=wl_array_release
[1;36mdebug: [0mc_header: w_name=wl_array_add
[1;36mdebug: [0mc_header: w_name=wl_array_copy
[1;36mdebug: [0mc_header: w_name=wl_fixed_to_double
[1;36mdebug: [0mc_header: w_name=wl_fixed_from_double
[1;36mdebug: [0mc_header: w_name=wl_fixed_to_int
[1;36mdebug: [0mc_header: w_name=wl_fixed_from_int
DEBUG C_PARSER: LOOP START token=1 line=2376 text='int32_t'
DEBUG C_PARSER: LOOP START token=1 line=2377 text='uint32_t'
DEBUG C_PARSER: LOOP START token=1 line=2378 text='wl_fixed_t'
DEBUG C_PARSER: LOOP START token=59 line=2379 text='const'
DEBUG C_PARSER: LOOP START token=81 line=2380 text='struct'
DEBUG C_PARSER: LOOP START token=1 line=2381 text='uint32_t'
DEBUG C_PARSER: LOOP START token=81 line=2382 text='struct'
DEBUG C_PARSER: LOOP START token=1 line=2383 text='int32_t'
DEBUG C_PARSER: LOOP START token=1
DEBUG C_PARSER: LOOP START token=1
DEBUG C_PARSER: LOOP START token=1
DEBUG C_PARSER: LOOP START token=1
DEBUG C_PARSER: LOOP START token=1
DEBUG C_PARSER: LOOP START token=1
[1;36mdebug: [0mc_header: w_name=wl_event_loop_create
[1;36mdebug: [0mc_header: w_name=wl_event_loop_destroy
[1;36mdebug: [0mc_header: w_name=wl_event_loop_add_fd
[1;36mdebug: [0mc_header: w_name=wl_event_source_fd_update
[1;36mdebug: [0mc_header: w_name=wl_event_loop_add_timer
[1;36mdebug: [0mc_header: w_name=wl_event_loop_add_signal
[1;36mdebug: [0mc_header: w_name=wl_event_source_timer_update
[1;36mdebug: [0mc_header: w_name=wl_event_source_remove
[1;36mdebug: [0mc_header: w_name=wl_event_source_check
[1;36mdebug: [0mc_header: w_name=wl_event_loop_dispatch
[1;36mdebug: [0mc_header: w_name=wl_event_loop_dispatch_idle
[1;36mdebug: [0mc_header: w_name=wl_event_loop_add_idle
[1;36mdebug: [0mc_header: w_name=wl_event_loop_get_fd
[1;36mdebug: [0mc_header: w_name=wl_event_loop_add_destroy_listener
[1;36mdebug: [0mc_header: w_name=wl_event_loop_get_destroy_listener
[1;36mdebug: [0mc_header: w_name=wl_display_create
[1;36mdebug: [0mc_header: w_name=wl_display_destroy
[1;36mdebug: [0mc_header: w_name=wl_display_get_event_loop
[1;36mdebug: [0mc_header: w_name=wl_display_add_socket
[1;36mdebug: [0mc_header: w_name=wl_display_add_socket_auto
[1;36mdebug: [0mc_header: w_name=wl_display_add_socket_fd
[1;36mdebug: [0mc_header: w_name=wl_display_terminate
[1;36mdebug: [0mc_header: w_name=wl_display_run
[1;36mdebug: [0mc_header: w_name=wl_display_flush_clients
[1;36mdebug: [0mc_header: w_name=wl_display_destroy_clients
[1;36mdebug: [0mc_header: w_name=wl_display_set_default_max_buffer_size
[1;36mdebug: [0mc_header: w_name=wl_display_get_serial
[1;36mdebug: [0mc_header: w_name=wl_display_next_serial
[1;36mdebug: [0mc_header: w_name=wl_display_add_destroy_listener
[1;36mdebug: [0mc_header: w_name=wl_display_add_client_created_listener
[1;36mdebug: [0mc_header: w_name=wl_display_get_destroy_listener
[1;36mdebug: [0mc_header: w_name=wl_global_create
[1;36mdebug: [0mc_header: w_name=wl_global_remove
[1;36mdebug: [0mc_header: w_name=wl_global_destroy
[1;36mdebug: [0mc_header: w_name=wl_display_set_global_filter
[1;36mdebug: [0mc_header: w_name=wl_global_get_interface
[1;36mdebug: [0mc_header: w_name=wl_global_get_name
[1;36mdebug: [0mc_header: w_name=wl_global_get_version
[1;36mdebug: [0mc_header: w_name=wl_global_get_display
[1;36mdebug: [0mc_header: w_name=wl_global_get_user_data
[1;36mdebug: [0mc_header: w_name=wl_global_set_user_data
[1;36mdebug: [0mc_header: w_name=wl_client_create
[1;36mdebug: [0mc_header: w_name=wl_display_get_client_list
[1;36mdebug: [0mc_header: w_name=wl_client_get_link
[1;36mdebug: [0mc_header: w_name=wl_client_from_link
[1;36mdebug: [0mc_header: w_name=wl_client_destroy
[1;36mdebug: [0mc_header: w_name=wl_client_flush
[1;36mdebug: [0mc_header: w_name=wl_client_get_credentials
[1;36mdebug: [0mc_header: w_name=wl_client_get_fd
[1;36mdebug: [0mc_header: w_name=wl_client_add_destroy_listener
[1;36mdebug: [0mc_header: w_name=wl_client_get_destroy_listener
[1;36mdebug: [0mc_header: w_name=wl_client_add_destroy_late_listener
[1;36mdebug: [0mc_header: w_name=wl_client_get_destroy_late_listener
[1;36mdebug: [0mc_header: w_name=wl_client_get_object
[1;36mdebug: [0mc_header: w_name=wl_client_post_no_memory
[1;36mdebug: [0mc_header: w_name=wl_client_post_implementation_error
[1;36mdebug: [0mc_header: w_name=wl_client_add_resource_created_listener
[1;36mdebug: [0mc_header: w_name=wl_client_for_each_resource
[1;36mdebug: [0mc_header: w_name=wl_client_set_user_data
[1;36mdebug: [0mc_header: w_name=wl_client_get_user_data
[1;36mdebug: [0mc_header: w_name=wl_client_set_max_buffer_size
DEBUG C_PARSER: LOOP START token=81 line=2672 text='struct'
DEBUG C_PARSER: LOOP START token=1 line=2675 text='wl_notify_func_t'
DEBUG C_PARSER: LOOP START token=81 line=2679 text='struct'
[1;36mdebug: [0mc_header: w_name=wl_signal_init
[1;36mdebug: [0mc_header: w_name=wl_signal_add
[1;36mdebug: [0mc_header: w_name=wl_signal_get
[1;36mdebug: [0mc_header: w_name=wl_signal_emit
[1;36mdebug: [0mc_header: w_name=wl_signal_emit_mutable
[1;36mdebug: [0mc_header: w_name=wl_resource_post_event
[1;36mdebug: [0mc_header: w_name=wl_resource_post_event_array
[1;36mdebug: [0mc_header: w_name=wl_resource_queue_event
[1;36mdebug: [0mc_header: w_name=wl_resource_queue_event_array
[1;36mdebug: [0mc_header: w_name=wl_resource_post_error_vargs
[1;36mdebug: [0mc_header: w_name=wl_resource_post_error
[1;36mdebug: [0mc_header: w_name=wl_resource_post_no_memory
[1;36mdebug: [0mc_header: w_name=wl_client_get_display
[1;36mdebug: [0mc_header: w_name=wl_resource_create
[1;36mdebug: [0mc_header: w_name=wl_resource_set_implementation
[1;36mdebug: [0mc_header: w_name=wl_resource_set_dispatcher
[1;36mdebug: [0mc_header: w_name=wl_resource_destroy
[1;36mdebug: [0mc_header: w_name=wl_resource_get_id
[1;36mdebug: [0mc_header: w_name=wl_resource_get_link
[1;36mdebug: [0mc_header: w_name=wl_resource_from_link
[1;36mdebug: [0mc_header: w_name=wl_resource_find_for_client
[1;36mdebug: [0mc_header: w_name=wl_resource_get_client
[1;36mdebug: [0mc_header: w_name=wl_resource_set_user_data
[1;36mdebug: [0mc_header: w_name=wl_resource_get_user_data
[1;36mdebug: [0mc_header: w_name=wl_resource_get_version
[1;36mdebug: [0mc_header: w_name=wl_resource_set_destructor
[1;36mdebug: [0mc_header: w_name=wl_resource_instance_of
[1;36mdebug: [0mc_header: w_name=wl_resource_get_class
[1;36mdebug: [0mc_header: w_name=wl_resource_get_interface
[1;36mdebug: [0mc_header: w_name=wl_resource_add_destroy_listener
[1;36mdebug: [0mc_header: w_name=wl_resource_get_destroy_listener
[1;36mdebug: [0mc_header: w_name=wl_shm_buffer_get
[1;36mdebug: [0mc_header: w_name=wl_shm_buffer_begin_access
[1;36mdebug: [0mc_header: w_name=wl_shm_buffer_end_access
[1;36mdebug: [0mc_header: w_name=wl_shm_buffer_get_data
[1;36mdebug: [0mc_header: w_name=wl_shm_buffer_get_stride
[1;36mdebug: [0mc_header: w_name=wl_shm_buffer_get_format
[1;36mdebug: [0mc_header: w_name=wl_shm_buffer_get_width
[1;36mdebug: [0mc_header: w_name=wl_shm_buffer_get_height
[1;36mdebug: [0mc_header: w_name=wl_shm_buffer_ref
[1;36mdebug: [0mc_header: w_name=wl_shm_buffer_unref
[1;36mdebug: [0mc_header: w_name=wl_shm_buffer_ref_pool
[1;36mdebug: [0mc_header: w_name=wl_shm_pool_unref
[1;36mdebug: [0mc_header: w_name=wl_display_init_shm
[1;36mdebug: [0mc_header: w_name=wl_display_add_shm_format
[1;36mdebug: [0mc_header: w_name=wl_log_set_handler_server
DEBUG C_PARSER: LOOP START token=1
DEBUG C_PARSER: LOOP START token=1
DEBUG C_PARSER: LOOP START token=81 line=2945 text='struct'
DEBUG C_PARSER: LOOP START token=72 line=2946 text='int'
DEBUG C_PARSER: LOOP START token=59 line=2947 text='const'
DEBUG C_PARSER: LOOP START token=72 line=2948 text='int'
DEBUG C_PARSER: LOOP START token=59 line=2949 text='const'
[1;36mdebug: [0mc_header: w_name=wl_display_add_protocol_logger
[1;36mdebug: [0mc_header: w_name=wl_protocol_logger_destroy
DEBUG C_PARSER: LOOP START token=72
[1;36mdebug: [0mc_header: w_name=__bswap_16
[1;36mdebug: [0mc_header: w_name=__bswap_32
[1;36mdebug: [0mc_header: w_name=__bswap_64
[1;36mdebug: [0mc_header: w_name=__uint16_identity
[1;36mdebug: [0mc_header: w_name=__uint32_identity
[1;36mdebug: [0mc_header: w_name=__uint64_identity
DEBUG C_PARSER: LOOP START token=85
DEBUG C_PARSER: LOOP START token=1 line=427 text='__time_t'
DEBUG C_PARSER: LOOP START token=1 line=428 text='__suseconds_t'
DEBUG C_PARSER: LOOP START token=1 line=440 text='__time_t'
DEBUG C_PARSER: LOOP START token=1 line=445 text='__syscall_slong_t'
DEBUG C_PARSER: LOOP START token=1
[1;36mdebug: [0mc_header: w_name=select
[1;36mdebug: [0mc_header: w_name=pselect
DEBUG C_PARSER: LOOP START token=97
DEBUG C_PARSER: LOOP START token=81
DEBUG C_PARSER: LOOP START token=85
DEBUG C_PARSER: LOOP START token=85
DEBUG C_PARSER: LOOP START token=81
DEBUG C_PARSER: LOOP START token=81
DEBUG C_PARSER: LOOP START token=81
DEBUG C_PARSER: LOOP START token=72 line=558 text='int'
DEBUG C_PARSER: LOOP START token=85 line=559 text='unsigned'
DEBUG C_PARSER: LOOP START token=72 line=560 text='int'
DEBUG C_PARSER: LOOP START token=85 line=562 text='unsigned'
DEBUG C_PARSER: LOOP START token=72 line=566 text='int'
DEBUG C_PARSER: LOOP START token=77 line=568 text='short'
DEBUG C_PARSER: LOOP START token=77 line=569 text='short'
DEBUG C_PARSER: LOOP START token=1 line=570 text='__pthread_list_t'
DEBUG C_PARSER: LOOP START token=85 line=579 text='unsigned'
DEBUG C_PARSER: LOOP START token=85 line=580 text='unsigned'
DEBUG C_PARSER: LOOP START token=85 line=581 text='unsigned'
DEBUG C_PARSER: LOOP START token=85 line=582 text='unsigned'
DEBUG C_PARSER: LOOP START token=85 line=583 text='unsigned'
DEBUG C_PARSER: LOOP START token=85 line=584 text='unsigned'
DEBUG C_PARSER: LOOP START token=72 line=586 text='int'
DEBUG C_PARSER: LOOP START token=72 line=587 text='int'
DEBUG C_PARSER: LOOP START token=85 line=588 text='unsigned'
DEBUG C_PARSER: LOOP START token=85 line=589 text='unsigned'
DEBUG C_PARSER: LOOP START token=85 line=592 text='unsigned'
DEBUG C_PARSER: LOOP START token=1 line=602 text='__atomic_wide_counter'
DEBUG C_PARSER: LOOP START token=1 line=603 text='__atomic_wide_counter'
DEBUG C_PARSER: LOOP START token=85 line=604 text='unsigned'
DEBUG C_PARSER: LOOP START token=85 line=605 text='unsigned'
DEBUG C_PARSER: LOOP START token=85 line=606 text='unsigned'
DEBUG C_PARSER: LOOP START token=85 line=607 text='unsigned'
DEBUG C_PARSER: LOOP START token=85 line=608 text='unsigned'
DEBUG C_PARSER: LOOP START token=85 line=609 text='unsigned'
DEBUG C_PARSER: LOOP START token=72
DEBUG C_PARSER: LOOP START token=58
DEBUG C_PARSER: LOOP START token=72
DEBUG C_PARSER: LOOP START token=58
DEBUG C_PARSER: LOOP START token=72
DEBUG C_PARSER: LOOP START token=58 line=654 text='char'
DEBUG C_PARSER: LOOP START token=73 line=655 text='long'
DEBUG C_PARSER: LOOP START token=81
DEBUG C_PARSER: LOOP START token=58
DEBUG C_PARSER: LOOP START token=73
DEBUG C_PARSER: LOOP START token=81
DEBUG C_PARSER: LOOP START token=58
DEBUG C_PARSER: LOOP START token=97
DEBUG C_PARSER: LOOP START token=81
DEBUG C_PARSER: LOOP START token=58
DEBUG C_PARSER: LOOP START token=73
DEBUG C_PARSER: LOOP START token=58
DEBUG C_PARSER: LOOP START token=73
DEBUG C_PARSER: LOOP START token=58
DEBUG C_PARSER: LOOP START token=73
DEBUG C_PARSER: LOOP START token=58
DEBUG C_PARSER: LOOP START token=72
DEBUG C_PARSER: LOOP START token=1
DEBUG C_PARSER: LOOP START token=1
DEBUG C_PARSER: LOOP START token=1
DEBUG C_PARSER: LOOP START token=1
DEBUG C_PARSER: LOOP START token=1
[1;36mdebug: [0mc_header: w_name=__fpclassify
[1;36mdebug: [0mc_header: w_name=__signbit
[1;36mdebug: [0mc_header: w_name=__isinf
[1;36mdebug: [0mc_header: w_name=__finite
[1;36mdebug: [0mc_header: w_name=__isnan
[1;36mdebug: [0mc_header: w_name=__iseqsig
[1;36mdebug: [0mc_header: w_name=__issignaling
[1;36mdebug: [0mc_header: w_name=acos
[1;36mdebug: [0mc_header: w_name=__acos
[1;36mdebug: [0mc_header: w_name=asin
[1;36mdebug: [0mc_header: w_name=__asin
[1;36mdebug: [0mc_header: w_name=atan
[1;36mdebug: [0mc_header: w_name=__atan
[1;36mdebug: [0mc_header: w_name=atan2
[1;36mdebug: [0mc_header: w_name=__atan2
[1;36mdebug: [0mc_header: w_name=cos
[1;36mdebug: [0mc_header: w_name=__cos
[1;36mdebug: [0mc_header: w_name=sin
[1;36mdebug: [0mc_header: w_name=__sin
[1;36mdebug: [0mc_header: w_name=tan
[1;36mdebug: [0mc_header: w_name=__tan
[1;36mdebug: [0mc_header: w_name=acospi
[1;36mdebug: [0mc_header: w_name=__acospi
[1;36mdebug: [0mc_header: w_name=acospi
[1;36mdebug: [0mc_header: w_name=__acospi
[1;36mdebug: [0mc_header: w_name=asinpi
[1;36mdebug: [0mc_header: w_name=__asinpi
[1;36mdebug: [0mc_header: w_name=asinpi
[1;36mdebug: [0mc_header: w_name=__asinpi
[1;36mdebug: [0mc_header: w_name=atanpi
[1;36mdebug: [0mc_header: w_name=__atanpi
[1;36mdebug: [0mc_header: w_name=atanpi
[1;36mdebug: [0mc_header: w_name=__atanpi
[1;36mdebug: [0mc_header: w_name=atan2pi
[1;36mdebug: [0mc_header: w_name=__atan2pi
[1;36mdebug: [0mc_header: w_name=atan2pi
[1;36mdebug: [0mc_header: w_name=__atan2pi
[1;36mdebug: [0mc_header: w_name=cospi
[1;36mdebug: [0mc_header: w_name=__cospi
[1;36mdebug: [0mc_header: w_name=sinpi
[1;36mdebug: [0mc_header: w_name=__sinpi
[1;36mdebug: [0mc_header: w_name=tanpi
[1;36mdebug: [0mc_header: w_name=__tanpi
[1;36mdebug: [0mc_header: w_name=cosh
[1;36mdebug: [0mc_header: w_name=__cosh
[1;36mdebug: [0mc_header: w_name=sinh
[1;36mdebug: [0mc_header: w_name=__sinh
[1;36mdebug: [0mc_header: w_name=tanh
[1;36mdebug: [0mc_header: w_name=__tanh
[1;36mdebug: [0mc_header: w_name=acosh
[1;36mdebug: [0mc_header: w_name=__acosh
[1;36mdebug: [0mc_header: w_name=asinh
[1;36mdebug: [0mc_header: w_name=__asinh
[1;36mdebug: [0mc_header: w_name=atanh
[1;36mdebug: [0mc_header: w_name=__atanh
[1;36mdebug: [0mc_header: w_name=exp
[1;36mdebug: [0mc_header: w_name=__exp
[1;36mdebug: [0mc_header: w_name=frexp
[1;36mdebug: [0mc_header: w_name=__frexp
[1;36mdebug: [0mc_header: w_name=ldexp
[1;36mdebug: [0mc_header: w_name=__ldexp
[1;36mdebug: [0mc_header: w_name=log
[1;36mdebug: [0mc_header: w_name=__log
[1;36mdebug: [0mc_header: w_name=log10
[1;36mdebug: [0mc_header: w_name=__log10
[1;36mdebug: [0mc_header: w_name=modf
[1;36mdebug: [0mc_header: w_name=__modf
[1;36mdebug: [0mc_header: w_name=exp10
[1;36mdebug: [0mc_header: w_name=__exp10
[1;36mdebug: [0mc_header: w_name=exp2m1
[1;36mdebug: [0mc_header: w_name=__exp2m1
[1;36mdebug: [0mc_header: w_name=exp10m1
[1;36mdebug: [0mc_header: w_name=__exp10m1
[1;36mdebug: [0mc_header: w_name=log2p1
[1;36mdebug: [0mc_header: w_name=__log2p1
[1;36mdebug: [0mc_header: w_name=log10p1
[1;36mdebug: [0mc_header: w_name=__log10p1
[1;36mdebug: [0mc_header: w_name=logp1
[1;36mdebug: [0mc_header: w_name=__logp1
[1;36mdebug: [0mc_header: w_name=expm1
[1;36mdebug: [0mc_header: w_name=__expm1
[1;36mdebug: [0mc_header: w_name=log1p
[1;36mdebug: [0mc_header: w_name=__log1p
[1;36mdebug: [0mc_header: w_name=logb
[1;36mdebug: [0mc_header: w_name=__logb
[1;36mdebug: [0mc_header: w_name=exp2
[1;36mdebug: [0mc_header: w_name=__exp2
[1;36mdebug: [0mc_header: w_name=log2
[1;36mdebug: [0mc_header: w_name=__log2
[1;36mdebug: [0mc_header: w_name=pow
[1;36mdebug: [0mc_header: w_name=__pow
[1;36mdebug: [0mc_header: w_name=sqrt
[1;36mdebug: [0mc_header: w_name=__sqrt
[1;36mdebug: [0mc_header: w_name=hypot
[1;36mdebug: [0mc_header: w_name=__hypot
[1;36mdebug: [0mc_header: w_name=cbrt
[1;36mdebug: [0mc_header: w_name=__cbrt
[1;36mdebug: [0mc_header: w_name=compoundn
[1;36mdebug: [0mc_header: w_name=__compoundn
[1;36mdebug: [0mc_header: w_name=pown
[1;36mdebug: [0mc_header: w_name=__pown
[1;36mdebug: [0mc_header: w_name=powr
[1;36mdebug: [0mc_header: w_name=__powr
[1;36mdebug: [0mc_header: w_name=powr
[1;36mdebug: [0mc_header: w_name=__powr
[1;36mdebug: [0mc_header: w_name=rootn
[1;36mdebug: [0mc_header: w_name=__rootn
[1;36mdebug: [0mc_header: w_name=rsqrt
[1;36mdebug: [0mc_header: w_name=__rsqrt
[1;36mdebug: [0mc_header: w_name=ceil
[1;36mdebug: [0mc_header: w_name=fabs
[1;36mdebug: [0mc_header: w_name=floor
[1;36mdebug: [0mc_header: w_name=fmod
[1;36mdebug: [0mc_header: w_name=__fmod
[1;36mdebug: [0mc_header: w_name=isinf
[1;36mdebug: [0mc_header: w_name=finite
[1;36mdebug: [0mc_header: w_name=drem
[1;36mdebug: [0mc_header: w_name=__drem
[1;36mdebug: [0mc_header: w_name=significand
[1;36mdebug: [0mc_header: w_name=__significand
[1;36mdebug: [0mc_header: w_name=copysign
[1;36mdebug: [0mc_header: w_name=nan
[1;36mdebug: [0mc_header: w_name=__nan
[1;36mdebug: [0mc_header: w_name=isnan
[1;36mdebug: [0mc_header: w_name=j0
[1;36mdebug: [0mc_header: w_name=__j0
[1;36mdebug: [0mc_header: w_name=j1
[1;36mdebug: [0mc_header: w_name=__j1
[1;36mdebug: [0mc_header: w_name=jn
[1;36mdebug: [0mc_header: w_name=__jn
[1;36mdebug: [0mc_header: w_name=y0
[1;36mdebug: [0mc_header: w_name=__y0
[1;36mdebug: [0mc_header: w_name=y1
[1;36mdebug: [0mc_header: w_name=__y1
[1;36mdebug: [0mc_header: w_name=yn
[1;36mdebug: [0mc_header: w_name=__yn
[1;36mdebug: [0mc_header: w_name=erf
[1;36mdebug: [0mc_header: w_name=__erf
[1;36mdebug: [0mc_header: w_name=erfc
[1;36mdebug: [0mc_header: w_name=__erfc
[1;36mdebug: [0mc_header: w_name=lgamma
[1;36mdebug: [0mc_header: w_name=__lgamma
[1;36mdebug: [0mc_header: w_name=tgamma
[1;36mdebug: [0mc_header: w_name=__tgamma
[1;36mdebug: [0mc_header: w_name=gamma
[1;36mdebug: [0mc_header: w_name=__gamma
[1;36mdebug: [0mc_header: w_name=lgamma_r
[1;36mdebug: [0mc_header: w_name=__lgamma_r
[1;36mdebug: [0mc_header: w_name=rint
[1;36mdebug: [0mc_header: w_name=__rint
[1;36mdebug: [0mc_header: w_name=nextafter
[1;36mdebug: [0mc_header: w_name=__nextafter
[1;36mdebug: [0mc_header: w_name=nexttoward
[1;36mdebug: [0mc_header: w_name=__nexttoward
[1;36mdebug: [0mc_header: w_name=nextdown
[1;36mdebug: [0mc_header: w_name=__nextdown
[1;36mdebug: [0mc_header: w_name=nextup
[1;36mdebug: [0mc_header: w_name=__nextup
[1;36mdebug: [0mc_header: w_name=remainder
[1;36mdebug: [0mc_header: w_name=__remainder
[1;36mdebug: [0mc_header: w_name=scalbn
[1;36mdebug: [0mc_header: w_name=__scalbn
[1;36mdebug: [0mc_header: w_name=ilogb
[1;36mdebug: [0mc_header: w_name=__ilogb
[1;36mdebug: [0mc_header: w_name=llogb
[1;36mdebug: [0mc_header: w_name=__llogb
[1;36mdebug: [0mc_header: w_name=scalbln
[1;36mdebug: [0mc_header: w_name=__scalbln
[1;36mdebug: [0mc_header: w_name=nearbyint
[1;36mdebug: [0mc_header: w_name=__nearbyint
[1;36mdebug: [0mc_header: w_name=round
[1;36mdebug: [0mc_header: w_name=trunc
[1;36mdebug: [0mc_header: w_name=remquo
[1;36mdebug: [0mc_header: w_name=__remquo
[1;36mdebug: [0mc_header: w_name=lrint
[1;36mdebug: [0mc_header: w_name=__lrint
[1;36mdebug: [0mc_header: w_name=llrint
[1;36mdebug: [0mc_header: w_name=__llrint
[1;36mdebug: [0mc_header: w_name=lround
[1;36mdebug: [0mc_header: w_name=__lround
[1;36mdebug: [0mc_header: w_name=llround
[1;36mdebug: [0mc_header: w_name=__llround
[1;36mdebug: [0mc_header: w_name=fdim
[1;36mdebug: [0mc_header: w_name=__fdim
[1;36mdebug: [0mc_header: w_name=fmax
[1;36mdebug: [0mc_header: w_name=fmin
[1;36mdebug: [0mc_header: w_name=fma
[1;36mdebug: [0mc_header: w_name=__fma
[1;36mdebug: [0mc_header: w_name=roundeven
[1;36mdebug: [0mc_header: w_name=fromfp
[1;36mdebug: [0mc_header: w_name=__fromfp
[1;36mdebug: [0mc_header: w_name=ufromfp
[1;36mdebug: [0mc_header: w_name=__ufromfp
[1;36mdebug: [0mc_header: w_name=fromfpx
[1;36mdebug: [0mc_header: w_name=__fromfpx
[1;36mdebug: [0mc_header: w_name=ufromfpx
[1;36mdebug: [0mc_header: w_name=__ufromfpx
[1;36mdebug: [0mc_header: w_name=canonicalize
[1;36mdebug: [0mc_header: w_name=fmaximum
[1;36mdebug: [0mc_header: w_name=fminimum
[1;36mdebug: [0mc_header: w_name=fmaximum_num
[1;36mdebug: [0mc_header: w_name=fminimum_num
[1;36mdebug: [0mc_header: w_name=fmaximum_mag
[1;36mdebug: [0mc_header: w_name=fminimum_mag
[1;36mdebug: [0mc_header: w_name=fmaximum_mag_num
[1;36mdebug: [0mc_header: w_name=fminimum_mag_num
[1;36mdebug: [0mc_header: w_name=scalb
[1;36mdebug: [0mc_header: w_name=__scalb
[1;36mdebug: [0mc_header: w_name=__fpclassifyf
[1;36mdebug: [0mc_header: w_name=__signbitf
[1;36mdebug: [0mc_header: w_name=__isinff
[1;36mdebug: [0mc_header: w_name=__finitef
[1;36mdebug: [0mc_header: w_name=__isnanf
[1;36mdebug: [0mc_header: w_name=__iseqsigf
[1;36mdebug: [0mc_header: w_name=__issignalingf
[1;36mdebug: [0mc_header: w_name=acosf
[1;36mdebug: [0mc_header: w_name=__acosf
[1;36mdebug: [0mc_header: w_name=asinf
[1;36mdebug: [0mc_header: w_name=__asinf
[1;36mdebug: [0mc_header: w_name=atanf
[1;36mdebug: [0mc_header: w_name=__atanf
[1;36mdebug: [0mc_header: w_name=atan2f
[1;36mdebug: [0mc_header: w_name=__atan2f
[1;36mdebug: [0mc_header: w_name=cosf
[1;36mdebug: [0mc_header: w_name=__cosf
[1;36mdebug: [0mc_header: w_name=sinf
[1;36mdebug: [0mc_header: w_name=__sinf
[1;36mdebug: [0mc_header: w_name=tanf
[1;36mdebug: [0mc_header: w_name=__tanf
[1;36mdebug: [0mc_header: w_name=acospif
[1;36mdebug: [0mc_header: w_name=__acospif
[1;36mdebug: [0mc_header: w_name=acospif
[1;36mdebug: [0mc_header: w_name=__acospif
[1;36mdebug: [0mc_header: w_name=asinpif
[1;36mdebug: [0mc_header: w_name=__asinpif
[1;36mdebug: [0mc_header: w_name=asinpif
[1;36mdebug: [0mc_header: w_name=__asinpif
[1;36mdebug: [0mc_header: w_name=atanpif
[1;36mdebug: [0mc_header: w_name=__atanpif
[1;36mdebug: [0mc_header: w_name=atanpif
[1;36mdebug: [0mc_header: w_name=__atanpif
[1;36mdebug: [0mc_header: w_name=atan2pif
[1;36mdebug: [0mc_header: w_name=__atan2pif
[1;36mdebug: [0mc_header: w_name=atan2pif
[1;36mdebug: [0mc_header: w_name=__atan2pif
[1;36mdebug: [0mc_header: w_name=cospif
[1;36mdebug: [0mc_header: w_name=__cospif
[1;36mdebug: [0mc_header: w_name=sinpif
[1;36mdebug: [0mc_header: w_name=__sinpif
[1;36mdebug: [0mc_header: w_name=tanpif
[1;36mdebug: [0mc_header: w_name=__tanpif
[1;36mdebug: [0mc_header: w_name=coshf
[1;36mdebug: [0mc_header: w_name=__coshf
[1;36mdebug: [0mc_header: w_name=sinhf
[1;36mdebug: [0mc_header: w_name=__sinhf
[1;36mdebug: [0mc_header: w_name=tanhf
[1;36mdebug: [0mc_header: w_name=__tanhf
[1;36mdebug: [0mc_header: w_name=acoshf
[1;36mdebug: [0mc_header: w_name=__acoshf
[1;36mdebug: [0mc_header: w_name=asinhf
[1;36mdebug: [0mc_header: w_name=__asinhf
[1;36mdebug: [0mc_header: w_name=atanhf
[1;36mdebug: [0mc_header: w_name=__atanhf
[1;36mdebug: [0mc_header: w_name=expf
[1;36mdebug: [0mc_header: w_name=__expf
[1;36mdebug: [0mc_header: w_name=frexpf
[1;36mdebug: [0mc_header: w_name=__frexpf
[1;36mdebug: [0mc_header: w_name=ldexpf
[1;36mdebug: [0mc_header: w_name=__ldexpf
[1;36mdebug: [0mc_header: w_name=logf
[1;36mdebug: [0mc_header: w_name=__logf
[1;36mdebug: [0mc_header: w_name=log10f
[1;36mdebug: [0mc_header: w_name=__log10f
[1;36mdebug: [0mc_header: w_name=modff
[1;36mdebug: [0mc_header: w_name=__modff
[1;36mdebug: [0mc_header: w_name=exp10f
[1;36mdebug: [0mc_header: w_name=__exp10f
[1;36mdebug: [0mc_header: w_name=exp2m1f
[1;36mdebug: [0mc_header: w_name=__exp2m1f
[1;36mdebug: [0mc_header: w_name=exp10m1f
[1;36mdebug: [0mc_header: w_name=__exp10m1f
[1;36mdebug: [0mc_header: w_name=log2p1f
[1;36mdebug: [0mc_header: w_name=__log2p1f
[1;36mdebug: [0mc_header: w_name=log10p1f
[1;36mdebug: [0mc_header: w_name=__log10p1f
[1;36mdebug: [0mc_header: w_name=logp1f
[1;36mdebug: [0mc_header: w_name=__logp1f
[1;36mdebug: [0mc_header: w_name=expm1f
[1;36mdebug: [0mc_header: w_name=__expm1f
[1;36mdebug: [0mc_header: w_name=log1pf
[1;36mdebug: [0mc_header: w_name=__log1pf
[1;36mdebug: [0mc_header: w_name=logbf
[1;36mdebug: [0mc_header: w_name=__logbf
[1;36mdebug: [0mc_header: w_name=exp2f
[1;36mdebug: [0mc_header: w_name=__exp2f
[1;36mdebug: [0mc_header: w_name=log2f
[1;36mdebug: [0mc_header: w_name=__log2f
[1;36mdebug: [0mc_header: w_name=powf
[1;36mdebug: [0mc_header: w_name=__powf
[1;36mdebug: [0mc_header: w_name=sqrtf
[1;36mdebug: [0mc_header: w_name=__sqrtf
[1;36mdebug: [0mc_header: w_name=hypotf
[1;36mdebug: [0mc_header: w_name=__hypotf
[1;36mdebug: [0mc_header: w_name=cbrtf
[1;36mdebug: [0mc_header: w_name=__cbrtf
[1;36mdebug: [0mc_header: w_name=compoundnf
[1;36mdebug: [0mc_header: w_name=__compoundnf
[1;36mdebug: [0mc_header: w_name=pownf
[1;36mdebug: [0mc_header: w_name=__pownf
[1;36mdebug: [0mc_header: w_name=powrf
[1;36mdebug: [0mc_header: w_name=__powrf
[1;36mdebug: [0mc_header: w_name=powrf
[1;36mdebug: [0mc_header: w_name=__powrf
[1;36mdebug: [0mc_header: w_name=rootnf
[1;36mdebug: [0mc_header: w_name=__rootnf
[1;36mdebug: [0mc_header: w_name=rsqrtf
[1;36mdebug: [0mc_header: w_name=__rsqrtf
[1;36mdebug: [0mc_header: w_name=ceilf
[1;36mdebug: [0mc_header: w_name=fabsf
[1;36mdebug: [0mc_header: w_name=floorf
[1;36mdebug: [0mc_header: w_name=fmodf
[1;36mdebug: [0mc_header: w_name=__fmodf
[1;36mdebug: [0mc_header: w_name=isinff
[1;36mdebug: [0mc_header: w_name=finitef
[1;36mdebug: [0mc_header: w_name=dremf
[1;36mdebug: [0mc_header: w_name=__dremf
[1;36mdebug: [0mc_header: w_name=significandf
[1;36mdebug: [0mc_header: w_name=__significandf
[1;36mdebug: [0mc_header: w_name=copysignf
[1;36mdebug: [0mc_header: w_name=nanf
[1;36mdebug: [0mc_header: w_name=__nanf
[1;36mdebug: [0mc_header: w_name=isnanf
[1;36mdebug: [0mc_header: w_name=j0f
[1;36mdebug: [0mc_header: w_name=__j0f
[1;36mdebug: [0mc_header: w_name=j1f
[1;36mdebug: [0mc_header: w_name=__j1f
[1;36mdebug: [0mc_header: w_name=jnf
[1;36mdebug: [0mc_header: w_name=__jnf
[1;36mdebug: [0mc_header: w_name=y0f
[1;36mdebug: [0mc_header: w_name=__y0f
[1;36mdebug: [0mc_header: w_name=y1f
[1;36mdebug: [0mc_header: w_name=__y1f
[1;36mdebug: [0mc_header: w_name=ynf
[1;36mdebug: [0mc_header: w_name=__ynf
[1;36mdebug: [0mc_header: w_name=erff
[1;36mdebug: [0mc_header: w_name=__erff
[1;36mdebug: [0mc_header: w_name=erfcf
[1;36mdebug: [0mc_header: w_name=__erfcf
[1;36mdebug: [0mc_header: w_name=lgammaf
[1;36mdebug: [0mc_header: w_name=__lgammaf
[1;36mdebug: [0mc_header: w_name=tgammaf
[1;36mdebug: [0mc_header: w_name=__tgammaf
[1;36mdebug: [0mc_header: w_name=gammaf
[1;36mdebug: [0mc_header: w_name=__gammaf
[1;36mdebug: [0mc_header: w_name=lgammaf_r
[1;36mdebug: [0mc_header: w_name=__lgammaf_r
[1;36mdebug: [0mc_header: w_name=rintf
[1;36mdebug: [0mc_header: w_name=__rintf
[1;36mdebug: [0mc_header: w_name=nextafterf
[1;36mdebug: [0mc_header: w_name=__nextafterf
[1;36mdebug: [0mc_header: w_name=nexttowardf
[1;36mdebug: [0mc_header: w_name=__nexttowardf
[1;36mdebug: [0mc_header: w_name=nextdownf
[1;36mdebug: [0mc_header: w_name=__nextdownf
[1;36mdebug: [0mc_header: w_name=nextupf
[1;36mdebug: [0mc_header: w_name=__nextupf
[1;36mdebug: [0mc_header: w_name=remainderf
[1;36mdebug: [0mc_header: w_name=__remainderf
[1;36mdebug: [0mc_header: w_name=scalbnf
[1;36mdebug: [0mc_header: w_name=__scalbnf
[1;36mdebug: [0mc_header: w_name=ilogbf
[1;36mdebug: [0mc_header: w_name=__ilogbf
[1;36mdebug: [0mc_header: w_name=llogbf
[1;36mdebug: [0mc_header: w_name=__llogbf
[1;36mdebug: [0mc_header: w_name=scalblnf
[1;36mdebug: [0mc_header: w_name=__scalblnf
[1;36mdebug: [0mc_header: w_name=nearbyintf
[1;36mdebug: [0mc_header: w_name=__nearbyintf
[1;36mdebug: [0mc_header: w_name=roundf
[1;36mdebug: [0mc_header: w_name=truncf
[1;36mdebug: [0mc_header: w_name=remquof
[1;36mdebug: [0mc_header: w_name=__remquof
[1;36mdebug: [0mc_header: w_name=lrintf
[1;36mdebug: [0mc_header: w_name=__lrintf
[1;36mdebug: [0mc_header: w_name=llrintf
[1;36mdebug: [0mc_header: w_name=__llrintf
[1;36mdebug: [0mc_header: w_name=lroundf
[1;36mdebug: [0mc_header: w_name=__lroundf
[1;36mdebug: [0mc_header: w_name=llroundf
[1;36mdebug: [0mc_header: w_name=__llroundf
[1;36mdebug: [0mc_header: w_name=fdimf
[1;36mdebug: [0mc_header: w_name=__fdimf
[1;36mdebug: [0mc_header: w_name=fmaxf
[1;36mdebug: [0mc_header: w_name=fminf
[1;36mdebug: [0mc_header: w_name=fmaf
[1;36mdebug: [0mc_header: w_name=__fmaf
[1;36mdebug: [0mc_header: w_name=roundevenf
[1;36mdebug: [0mc_header: w_name=fromfpf
[1;36mdebug: [0mc_header: w_name=__fromfpf
[1;36mdebug: [0mc_header: w_name=ufromfpf
[1;36mdebug: [0mc_header: w_name=__ufromfpf
[1;36mdebug: [0mc_header: w_name=fromfpxf
[1;36mdebug: [0mc_header: w_name=__fromfpxf
[1;36mdebug: [0mc_header: w_name=ufromfpxf
[1;36mdebug: [0mc_header: w_name=__ufromfpxf
[1;36mdebug: [0mc_header: w_name=canonicalizef
[1;36mdebug: [0mc_header: w_name=fmaximumf
[1;36mdebug: [0mc_header: w_name=fminimumf
[1;36mdebug: [0mc_header: w_name=fmaximum_numf
[1;36mdebug: [0mc_header: w_name=fminimum_numf
[1;36mdebug: [0mc_header: w_name=fmaximum_magf
[1;36mdebug: [0mc_header: w_name=fminimum_magf
[1;36mdebug: [0mc_header: w_name=fmaximum_mag_numf
[1;36mdebug: [0mc_header: w_name=fminimum_mag_numf
[1;36mdebug: [0mc_header: w_name=scalbf
[1;36mdebug: [0mc_header: w_name=__scalbf
[1;36mdebug: [0mc_header: w_name=__fpclassifyl
[1;36mdebug: [0mc_header: w_name=__signbitl
[1;36mdebug: [0mc_header: w_name=__isinfl
[1;36mdebug: [0mc_header: w_name=__finitel
[1;36mdebug: [0mc_header: w_name=__isnanl
[1;36mdebug: [0mc_header: w_name=__iseqsigl
[1;36mdebug: [0mc_header: w_name=__issignalingl
[1;36mdebug: [0mc_header: w_name=acosl
[1;36mdebug: [0mc_header: w_name=__acosl
[1;36mdebug: [0mc_header: w_name=asinl
[1;36mdebug: [0mc_header: w_name=__asinl
[1;36mdebug: [0mc_header: w_name=atanl
[1;36mdebug: [0mc_header: w_name=__atanl
[1;36mdebug: [0mc_header: w_name=atan2l
[1;36mdebug: [0mc_header: w_name=__atan2l
[1;36mdebug: [0mc_header: w_name=cosl
[1;36mdebug: [0mc_header: w_name=__cosl
[1;36mdebug: [0mc_header: w_name=sinl
[1;36mdebug: [0mc_header: w_name=__sinl
[1;36mdebug: [0mc_header: w_name=tanl
[1;36mdebug: [0mc_header: w_name=__tanl
[1;36mdebug: [0mc_header: w_name=acospil
[1;36mdebug: [0mc_header: w_name=__acospil
[1;36mdebug: [0mc_header: w_name=acospil
[1;36mdebug: [0mc_header: w_name=__acospil
[1;36mdebug: [0mc_header: w_name=asinpil
[1;36mdebug: [0mc_header: w_name=__asinpil
[1;36mdebug: [0mc_header: w_name=asinpil
[1;36mdebug: [0mc_header: w_name=__asinpil
[1;36mdebug: [0mc_header: w_name=atanpil
[1;36mdebug: [0mc_header: w_name=__atanpil
[1;36mdebug: [0mc_header: w_name=atanpil
[1;36mdebug: [0mc_header: w_name=__atanpil
[1;36mdebug: [0mc_header: w_name=atan2pil
[1;36mdebug: [0mc_header: w_name=__atan2pil
[1;36mdebug: [0mc_header: w_name=atan2pil
[1;36mdebug: [0mc_header: w_name=__atan2pil
[1;36mdebug: [0mc_header: w_name=cospil
[1;36mdebug: [0mc_header: w_name=__cospil
[1;36mdebug: [0mc_header: w_name=sinpil
[1;36mdebug: [0mc_header: w_name=__sinpil
[1;36mdebug: [0mc_header: w_name=tanpil
[1;36mdebug: [0mc_header: w_name=__tanpil
[1;36mdebug: [0mc_header: w_name=coshl
[1;36mdebug: [0mc_header: w_name=__coshl
[1;36mdebug: [0mc_header: w_name=sinhl
[1;36mdebug: [0mc_header: w_name=__sinhl
[1;36mdebug: [0mc_header: w_name=tanhl
[1;36mdebug: [0mc_header: w_name=__tanhl
[1;36mdebug: [0mc_header: w_name=acoshl
[1;36mdebug: [0mc_header: w_name=__acoshl
[1;36mdebug: [0mc_header: w_name=asinhl
[1;36mdebug: [0mc_header: w_name=__asinhl
[1;36mdebug: [0mc_header: w_name=atanhl
[1;36mdebug: [0mc_header: w_name=__atanhl
[1;36mdebug: [0mc_header: w_name=expl
[1;36mdebug: [0mc_header: w_name=__expl
[1;36mdebug: [0mc_header: w_name=frexpl
[1;36mdebug: [0mc_header: w_name=__frexpl
[1;36mdebug: [0mc_header: w_name=ldexpl
[1;36mdebug: [0mc_header: w_name=__ldexpl
[1;36mdebug: [0mc_header: w_name=logl
[1;36mdebug: [0mc_header: w_name=__logl
[1;36mdebug: [0mc_header: w_name=log10l
[1;36mdebug: [0mc_header: w_name=__log10l
[1;36mdebug: [0mc_header: w_name=modfl
[1;36mdebug: [0mc_header: w_name=__modfl
[1;36mdebug: [0mc_header: w_name=exp10l
[1;36mdebug: [0mc_header: w_name=__exp10l
[1;36mdebug: [0mc_header: w_name=exp2m1l
[1;36mdebug: [0mc_header: w_name=__exp2m1l
[1;36mdebug: [0mc_header: w_name=exp10m1l
[1;36mdebug: [0mc_header: w_name=__exp10m1l
[1;36mdebug: [0mc_header: w_name=log2p1l
[1;36mdebug: [0mc_header: w_name=__log2p1l
[1;36mdebug: [0mc_header: w_name=log10p1l
[1;36mdebug: [0mc_header: w_name=__log10p1l
[1;36mdebug: [0mc_header: w_name=logp1l
[1;36mdebug: [0mc_header: w_name=__logp1l
[1;36mdebug: [0mc_header: w_name=expm1l
[1;36mdebug: [0mc_header: w_name=__expm1l
[1;36mdebug: [0mc_header: w_name=log1pl
[1;36mdebug: [0mc_header: w_name=__log1pl
[1;36mdebug: [0mc_header: w_name=logbl
[1;36mdebug: [0mc_header: w_name=__logbl
[1;36mdebug: [0mc_header: w_name=exp2l
[1;36mdebug: [0mc_header: w_name=__exp2l
[1;36mdebug: [0mc_header: w_name=log2l
[1;36mdebug: [0mc_header: w_name=__log2l
[1;36mdebug: [0mc_header: w_name=powl
[1;36mdebug: [0mc_header: w_name=__powl
[1;36mdebug: [0mc_header: w_name=sqrtl
[1;36mdebug: [0mc_header: w_name=__sqrtl
[1;36mdebug: [0mc_header: w_name=hypotl
[1;36mdebug: [0mc_header: w_name=__hypotl
[1;36mdebug: [0mc_header: w_name=cbrtl
[1;36mdebug: [0mc_header: w_name=__cbrtl
[1;36mdebug: [0mc_header: w_name=compoundnl
[1;36mdebug: [0mc_header: w_name=__compoundnl
[1;36mdebug: [0mc_header: w_name=pownl
[1;36mdebug: [0mc_header: w_name=__pownl
[1;36mdebug: [0mc_header: w_name=powrl
[1;36mdebug: [0mc_header: w_name=__powrl
[1;36mdebug: [0mc_header: w_name=powrl
[1;36mdebug: [0mc_header: w_name=__powrl
[1;36mdebug: [0mc_header: w_name=rootnl
[1;36mdebug: [0mc_header: w_name=__rootnl
[1;36mdebug: [0mc_header: w_name=rsqrtl
[1;36mdebug: [0mc_header: w_name=__rsqrtl
[1;36mdebug: [0mc_header: w_name=ceill
[1;36mdebug: [0mc_header: w_name=fabsl
[1;36mdebug: [0mc_header: w_name=floorl
[1;36mdebug: [0mc_header: w_name=fmodl
[1;36mdebug: [0mc_header: w_name=__fmodl
[1;36mdebug: [0mc_header: w_name=isinfl
[1;36mdebug: [0mc_header: w_name=finitel
[1;36mdebug: [0mc_header: w_name=dreml
[1;36mdebug: [0mc_header: w_name=__dreml
[1;36mdebug: [0mc_header: w_name=significandl
[1;36mdebug: [0mc_header: w_name=__significandl
[1;36mdebug: [0mc_header: w_name=copysignl
[1;36mdebug: [0mc_header: w_name=nanl
[1;36mdebug: [0mc_header: w_name=__nanl
[1;36mdebug: [0mc_header: w_name=isnanl
[1;36mdebug: [0mc_header: w_name=j0l
[1;36mdebug: [0mc_header: w_name=__j0l
[1;36mdebug: [0mc_header: w_name=j1l
[1;36mdebug: [0mc_header: w_name=__j1l
[1;36mdebug: [0mc_header: w_name=jnl
[1;36mdebug: [0mc_header: w_name=__jnl
[1;36mdebug: [0mc_header: w_name=y0l
[1;36mdebug: [0mc_header: w_name=__y0l
[1;36mdebug: [0mc_header: w_name=y1l
[1;36mdebug: [0mc_header: w_name=__y1l
[1;36mdebug: [0mc_header: w_name=ynl
[1;36mdebug: [0mc_header: w_name=__ynl
[1;36mdebug: [0mc_header: w_name=erfl
[1;36mdebug: [0mc_header: w_name=__erfl
[1;36mdebug: [0mc_header: w_name=erfcl
[1;36mdebug: [0mc_header: w_name=__erfcl
[1;36mdebug: [0mc_header: w_name=lgammal
[1;36mdebug: [0mc_header: w_name=__lgammal
[1;36mdebug: [0mc_header: w_name=tgammal
[1;36mdebug: [0mc_header: w_name=__tgammal
[1;36mdebug: [0mc_header: w_name=gammal
[1;36mdebug: [0mc_header: w_name=__gammal
[1;36mdebug: [0mc_header: w_name=lgammal_r
[1;36mdebug: [0mc_header: w_name=__lgammal_r
[1;36mdebug: [0mc_header: w_name=rintl
[1;36mdebug: [0mc_header: w_name=__rintl
[1;36mdebug: [0mc_header: w_name=nextafterl
[1;36mdebug: [0mc_header: w_name=__nextafterl
[1;36mdebug: [0mc_header: w_name=nexttowardl
[1;36mdebug: [0mc_header: w_name=__nexttowardl
[1;36mdebug: [0mc_header: w_name=nextdownl
[1;36mdebug: [0mc_header: w_name=__nextdownl
[1;36mdebug: [0mc_header: w_name=nextupl
[1;36mdebug: [0mc_header: w_name=__nextupl
[1;36mdebug: [0mc_header: w_name=remainderl
[1;36mdebug: [0mc_header: w_name=__remainderl
[1;36mdebug: [0mc_header: w_name=scalbnl
[1;36mdebug: [0mc_header: w_name=__scalbnl
[1;36mdebug: [0mc_header: w_name=ilogbl
[1;36mdebug: [0mc_header: w_name=__ilogbl
[1;36mdebug: [0mc_header: w_name=llogbl
[1;36mdebug: [0mc_header: w_name=__llogbl
[1;36mdebug: [0mc_header: w_name=scalblnl
[1;36mdebug: [0mc_header: w_name=__scalblnl
[1;36mdebug: [0mc_header: w_name=nearbyintl
[1;36mdebug: [0mc_header: w_name=__nearbyintl
[1;36mdebug: [0mc_header: w_name=roundl
[1;36mdebug: [0mc_header: w_name=truncl
[1;36mdebug: [0mc_header: w_name=remquol
[1;36mdebug: [0mc_header: w_name=__remquol
[1;36mdebug: [0mc_header: w_name=lrintl
[1;36mdebug: [0mc_header: w_name=__lrintl
[1;36mdebug: [0mc_header: w_name=llrintl
[1;36mdebug: [0mc_header: w_name=__llrintl
[1;36mdebug: [0mc_header: w_name=lroundl
[1;36mdebug: [0mc_header: w_name=__lroundl
[1;36mdebug: [0mc_header: w_name=llroundl
[1;36mdebug: [0mc_header: w_name=__llroundl
[1;36mdebug: [0mc_header: w_name=fdiml
[1;36mdebug: [0mc_header: w_name=__fdiml
[1;36mdebug: [0mc_header: w_name=fmaxl
[1;36mdebug: [0mc_header: w_name=fminl
[1;36mdebug: [0mc_header: w_name=fmal
[1;36mdebug: [0mc_header: w_name=__fmal
[1;36mdebug: [0mc_header: w_name=roundevenl
[1;36mdebug: [0mc_header: w_name=fromfpl
[1;36mdebug: [0mc_header: w_name=__fromfpl
[1;36mdebug: [0mc_header: w_name=ufromfpl
[1;36mdebug: [0mc_header: w_name=__ufromfpl
[1;36mdebug: [0mc_header: w_name=fromfpxl
[1;36mdebug: [0mc_header: w_name=__fromfpxl
[1;36mdebug: [0mc_header: w_name=ufromfpxl
[1;36mdebug: [0mc_header: w_name=__ufromfpxl
[1;36mdebug: [0mc_header: w_name=canonicalizel
[1;36mdebug: [0mc_header: w_name=fmaximuml
[1;36mdebug: [0mc_header: w_name=fminimuml
[1;36mdebug: [0mc_header: w_name=fmaximum_numl
[1;36mdebug: [0mc_header: w_name=fminimum_numl
[1;36mdebug: [0mc_header: w_name=fmaximum_magl
[1;36mdebug: [0mc_header: w_name=fminimum_magl
[1;36mdebug: [0mc_header: w_name=fmaximum_mag_numl
[1;36mdebug: [0mc_header: w_name=fminimum_mag_numl
[1;36mdebug: [0mc_header: w_name=scalbl
[1;36mdebug: [0mc_header: w_name=__scalbl
[1;36mdebug: [0mc_header: w_name=__fpclassifyf128
[1;36mdebug: [0mc_header: w_name=__signbitf128
[1;36mdebug: [0mc_header: w_name=__isinff128
[1;36mdebug: [0mc_header: w_name=__finitef128
[1;36mdebug: [0mc_header: w_name=__isnanf128
[1;36mdebug: [0mc_header: w_name=__iseqsigf128
[1;36mdebug: [0mc_header: w_name=__issignalingf128
[1;36mdebug: [0mc_header: w_name=fadd
[1;36mdebug: [0mc_header: w_name=fdiv
[1;36mdebug: [0mc_header: w_name=ffma
[1;36mdebug: [0mc_header: w_name=fmul
[1;36mdebug: [0mc_header: w_name=fsqrt
[1;36mdebug: [0mc_header: w_name=fsub
[1;36mdebug: [0mc_header: w_name=faddl
[1;36mdebug: [0mc_header: w_name=fdivl
[1;36mdebug: [0mc_header: w_name=ffmal
[1;36mdebug: [0mc_header: w_name=fmull
[1;36mdebug: [0mc_header: w_name=fsqrtl
[1;36mdebug: [0mc_header: w_name=fsubl
[1;36mdebug: [0mc_header: w_name=daddl
[1;36mdebug: [0mc_header: w_name=ddivl
[1;36mdebug: [0mc_header: w_name=dfmal
[1;36mdebug: [0mc_header: w_name=dmull
[1;36mdebug: [0mc_header: w_name=dsqrtl
[1;36mdebug: [0mc_header: w_name=dsubl
DEBUG C_PARSER: LOOP START token=1
DEBUG C_PARSER: LOOP START token=1
DEBUG C_PARSER: LOOP START token=1
DEBUG C_PARSER: LOOP START token=1
DEBUG C_PARSER: LOOP START token=1
[1;36mdebug: [0mc_header: w_name=__iscanonicall
DEBUG C_PARSER: LOOP START token=73
DEBUG C_PARSER: LOOP START token=73
DEBUG C_PARSER: LOOP START token=73
DEBUG C_PARSER: LOOP START token=73
[1;36mdebug: [0mc_header: w_name=imaxabs
[1;36mdebug: [0mc_header: w_name=imaxdiv
[1;36mdebug: [0mc_header: w_name=strtoimax
[1;36mdebug: [0mc_header: w_name=strtoumax
[1;36mdebug: [0mc_header: w_name=wcstoimax
[1;36mdebug: [0mc_header: w_name=wcstoumax
[1;36mdebug: [0mc_header: w_name=strtoimax
[1;36mdebug: [0mc_header: w_name=strtoumax
[1;36mdebug: [0mc_header: w_name=wcstoimax
[1;36mdebug: [0mc_header: w_name=wcstoumax
DEBUG C_PARSER: LOOP START token=59 line=2281 text='const'
DEBUG C_PARSER: LOOP START token=59 line=2283 text='const'
DEBUG C_PARSER: LOOP START token=59 line=2285 text='const'
DEBUG C_PARSER: LOOP START token=59 line=2290 text='const'
DEBUG C_PARSER: LOOP START token=72 line=2292 text='int'
DEBUG C_PARSER: LOOP START token=72 line=2294 text='int'
DEBUG C_PARSER: LOOP START token=59 line=2296 text='const'
DEBUG C_PARSER: LOOP START token=72 line=2298 text='int'
DEBUG C_PARSER: LOOP START token=59 line=2300 text='const'
DEBUG C_PARSER: LOOP START token=81 line=2305 text='struct'
DEBUG C_PARSER: LOOP START token=81 line=2307 text='struct'
[1;36mdebug: [0mc_header: w_name=wl_list_init
[1;36mdebug: [0mc_header: w_name=wl_list_insert
[1;36mdebug: [0mc_header: w_name=wl_list_remove
[1;36mdebug: [0mc_header: w_name=wl_list_length
[1;36mdebug: [0mc_header: w_name=wl_list_empty
[1;36mdebug: [0mc_header: w_name=wl_list_insert_list
DEBUG C_PARSER: LOOP START token=1 line=2330 text='size_t'
DEBUG C_PARSER: LOOP START token=1 line=2332 text='size_t'
DEBUG C_PARSER: LOOP START token=86 line=2334 text='void'
[1;36mdebug: [0mc_header: w_name=wl_array_init
[1;36mdebug: [0mc_header: w_name=wl_array_release
[1;36mdebug: [0mc_header: w_name=wl_array_add
[1;36mdebug: [0mc_header: w_name=wl_array_copy
[1;36mdebug: [0mc_header: w_name=wl_fixed_to_double
[1;36mdebug: [0mc_header: w_name=wl_fixed_from_double
[1;36mdebug: [0mc_header: w_name=wl_fixed_to_int
[1;36mdebug: [0mc_header: w_name=wl_fixed_from_int
DEBUG C_PARSER: LOOP START token=1 line=2376 text='int32_t'
DEBUG C_PARSER: LOOP START token=1 line=2377 text='uint32_t'
DEBUG C_PARSER: LOOP START token=1 line=2378 text='wl_fixed_t'
DEBUG C_PARSER: LOOP START token=59 line=2379 text='const'
DEBUG C_PARSER: LOOP START token=81 line=2380 text='struct'
DEBUG C_PARSER: LOOP START token=1 line=2381 text='uint32_t'
DEBUG C_PARSER: LOOP START token=81 line=2382 text='struct'
DEBUG C_PARSER: LOOP START token=1 line=2383 text='int32_t'
DEBUG C_PARSER: LOOP START token=1
DEBUG C_PARSER: LOOP START token=1
DEBUG C_PARSER: LOOP START token=1
DEBUG C_PARSER: LOOP START token=1
DEBUG C_PARSER: LOOP START token=1
DEBUG C_PARSER: LOOP START token=1
[1;36mdebug: [0mc_header: w_name=wl_event_loop_create
[1;36mdebug: [0mc_header: w_name=wl_event_loop_destroy
[1;36mdebug: [0mc_header: w_name=wl_event_loop_add_fd
[1;36mdebug: [0mc_header: w_name=wl_event_source_fd_update
[1;36mdebug: [0mc_header: w_name=wl_event_loop_add_timer
[1;36mdebug: [0mc_header: w_name=wl_event_loop_add_signal
[1;36mdebug: [0mc_header: w_name=wl_event_source_timer_update
[1;36mdebug: [0mc_header: w_name=wl_event_source_remove
[1;36mdebug: [0mc_header: w_name=wl_event_source_check
[1;36mdebug: [0mc_header: w_name=wl_event_loop_dispatch
[1;36mdebug: [0mc_header: w_name=wl_event_loop_dispatch_idle
[1;36mdebug: [0mc_header: w_name=wl_event_loop_add_idle
[1;36mdebug: [0mc_header: w_name=wl_event_loop_get_fd
[1;36mdebug: [0mc_header: w_name=wl_event_loop_add_destroy_listener
[1;36mdebug: [0mc_header: w_name=wl_event_loop_get_destroy_listener
[1;36mdebug: [0mc_header: w_name=wl_display_create
[1;36mdebug: [0mc_header: w_name=wl_display_destroy
[1;36mdebug: [0mc_header: w_name=wl_display_get_event_loop
[1;36mdebug: [0mc_header: w_name=wl_display_add_socket
[1;36mdebug: [0mc_header: w_name=wl_display_add_socket_auto
[1;36mdebug: [0mc_header: w_name=wl_display_add_socket_fd
[1;36mdebug: [0mc_header: w_name=wl_display_terminate
[1;36mdebug: [0mc_header: w_name=wl_display_run
[1;36mdebug: [0mc_header: w_name=wl_display_flush_clients
[1;36mdebug: [0mc_header: w_name=wl_display_destroy_clients
[1;36mdebug: [0mc_header: w_name=wl_display_set_default_max_buffer_size
[1;36mdebug: [0mc_header: w_name=wl_display_get_serial
[1;36mdebug: [0mc_header: w_name=wl_display_next_serial
[1;36mdebug: [0mc_header: w_name=wl_display_add_destroy_listener
[1;36mdebug: [0mc_header: w_name=wl_display_add_client_created_listener
[1;36mdebug: [0mc_header: w_name=wl_display_get_destroy_listener
[1;36mdebug: [0mc_header: w_name=wl_global_create
[1;36mdebug: [0mc_header: w_name=wl_global_remove
[1;36mdebug: [0mc_header: w_name=wl_global_destroy
[1;36mdebug: [0mc_header: w_name=wl_display_set_global_filter
[1;36mdebug: [0mc_header: w_name=wl_global_get_interface
[1;36mdebug: [0mc_header: w_name=wl_global_get_name
[1;36mdebug: [0mc_header: w_name=wl_global_get_version
[1;36mdebug: [0mc_header: w_name=wl_global_get_display
[1;36mdebug: [0mc_header: w_name=wl_global_get_user_data
[1;36mdebug: [0mc_header: w_name=wl_global_set_user_data
[1;36mdebug: [0mc_header: w_name=wl_client_create
[1;36mdebug: [0mc_header: w_name=wl_display_get_client_list
[1;36mdebug: [0mc_header: w_name=wl_client_get_link
[1;36mdebug: [0mc_header: w_name=wl_client_from_link
[1;36mdebug: [0mc_header: w_name=wl_client_destroy
[1;36mdebug: [0mc_header: w_name=wl_client_flush
[1;36mdebug: [0mc_header: w_name=wl_client_get_credentials
[1;36mdebug: [0mc_header: w_name=wl_client_get_fd
[1;36mdebug: [0mc_header: w_name=wl_client_add_destroy_listener
[1;36mdebug: [0mc_header: w_name=wl_client_get_destroy_listener
[1;36mdebug: [0mc_header: w_name=wl_client_add_destroy_late_listener
[1;36mdebug: [0mc_header: w_name=wl_client_get_destroy_late_listener
[1;36mdebug: [0mc_header: w_name=wl_client_get_object
[1;36mdebug: [0mc_header: w_name=wl_client_post_no_memory
[1;36mdebug: [0mc_header: w_name=wl_client_post_implementation_error
[1;36mdebug: [0mc_header: w_name=wl_client_add_resource_created_listener
[1;36mdebug: [0mc_header: w_name=wl_client_for_each_resource
[1;36mdebug: [0mc_header: w_name=wl_client_set_user_data
[1;36mdebug: [0mc_header: w_name=wl_client_get_user_data
[1;36mdebug: [0mc_header: w_name=wl_client_set_max_buffer_size
DEBUG C_PARSER: LOOP START token=81 line=2672 text='struct'
DEBUG C_PARSER: LOOP START token=1 line=2675 text='wl_notify_func_t'
DEBUG C_PARSER: LOOP START token=81 line=2679 text='struct'
[1;36mdebug: [0mc_header: w_name=wl_signal_init
[1;36mdebug: [0mc_header: w_name=wl_signal_add
[1;36mdebug: [0mc_header: w_name=wl_signal_get
[1;36mdebug: [0mc_header: w_name=wl_signal_emit
[1;36mdebug: [0mc_header: w_name=wl_signal_emit_mutable
[1;36mdebug: [0mc_header: w_name=wl_resource_post_event
[1;36mdebug: [0mc_header: w_name=wl_resource_post_event_array
[1;36mdebug: [0mc_header: w_name=wl_resource_queue_event
[1;36mdebug: [0mc_header: w_name=wl_resource_queue_event_array
[1;36mdebug: [0mc_header: w_name=wl_resource_post_error_vargs
[1;36mdebug: [0mc_header: w_name=wl_resource_post_error
[1;36mdebug: [0mc_header: w_name=wl_resource_post_no_memory
[1;36mdebug: [0mc_header: w_name=wl_client_get_display
[1;36mdebug: [0mc_header: w_name=wl_resource_create
[1;36mdebug: [0mc_header: w_name=wl_resource_set_implementation
[1;36mdebug: [0mc_header: w_name=wl_resource_set_dispatcher
[1;36mdebug: [0mc_header: w_name=wl_resource_destroy
[1;36mdebug: [0mc_header: w_name=wl_resource_get_id
[1;36mdebug: [0mc_header: w_name=wl_resource_get_link
[1;36mdebug: [0mc_header: w_name=wl_resource_from_link
[1;36mdebug: [0mc_header: w_name=wl_resource_find_for_client
[1;36mdebug: [0mc_header: w_name=wl_resource_get_client
[1;36mdebug: [0mc_header: w_name=wl_resource_set_user_data
[1;36mdebug: [0mc_header: w_name=wl_resource_get_user_data
[1;36mdebug: [0mc_header: w_name=wl_resource_get_version
[1;36mdebug: [0mc_header: w_name=wl_resource_set_destructor
[1;36mdebug: [0mc_header: w_name=wl_resource_instance_of
[1;36mdebug: [0mc_header: w_name=wl_resource_get_class
[1;36mdebug: [0mc_header: w_name=wl_resource_get_interface
[1;36mdebug: [0mc_header: w_name=wl_resource_add_destroy_listener
[1;36mdebug: [0mc_header: w_name=wl_resource_get_destroy_listener
[1;36mdebug: [0mc_header: w_name=wl_shm_buffer_get
[1;36mdebug: [0mc_header: w_name=wl_shm_buffer_begin_access
[1;36mdebug: [0mc_header: w_name=wl_shm_buffer_end_access
[1;36mdebug: [0mc_header: w_name=wl_shm_buffer_get_data
[1;36mdebug: [0mc_header: w_name=wl_shm_buffer_get_stride
[1;36mdebug: [0mc_header: w_name=wl_shm_buffer_get_format
[1;36mdebug: [0mc_header: w_name=wl_shm_buffer_get_width
[1;36mdebug: [0mc_header: w_name=wl_shm_buffer_get_height
[1;36mdebug: [0mc_header: w_name=wl_shm_buffer_ref
[1;36mdebug: [0mc_header: w_name=wl_shm_buffer_unref
[1;36mdebug: [0mc_header: w_name=wl_shm_buffer_ref_pool
[1;36mdebug: [0mc_header: w_name=wl_shm_pool_unref
[1;36mdebug: [0mc_header: w_name=wl_display_init_shm
[1;36mdebug: [0mc_header: w_name=wl_display_add_shm_format
[1;36mdebug: [0mc_header: w_name=wl_log_set_handler_server
DEBUG C_PARSER: LOOP START token=1
DEBUG C_PARSER: LOOP START token=1
DEBUG C_PARSER: LOOP START token=81 line=2881 text='struct'
DEBUG C_PARSER: LOOP START token=72 line=2882 text='int'
DEBUG C_PARSER: LOOP START token=59 line=2883 text='const'
DEBUG C_PARSER: LOOP START token=72 line=2884 text='int'
DEBUG C_PARSER: LOOP START token=59 line=2885 text='const'
[1;36mdebug: [0mc_header: w_name=wl_display_add_protocol_logger
[1;36mdebug: [0mc_header: w_name=wl_protocol_logger_destroy
DEBUG C_PARSER: LOOP START token=72
[1;36mdebug: [0mc_header: w_name=__bswap_16
[1;36mdebug: [0mc_header: w_name=__bswap_32
[1;36mdebug: [0mc_header: w_name=__bswap_64
[1;36mdebug: [0mc_header: w_name=__uint16_identity
[1;36mdebug: [0mc_header: w_name=__uint32_identity
[1;36mdebug: [0mc_header: w_name=__uint64_identity
DEBUG C_PARSER: LOOP START token=85
DEBUG C_PARSER: LOOP START token=1 line=492 text='__time_t'
DEBUG C_PARSER: LOOP START token=1 line=493 text='__suseconds_t'
DEBUG C_PARSER: LOOP START token=1 line=505 text='__time_t'
DEBUG C_PARSER: LOOP START token=1 line=510 text='__syscall_slong_t'
DEBUG C_PARSER: LOOP START token=1
[1;36mdebug: [0mc_header: w_name=select
[1;36mdebug: [0mc_header: w_name=pselect
DEBUG C_PARSER: LOOP START token=97
DEBUG C_PARSER: LOOP START token=81
DEBUG C_PARSER: LOOP START token=85
DEBUG C_PARSER: LOOP START token=85
DEBUG C_PARSER: LOOP START token=81
DEBUG C_PARSER: LOOP START token=81
DEBUG C_PARSER: LOOP START token=81
DEBUG C_PARSER: LOOP START token=72 line=623 text='int'
DEBUG C_PARSER: LOOP START token=85 line=624 text='unsigned'
DEBUG C_PARSER: LOOP START token=72 line=625 text='int'
DEBUG C_PARSER: LOOP START token=85 line=627 text='unsigned'
DEBUG C_PARSER: LOOP START token=72 line=631 text='int'
DEBUG C_PARSER: LOOP START token=77 line=633 text='short'
DEBUG C_PARSER: LOOP START token=77 line=634 text='short'
DEBUG C_PARSER: LOOP START token=1 line=635 text='__pthread_list_t'
DEBUG C_PARSER: LOOP START token=85 line=644 text='unsigned'
DEBUG C_PARSER: LOOP START token=85 line=645 text='unsigned'
DEBUG C_PARSER: LOOP START token=85 line=646 text='unsigned'
DEBUG C_PARSER: LOOP START token=85 line=647 text='unsigned'
DEBUG C_PARSER: LOOP START token=85 line=648 text='unsigned'
DEBUG C_PARSER: LOOP START token=85 line=649 text='unsigned'
DEBUG C_PARSER: LOOP START token=72 line=651 text='int'
DEBUG C_PARSER: LOOP START token=72 line=652 text='int'
DEBUG C_PARSER: LOOP START token=85 line=653 text='unsigned'
DEBUG C_PARSER: LOOP START token=85 line=654 text='unsigned'
DEBUG C_PARSER: LOOP START token=85 line=657 text='unsigned'
DEBUG C_PARSER: LOOP START token=1 line=667 text='__atomic_wide_counter'
DEBUG C_PARSER: LOOP START token=1 line=668 text='__atomic_wide_counter'
DEBUG C_PARSER: LOOP START token=85 line=669 text='unsigned'
DEBUG C_PARSER: LOOP START token=85 line=670 text='unsigned'
DEBUG C_PARSER: LOOP START token=85 line=671 text='unsigned'
DEBUG C_PARSER: LOOP START token=85 line=672 text='unsigned'
DEBUG C_PARSER: LOOP START token=85 line=673 text='unsigned'
DEBUG C_PARSER: LOOP START token=85 line=674 text='unsigned'
DEBUG C_PARSER: LOOP START token=72
DEBUG C_PARSER: LOOP START token=58
DEBUG C_PARSER: LOOP START token=72
DEBUG C_PARSER: LOOP START token=58
DEBUG C_PARSER: LOOP START token=72
DEBUG C_PARSER: LOOP START token=58 line=719 text='char'
DEBUG C_PARSER: LOOP START token=73 line=720 text='long'
DEBUG C_PARSER: LOOP START token=81
DEBUG C_PARSER: LOOP START token=58
DEBUG C_PARSER: LOOP START token=73
DEBUG C_PARSER: LOOP START token=81
DEBUG C_PARSER: LOOP START token=58
DEBUG C_PARSER: LOOP START token=97
DEBUG C_PARSER: LOOP START token=81
DEBUG C_PARSER: LOOP START token=58
DEBUG C_PARSER: LOOP START token=73
DEBUG C_PARSER: LOOP START token=58
DEBUG C_PARSER: LOOP START token=73
DEBUG C_PARSER: LOOP START token=58
DEBUG C_PARSER: LOOP START token=73
DEBUG C_PARSER: LOOP START token=58
DEBUG C_PARSER: LOOP START token=72
DEBUG C_PARSER: LOOP START token=1
DEBUG C_PARSER: LOOP START token=1
DEBUG C_PARSER: LOOP START token=1
DEBUG C_PARSER: LOOP START token=1
DEBUG C_PARSER: LOOP START token=1
[1;36mdebug: [0mc_header: w_name=__fpclassify
[1;36mdebug: [0mc_header: w_name=__signbit
[1;36mdebug: [0mc_header: w_name=__isinf
[1;36mdebug: [0mc_header: w_name=__finite
[1;36mdebug: [0mc_header: w_name=__isnan
[1;36mdebug: [0mc_header: w_name=__iseqsig
[1;36mdebug: [0mc_header: w_name=__issignaling
[1;36mdebug: [0mc_header: w_name=acos
[1;36mdebug: [0mc_header: w_name=__acos
[1;36mdebug: [0mc_header: w_name=asin
[1;36mdebug: [0mc_header: w_name=__asin
[1;36mdebug: [0mc_header: w_name=atan
[1;36mdebug: [0mc_header: w_name=__atan
[1;36mdebug: [0mc_header: w_name=atan2
[1;36mdebug: [0mc_header: w_name=__atan2
[1;36mdebug: [0mc_header: w_name=cos
[1;36mdebug: [0mc_header: w_name=__cos
[1;36mdebug: [0mc_header: w_name=sin
[1;36mdebug: [0mc_header: w_name=__sin
[1;36mdebug: [0mc_header: w_name=tan
[1;36mdebug: [0mc_header: w_name=__tan
[1;36mdebug: [0mc_header: w_name=acospi
[1;36mdebug: [0mc_header: w_name=__acospi
[1;36mdebug: [0mc_header: w_name=acospi
[1;36mdebug: [0mc_header: w_name=__acospi
[1;36mdebug: [0mc_header: w_name=asinpi
[1;36mdebug: [0mc_header: w_name=__asinpi
[1;36mdebug: [0mc_header: w_name=asinpi
[1;36mdebug: [0mc_header: w_name=__asinpi
[1;36mdebug: [0mc_header: w_name=atanpi
[1;36mdebug: [0mc_header: w_name=__atanpi
[1;36mdebug: [0mc_header: w_name=atanpi
[1;36mdebug: [0mc_header: w_name=__atanpi
[1;36mdebug: [0mc_header: w_name=atan2pi
[1;36mdebug: [0mc_header: w_name=__atan2pi
[1;36mdebug: [0mc_header: w_name=atan2pi
[1;36mdebug: [0mc_header: w_name=__atan2pi
[1;36mdebug: [0mc_header: w_name=cospi
[1;36mdebug: [0mc_header: w_name=__cospi
[1;36mdebug: [0mc_header: w_name=sinpi
[1;36mdebug: [0mc_header: w_name=__sinpi
[1;36mdebug: [0mc_header: w_name=tanpi
[1;36mdebug: [0mc_header: w_name=__tanpi
[1;36mdebug: [0mc_header: w_name=cosh
[1;36mdebug: [0mc_header: w_name=__cosh
[1;36mdebug: [0mc_header: w_name=sinh
[1;36mdebug: [0mc_header: w_name=__sinh
[1;36mdebug: [0mc_header: w_name=tanh
[1;36mdebug: [0mc_header: w_name=__tanh
[1;36mdebug: [0mc_header: w_name=acosh
[1;36mdebug: [0mc_header: w_name=__acosh
[1;36mdebug: [0mc_header: w_name=asinh
[1;36mdebug: [0mc_header: w_name=__asinh
[1;36mdebug: [0mc_header: w_name=atanh
[1;36mdebug: [0mc_header: w_name=__atanh
[1;36mdebug: [0mc_header: w_name=exp
[1;36mdebug: [0mc_header: w_name=__exp
[1;36mdebug: [0mc_header: w_name=frexp
[1;36mdebug: [0mc_header: w_name=__frexp
[1;36mdebug: [0mc_header: w_name=ldexp
[1;36mdebug: [0mc_header: w_name=__ldexp
[1;36mdebug: [0mc_header: w_name=log
[1;36mdebug: [0mc_header: w_name=__log
[1;36mdebug: [0mc_header: w_name=log10
[1;36mdebug: [0mc_header: w_name=__log10
[1;36mdebug: [0mc_header: w_name=modf
[1;36mdebug: [0mc_header: w_name=__modf
[1;36mdebug: [0mc_header: w_name=exp10
[1;36mdebug: [0mc_header: w_name=__exp10
[1;36mdebug: [0mc_header: w_name=exp2m1
[1;36mdebug: [0mc_header: w_name=__exp2m1
[1;36mdebug: [0mc_header: w_name=exp10m1
[1;36mdebug: [0mc_header: w_name=__exp10m1
[1;36mdebug: [0mc_header: w_name=log2p1
[1;36mdebug: [0mc_header: w_name=__log2p1
[1;36mdebug: [0mc_header: w_name=log10p1
[1;36mdebug: [0mc_header: w_name=__log10p1
[1;36mdebug: [0mc_header: w_name=logp1
[1;36mdebug: [0mc_header: w_name=__logp1
[1;36mdebug: [0mc_header: w_name=expm1
[1;36mdebug: [0mc_header: w_name=__expm1
[1;36mdebug: [0mc_header: w_name=log1p
[1;36mdebug: [0mc_header: w_name=__log1p
[1;36mdebug: [0mc_header: w_name=logb
[1;36mdebug: [0mc_header: w_name=__logb
[1;36mdebug: [0mc_header: w_name=exp2
[1;36mdebug: [0mc_header: w_name=__exp2
[1;36mdebug: [0mc_header: w_name=log2
[1;36mdebug: [0mc_header: w_name=__log2
[1;36mdebug: [0mc_header: w_name=pow
[1;36mdebug: [0mc_header: w_name=__pow
[1;36mdebug: [0mc_header: w_name=sqrt
[1;36mdebug: [0mc_header: w_name=__sqrt
[1;36mdebug: [0mc_header: w_name=hypot
[1;36mdebug: [0mc_header: w_name=__hypot
[1;36mdebug: [0mc_header: w_name=cbrt
[1;36mdebug: [0mc_header: w_name=__cbrt
[1;36mdebug: [0mc_header: w_name=compoundn
[1;36mdebug: [0mc_header: w_name=__compoundn
[1;36mdebug: [0mc_header: w_name=pown
[1;36mdebug: [0mc_header: w_name=__pown
[1;36mdebug: [0mc_header: w_name=powr
[1;36mdebug: [0mc_header: w_name=__powr
[1;36mdebug: [0mc_header: w_name=powr
[1;36mdebug: [0mc_header: w_name=__powr
[1;36mdebug: [0mc_header: w_name=rootn
[1;36mdebug: [0mc_header: w_name=__rootn
[1;36mdebug: [0mc_header: w_name=rsqrt
[1;36mdebug: [0mc_header: w_name=__rsqrt
[1;36mdebug: [0mc_header: w_name=ceil
[1;36mdebug: [0mc_header: w_name=fabs
[1;36mdebug: [0mc_header: w_name=floor
[1;36mdebug: [0mc_header: w_name=fmod
[1;36mdebug: [0mc_header: w_name=__fmod
[1;36mdebug: [0mc_header: w_name=isinf
[1;36mdebug: [0mc_header: w_name=finite
[1;36mdebug: [0mc_header: w_name=drem
[1;36mdebug: [0mc_header: w_name=__drem
[1;36mdebug: [0mc_header: w_name=significand
[1;36mdebug: [0mc_header: w_name=__significand
[1;36mdebug: [0mc_header: w_name=copysign
[1;36mdebug: [0mc_header: w_name=nan
[1;36mdebug: [0mc_header: w_name=__nan
[1;36mdebug: [0mc_header: w_name=isnan
[1;36mdebug: [0mc_header: w_name=j0
[1;36mdebug: [0mc_header: w_name=__j0
[1;36mdebug: [0mc_header: w_name=j1
[1;36mdebug: [0mc_header: w_name=__j1
[1;36mdebug: [0mc_header: w_name=jn
[1;36mdebug: [0mc_header: w_name=__jn
[1;36mdebug: [0mc_header: w_name=y0
[1;36mdebug: [0mc_header: w_name=__y0
[1;36mdebug: [0mc_header: w_name=y1
[1;36mdebug: [0mc_header: w_name=__y1
[1;36mdebug: [0mc_header: w_name=yn
[1;36mdebug: [0mc_header: w_name=__yn
[1;36mdebug: [0mc_header: w_name=erf
[1;36mdebug: [0mc_header: w_name=__erf
[1;36mdebug: [0mc_header: w_name=erfc
[1;36mdebug: [0mc_header: w_name=__erfc
[1;36mdebug: [0mc_header: w_name=lgamma
[1;36mdebug: [0mc_header: w_name=__lgamma
[1;36mdebug: [0mc_header: w_name=tgamma
[1;36mdebug: [0mc_header: w_name=__tgamma
[1;36mdebug: [0mc_header: w_name=gamma
[1;36mdebug: [0mc_header: w_name=__gamma
[1;36mdebug: [0mc_header: w_name=lgamma_r
[1;36mdebug: [0mc_header: w_name=__lgamma_r
[1;36mdebug: [0mc_header: w_name=rint
[1;36mdebug: [0mc_header: w_name=__rint
[1;36mdebug: [0mc_header: w_name=nextafter
[1;36mdebug: [0mc_header: w_name=__nextafter
[1;36mdebug: [0mc_header: w_name=nexttoward
[1;36mdebug: [0mc_header: w_name=__nexttoward
[1;36mdebug: [0mc_header: w_name=nextdown
[1;36mdebug: [0mc_header: w_name=__nextdown
[1;36mdebug: [0mc_header: w_name=nextup
[1;36mdebug: [0mc_header: w_name=__nextup
[1;36mdebug: [0mc_header: w_name=remainder
[1;36mdebug: [0mc_header: w_name=__remainder
[1;36mdebug: [0mc_header: w_name=scalbn
[1;36mdebug: [0mc_header: w_name=__scalbn
[1;36mdebug: [0mc_header: w_name=ilogb
[1;36mdebug: [0mc_header: w_name=__ilogb
[1;36mdebug: [0mc_header: w_name=llogb
[1;36mdebug: [0mc_header: w_name=__llogb
[1;36mdebug: [0mc_header: w_name=scalbln
[1;36mdebug: [0mc_header: w_name=__scalbln
[1;36mdebug: [0mc_header: w_name=nearbyint
[1;36mdebug: [0mc_header: w_name=__nearbyint
[1;36mdebug: [0mc_header: w_name=round
[1;36mdebug: [0mc_header: w_name=trunc
[1;36mdebug: [0mc_header: w_name=remquo
[1;36mdebug: [0mc_header: w_name=__remquo
[1;36mdebug: [0mc_header: w_name=lrint
[1;36mdebug: [0mc_header: w_name=__lrint
[1;36mdebug: [0mc_header: w_name=llrint
[1;36mdebug: [0mc_header: w_name=__llrint
[1;36mdebug: [0mc_header: w_name=lround
[1;36mdebug: [0mc_header: w_name=__lround
[1;36mdebug: [0mc_header: w_name=llround
[1;36mdebug: [0mc_header: w_name=__llround
[1;36mdebug: [0mc_header: w_name=fdim
[1;36mdebug: [0mc_header: w_name=__fdim
[1;36mdebug: [0mc_header: w_name=fmax
[1;36mdebug: [0mc_header: w_name=fmin
[1;36mdebug: [0mc_header: w_name=fma
[1;36mdebug: [0mc_header: w_name=__fma
[1;36mdebug: [0mc_header: w_name=roundeven
[1;36mdebug: [0mc_header: w_name=fromfp
[1;36mdebug: [0mc_header: w_name=__fromfp
[1;36mdebug: [0mc_header: w_name=ufromfp
[1;36mdebug: [0mc_header: w_name=__ufromfp
[1;36mdebug: [0mc_header: w_name=fromfpx
[1;36mdebug: [0mc_header: w_name=__fromfpx
[1;36mdebug: [0mc_header: w_name=ufromfpx
[1;36mdebug: [0mc_header: w_name=__ufromfpx
[1;36mdebug: [0mc_header: w_name=canonicalize
[1;36mdebug: [0mc_header: w_name=fmaximum
[1;36mdebug: [0mc_header: w_name=fminimum
[1;36mdebug: [0mc_header: w_name=fmaximum_num
[1;36mdebug: [0mc_header: w_name=fminimum_num
[1;36mdebug: [0mc_header: w_name=fmaximum_mag
[1;36mdebug: [0mc_header: w_name=fminimum_mag
[1;36mdebug: [0mc_header: w_name=fmaximum_mag_num
[1;36mdebug: [0mc_header: w_name=fminimum_mag_num
[1;36mdebug: [0mc_header: w_name=scalb
[1;36mdebug: [0mc_header: w_name=__scalb
[1;36mdebug: [0mc_header: w_name=__fpclassifyf
[1;36mdebug: [0mc_header: w_name=__signbitf
[1;36mdebug: [0mc_header: w_name=__isinff
[1;36mdebug: [0mc_header: w_name=__finitef
[1;36mdebug: [0mc_header: w_name=__isnanf
[1;36mdebug: [0mc_header: w_name=__iseqsigf
[1;36mdebug: [0mc_header: w_name=__issignalingf
[1;36mdebug: [0mc_header: w_name=acosf
[1;36mdebug: [0mc_header: w_name=__acosf
[1;36mdebug: [0mc_header: w_name=asinf
[1;36mdebug: [0mc_header: w_name=__asinf
[1;36mdebug: [0mc_header: w_name=atanf
[1;36mdebug: [0mc_header: w_name=__atanf
[1;36mdebug: [0mc_header: w_name=atan2f
[1;36mdebug: [0mc_header: w_name=__atan2f
[1;36mdebug: [0mc_header: w_name=cosf
[1;36mdebug: [0mc_header: w_name=__cosf
[1;36mdebug: [0mc_header: w_name=sinf
[1;36mdebug: [0mc_header: w_name=__sinf
[1;36mdebug: [0mc_header: w_name=tanf
[1;36mdebug: [0mc_header: w_name=__tanf
[1;36mdebug: [0mc_header: w_name=acospif
[1;36mdebug: [0mc_header: w_name=__acospif
[1;36mdebug: [0mc_header: w_name=acospif
[1;36mdebug: [0mc_header: w_name=__acospif
[1;36mdebug: [0mc_header: w_name=asinpif
[1;36mdebug: [0mc_header: w_name=__asinpif
[1;36mdebug: [0mc_header: w_name=asinpif
[1;36mdebug: [0mc_header: w_name=__asinpif
[1;36mdebug: [0mc_header: w_name=atanpif
[1;36mdebug: [0mc_header: w_name=__atanpif
[1;36mdebug: [0mc_header: w_name=atanpif
[1;36mdebug: [0mc_header: w_name=__atanpif
[1;36mdebug: [0mc_header: w_name=atan2pif
[1;36mdebug: [0mc_header: w_name=__atan2pif
[1;36mdebug: [0mc_header: w_name=atan2pif
[1;36mdebug: [0mc_header: w_name=__atan2pif
[1;36mdebug: [0mc_header: w_name=cospif
[1;36mdebug: [0mc_header: w_name=__cospif
[1;36mdebug: [0mc_header: w_name=sinpif
[1;36mdebug: [0mc_header: w_name=__sinpif
[1;36mdebug: [0mc_header: w_name=tanpif
[1;36mdebug: [0mc_header: w_name=__tanpif
[1;36mdebug: [0mc_header: w_name=coshf
[1;36mdebug: [0mc_header: w_name=__coshf
[1;36mdebug: [0mc_header: w_name=sinhf
[1;36mdebug: [0mc_header: w_name=__sinhf
[1;36mdebug: [0mc_header: w_name=tanhf
[1;36mdebug: [0mc_header: w_name=__tanhf
[1;36mdebug: [0mc_header: w_name=acoshf
[1;36mdebug: [0mc_header: w_name=__acoshf
[1;36mdebug: [0mc_header: w_name=asinhf
[1;36mdebug: [0mc_header: w_name=__asinhf
[1;36mdebug: [0mc_header: w_name=atanhf
[1;36mdebug: [0mc_header: w_name=__atanhf
[1;36mdebug: [0mc_header: w_name=expf
[1;36mdebug: [0mc_header: w_name=__expf
[1;36mdebug: [0mc_header: w_name=frexpf
[1;36mdebug: [0mc_header: w_name=__frexpf
[1;36mdebug: [0mc_header: w_name=ldexpf
[1;36mdebug: [0mc_header: w_name=__ldexpf
[1;36mdebug: [0mc_header: w_name=logf
[1;36mdebug: [0mc_header: w_name=__logf
[1;36mdebug: [0mc_header: w_name=log10f
[1;36mdebug: [0mc_header: w_name=__log10f
[1;36mdebug: [0mc_header: w_name=modff
[1;36mdebug: [0mc_header: w_name=__modff
[1;36mdebug: [0mc_header: w_name=exp10f
[1;36mdebug: [0mc_header: w_name=__exp10f
[1;36mdebug: [0mc_header: w_name=exp2m1f
[1;36mdebug: [0mc_header: w_name=__exp2m1f
[1;36mdebug: [0mc_header: w_name=exp10m1f
[1;36mdebug: [0mc_header: w_name=__exp10m1f
[1;36mdebug: [0mc_header: w_name=log2p1f
[1;36mdebug: [0mc_header: w_name=__log2p1f
[1;36mdebug: [0mc_header: w_name=log10p1f
[1;36mdebug: [0mc_header: w_name=__log10p1f
[1;36mdebug: [0mc_header: w_name=logp1f
[1;36mdebug: [0mc_header: w_name=__logp1f
[1;36mdebug: [0mc_header: w_name=expm1f
[1;36mdebug: [0mc_header: w_name=__expm1f
[1;36mdebug: [0mc_header: w_name=log1pf
[1;36mdebug: [0mc_header: w_name=__log1pf
[1;36mdebug: [0mc_header: w_name=logbf
[1;36mdebug: [0mc_header: w_name=__logbf
[1;36mdebug: [0mc_header: w_name=exp2f
[1;36mdebug: [0mc_header: w_name=__exp2f
[1;36mdebug: [0mc_header: w_name=log2f
[1;36mdebug: [0mc_header: w_name=__log2f
[1;36mdebug: [0mc_header: w_name=powf
[1;36mdebug: [0mc_header: w_name=__powf
[1;36mdebug: [0mc_header: w_name=sqrtf
[1;36mdebug: [0mc_header: w_name=__sqrtf
[1;36mdebug: [0mc_header: w_name=hypotf
[1;36mdebug: [0mc_header: w_name=__hypotf
[1;36mdebug: [0mc_header: w_name=cbrtf
[1;36mdebug: [0mc_header: w_name=__cbrtf
[1;36mdebug: [0mc_header: w_name=compoundnf
[1;36mdebug: [0mc_header: w_name=__compoundnf
[1;36mdebug: [0mc_header: w_name=pownf
[1;36mdebug: [0mc_header: w_name=__pownf
[1;36mdebug: [0mc_header: w_name=powrf
[1;36mdebug: [0mc_header: w_name=__powrf
[1;36mdebug: [0mc_header: w_name=powrf
[1;36mdebug: [0mc_header: w_name=__powrf
[1;36mdebug: [0mc_header: w_name=rootnf
[1;36mdebug: [0mc_header: w_name=__rootnf
[1;36mdebug: [0mc_header: w_name=rsqrtf
[1;36mdebug: [0mc_header: w_name=__rsqrtf
[1;36mdebug: [0mc_header: w_name=ceilf
[1;36mdebug: [0mc_header: w_name=fabsf
[1;36mdebug: [0mc_header: w_name=floorf
[1;36mdebug: [0mc_header: w_name=fmodf
[1;36mdebug: [0mc_header: w_name=__fmodf
[1;36mdebug: [0mc_header: w_name=isinff
[1;36mdebug: [0mc_header: w_name=finitef
[1;36mdebug: [0mc_header: w_name=dremf
[1;36mdebug: [0mc_header: w_name=__dremf
[1;36mdebug: [0mc_header: w_name=significandf
[1;36mdebug: [0mc_header: w_name=__significandf
[1;36mdebug: [0mc_header: w_name=copysignf
[1;36mdebug: [0mc_header: w_name=nanf
[1;36mdebug: [0mc_header: w_name=__nanf
[1;36mdebug: [0mc_header: w_name=isnanf
[1;36mdebug: [0mc_header: w_name=j0f
[1;36mdebug: [0mc_header: w_name=__j0f
[1;36mdebug: [0mc_header: w_name=j1f
[1;36mdebug: [0mc_header: w_name=__j1f
[1;36mdebug: [0mc_header: w_name=jnf
[1;36mdebug: [0mc_header: w_name=__jnf
[1;36mdebug: [0mc_header: w_name=y0f
[1;36mdebug: [0mc_header: w_name=__y0f
[1;36mdebug: [0mc_header: w_name=y1f
[1;36mdebug: [0mc_header: w_name=__y1f
[1;36mdebug: [0mc_header: w_name=ynf
[1;36mdebug: [0mc_header: w_name=__ynf
[1;36mdebug: [0mc_header: w_name=erff
[1;36mdebug: [0mc_header: w_name=__erff
[1;36mdebug: [0mc_header: w_name=erfcf
[1;36mdebug: [0mc_header: w_name=__erfcf
[1;36mdebug: [0mc_header: w_name=lgammaf
[1;36mdebug: [0mc_header: w_name=__lgammaf
[1;36mdebug: [0mc_header: w_name=tgammaf
[1;36mdebug: [0mc_header: w_name=__tgammaf
[1;36mdebug: [0mc_header: w_name=gammaf
[1;36mdebug: [0mc_header: w_name=__gammaf
[1;36mdebug: [0mc_header: w_name=lgammaf_r
[1;36mdebug: [0mc_header: w_name=__lgammaf_r
[1;36mdebug: [0mc_header: w_name=rintf
[1;36mdebug: [0mc_header: w_name=__rintf
[1;36mdebug: [0mc_header: w_name=nextafterf
[1;36mdebug: [0mc_header: w_name=__nextafterf
[1;36mdebug: [0mc_header: w_name=nexttowardf
[1;36mdebug: [0mc_header: w_name=__nexttowardf
[1;36mdebug: [0mc_header: w_name=nextdownf
[1;36mdebug: [0mc_header: w_name=__nextdownf
[1;36mdebug: [0mc_header: w_name=nextupf
[1;36mdebug: [0mc_header: w_name=__nextupf
[1;36mdebug: [0mc_header: w_name=remainderf
[1;36mdebug: [0mc_header: w_name=__remainderf
[1;36mdebug: [0mc_header: w_name=scalbnf
[1;36mdebug: [0mc_header: w_name=__scalbnf
[1;36mdebug: [0mc_header: w_name=ilogbf
[1;36mdebug: [0mc_header: w_name=__ilogbf
[1;36mdebug: [0mc_header: w_name=llogbf
[1;36mdebug: [0mc_header: w_name=__llogbf
[1;36mdebug: [0mc_header: w_name=scalblnf
[1;36mdebug: [0mc_header: w_name=__scalblnf
[1;36mdebug: [0mc_header: w_name=nearbyintf
[1;36mdebug: [0mc_header: w_name=__nearbyintf
[1;36mdebug: [0mc_header: w_name=roundf
[1;36mdebug: [0mc_header: w_name=truncf
[1;36mdebug: [0mc_header: w_name=remquof
[1;36mdebug: [0mc_header: w_name=__remquof
[1;36mdebug: [0mc_header: w_name=lrintf
[1;36mdebug: [0mc_header: w_name=__lrintf
[1;36mdebug: [0mc_header: w_name=llrintf
[1;36mdebug: [0mc_header: w_name=__llrintf
[1;36mdebug: [0mc_header: w_name=lroundf
[1;36mdebug: [0mc_header: w_name=__lroundf
[1;36mdebug: [0mc_header: w_name=llroundf
[1;36mdebug: [0mc_header: w_name=__llroundf
[1;36mdebug: [0mc_header: w_name=fdimf
[1;36mdebug: [0mc_header: w_name=__fdimf
[1;36mdebug: [0mc_header: w_name=fmaxf
[1;36mdebug: [0mc_header: w_name=fminf
[1;36mdebug: [0mc_header: w_name=fmaf
[1;36mdebug: [0mc_header: w_name=__fmaf
[1;36mdebug: [0mc_header: w_name=roundevenf
[1;36mdebug: [0mc_header: w_name=fromfpf
[1;36mdebug: [0mc_header: w_name=__fromfpf
[1;36mdebug: [0mc_header: w_name=ufromfpf
[1;36mdebug: [0mc_header: w_name=__ufromfpf
[1;36mdebug: [0mc_header: w_name=fromfpxf
[1;36mdebug: [0mc_header: w_name=__fromfpxf
[1;36mdebug: [0mc_header: w_name=ufromfpxf
[1;36mdebug: [0mc_header: w_name=__ufromfpxf
[1;36mdebug: [0mc_header: w_name=canonicalizef
[1;36mdebug: [0mc_header: w_name=fmaximumf
[1;36mdebug: [0mc_header: w_name=fminimumf
[1;36mdebug: [0mc_header: w_name=fmaximum_numf
[1;36mdebug: [0mc_header: w_name=fminimum_numf
[1;36mdebug: [0mc_header: w_name=fmaximum_magf
[1;36mdebug: [0mc_header: w_name=fminimum_magf
[1;36mdebug: [0mc_header: w_name=fmaximum_mag_numf
[1;36mdebug: [0mc_header: w_name=fminimum_mag_numf
[1;36mdebug: [0mc_header: w_name=scalbf
[1;36mdebug: [0mc_header: w_name=__scalbf
[1;36mdebug: [0mc_header: w_name=__fpclassifyl
[1;36mdebug: [0mc_header: w_name=__signbitl
[1;36mdebug: [0mc_header: w_name=__isinfl
[1;36mdebug: [0mc_header: w_name=__finitel
[1;36mdebug: [0mc_header: w_name=__isnanl
[1;36mdebug: [0mc_header: w_name=__iseqsigl
[1;36mdebug: [0mc_header: w_name=__issignalingl
[1;36mdebug: [0mc_header: w_name=acosl
[1;36mdebug: [0mc_header: w_name=__acosl
[1;36mdebug: [0mc_header: w_name=asinl
[1;36mdebug: [0mc_header: w_name=__asinl
[1;36mdebug: [0mc_header: w_name=atanl
[1;36mdebug: [0mc_header: w_name=__atanl
[1;36mdebug: [0mc_header: w_name=atan2l
[1;36mdebug: [0mc_header: w_name=__atan2l
[1;36mdebug: [0mc_header: w_name=cosl
[1;36mdebug: [0mc_header: w_name=__cosl
[1;36mdebug: [0mc_header: w_name=sinl
[1;36mdebug: [0mc_header: w_name=__sinl
[1;36mdebug: [0mc_header: w_name=tanl
[1;36mdebug: [0mc_header: w_name=__tanl
[1;36mdebug: [0mc_header: w_name=acospil
[1;36mdebug: [0mc_header: w_name=__acospil
[1;36mdebug: [0mc_header: w_name=acospil
[1;36mdebug: [0mc_header: w_name=__acospil
[1;36mdebug: [0mc_header: w_name=asinpil
[1;36mdebug: [0mc_header: w_name=__asinpil
[1;36mdebug: [0mc_header: w_name=asinpil
[1;36mdebug: [0mc_header: w_name=__asinpil
[1;36mdebug: [0mc_header: w_name=atanpil
[1;36mdebug: [0mc_header: w_name=__atanpil
[1;36mdebug: [0mc_header: w_name=atanpil
[1;36mdebug: [0mc_header: w_name=__atanpil
[1;36mdebug: [0mc_header: w_name=atan2pil
[1;36mdebug: [0mc_header: w_name=__atan2pil
[1;36mdebug: [0mc_header: w_name=atan2pil
[1;36mdebug: [0mc_header: w_name=__atan2pil
[1;36mdebug: [0mc_header: w_name=cospil
[1;36mdebug: [0mc_header: w_name=__cospil
[1;36mdebug: [0mc_header: w_name=sinpil
[1;36mdebug: [0mc_header: w_name=__sinpil
[1;36mdebug: [0mc_header: w_name=tanpil
[1;36mdebug: [0mc_header: w_name=__tanpil
[1;36mdebug: [0mc_header: w_name=coshl
[1;36mdebug: [0mc_header: w_name=__coshl
[1;36mdebug: [0mc_header: w_name=sinhl
[1;36mdebug: [0mc_header: w_name=__sinhl
[1;36mdebug: [0mc_header: w_name=tanhl
[1;36mdebug: [0mc_header: w_name=__tanhl
[1;36mdebug: [0mc_header: w_name=acoshl
[1;36mdebug: [0mc_header: w_name=__acoshl
[1;36mdebug: [0mc_header: w_name=asinhl
[1;36mdebug: [0mc_header: w_name=__asinhl
[1;36mdebug: [0mc_header: w_name=atanhl
[1;36mdebug: [0mc_header: w_name=__atanhl
[1;36mdebug: [0mc_header: w_name=expl
[1;36mdebug: [0mc_header: w_name=__expl
[1;36mdebug: [0mc_header: w_name=frexpl
[1;36mdebug: [0mc_header: w_name=__frexpl
[1;36mdebug: [0mc_header: w_name=ldexpl
[1;36mdebug: [0mc_header: w_name=__ldexpl
[1;36mdebug: [0mc_header: w_name=logl
[1;36mdebug: [0mc_header: w_name=__logl
[1;36mdebug: [0mc_header: w_name=log10l
[1;36mdebug: [0mc_header: w_name=__log10l
[1;36mdebug: [0mc_header: w_name=modfl
[1;36mdebug: [0mc_header: w_name=__modfl
[1;36mdebug: [0mc_header: w_name=exp10l
[1;36mdebug: [0mc_header: w_name=__exp10l
[1;36mdebug: [0mc_header: w_name=exp2m1l
[1;36mdebug: [0mc_header: w_name=__exp2m1l
[1;36mdebug: [0mc_header: w_name=exp10m1l
[1;36mdebug: [0mc_header: w_name=__exp10m1l
[1;36mdebug: [0mc_header: w_name=log2p1l
[1;36mdebug: [0mc_header: w_name=__log2p1l
[1;36mdebug: [0mc_header: w_name=log10p1l
[1;36mdebug: [0mc_header: w_name=__log10p1l
[1;36mdebug: [0mc_header: w_name=logp1l
[1;36mdebug: [0mc_header: w_name=__logp1l
[1;36mdebug: [0mc_header: w_name=expm1l
[1;36mdebug: [0mc_header: w_name=__expm1l
[1;36mdebug: [0mc_header: w_name=log1pl
[1;36mdebug: [0mc_header: w_name=__log1pl
[1;36mdebug: [0mc_header: w_name=logbl
[1;36mdebug: [0mc_header: w_name=__logbl
[1;36mdebug: [0mc_header: w_name=exp2l
[1;36mdebug: [0mc_header: w_name=__exp2l
[1;36mdebug: [0mc_header: w_name=log2l
[1;36mdebug: [0mc_header: w_name=__log2l
[1;36mdebug: [0mc_header: w_name=powl
[1;36mdebug: [0mc_header: w_name=__powl
[1;36mdebug: [0mc_header: w_name=sqrtl
[1;36mdebug: [0mc_header: w_name=__sqrtl
[1;36mdebug: [0mc_header: w_name=hypotl
[1;36mdebug: [0mc_header: w_name=__hypotl
[1;36mdebug: [0mc_header: w_name=cbrtl
[1;36mdebug: [0mc_header: w_name=__cbrtl
[1;36mdebug: [0mc_header: w_name=compoundnl
[1;36mdebug: [0mc_header: w_name=__compoundnl
[1;36mdebug: [0mc_header: w_name=pownl
[1;36mdebug: [0mc_header: w_name=__pownl
[1;36mdebug: [0mc_header: w_name=powrl
[1;36mdebug: [0mc_header: w_name=__powrl
[1;36mdebug: [0mc_header: w_name=powrl
[1;36mdebug: [0mc_header: w_name=__powrl
[1;36mdebug: [0mc_header: w_name=rootnl
[1;36mdebug: [0mc_header: w_name=__rootnl
[1;36mdebug: [0mc_header: w_name=rsqrtl
[1;36mdebug: [0mc_header: w_name=__rsqrtl
[1;36mdebug: [0mc_header: w_name=ceill
[1;36mdebug: [0mc_header: w_name=fabsl
[1;36mdebug: [0mc_header: w_name=floorl
[1;36mdebug: [0mc_header: w_name=fmodl
[1;36mdebug: [0mc_header: w_name=__fmodl
[1;36mdebug: [0mc_header: w_name=isinfl
[1;36mdebug: [0mc_header: w_name=finitel
[1;36mdebug: [0mc_header: w_name=dreml
[1;36mdebug: [0mc_header: w_name=__dreml
[1;36mdebug: [0mc_header: w_name=significandl
[1;36mdebug: [0mc_header: w_name=__significandl
[1;36mdebug: [0mc_header: w_name=copysignl
[1;36mdebug: [0mc_header: w_name=nanl
[1;36mdebug: [0mc_header: w_name=__nanl
[1;36mdebug: [0mc_header: w_name=isnanl
[1;36mdebug: [0mc_header: w_name=j0l
[1;36mdebug: [0mc_header: w_name=__j0l
[1;36mdebug: [0mc_header: w_name=j1l
[1;36mdebug: [0mc_header: w_name=__j1l
[1;36mdebug: [0mc_header: w_name=jnl
[1;36mdebug: [0mc_header: w_name=__jnl
[1;36mdebug: [0mc_header: w_name=y0l
[1;36mdebug: [0mc_header: w_name=__y0l
[1;36mdebug: [0mc_header: w_name=y1l
[1;36mdebug: [0mc_header: w_name=__y1l
[1;36mdebug: [0mc_header: w_name=ynl
[1;36mdebug: [0mc_header: w_name=__ynl
[1;36mdebug: [0mc_header: w_name=erfl
[1;36mdebug: [0mc_header: w_name=__erfl
[1;36mdebug: [0mc_header: w_name=erfcl
[1;36mdebug: [0mc_header: w_name=__erfcl
[1;36mdebug: [0mc_header: w_name=lgammal
[1;36mdebug: [0mc_header: w_name=__lgammal
[1;36mdebug: [0mc_header: w_name=tgammal
[1;36mdebug: [0mc_header: w_name=__tgammal
[1;36mdebug: [0mc_header: w_name=gammal
[1;36mdebug: [0mc_header: w_name=__gammal
[1;36mdebug: [0mc_header: w_name=lgammal_r
[1;36mdebug: [0mc_header: w_name=__lgammal_r
[1;36mdebug: [0mc_header: w_name=rintl
[1;36mdebug: [0mc_header: w_name=__rintl
[1;36mdebug: [0mc_header: w_name=nextafterl
[1;36mdebug: [0mc_header: w_name=__nextafterl
[1;36mdebug: [0mc_header: w_name=nexttowardl
[1;36mdebug: [0mc_header: w_name=__nexttowardl
[1;36mdebug: [0mc_header: w_name=nextdownl
[1;36mdebug: [0mc_header: w_name=__nextdownl
[1;36mdebug: [0mc_header: w_name=nextupl
[1;36mdebug: [0mc_header: w_name=__nextupl
[1;36mdebug: [0mc_header: w_name=remainderl
[1;36mdebug: [0mc_header: w_name=__remainderl
[1;36mdebug: [0mc_header: w_name=scalbnl
[1;36mdebug: [0mc_header: w_name=__scalbnl
[1;36mdebug: [0mc_header: w_name=ilogbl
[1;36mdebug: [0mc_header: w_name=__ilogbl
[1;36mdebug: [0mc_header: w_name=llogbl
[1;36mdebug: [0mc_header: w_name=__llogbl
[1;36mdebug: [0mc_header: w_name=scalblnl
[1;36mdebug: [0mc_header: w_name=__scalblnl
[1;36mdebug: [0mc_header: w_name=nearbyintl
[1;36mdebug: [0mc_header: w_name=__nearbyintl
[1;36mdebug: [0mc_header: w_name=roundl
[1;36mdebug: [0mc_header: w_name=truncl
[1;36mdebug: [0mc_header: w_name=remquol
[1;36mdebug: [0mc_header: w_name=__remquol
[1;36mdebug: [0mc_header: w_name=lrintl
[1;36mdebug: [0mc_header: w_name=__lrintl
[1;36mdebug: [0mc_header: w_name=llrintl
[1;36mdebug: [0mc_header: w_name=__llrintl
[1;36mdebug: [0mc_header: w_name=lroundl
[1;36mdebug: [0mc_header: w_name=__lroundl
[1;36mdebug: [0mc_header: w_name=llroundl
[1;36mdebug: [0mc_header: w_name=__llroundl
[1;36mdebug: [0mc_header: w_name=fdiml
[1;36mdebug: [0mc_header: w_name=__fdiml
[1;36mdebug: [0mc_header: w_name=fmaxl
[1;36mdebug: [0mc_header: w_name=fminl
[1;36mdebug: [0mc_header: w_name=fmal
[1;36mdebug: [0mc_header: w_name=__fmal
[1;36mdebug: [0mc_header: w_name=roundevenl
[1;36mdebug: [0mc_header: w_name=fromfpl
[1;36mdebug: [0mc_header: w_name=__fromfpl
[1;36mdebug: [0mc_header: w_name=ufromfpl
[1;36mdebug: [0mc_header: w_name=__ufromfpl
[1;36mdebug: [0mc_header: w_name=fromfpxl
[1;36mdebug: [0mc_header: w_name=__fromfpxl
[1;36mdebug: [0mc_header: w_name=ufromfpxl
[1;36mdebug: [0mc_header: w_name=__ufromfpxl
[1;36mdebug: [0mc_header: w_name=canonicalizel
[1;36mdebug: [0mc_header: w_name=fmaximuml
[1;36mdebug: [0mc_header: w_name=fminimuml
[1;36mdebug: [0mc_header: w_name=fmaximum_numl
[1;36mdebug: [0mc_header: w_name=fminimum_numl
[1;36mdebug: [0mc_header: w_name=fmaximum_magl
[1;36mdebug: [0mc_header: w_name=fminimum_magl
[1;36mdebug: [0mc_header: w_name=fmaximum_mag_numl
[1;36mdebug: [0mc_header: w_name=fminimum_mag_numl
[1;36mdebug: [0mc_header: w_name=scalbl
[1;36mdebug: [0mc_header: w_name=__scalbl
[1;36mdebug: [0mc_header: w_name=__fpclassifyf128
[1;36mdebug: [0mc_header: w_name=__signbitf128
[1;36mdebug: [0mc_header: w_name=__isinff128
[1;36mdebug: [0mc_header: w_name=__finitef128
[1;36mdebug: [0mc_header: w_name=__isnanf128
[1;36mdebug: [0mc_header: w_name=__iseqsigf128
[1;36mdebug: [0mc_header: w_name=__issignalingf128
[1;36mdebug: [0mc_header: w_name=fadd
[1;36mdebug: [0mc_header: w_name=fdiv
[1;36mdebug: [0mc_header: w_name=ffma
[1;36mdebug: [0mc_header: w_name=fmul
[1;36mdebug: [0mc_header: w_name=fsqrt
[1;36mdebug: [0mc_header: w_name=fsub
[1;36mdebug: [0mc_header: w_name=faddl
[1;36mdebug: [0mc_header: w_name=fdivl
[1;36mdebug: [0mc_header: w_name=ffmal
[1;36mdebug: [0mc_header: w_name=fmull
[1;36mdebug: [0mc_header: w_name=fsqrtl
[1;36mdebug: [0mc_header: w_name=fsubl
[1;36mdebug: [0mc_header: w_name=daddl
[1;36mdebug: [0mc_header: w_name=ddivl
[1;36mdebug: [0mc_header: w_name=dfmal
[1;36mdebug: [0mc_header: w_name=dmull
[1;36mdebug: [0mc_header: w_name=dsqrtl
[1;36mdebug: [0mc_header: w_name=dsubl
DEBUG C_PARSER: LOOP START token=1
DEBUG C_PARSER: LOOP START token=1
DEBUG C_PARSER: LOOP START token=1
DEBUG C_PARSER: LOOP START token=1
DEBUG C_PARSER: LOOP START token=1
[1;36mdebug: [0mc_header: w_name=__iscanonicall
DEBUG C_PARSER: LOOP START token=73
DEBUG C_PARSER: LOOP START token=73
DEBUG C_PARSER: LOOP START token=73
DEBUG C_PARSER: LOOP START token=73
[1;36mdebug: [0mc_header: w_name=imaxabs
[1;36mdebug: [0mc_header: w_name=imaxdiv
[1;36mdebug: [0mc_header: w_name=strtoimax
[1;36mdebug: [0mc_header: w_name=strtoumax
[1;36mdebug: [0mc_header: w_name=wcstoimax
[1;36mdebug: [0mc_header: w_name=wcstoumax
[1;36mdebug: [0mc_header: w_name=strtoimax
[1;36mdebug: [0mc_header: w_name=strtoumax
[1;36mdebug: [0mc_header: w_name=wcstoimax
[1;36mdebug: [0mc_header: w_name=wcstoumax
DEBUG C_PARSER: LOOP START token=59 line=2281 text='const'
DEBUG C_PARSER: LOOP START token=59 line=2283 text='const'
DEBUG C_PARSER: LOOP START token=59 line=2285 text='const'
DEBUG C_PARSER: LOOP START token=59 line=2290 text='const'
DEBUG C_PARSER: LOOP START token=72 line=2292 text='int'
DEBUG C_PARSER: LOOP START token=72 line=2294 text='int'
DEBUG C_PARSER: LOOP START token=59 line=2296 text='const'
DEBUG C_PARSER: LOOP START token=72 line=2298 text='int'
DEBUG C_PARSER: LOOP START token=59 line=2300 text='const'
DEBUG C_PARSER: LOOP START token=81 line=2305 text='struct'
DEBUG C_PARSER: LOOP START token=81 line=2307 text='struct'
[1;36mdebug: [0mc_header: w_name=wl_list_init
[1;36mdebug: [0mc_header: w_name=wl_list_insert
[1;36mdebug: [0mc_header: w_name=wl_list_remove
[1;36mdebug: [0mc_header: w_name=wl_list_length
[1;36mdebug: [0mc_header: w_name=wl_list_empty
[1;36mdebug: [0mc_header: w_name=wl_list_insert_list
DEBUG C_PARSER: LOOP START token=1 line=2330 text='size_t'
DEBUG C_PARSER: LOOP START token=1 line=2332 text='size_t'
DEBUG C_PARSER: LOOP START token=86 line=2334 text='void'
[1;36mdebug: [0mc_header: w_name=wl_array_init
[1;36mdebug: [0mc_header: w_name=wl_array_release
[1;36mdebug: [0mc_header: w_name=wl_array_add
[1;36mdebug: [0mc_header: w_name=wl_array_copy
[1;36mdebug: [0mc_header: w_name=wl_fixed_to_double
[1;36mdebug: [0mc_header: w_name=wl_fixed_from_double
[1;36mdebug: [0mc_header: w_name=wl_fixed_to_int
[1;36mdebug: [0mc_header: w_name=wl_fixed_from_int
DEBUG C_PARSER: LOOP START token=1 line=2376 text='int32_t'
DEBUG C_PARSER: LOOP START token=1 line=2377 text='uint32_t'
DEBUG C_PARSER: LOOP START token=1 line=2378 text='wl_fixed_t'
DEBUG C_PARSER: LOOP START token=59 line=2379 text='const'
DEBUG C_PARSER: LOOP START token=81 line=2380 text='struct'
DEBUG C_PARSER: LOOP START token=1 line=2381 text='uint32_t'
DEBUG C_PARSER: LOOP START token=81 line=2382 text='struct'
DEBUG C_PARSER: LOOP START token=1 line=2383 text='int32_t'
DEBUG C_PARSER: LOOP START token=1
DEBUG C_PARSER: LOOP START token=1
DEBUG C_PARSER: LOOP START token=1
DEBUG C_PARSER: LOOP START token=1
DEBUG C_PARSER: LOOP START token=1
DEBUG C_PARSER: LOOP START token=1
[1;36mdebug: [0mc_header: w_name=wl_event_loop_create
[1;36mdebug: [0mc_header: w_name=wl_event_loop_destroy
[1;36mdebug: [0mc_header: w_name=wl_event_loop_add_fd
[1;36mdebug: [0mc_header: w_name=wl_event_source_fd_update
[1;36mdebug: [0mc_header: w_name=wl_event_loop_add_timer
[1;36mdebug: [0mc_header: w_name=wl_event_loop_add_signal
[1;36mdebug: [0mc_header: w_name=wl_event_source_timer_update
[1;36mdebug: [0mc_header: w_name=wl_event_source_remove
[1;36mdebug: [0mc_header: w_name=wl_event_source_check
[1;36mdebug: [0mc_header: w_name=wl_event_loop_dispatch
[1;36mdebug: [0mc_header: w_name=wl_event_loop_dispatch_idle
[1;36mdebug: [0mc_header: w_name=wl_event_loop_add_idle
[1;36mdebug: [0mc_header: w_name=wl_event_loop_get_fd
[1;36mdebug: [0mc_header: w_name=wl_event_loop_add_destroy_listener
[1;36mdebug: [0mc_header: w_name=wl_event_loop_get_destroy_listener
[1;36mdebug: [0mc_header: w_name=wl_display_create
[1;36mdebug: [0mc_header: w_name=wl_display_destroy
[1;36mdebug: [0mc_header: w_name=wl_display_get_event_loop
[1;36mdebug: [0mc_header: w_name=wl_display_add_socket
[1;36mdebug: [0mc_header: w_name=wl_display_add_socket_auto
[1;36mdebug: [0mc_header: w_name=wl_display_add_socket_fd
[1;36mdebug: [0mc_header: w_name=wl_display_terminate
[1;36mdebug: [0mc_header: w_name=wl_display_run
[1;36mdebug: [0mc_header: w_name=wl_display_flush_clients
[1;36mdebug: [0mc_header: w_name=wl_display_destroy_clients
[1;36mdebug: [0mc_header: w_name=wl_display_set_default_max_buffer_size
[1;36mdebug: [0mc_header: w_name=wl_display_get_serial
[1;36mdebug: [0mc_header: w_name=wl_display_next_serial
[1;36mdebug: [0mc_header: w_name=wl_display_add_destroy_listener
[1;36mdebug: [0mc_header: w_name=wl_display_add_client_created_listener
[1;36mdebug: [0mc_header: w_name=wl_display_get_destroy_listener
[1;36mdebug: [0mc_header: w_name=wl_global_create
[1;36mdebug: [0mc_header: w_name=wl_global_remove
[1;36mdebug: [0mc_header: w_name=wl_global_destroy
[1;36mdebug: [0mc_header: w_name=wl_display_set_global_filter
[1;36mdebug: [0mc_header: w_name=wl_global_get_interface
[1;36mdebug: [0mc_header: w_name=wl_global_get_name
[1;36mdebug: [0mc_header: w_name=wl_global_get_version
[1;36mdebug: [0mc_header: w_name=wl_global_get_display
[1;36mdebug: [0mc_header: w_name=wl_global_get_user_data
[1;36mdebug: [0mc_header: w_name=wl_global_set_user_data
[1;36mdebug: [0mc_header: w_name=wl_client_create
[1;36mdebug: [0mc_header: w_name=wl_display_get_client_list
[1;36mdebug: [0mc_header: w_name=wl_client_get_link
[1;36mdebug: [0mc_header: w_name=wl_client_from_link
[1;36mdebug: [0mc_header: w_name=wl_client_destroy
[1;36mdebug: [0mc_header: w_name=wl_client_flush
[1;36mdebug: [0mc_header: w_name=wl_client_get_credentials
[1;36mdebug: [0mc_header: w_name=wl_client_get_fd
[1;36mdebug: [0mc_header: w_name=wl_client_add_destroy_listener
[1;36mdebug: [0mc_header: w_name=wl_client_get_destroy_listener
[1;36mdebug: [0mc_header: w_name=wl_client_add_destroy_late_listener
[1;36mdebug: [0mc_header: w_name=wl_client_get_destroy_late_listener
[1;36mdebug: [0mc_header: w_name=wl_client_get_object
[1;36mdebug: [0mc_header: w_name=wl_client_post_no_memory
[1;36mdebug: [0mc_header: w_name=wl_client_post_implementation_error
[1;36mdebug: [0mc_header: w_name=wl_client_add_resource_created_listener
[1;36mdebug: [0mc_header: w_name=wl_client_for_each_resource
[1;36mdebug: [0mc_header: w_name=wl_client_set_user_data
[1;36mdebug: [0mc_header: w_name=wl_client_get_user_data
[1;36mdebug: [0mc_header: w_name=wl_client_set_max_buffer_size
DEBUG C_PARSER: LOOP START token=81 line=2672 text='struct'
DEBUG C_PARSER: LOOP START token=1 line=2675 text='wl_notify_func_t'
DEBUG C_PARSER: LOOP START token=81 line=2679 text='struct'
[1;36mdebug: [0mc_header: w_name=wl_signal_init
[1;36mdebug: [0mc_header: w_name=wl_signal_add
[1;36mdebug: [0mc_header: w_name=wl_signal_get
[1;36mdebug: [0mc_header: w_name=wl_signal_emit
[1;36mdebug: [0mc_header: w_name=wl_signal_emit_mutable
[1;36mdebug: [0mc_header: w_name=wl_resource_post_event
[1;36mdebug: [0mc_header: w_name=wl_resource_post_event_array
[1;36mdebug: [0mc_header: w_name=wl_resource_queue_event
[1;36mdebug: [0mc_header: w_name=wl_resource_queue_event_array
[1;36mdebug: [0mc_header: w_name=wl_resource_post_error_vargs
[1;36mdebug: [0mc_header: w_name=wl_resource_post_error
[1;36mdebug: [0mc_header: w_name=wl_resource_post_no_memory
[1;36mdebug: [0mc_header: w_name=wl_client_get_display
[1;36mdebug: [0mc_header: w_name=wl_resource_create
[1;36mdebug: [0mc_header: w_name=wl_resource_set_implementation
[1;36mdebug: [0mc_header: w_name=wl_resource_set_dispatcher
[1;36mdebug: [0mc_header: w_name=wl_resource_destroy
[1;36mdebug: [0mc_header: w_name=wl_resource_get_id
[1;36mdebug: [0mc_header: w_name=wl_resource_get_link
[1;36mdebug: [0mc_header: w_name=wl_resource_from_link
[1;36mdebug: [0mc_header: w_name=wl_resource_find_for_client
[1;36mdebug: [0mc_header: w_name=wl_resource_get_client
[1;36mdebug: [0mc_header: w_name=wl_resource_set_user_data
[1;36mdebug: [0mc_header: w_name=wl_resource_get_user_data
[1;36mdebug: [0mc_header: w_name=wl_resource_get_version
[1;36mdebug: [0mc_header: w_name=wl_resource_set_destructor
[1;36mdebug: [0mc_header: w_name=wl_resource_instance_of
[1;36mdebug: [0mc_header: w_name=wl_resource_get_class
[1;36mdebug: [0mc_header: w_name=wl_resource_get_interface
[1;36mdebug: [0mc_header: w_name=wl_resource_add_destroy_listener
[1;36mdebug: [0mc_header: w_name=wl_resource_get_destroy_listener
[1;36mdebug: [0mc_header: w_name=wl_shm_buffer_get
[1;36mdebug: [0mc_header: w_name=wl_shm_buffer_begin_access
[1;36mdebug: [0mc_header: w_name=wl_shm_buffer_end_access
[1;36mdebug: [0mc_header: w_name=wl_shm_buffer_get_data
[1;36mdebug: [0mc_header: w_name=wl_shm_buffer_get_stride
[1;36mdebug: [0mc_header: w_name=wl_shm_buffer_get_format
[1;36mdebug: [0mc_header: w_name=wl_shm_buffer_get_width
[1;36mdebug: [0mc_header: w_name=wl_shm_buffer_get_height
[1;36mdebug: [0mc_header: w_name=wl_shm_buffer_ref
[1;36mdebug: [0mc_header: w_name=wl_shm_buffer_unref
[1;36mdebug: [0mc_header: w_name=wl_shm_buffer_ref_pool
[1;36mdebug: [0mc_header: w_name=wl_shm_pool_unref
[1;36mdebug: [0mc_header: w_name=wl_display_init_shm
[1;36mdebug: [0mc_header: w_name=wl_display_add_shm_format
[1;36mdebug: [0mc_header: w_name=wl_log_set_handler_server
DEBUG C_PARSER: LOOP START token=1
DEBUG C_PARSER: LOOP START token=1
DEBUG C_PARSER: LOOP START token=81 line=2881 text='struct'
DEBUG C_PARSER: LOOP START token=72 line=2882 text='int'
DEBUG C_PARSER: LOOP START token=59 line=2883 text='const'
DEBUG C_PARSER: LOOP START token=72 line=2884 text='int'
DEBUG C_PARSER: LOOP START token=59 line=2885 text='const'
[1;36mdebug: [0mc_header: w_name=wl_display_add_protocol_logger
[1;36mdebug: [0mc_header: w_name=wl_protocol_logger_destroy
DEBUG C_PARSER: LOOP START token=72
[1;36mdebug: [0mc_header: w_name=__bswap_16
[1;36mdebug: [0mc_header: w_name=__bswap_32
[1;36mdebug: [0mc_header: w_name=__bswap_64
[1;36mdebug: [0mc_header: w_name=__uint16_identity
[1;36mdebug: [0mc_header: w_name=__uint32_identity
[1;36mdebug: [0mc_header: w_name=__uint64_identity
DEBUG C_PARSER: LOOP START token=85
DEBUG C_PARSER: LOOP START token=1 line=427 text='__time_t'
DEBUG C_PARSER: LOOP START token=1 line=428 text='__suseconds_t'
DEBUG C_PARSER: LOOP START token=1 line=440 text='__time_t'
DEBUG C_PARSER: LOOP START token=1 line=445 text='__syscall_slong_t'
DEBUG C_PARSER: LOOP START token=1
[1;36mdebug: [0mc_header: w_name=select
[1;36mdebug: [0mc_header: w_name=pselect
DEBUG C_PARSER: LOOP START token=97
DEBUG C_PARSER: LOOP START token=81
DEBUG C_PARSER: LOOP START token=85
DEBUG C_PARSER: LOOP START token=85
DEBUG C_PARSER: LOOP START token=81
DEBUG C_PARSER: LOOP START token=81
DEBUG C_PARSER: LOOP START token=81
DEBUG C_PARSER: LOOP START token=72 line=558 text='int'
DEBUG C_PARSER: LOOP START token=85 line=559 text='unsigned'
DEBUG C_PARSER: LOOP START token=72 line=560 text='int'
DEBUG C_PARSER: LOOP START token=85 line=562 text='unsigned'
DEBUG C_PARSER: LOOP START token=72 line=566 text='int'
DEBUG C_PARSER: LOOP START token=77 line=568 text='short'
DEBUG C_PARSER: LOOP START token=77 line=569 text='short'
DEBUG C_PARSER: LOOP START token=1 line=570 text='__pthread_list_t'
DEBUG C_PARSER: LOOP START token=85 line=579 text='unsigned'
DEBUG C_PARSER: LOOP START token=85 line=580 text='unsigned'
DEBUG C_PARSER: LOOP START token=85 line=581 text='unsigned'
DEBUG C_PARSER: LOOP START token=85 line=582 text='unsigned'
DEBUG C_PARSER: LOOP START token=85 line=583 text='unsigned'
DEBUG C_PARSER: LOOP START token=85 line=584 text='unsigned'
DEBUG C_PARSER: LOOP START token=72 line=586 text='int'
DEBUG C_PARSER: LOOP START token=72 line=587 text='int'
DEBUG C_PARSER: LOOP START token=85 line=588 text='unsigned'
DEBUG C_PARSER: LOOP START token=85 line=589 text='unsigned'
DEBUG C_PARSER: LOOP START token=85 line=592 text='unsigned'
DEBUG C_PARSER: LOOP START token=1 line=602 text='__atomic_wide_counter'
DEBUG C_PARSER: LOOP START token=1 line=603 text='__atomic_wide_counter'
DEBUG C_PARSER: LOOP START token=85 line=604 text='unsigned'
DEBUG C_PARSER: LOOP START token=85 line=605 text='unsigned'
DEBUG C_PARSER: LOOP START token=85 line=606 text='unsigned'
DEBUG C_PARSER: LOOP START token=85 line=607 text='unsigned'
DEBUG C_PARSER: LOOP START token=85 line=608 text='unsigned'
DEBUG C_PARSER: LOOP START token=85 line=609 text='unsigned'
DEBUG C_PARSER: LOOP START token=72
DEBUG C_PARSER: LOOP START token=58
DEBUG C_PARSER: LOOP START token=72
DEBUG C_PARSER: LOOP START token=58
DEBUG C_PARSER: LOOP START token=72
DEBUG C_PARSER: LOOP START token=58 line=654 text='char'
DEBUG C_PARSER: LOOP START token=73 line=655 text='long'
DEBUG C_PARSER: LOOP START token=81
DEBUG C_PARSER: LOOP START token=58
DEBUG C_PARSER: LOOP START token=73
DEBUG C_PARSER: LOOP START token=81
DEBUG C_PARSER: LOOP START token=58
DEBUG C_PARSER: LOOP START token=97
DEBUG C_PARSER: LOOP START token=81
DEBUG C_PARSER: LOOP START token=58
DEBUG C_PARSER: LOOP START token=73
DEBUG C_PARSER: LOOP START token=58
DEBUG C_PARSER: LOOP START token=73
DEBUG C_PARSER: LOOP START token=58
DEBUG C_PARSER: LOOP START token=73
DEBUG C_PARSER: LOOP START token=58
DEBUG C_PARSER: LOOP START token=72
DEBUG C_PARSER: LOOP START token=1
DEBUG C_PARSER: LOOP START token=1
DEBUG C_PARSER: LOOP START token=1
DEBUG C_PARSER: LOOP START token=1
DEBUG C_PARSER: LOOP START token=1
[1;36mdebug: [0mc_header: w_name=__fpclassify
[1;36mdebug: [0mc_header: w_name=__signbit
[1;36mdebug: [0mc_header: w_name=__isinf
[1;36mdebug: [0mc_header: w_name=__finite
[1;36mdebug: [0mc_header: w_name=__isnan
[1;36mdebug: [0mc_header: w_name=__iseqsig
[1;36mdebug: [0mc_header: w_name=__issignaling
[1;36mdebug: [0mc_header: w_name=acos
[1;36mdebug: [0mc_header: w_name=__acos
[1;36mdebug: [0mc_header: w_name=asin
[1;36mdebug: [0mc_header: w_name=__asin
[1;36mdebug: [0mc_header: w_name=atan
[1;36mdebug: [0mc_header: w_name=__atan
[1;36mdebug: [0mc_header: w_name=atan2
[1;36mdebug: [0mc_header: w_name=__atan2
[1;36mdebug: [0mc_header: w_name=cos
[1;36mdebug: [0mc_header: w_name=__cos
[1;36mdebug: [0mc_header: w_name=sin
[1;36mdebug: [0mc_header: w_name=__sin
[1;36mdebug: [0mc_header: w_name=tan
[1;36mdebug: [0mc_header: w_name=__tan
[1;36mdebug: [0mc_header: w_name=acospi
[1;36mdebug: [0mc_header: w_name=__acospi
[1;36mdebug: [0mc_header: w_name=acospi
[1;36mdebug: [0mc_header: w_name=__acospi
[1;36mdebug: [0mc_header: w_name=asinpi
[1;36mdebug: [0mc_header: w_name=__asinpi
[1;36mdebug: [0mc_header: w_name=asinpi
[1;36mdebug: [0mc_header: w_name=__asinpi
[1;36mdebug: [0mc_header: w_name=atanpi
[1;36mdebug: [0mc_header: w_name=__atanpi
[1;36mdebug: [0mc_header: w_name=atanpi
[1;36mdebug: [0mc_header: w_name=__atanpi
[1;36mdebug: [0mc_header: w_name=atan2pi
[1;36mdebug: [0mc_header: w_name=__atan2pi
[1;36mdebug: [0mc_header: w_name=atan2pi
[1;36mdebug: [0mc_header: w_name=__atan2pi
[1;36mdebug: [0mc_header: w_name=cospi
[1;36mdebug: [0mc_header: w_name=__cospi
[1;36mdebug: [0mc_header: w_name=sinpi
[1;36mdebug: [0mc_header: w_name=__sinpi
[1;36mdebug: [0mc_header: w_name=tanpi
[1;36mdebug: [0mc_header: w_name=__tanpi
[1;36mdebug: [0mc_header: w_name=cosh
[1;36mdebug: [0mc_header: w_name=__cosh
[1;36mdebug: [0mc_header: w_name=sinh
[1;36mdebug: [0mc_header: w_name=__sinh
[1;36mdebug: [0mc_header: w_name=tanh
[1;36mdebug: [0mc_header: w_name=__tanh
[1;36mdebug: [0mc_header: w_name=acosh
[1;36mdebug: [0mc_header: w_name=__acosh
[1;36mdebug: [0mc_header: w_name=asinh
[1;36mdebug: [0mc_header: w_name=__asinh
[1;36mdebug: [0mc_header: w_name=atanh
[1;36mdebug: [0mc_header: w_name=__atanh
[1;36mdebug: [0mc_header: w_name=exp
[1;36mdebug: [0mc_header: w_name=__exp
[1;36mdebug: [0mc_header: w_name=frexp
[1;36mdebug: [0mc_header: w_name=__frexp
[1;36mdebug: [0mc_header: w_name=ldexp
[1;36mdebug: [0mc_header: w_name=__ldexp
[1;36mdebug: [0mc_header: w_name=log
[1;36mdebug: [0mc_header: w_name=__log
[1;36mdebug: [0mc_header: w_name=log10
[1;36mdebug: [0mc_header: w_name=__log10
[1;36mdebug: [0mc_header: w_name=modf
[1;36mdebug: [0mc_header: w_name=__modf
[1;36mdebug: [0mc_header: w_name=exp10
[1;36mdebug: [0mc_header: w_name=__exp10
[1;36mdebug: [0mc_header: w_name=exp2m1
[1;36mdebug: [0mc_header: w_name=__exp2m1
[1;36mdebug: [0mc_header: w_name=exp10m1
[1;36mdebug: [0mc_header: w_name=__exp10m1
[1;36mdebug: [0mc_header: w_name=log2p1
[1;36mdebug: [0mc_header: w_name=__log2p1
[1;36mdebug: [0mc_header: w_name=log10p1
[1;36mdebug: [0mc_header: w_name=__log10p1
[1;36mdebug: [0mc_header: w_name=logp1
[1;36mdebug: [0mc_header: w_name=__logp1
[1;36mdebug: [0mc_header: w_name=expm1
[1;36mdebug: [0mc_header: w_name=__expm1
[1;36mdebug: [0mc_header: w_name=log1p
[1;36mdebug: [0mc_header: w_name=__log1p
[1;36mdebug: [0mc_header: w_name=logb
[1;36mdebug: [0mc_header: w_name=__logb
[1;36mdebug: [0mc_header: w_name=exp2
[1;36mdebug: [0mc_header: w_name=__exp2
[1;36mdebug: [0mc_header: w_name=log2
[1;36mdebug: [0mc_header: w_name=__log2
[1;36mdebug: [0mc_header: w_name=pow
[1;36mdebug: [0mc_header: w_name=__pow
[1;36mdebug: [0mc_header: w_name=sqrt
[1;36mdebug: [0mc_header: w_name=__sqrt
[1;36mdebug: [0mc_header: w_name=hypot
[1;36mdebug: [0mc_header: w_name=__hypot
[1;36mdebug: [0mc_header: w_name=cbrt
[1;36mdebug: [0mc_header: w_name=__cbrt
[1;36mdebug: [0mc_header: w_name=compoundn
[1;36mdebug: [0mc_header: w_name=__compoundn
[1;36mdebug: [0mc_header: w_name=pown
[1;36mdebug: [0mc_header: w_name=__pown
[1;36mdebug: [0mc_header: w_name=powr
[1;36mdebug: [0mc_header: w_name=__powr
[1;36mdebug: [0mc_header: w_name=powr
[1;36mdebug: [0mc_header: w_name=__powr
[1;36mdebug: [0mc_header: w_name=rootn
[1;36mdebug: [0mc_header: w_name=__rootn
[1;36mdebug: [0mc_header: w_name=rsqrt
[1;36mdebug: [0mc_header: w_name=__rsqrt
[1;36mdebug: [0mc_header: w_name=ceil
[1;36mdebug: [0mc_header: w_name=fabs
[1;36mdebug: [0mc_header: w_name=floor
[1;36mdebug: [0mc_header: w_name=fmod
[1;36mdebug: [0mc_header: w_name=__fmod
[1;36mdebug: [0mc_header: w_name=isinf
[1;36mdebug: [0mc_header: w_name=finite
[1;36mdebug: [0mc_header: w_name=drem
[1;36mdebug: [0mc_header: w_name=__drem
[1;36mdebug: [0mc_header: w_name=significand
[1;36mdebug: [0mc_header: w_name=__significand
[1;36mdebug: [0mc_header: w_name=copysign
[1;36mdebug: [0mc_header: w_name=nan
[1;36mdebug: [0mc_header: w_name=__nan
[1;36mdebug: [0mc_header: w_name=isnan
[1;36mdebug: [0mc_header: w_name=j0
[1;36mdebug: [0mc_header: w_name=__j0
[1;36mdebug: [0mc_header: w_name=j1
[1;36mdebug: [0mc_header: w_name=__j1
[1;36mdebug: [0mc_header: w_name=jn
[1;36mdebug: [0mc_header: w_name=__jn
[1;36mdebug: [0mc_header: w_name=y0
[1;36mdebug: [0mc_header: w_name=__y0
[1;36mdebug: [0mc_header: w_name=y1
[1;36mdebug: [0mc_header: w_name=__y1
[1;36mdebug: [0mc_header: w_name=yn
[1;36mdebug: [0mc_header: w_name=__yn
[1;36mdebug: [0mc_header: w_name=erf
[1;36mdebug: [0mc_header: w_name=__erf
[1;36mdebug: [0mc_header: w_name=erfc
[1;36mdebug: [0mc_header: w_name=__erfc
[1;36mdebug: [0mc_header: w_name=lgamma
[1;36mdebug: [0mc_header: w_name=__lgamma
[1;36mdebug: [0mc_header: w_name=tgamma
[1;36mdebug: [0mc_header: w_name=__tgamma
[1;36mdebug: [0mc_header: w_name=gamma
[1;36mdebug: [0mc_header: w_name=__gamma
[1;36mdebug: [0mc_header: w_name=lgamma_r
[1;36mdebug: [0mc_header: w_name=__lgamma_r
[1;36mdebug: [0mc_header: w_name=rint
[1;36mdebug: [0mc_header: w_name=__rint
[1;36mdebug: [0mc_header: w_name=nextafter
[1;36mdebug: [0mc_header: w_name=__nextafter
[1;36mdebug: [0mc_header: w_name=nexttoward
[1;36mdebug: [0mc_header: w_name=__nexttoward
[1;36mdebug: [0mc_header: w_name=nextdown
[1;36mdebug: [0mc_header: w_name=__nextdown
[1;36mdebug: [0mc_header: w_name=nextup
[1;36mdebug: [0mc_header: w_name=__nextup
[1;36mdebug: [0mc_header: w_name=remainder
[1;36mdebug: [0mc_header: w_name=__remainder
[1;36mdebug: [0mc_header: w_name=scalbn
[1;36mdebug: [0mc_header: w_name=__scalbn
[1;36mdebug: [0mc_header: w_name=ilogb
[1;36mdebug: [0mc_header: w_name=__ilogb
[1;36mdebug: [0mc_header: w_name=llogb
[1;36mdebug: [0mc_header: w_name=__llogb
[1;36mdebug: [0mc_header: w_name=scalbln
[1;36mdebug: [0mc_header: w_name=__scalbln
[1;36mdebug: [0mc_header: w_name=nearbyint
[1;36mdebug: [0mc_header: w_name=__nearbyint
[1;36mdebug: [0mc_header: w_name=round
[1;36mdebug: [0mc_header: w_name=trunc
[1;36mdebug: [0mc_header: w_name=remquo
[1;36mdebug: [0mc_header: w_name=__remquo
[1;36mdebug: [0mc_header: w_name=lrint
[1;36mdebug: [0mc_header: w_name=__lrint
[1;36mdebug: [0mc_header: w_name=llrint
[1;36mdebug: [0mc_header: w_name=__llrint
[1;36mdebug: [0mc_header: w_name=lround
[1;36mdebug: [0mc_header: w_name=__lround
[1;36mdebug: [0mc_header: w_name=llround
[1;36mdebug: [0mc_header: w_name=__llround
[1;36mdebug: [0mc_header: w_name=fdim
[1;36mdebug: [0mc_header: w_name=__fdim
[1;36mdebug: [0mc_header: w_name=fmax
[1;36mdebug: [0mc_header: w_name=fmin
[1;36mdebug: [0mc_header: w_name=fma
[1;36mdebug: [0mc_header: w_name=__fma
[1;36mdebug: [0mc_header: w_name=roundeven
[1;36mdebug: [0mc_header: w_name=fromfp
[1;36mdebug: [0mc_header: w_name=__fromfp
[1;36mdebug: [0mc_header: w_name=ufromfp
[1;36mdebug: [0mc_header: w_name=__ufromfp
[1;36mdebug: [0mc_header: w_name=fromfpx
[1;36mdebug: [0mc_header: w_name=__fromfpx
[1;36mdebug: [0mc_header: w_name=ufromfpx
[1;36mdebug: [0mc_header: w_name=__ufromfpx
[1;36mdebug: [0mc_header: w_name=canonicalize
[1;36mdebug: [0mc_header: w_name=fmaximum
[1;36mdebug: [0mc_header: w_name=fminimum
[1;36mdebug: [0mc_header: w_name=fmaximum_num
[1;36mdebug: [0mc_header: w_name=fminimum_num
[1;36mdebug: [0mc_header: w_name=fmaximum_mag
[1;36mdebug: [0mc_header: w_name=fminimum_mag
[1;36mdebug: [0mc_header: w_name=fmaximum_mag_num
[1;36mdebug: [0mc_header: w_name=fminimum_mag_num
[1;36mdebug: [0mc_header: w_name=scalb
[1;36mdebug: [0mc_header: w_name=__scalb
[1;36mdebug: [0mc_header: w_name=__fpclassifyf
[1;36mdebug: [0mc_header: w_name=__signbitf
[1;36mdebug: [0mc_header: w_name=__isinff
[1;36mdebug: [0mc_header: w_name=__finitef
[1;36mdebug: [0mc_header: w_name=__isnanf
[1;36mdebug: [0mc_header: w_name=__iseqsigf
[1;36mdebug: [0mc_header: w_name=__issignalingf
[1;36mdebug: [0mc_header: w_name=acosf
[1;36mdebug: [0mc_header: w_name=__acosf
[1;36mdebug: [0mc_header: w_name=asinf
[1;36mdebug: [0mc_header: w_name=__asinf
[1;36mdebug: [0mc_header: w_name=atanf
[1;36mdebug: [0mc_header: w_name=__atanf
[1;36mdebug: [0mc_header: w_name=atan2f
[1;36mdebug: [0mc_header: w_name=__atan2f
[1;36mdebug: [0mc_header: w_name=cosf
[1;36mdebug: [0mc_header: w_name=__cosf
[1;36mdebug: [0mc_header: w_name=sinf
[1;36mdebug: [0mc_header: w_name=__sinf
[1;36mdebug: [0mc_header: w_name=tanf
[1;36mdebug: [0mc_header: w_name=__tanf
[1;36mdebug: [0mc_header: w_name=acospif
[1;36mdebug: [0mc_header: w_name=__acospif
[1;36mdebug: [0mc_header: w_name=acospif
[1;36mdebug: [0mc_header: w_name=__acospif
[1;36mdebug: [0mc_header: w_name=asinpif
[1;36mdebug: [0mc_header: w_name=__asinpif
[1;36mdebug: [0mc_header: w_name=asinpif
[1;36mdebug: [0mc_header: w_name=__asinpif
[1;36mdebug: [0mc_header: w_name=atanpif
[1;36mdebug: [0mc_header: w_name=__atanpif
[1;36mdebug: [0mc_header: w_name=atanpif
[1;36mdebug: [0mc_header: w_name=__atanpif
[1;36mdebug: [0mc_header: w_name=atan2pif
[1;36mdebug: [0mc_header: w_name=__atan2pif
[1;36mdebug: [0mc_header: w_name=atan2pif
[1;36mdebug: [0mc_header: w_name=__atan2pif
[1;36mdebug: [0mc_header: w_name=cospif
[1;36mdebug: [0mc_header: w_name=__cospif
[1;36mdebug: [0mc_header: w_name=sinpif
[1;36mdebug: [0mc_header: w_name=__sinpif
[1;36mdebug: [0mc_header: w_name=tanpif
[1;36mdebug: [0mc_header: w_name=__tanpif
[1;36mdebug: [0mc_header: w_name=coshf
[1;36mdebug: [0mc_header: w_name=__coshf
[1;36mdebug: [0mc_header: w_name=sinhf
[1;36mdebug: [0mc_header: w_name=__sinhf
[1;36mdebug: [0mc_header: w_name=tanhf
[1;36mdebug: [0mc_header: w_name=__tanhf
[1;36mdebug: [0mc_header: w_name=acoshf
[1;36mdebug: [0mc_header: w_name=__acoshf
[1;36mdebug: [0mc_header: w_name=asinhf
[1;36mdebug: [0mc_header: w_name=__asinhf
[1;36mdebug: [0mc_header: w_name=atanhf
[1;36mdebug: [0mc_header: w_name=__atanhf
[1;36mdebug: [0mc_header: w_name=expf
[1;36mdebug: [0mc_header: w_name=__expf
[1;36mdebug: [0mc_header: w_name=frexpf
[1;36mdebug: [0mc_header: w_name=__frexpf
[1;36mdebug: [0mc_header: w_name=ldexpf
[1;36mdebug: [0mc_header: w_name=__ldexpf
[1;36mdebug: [0mc_header: w_name=logf
[1;36mdebug: [0mc_header: w_name=__logf
[1;36mdebug: [0mc_header: w_name=log10f
[1;36mdebug: [0mc_header: w_name=__log10f
[1;36mdebug: [0mc_header: w_name=modff
[1;36mdebug: [0mc_header: w_name=__modff
[1;36mdebug: [0mc_header: w_name=exp10f
[1;36mdebug: [0mc_header: w_name=__exp10f
[1;36mdebug: [0mc_header: w_name=exp2m1f
[1;36mdebug: [0mc_header: w_name=__exp2m1f
[1;36mdebug: [0mc_header: w_name=exp10m1f
[1;36mdebug: [0mc_header: w_name=__exp10m1f
[1;36mdebug: [0mc_header: w_name=log2p1f
[1;36mdebug: [0mc_header: w_name=__log2p1f
[1;36mdebug: [0mc_header: w_name=log10p1f
[1;36mdebug: [0mc_header: w_name=__log10p1f
[1;36mdebug: [0mc_header: w_name=logp1f
[1;36mdebug: [0mc_header: w_name=__logp1f
[1;36mdebug: [0mc_header: w_name=expm1f
[1;36mdebug: [0mc_header: w_name=__expm1f
[1;36mdebug: [0mc_header: w_name=log1pf
[1;36mdebug: [0mc_header: w_name=__log1pf
[1;36mdebug: [0mc_header: w_name=logbf
[1;36mdebug: [0mc_header: w_name=__logbf
[1;36mdebug: [0mc_header: w_name=exp2f
[1;36mdebug: [0mc_header: w_name=__exp2f
[1;36mdebug: [0mc_header: w_name=log2f
[1;36mdebug: [0mc_header: w_name=__log2f
[1;36mdebug: [0mc_header: w_name=powf
[1;36mdebug: [0mc_header: w_name=__powf
[1;36mdebug: [0mc_header: w_name=sqrtf
[1;36mdebug: [0mc_header: w_name=__sqrtf
[1;36mdebug: [0mc_header: w_name=hypotf
[1;36mdebug: [0mc_header: w_name=__hypotf
[1;36mdebug: [0mc_header: w_name=cbrtf
[1;36mdebug: [0mc_header: w_name=__cbrtf
[1;36mdebug: [0mc_header: w_name=compoundnf
[1;36mdebug: [0mc_header: w_name=__compoundnf
[1;36mdebug: [0mc_header: w_name=pownf
[1;36mdebug: [0mc_header: w_name=__pownf
[1;36mdebug: [0mc_header: w_name=powrf
[1;36mdebug: [0mc_header: w_name=__powrf
[1;36mdebug: [0mc_header: w_name=powrf
[1;36mdebug: [0mc_header: w_name=__powrf
[1;36mdebug: [0mc_header: w_name=rootnf
[1;36mdebug: [0mc_header: w_name=__rootnf
[1;36mdebug: [0mc_header: w_name=rsqrtf
[1;36mdebug: [0mc_header: w_name=__rsqrtf
[1;36mdebug: [0mc_header: w_name=ceilf
[1;36mdebug: [0mc_header: w_name=fabsf
[1;36mdebug: [0mc_header: w_name=floorf
[1;36mdebug: [0mc_header: w_name=fmodf
[1;36mdebug: [0mc_header: w_name=__fmodf
[1;36mdebug: [0mc_header: w_name=isinff
[1;36mdebug: [0mc_header: w_name=finitef
[1;36mdebug: [0mc_header: w_name=dremf
[1;36mdebug: [0mc_header: w_name=__dremf
[1;36mdebug: [0mc_header: w_name=significandf
[1;36mdebug: [0mc_header: w_name=__significandf
[1;36mdebug: [0mc_header: w_name=copysignf
[1;36mdebug: [0mc_header: w_name=nanf
[1;36mdebug: [0mc_header: w_name=__nanf
[1;36mdebug: [0mc_header: w_name=isnanf
[1;36mdebug: [0mc_header: w_name=j0f
[1;36mdebug: [0mc_header: w_name=__j0f
[1;36mdebug: [0mc_header: w_name=j1f
[1;36mdebug: [0mc_header: w_name=__j1f
[1;36mdebug: [0mc_header: w_name=jnf
[1;36mdebug: [0mc_header: w_name=__jnf
[1;36mdebug: [0mc_header: w_name=y0f
[1;36mdebug: [0mc_header: w_name=__y0f
[1;36mdebug: [0mc_header: w_name=y1f
[1;36mdebug: [0mc_header: w_name=__y1f
[1;36mdebug: [0mc_header: w_name=ynf
[1;36mdebug: [0mc_header: w_name=__ynf
[1;36mdebug: [0mc_header: w_name=erff
[1;36mdebug: [0mc_header: w_name=__erff
[1;36mdebug: [0mc_header: w_name=erfcf
[1;36mdebug: [0mc_header: w_name=__erfcf
[1;36mdebug: [0mc_header: w_name=lgammaf
[1;36mdebug: [0mc_header: w_name=__lgammaf
[1;36mdebug: [0mc_header: w_name=tgammaf
[1;36mdebug: [0mc_header: w_name=__tgammaf
[1;36mdebug: [0mc_header: w_name=gammaf
[1;36mdebug: [0mc_header: w_name=__gammaf
[1;36mdebug: [0mc_header: w_name=lgammaf_r
[1;36mdebug: [0mc_header: w_name=__lgammaf_r
[1;36mdebug: [0mc_header: w_name=rintf
[1;36mdebug: [0mc_header: w_name=__rintf
[1;36mdebug: [0mc_header: w_name=nextafterf
[1;36mdebug: [0mc_header: w_name=__nextafterf
[1;36mdebug: [0mc_header: w_name=nexttowardf
[1;36mdebug: [0mc_header: w_name=__nexttowardf
[1;36mdebug: [0mc_header: w_name=nextdownf
[1;36mdebug: [0mc_header: w_name=__nextdownf
[1;36mdebug: [0mc_header: w_name=nextupf
[1;36mdebug: [0mc_header: w_name=__nextupf
[1;36mdebug: [0mc_header: w_name=remainderf
[1;36mdebug: [0mc_header: w_name=__remainderf
[1;36mdebug: [0mc_header: w_name=scalbnf
[1;36mdebug: [0mc_header: w_name=__scalbnf
[1;36mdebug: [0mc_header: w_name=ilogbf
[1;36mdebug: [0mc_header: w_name=__ilogbf
[1;36mdebug: [0mc_header: w_name=llogbf
[1;36mdebug: [0mc_header: w_name=__llogbf
[1;36mdebug: [0mc_header: w_name=scalblnf
[1;36mdebug: [0mc_header: w_name=__scalblnf
[1;36mdebug: [0mc_header: w_name=nearbyintf
[1;36mdebug: [0mc_header: w_name=__nearbyintf
[1;36mdebug: [0mc_header: w_name=roundf
[1;36mdebug: [0mc_header: w_name=truncf
[1;36mdebug: [0mc_header: w_name=remquof
[1;36mdebug: [0mc_header: w_name=__remquof
[1;36mdebug: [0mc_header: w_name=lrintf
[1;36mdebug: [0mc_header: w_name=__lrintf
[1;36mdebug: [0mc_header: w_name=llrintf
[1;36mdebug: [0mc_header: w_name=__llrintf
[1;36mdebug: [0mc_header: w_name=lroundf
[1;36mdebug: [0mc_header: w_name=__lroundf
[1;36mdebug: [0mc_header: w_name=llroundf
[1;36mdebug: [0mc_header: w_name=__llroundf
[1;36mdebug: [0mc_header: w_name=fdimf
[1;36mdebug: [0mc_header: w_name=__fdimf
[1;36mdebug: [0mc_header: w_name=fmaxf
[1;36mdebug: [0mc_header: w_name=fminf
[1;36mdebug: [0mc_header: w_name=fmaf
[1;36mdebug: [0mc_header: w_name=__fmaf
[1;36mdebug: [0mc_header: w_name=roundevenf
[1;36mdebug: [0mc_header: w_name=fromfpf
[1;36mdebug: [0mc_header: w_name=__fromfpf
[1;36mdebug: [0mc_header: w_name=ufromfpf
[1;36mdebug: [0mc_header: w_name=__ufromfpf
[1;36mdebug: [0mc_header: w_name=fromfpxf
[1;36mdebug: [0mc_header: w_name=__fromfpxf
[1;36mdebug: [0mc_header: w_name=ufromfpxf
[1;36mdebug: [0mc_header: w_name=__ufromfpxf
[1;36mdebug: [0mc_header: w_name=canonicalizef
[1;36mdebug: [0mc_header: w_name=fmaximumf
[1;36mdebug: [0mc_header: w_name=fminimumf
[1;36mdebug: [0mc_header: w_name=fmaximum_numf
[1;36mdebug: [0mc_header: w_name=fminimum_numf
[1;36mdebug: [0mc_header: w_name=fmaximum_magf
[1;36mdebug: [0mc_header: w_name=fminimum_magf
[1;36mdebug: [0mc_header: w_name=fmaximum_mag_numf
[1;36mdebug: [0mc_header: w_name=fminimum_mag_numf
[1;36mdebug: [0mc_header: w_name=scalbf
[1;36mdebug: [0mc_header: w_name=__scalbf
[1;36mdebug: [0mc_header: w_name=__fpclassifyl
[1;36mdebug: [0mc_header: w_name=__signbitl
[1;36mdebug: [0mc_header: w_name=__isinfl
[1;36mdebug: [0mc_header: w_name=__finitel
[1;36mdebug: [0mc_header: w_name=__isnanl
[1;36mdebug: [0mc_header: w_name=__iseqsigl
[1;36mdebug: [0mc_header: w_name=__issignalingl
[1;36mdebug: [0mc_header: w_name=acosl
[1;36mdebug: [0mc_header: w_name=__acosl
[1;36mdebug: [0mc_header: w_name=asinl
[1;36mdebug: [0mc_header: w_name=__asinl
[1;36mdebug: [0mc_header: w_name=atanl
[1;36mdebug: [0mc_header: w_name=__atanl
[1;36mdebug: [0mc_header: w_name=atan2l
[1;36mdebug: [0mc_header: w_name=__atan2l
[1;36mdebug: [0mc_header: w_name=cosl
[1;36mdebug: [0mc_header: w_name=__cosl
[1;36mdebug: [0mc_header: w_name=sinl
[1;36mdebug: [0mc_header: w_name=__sinl
[1;36mdebug: [0mc_header: w_name=tanl
[1;36mdebug: [0mc_header: w_name=__tanl
[1;36mdebug: [0mc_header: w_name=acospil
[1;36mdebug: [0mc_header: w_name=__acospil
[1;36mdebug: [0mc_header: w_name=acospil
[1;36mdebug: [0mc_header: w_name=__acospil
[1;36mdebug: [0mc_header: w_name=asinpil
[1;36mdebug: [0mc_header: w_name=__asinpil
[1;36mdebug: [0mc_header: w_name=asinpil
[1;36mdebug: [0mc_header: w_name=__asinpil
[1;36mdebug: [0mc_header: w_name=atanpil
[1;36mdebug: [0mc_header: w_name=__atanpil
[1;36mdebug: [0mc_header: w_name=atanpil
[1;36mdebug: [0mc_header: w_name=__atanpil
[1;36mdebug: [0mc_header: w_name=atan2pil
[1;36mdebug: [0mc_header: w_name=__atan2pil
[1;36mdebug: [0mc_header: w_name=atan2pil
[1;36mdebug: [0mc_header: w_name=__atan2pil
[1;36mdebug: [0mc_header: w_name=cospil
[1;36mdebug: [0mc_header: w_name=__cospil
[1;36mdebug: [0mc_header: w_name=sinpil
[1;36mdebug: [0mc_header: w_name=__sinpil
[1;36mdebug: [0mc_header: w_name=tanpil
[1;36mdebug: [0mc_header: w_name=__tanpil
[1;36mdebug: [0mc_header: w_name=coshl
[1;36mdebug: [0mc_header: w_name=__coshl
[1;36mdebug: [0mc_header: w_name=sinhl
[1;36mdebug: [0mc_header: w_name=__sinhl
[1;36mdebug: [0mc_header: w_name=tanhl
[1;36mdebug: [0mc_header: w_name=__tanhl
[1;36mdebug: [0mc_header: w_name=acoshl
[1;36mdebug: [0mc_header: w_name=__acoshl
[1;36mdebug: [0mc_header: w_name=asinhl
[1;36mdebug: [0mc_header: w_name=__asinhl
[1;36mdebug: [0mc_header: w_name=atanhl
[1;36mdebug: [0mc_header: w_name=__atanhl
[1;36mdebug: [0mc_header: w_name=expl
[1;36mdebug: [0mc_header: w_name=__expl
[1;36mdebug: [0mc_header: w_name=frexpl
[1;36mdebug: [0mc_header: w_name=__frexpl
[1;36mdebug: [0mc_header: w_name=ldexpl
[1;36mdebug: [0mc_header: w_name=__ldexpl
[1;36mdebug: [0mc_header: w_name=logl
[1;36mdebug: [0mc_header: w_name=__logl
[1;36mdebug: [0mc_header: w_name=log10l
[1;36mdebug: [0mc_header: w_name=__log10l
[1;36mdebug: [0mc_header: w_name=modfl
[1;36mdebug: [0mc_header: w_name=__modfl
[1;36mdebug: [0mc_header: w_name=exp10l
[1;36mdebug: [0mc_header: w_name=__exp10l
[1;36mdebug: [0mc_header: w_name=exp2m1l
[1;36mdebug: [0mc_header: w_name=__exp2m1l
[1;36mdebug: [0mc_header: w_name=exp10m1l
[1;36mdebug: [0mc_header: w_name=__exp10m1l
[1;36mdebug: [0mc_header: w_name=log2p1l
[1;36mdebug: [0mc_header: w_name=__log2p1l
[1;36mdebug: [0mc_header: w_name=log10p1l
[1;36mdebug: [0mc_header: w_name=__log10p1l
[1;36mdebug: [0mc_header: w_name=logp1l
[1;36mdebug: [0mc_header: w_name=__logp1l
[1;36mdebug: [0mc_header: w_name=expm1l
[1;36mdebug: [0mc_header: w_name=__expm1l
[1;36mdebug: [0mc_header: w_name=log1pl
[1;36mdebug: [0mc_header: w_name=__log1pl
[1;36mdebug: [0mc_header: w_name=logbl
[1;36mdebug: [0mc_header: w_name=__logbl
[1;36mdebug: [0mc_header: w_name=exp2l
[1;36mdebug: [0mc_header: w_name=__exp2l
[1;36mdebug: [0mc_header: w_name=log2l
[1;36mdebug: [0mc_header: w_name=__log2l
[1;36mdebug: [0mc_header: w_name=powl
[1;36mdebug: [0mc_header: w_name=__powl
[1;36mdebug: [0mc_header: w_name=sqrtl
[1;36mdebug: [0mc_header: w_name=__sqrtl
[1;36mdebug: [0mc_header: w_name=hypotl
[1;36mdebug: [0mc_header: w_name=__hypotl
[1;36mdebug: [0mc_header: w_name=cbrtl
[1;36mdebug: [0mc_header: w_name=__cbrtl
[1;36mdebug: [0mc_header: w_name=compoundnl
[1;36mdebug: [0mc_header: w_name=__compoundnl
[1;36mdebug: [0mc_header: w_name=pownl
[1;36mdebug: [0mc_header: w_name=__pownl
[1;36mdebug: [0mc_header: w_name=powrl
[1;36mdebug: [0mc_header: w_name=__powrl
[1;36mdebug: [0mc_header: w_name=powrl
[1;36mdebug: [0mc_header: w_name=__powrl
[1;36mdebug: [0mc_header: w_name=rootnl
[1;36mdebug: [0mc_header: w_name=__rootnl
[1;36mdebug: [0mc_header: w_name=rsqrtl
[1;36mdebug: [0mc_header: w_name=__rsqrtl
[1;36mdebug: [0mc_header: w_name=ceill
[1;36mdebug: [0mc_header: w_name=fabsl
[1;36mdebug: [0mc_header: w_name=floorl
[1;36mdebug: [0mc_header: w_name=fmodl
[1;36mdebug: [0mc_header: w_name=__fmodl
[1;36mdebug: [0mc_header: w_name=isinfl
[1;36mdebug: [0mc_header: w_name=finitel
[1;36mdebug: [0mc_header: w_name=dreml
[1;36mdebug: [0mc_header: w_name=__dreml
[1;36mdebug: [0mc_header: w_name=significandl
[1;36mdebug: [0mc_header: w_name=__significandl
[1;36mdebug: [0mc_header: w_name=copysignl
[1;36mdebug: [0mc_header: w_name=nanl
[1;36mdebug: [0mc_header: w_name=__nanl
[1;36mdebug: [0mc_header: w_name=isnanl
[1;36mdebug: [0mc_header: w_name=j0l
[1;36mdebug: [0mc_header: w_name=__j0l
[1;36mdebug: [0mc_header: w_name=j1l
[1;36mdebug: [0mc_header: w_name=__j1l
[1;36mdebug: [0mc_header: w_name=jnl
[1;36mdebug: [0mc_header: w_name=__jnl
[1;36mdebug: [0mc_header: w_name=y0l
[1;36mdebug: [0mc_header: w_name=__y0l
[1;36mdebug: [0mc_header: w_name=y1l
[1;36mdebug: [0mc_header: w_name=__y1l
[1;36mdebug: [0mc_header: w_name=ynl
[1;36mdebug: [0mc_header: w_name=__ynl
[1;36mdebug: [0mc_header: w_name=erfl
[1;36mdebug: [0mc_header: w_name=__erfl
[1;36mdebug: [0mc_header: w_name=erfcl
[1;36mdebug: [0mc_header: w_name=__erfcl
[1;36mdebug: [0mc_header: w_name=lgammal
[1;36mdebug: [0mc_header: w_name=__lgammal
[1;36mdebug: [0mc_header: w_name=tgammal
[1;36mdebug: [0mc_header: w_name=__tgammal
[1;36mdebug: [0mc_header: w_name=gammal
[1;36mdebug: [0mc_header: w_name=__gammal
[1;36mdebug: [0mc_header: w_name=lgammal_r
[1;36mdebug: [0mc_header: w_name=__lgammal_r
[1;36mdebug: [0mc_header: w_name=rintl
[1;36mdebug: [0mc_header: w_name=__rintl
[1;36mdebug: [0mc_header: w_name=nextafterl
[1;36mdebug: [0mc_header: w_name=__nextafterl
[1;36mdebug: [0mc_header: w_name=nexttowardl
[1;36mdebug: [0mc_header: w_name=__nexttowardl
[1;36mdebug: [0mc_header: w_name=nextdownl
[1;36mdebug: [0mc_header: w_name=__nextdownl
[1;36mdebug: [0mc_header: w_name=nextupl
[1;36mdebug: [0mc_header: w_name=__nextupl
[1;36mdebug: [0mc_header: w_name=remainderl
[1;36mdebug: [0mc_header: w_name=__remainderl
[1;36mdebug: [0mc_header: w_name=scalbnl
[1;36mdebug: [0mc_header: w_name=__scalbnl
[1;36mdebug: [0mc_header: w_name=ilogbl
[1;36mdebug: [0mc_header: w_name=__ilogbl
[1;36mdebug: [0mc_header: w_name=llogbl
[1;36mdebug: [0mc_header: w_name=__llogbl
[1;36mdebug: [0mc_header: w_name=scalblnl
[1;36mdebug: [0mc_header: w_name=__scalblnl
[1;36mdebug: [0mc_header: w_name=nearbyintl
[1;36mdebug: [0mc_header: w_name=__nearbyintl
[1;36mdebug: [0mc_header: w_name=roundl
[1;36mdebug: [0mc_header: w_name=truncl
[1;36mdebug: [0mc_header: w_name=remquol
[1;36mdebug: [0mc_header: w_name=__remquol
[1;36mdebug: [0mc_header: w_name=lrintl
[1;36mdebug: [0mc_header: w_name=__lrintl
[1;36mdebug: [0mc_header: w_name=llrintl
[1;36mdebug: [0mc_header: w_name=__llrintl
[1;36mdebug: [0mc_header: w_name=lroundl
[1;36mdebug: [0mc_header: w_name=__lroundl
[1;36mdebug: [0mc_header: w_name=llroundl
[1;36mdebug: [0mc_header: w_name=__llroundl
[1;36mdebug: [0mc_header: w_name=fdiml
[1;36mdebug: [0mc_header: w_name=__fdiml
[1;36mdebug: [0mc_header: w_name=fmaxl
[1;36mdebug: [0mc_header: w_name=fminl
[1;36mdebug: [0mc_header: w_name=fmal
[1;36mdebug: [0mc_header: w_name=__fmal
[1;36mdebug: [0mc_header: w_name=roundevenl
[1;36mdebug: [0mc_header: w_name=fromfpl
[1;36mdebug: [0mc_header: w_name=__fromfpl
[1;36mdebug: [0mc_header: w_name=ufromfpl
[1;36mdebug: [0mc_header: w_name=__ufromfpl
[1;36mdebug: [0mc_header: w_name=fromfpxl
[1;36mdebug: [0mc_header: w_name=__fromfpxl
[1;36mdebug: [0mc_header: w_name=ufromfpxl
[1;36mdebug: [0mc_header: w_name=__ufromfpxl
[1;36mdebug: [0mc_header: w_name=canonicalizel
[1;36mdebug: [0mc_header: w_name=fmaximuml
[1;36mdebug: [0mc_header: w_name=fminimuml
[1;36mdebug: [0mc_header: w_name=fmaximum_numl
[1;36mdebug: [0mc_header: w_name=fminimum_numl
[1;36mdebug: [0mc_header: w_name=fmaximum_magl
[1;36mdebug: [0mc_header: w_name=fminimum_magl
[1;36mdebug: [0mc_header: w_name=fmaximum_mag_numl
[1;36mdebug: [0mc_header: w_name=fminimum_mag_numl
[1;36mdebug: [0mc_header: w_name=scalbl
[1;36mdebug: [0mc_header: w_name=__scalbl
[1;36mdebug: [0mc_header: w_name=__fpclassifyf128
[1;36mdebug: [0mc_header: w_name=__signbitf128
[1;36mdebug: [0mc_header: w_name=__isinff128
[1;36mdebug: [0mc_header: w_name=__finitef128
[1;36mdebug: [0mc_header: w_name=__isnanf128
[1;36mdebug: [0mc_header: w_name=__iseqsigf128
[1;36mdebug: [0mc_header: w_name=__issignalingf128
[1;36mdebug: [0mc_header: w_name=fadd
[1;36mdebug: [0mc_header: w_name=fdiv
[1;36mdebug: [0mc_header: w_name=ffma
[1;36mdebug: [0mc_header: w_name=fmul
[1;36mdebug: [0mc_header: w_name=fsqrt
[1;36mdebug: [0mc_header: w_name=fsub
[1;36mdebug: [0mc_header: w_name=faddl
[1;36mdebug: [0mc_header: w_name=fdivl
[1;36mdebug: [0mc_header: w_name=ffmal
[1;36mdebug: [0mc_header: w_name=fmull
[1;36mdebug: [0mc_header: w_name=fsqrtl
[1;36mdebug: [0mc_header: w_name=fsubl
[1;36mdebug: [0mc_header: w_name=daddl
[1;36mdebug: [0mc_header: w_name=ddivl
[1;36mdebug: [0mc_header: w_name=dfmal
[1;36mdebug: [0mc_header: w_name=dmull
[1;36mdebug: [0mc_header: w_name=dsqrtl
[1;36mdebug: [0mc_header: w_name=dsubl
DEBUG C_PARSER: LOOP START token=1
DEBUG C_PARSER: LOOP START token=1
DEBUG C_PARSER: LOOP START token=1
DEBUG C_PARSER: LOOP START token=1
DEBUG C_PARSER: LOOP START token=1
[1;36mdebug: [0mc_header: w_name=__iscanonicall
DEBUG C_PARSER: LOOP START token=73
DEBUG C_PARSER: LOOP START token=73
DEBUG C_PARSER: LOOP START token=73
DEBUG C_PARSER: LOOP START token=73
[1;36mdebug: [0mc_header: w_name=imaxabs
[1;36mdebug: [0mc_header: w_name=imaxdiv
[1;36mdebug: [0mc_header: w_name=strtoimax
[1;36mdebug: [0mc_header: w_name=strtoumax
[1;36mdebug: [0mc_header: w_name=wcstoimax
[1;36mdebug: [0mc_header: w_name=wcstoumax
[1;36mdebug: [0mc_header: w_name=strtoimax
[1;36mdebug: [0mc_header: w_name=strtoumax
[1;36mdebug: [0mc_header: w_name=wcstoimax
[1;36mdebug: [0mc_header: w_name=wcstoumax
DEBUG C_PARSER: LOOP START token=59 line=2281 text='const'
DEBUG C_PARSER: LOOP START token=59 line=2283 text='const'
DEBUG C_PARSER: LOOP START token=59 line=2285 text='const'
DEBUG C_PARSER: LOOP START token=59 line=2290 text='const'
DEBUG C_PARSER: LOOP START token=72 line=2292 text='int'
DEBUG C_PARSER: LOOP START token=72 line=2294 text='int'
DEBUG C_PARSER: LOOP START token=59 line=2296 text='const'
DEBUG C_PARSER: LOOP START token=72 line=2298 text='int'
DEBUG C_PARSER: LOOP START token=59 line=2300 text='const'
DEBUG C_PARSER: LOOP START token=81 line=2305 text='struct'
DEBUG C_PARSER: LOOP START token=81 line=2307 text='struct'
[1;36mdebug: [0mc_header: w_name=wl_list_init
[1;36mdebug: [0mc_header: w_name=wl_list_insert
[1;36mdebug: [0mc_header: w_name=wl_list_remove
[1;36mdebug: [0mc_header: w_name=wl_list_length
[1;36mdebug: [0mc_header: w_name=wl_list_empty
[1;36mdebug: [0mc_header: w_name=wl_list_insert_list
DEBUG C_PARSER: LOOP START token=1 line=2330 text='size_t'
DEBUG C_PARSER: LOOP START token=1 line=2332 text='size_t'
DEBUG C_PARSER: LOOP START token=86 line=2334 text='void'
[1;36mdebug: [0mc_header: w_name=wl_array_init
[1;36mdebug: [0mc_header: w_name=wl_array_release
[1;36mdebug: [0mc_header: w_name=wl_array_add
[1;36mdebug: [0mc_header: w_name=wl_array_copy
[1;36mdebug: [0mc_header: w_name=wl_fixed_to_double
[1;36mdebug: [0mc_header: w_name=wl_fixed_from_double
[1;36mdebug: [0mc_header: w_name=wl_fixed_to_int
[1;36mdebug: [0mc_header: w_name=wl_fixed_from_int
DEBUG C_PARSER: LOOP START token=1 line=2376 text='int32_t'
DEBUG C_PARSER: LOOP START token=1 line=2377 text='uint32_t'
DEBUG C_PARSER: LOOP START token=1 line=2378 text='wl_fixed_t'
DEBUG C_PARSER: LOOP START token=59 line=2379 text='const'
DEBUG C_PARSER: LOOP START token=81 line=2380 text='struct'
DEBUG C_PARSER: LOOP START token=1 line=2381 text='uint32_t'
DEBUG C_PARSER: LOOP START token=81 line=2382 text='struct'
DEBUG C_PARSER: LOOP START token=1 line=2383 text='int32_t'
DEBUG C_PARSER: LOOP START token=1
DEBUG C_PARSER: LOOP START token=1
DEBUG C_PARSER: LOOP START token=1
DEBUG C_PARSER: LOOP START token=1
DEBUG C_PARSER: LOOP START token=1
DEBUG C_PARSER: LOOP START token=1
[1;36mdebug: [0mc_header: w_name=wl_event_loop_create
[1;36mdebug: [0mc_header: w_name=wl_event_loop_destroy
[1;36mdebug: [0mc_header: w_name=wl_event_loop_add_fd
[1;36mdebug: [0mc_header: w_name=wl_event_source_fd_update
[1;36mdebug: [0mc_header: w_name=wl_event_loop_add_timer
[1;36mdebug: [0mc_header: w_name=wl_event_loop_add_signal
[1;36mdebug: [0mc_header: w_name=wl_event_source_timer_update
[1;36mdebug: [0mc_header: w_name=wl_event_source_remove
[1;36mdebug: [0mc_header: w_name=wl_event_source_check
[1;36mdebug: [0mc_header: w_name=wl_event_loop_dispatch
[1;36mdebug: [0mc_header: w_name=wl_event_loop_dispatch_idle
[1;36mdebug: [0mc_header: w_name=wl_event_loop_add_idle
[1;36mdebug: [0mc_header: w_name=wl_event_loop_get_fd
[1;36mdebug: [0mc_header: w_name=wl_event_loop_add_destroy_listener
[1;36mdebug: [0mc_header: w_name=wl_event_loop_get_destroy_listener
[1;36mdebug: [0mc_header: w_name=wl_display_create
[1;36mdebug: [0mc_header: w_name=wl_display_destroy
[1;36mdebug: [0mc_header: w_name=wl_display_get_event_loop
[1;36mdebug: [0mc_header: w_name=wl_display_add_socket
[1;36mdebug: [0mc_header: w_name=wl_display_add_socket_auto
[1;36mdebug: [0mc_header: w_name=wl_display_add_socket_fd
[1;36mdebug: [0mc_header: w_name=wl_display_terminate
[1;36mdebug: [0mc_header: w_name=wl_display_run
[1;36mdebug: [0mc_header: w_name=wl_display_flush_clients
[1;36mdebug: [0mc_header: w_name=wl_display_destroy_clients
[1;36mdebug: [0mc_header: w_name=wl_display_set_default_max_buffer_size
[1;36mdebug: [0mc_header: w_name=wl_display_get_serial
[1;36mdebug: [0mc_header: w_name=wl_display_next_serial
[1;36mdebug: [0mc_header: w_name=wl_display_add_destroy_listener
[1;36mdebug: [0mc_header: w_name=wl_display_add_client_created_listener
[1;36mdebug: [0mc_header: w_name=wl_display_get_destroy_listener
[1;36mdebug: [0mc_header: w_name=wl_global_create
[1;36mdebug: [0mc_header: w_name=wl_global_remove
[1;36mdebug: [0mc_header: w_name=wl_global_destroy
[1;36mdebug: [0mc_header: w_name=wl_display_set_global_filter
[1;36mdebug: [0mc_header: w_name=wl_global_get_interface
[1;36mdebug: [0mc_header: w_name=wl_global_get_name
[1;36mdebug: [0mc_header: w_name=wl_global_get_version
[1;36mdebug: [0mc_header: w_name=wl_global_get_display
[1;36mdebug: [0mc_header: w_name=wl_global_get_user_data
[1;36mdebug: [0mc_header: w_name=wl_global_set_user_data
[1;36mdebug: [0mc_header: w_name=wl_client_create
[1;36mdebug: [0mc_header: w_name=wl_display_get_client_list
[1;36mdebug: [0mc_header: w_name=wl_client_get_link
[1;36mdebug: [0mc_header: w_name=wl_client_from_link
[1;36mdebug: [0mc_header: w_name=wl_client_destroy
[1;36mdebug: [0mc_header: w_name=wl_client_flush
[1;36mdebug: [0mc_header: w_name=wl_client_get_credentials
[1;36mdebug: [0mc_header: w_name=wl_client_get_fd
[1;36mdebug: [0mc_header: w_name=wl_client_add_destroy_listener
[1;36mdebug: [0mc_header: w_name=wl_client_get_destroy_listener
[1;36mdebug: [0mc_header: w_name=wl_client_add_destroy_late_listener
[1;36mdebug: [0mc_header: w_name=wl_client_get_destroy_late_listener
[1;36mdebug: [0mc_header: w_name=wl_client_get_object
[1;36mdebug: [0mc_header: w_name=wl_client_post_no_memory
[1;36mdebug: [0mc_header: w_name=wl_client_post_implementation_error
[1;36mdebug: [0mc_header: w_name=wl_client_add_resource_created_listener
[1;36mdebug: [0mc_header: w_name=wl_client_for_each_resource
[1;36mdebug: [0mc_header: w_name=wl_client_set_user_data
[1;36mdebug: [0mc_header: w_name=wl_client_get_user_data
[1;36mdebug: [0mc_header: w_name=wl_client_set_max_buffer_size
DEBUG C_PARSER: LOOP START token=81 line=2672 text='struct'
DEBUG C_PARSER: LOOP START token=1 line=2675 text='wl_notify_func_t'
DEBUG C_PARSER: LOOP START token=81 line=2679 text='struct'
[1;36mdebug: [0mc_header: w_name=wl_signal_init
[1;36mdebug: [0mc_header: w_name=wl_signal_add
[1;36mdebug: [0mc_header: w_name=wl_signal_get
[1;36mdebug: [0mc_header: w_name=wl_signal_emit
[1;36mdebug: [0mc_header: w_name=wl_signal_emit_mutable
[1;36mdebug: [0mc_header: w_name=wl_resource_post_event
[1;36mdebug: [0mc_header: w_name=wl_resource_post_event_array
[1;36mdebug: [0mc_header: w_name=wl_resource_queue_event
[1;36mdebug: [0mc_header: w_name=wl_resource_queue_event_array
[1;36mdebug: [0mc_header: w_name=wl_resource_post_error_vargs
[1;36mdebug: [0mc_header: w_name=wl_resource_post_error
[1;36mdebug: [0mc_header: w_name=wl_resource_post_no_memory
[1;36mdebug: [0mc_header: w_name=wl_client_get_display
[1;36mdebug: [0mc_header: w_name=wl_resource_create
[1;36mdebug: [0mc_header: w_name=wl_resource_set_implementation
[1;36mdebug: [0mc_header: w_name=wl_resource_set_dispatcher
[1;36mdebug: [0mc_header: w_name=wl_resource_destroy
[1;36mdebug: [0mc_header: w_name=wl_resource_get_id
[1;36mdebug: [0mc_header: w_name=wl_resource_get_link
[1;36mdebug: [0mc_header: w_name=wl_resource_from_link
[1;36mdebug: [0mc_header: w_name=wl_resource_find_for_client
[1;36mdebug: [0mc_header: w_name=wl_resource_get_client
[1;36mdebug: [0mc_header: w_name=wl_resource_set_user_data
[1;36mdebug: [0mc_header: w_name=wl_resource_get_user_data
[1;36mdebug: [0mc_header: w_name=wl_resource_get_version
[1;36mdebug: [0mc_header: w_name=wl_resource_set_destructor
[1;36mdebug: [0mc_header: w_name=wl_resource_instance_of
[1;36mdebug: [0mc_header: w_name=wl_resource_get_class
[1;36mdebug: [0mc_header: w_name=wl_resource_get_interface
[1;36mdebug: [0mc_header: w_name=wl_resource_add_destroy_listener
[1;36mdebug: [0mc_header: w_name=wl_resource_get_destroy_listener
[1;36mdebug: [0mc_header: w_name=wl_shm_buffer_get
[1;36mdebug: [0mc_header: w_name=wl_shm_buffer_begin_access
[1;36mdebug: [0mc_header: w_name=wl_shm_buffer_end_access
[1;36mdebug: [0mc_header: w_name=wl_shm_buffer_get_data
[1;36mdebug: [0mc_header: w_name=wl_shm_buffer_get_stride
[1;36mdebug: [0mc_header: w_name=wl_shm_buffer_get_format
[1;36mdebug: [0mc_header: w_name=wl_shm_buffer_get_width
[1;36mdebug: [0mc_header: w_name=wl_shm_buffer_get_height
[1;36mdebug: [0mc_header: w_name=wl_shm_buffer_ref
[1;36mdebug: [0mc_header: w_name=wl_shm_buffer_unref
[1;36mdebug: [0mc_header: w_name=wl_shm_buffer_ref_pool
[1;36mdebug: [0mc_header: w_name=wl_shm_pool_unref
[1;36mdebug: [0mc_header: w_name=wl_display_init_shm
[1;36mdebug: [0mc_header: w_name=wl_display_add_shm_format
[1;36mdebug: [0mc_header: w_name=wl_log_set_handler_server
DEBUG C_PARSER: LOOP START token=1
DEBUG C_PARSER: LOOP START token=1
DEBUG C_PARSER: LOOP START token=81 line=2881 text='struct'
DEBUG C_PARSER: LOOP START token=72 line=2882 text='int'
DEBUG C_PARSER: LOOP START token=59 line=2883 text='const'
DEBUG C_PARSER: LOOP START token=72 line=2884 text='int'
DEBUG C_PARSER: LOOP START token=59 line=2885 text='const'
[1;36mdebug: [0mc_header: w_name=wl_display_add_protocol_logger
[1;36mdebug: [0mc_header: w_name=wl_protocol_logger_destroy
DEBUG C_PARSER: LOOP START token=81 line=2909 text='struct'
DEBUG C_PARSER: LOOP START token=86 line=2911 text='void'
[1;36mdebug: [0mc_header: w_name=wlr_allocator_init
DEBUG C_PARSER: LOOP START token=59 line=2918 text='const'
DEBUG C_PARSER: LOOP START token=1 line=2921 text='uint32_t'
DEBUG C_PARSER: LOOP START token=81 line=2923 text='struct'
DEBUG C_PARSER: LOOP START token=81 line=2924 text='struct'
[1;36mdebug: [0mc_header: w_name=wlr_allocator_autocreate
[1;36mdebug: [0mc_header: w_name=wlr_allocator_destroy
[1;36mdebug: [0mc_header: w_name=wlr_allocator_create_buffer
DEBUG C_PARSER: LOOP START token=72
[1;36mdebug: [0mc_header: w_name=__bswap_16
[1;36mdebug: [0mc_header: w_name=__bswap_32
[1;36mdebug: [0mc_header: w_name=__bswap_64
[1;36mdebug: [0mc_header: w_name=__uint16_identity
[1;36mdebug: [0mc_header: w_name=__uint32_identity
[1;36mdebug: [0mc_header: w_name=__uint64_identity
DEBUG C_PARSER: LOOP START token=85
DEBUG C_PARSER: LOOP START token=1 line=427 text='__time_t'
DEBUG C_PARSER: LOOP START token=1 line=428 text='__suseconds_t'
DEBUG C_PARSER: LOOP START token=1 line=440 text='__time_t'
DEBUG C_PARSER: LOOP START token=1 line=445 text='__syscall_slong_t'
DEBUG C_PARSER: LOOP START token=1
[1;36mdebug: [0mc_header: w_name=select
[1;36mdebug: [0mc_header: w_name=pselect
DEBUG C_PARSER: LOOP START token=97
DEBUG C_PARSER: LOOP START token=81
DEBUG C_PARSER: LOOP START token=85
DEBUG C_PARSER: LOOP START token=85
DEBUG C_PARSER: LOOP START token=81
DEBUG C_PARSER: LOOP START token=81
DEBUG C_PARSER: LOOP START token=81
DEBUG C_PARSER: LOOP START token=72 line=558 text='int'
DEBUG C_PARSER: LOOP START token=85 line=559 text='unsigned'
DEBUG C_PARSER: LOOP START token=72 line=560 text='int'
DEBUG C_PARSER: LOOP START token=85 line=562 text='unsigned'
DEBUG C_PARSER: LOOP START token=72 line=566 text='int'
DEBUG C_PARSER: LOOP START token=77 line=568 text='short'
DEBUG C_PARSER: LOOP START token=77 line=569 text='short'
DEBUG C_PARSER: LOOP START token=1 line=570 text='__pthread_list_t'
DEBUG C_PARSER: LOOP START token=85 line=579 text='unsigned'
DEBUG C_PARSER: LOOP START token=85 line=580 text='unsigned'
DEBUG C_PARSER: LOOP START token=85 line=581 text='unsigned'
DEBUG C_PARSER: LOOP START token=85 line=582 text='unsigned'
DEBUG C_PARSER: LOOP START token=85 line=583 text='unsigned'
DEBUG C_PARSER: LOOP START token=85 line=584 text='unsigned'
DEBUG C_PARSER: LOOP START token=72 line=586 text='int'
DEBUG C_PARSER: LOOP START token=72 line=587 text='int'
DEBUG C_PARSER: LOOP START token=85 line=588 text='unsigned'
DEBUG C_PARSER: LOOP START token=85 line=589 text='unsigned'
DEBUG C_PARSER: LOOP START token=85 line=592 text='unsigned'
DEBUG C_PARSER: LOOP START token=1 line=602 text='__atomic_wide_counter'
DEBUG C_PARSER: LOOP START token=1 line=603 text='__atomic_wide_counter'
DEBUG C_PARSER: LOOP START token=85 line=604 text='unsigned'
DEBUG C_PARSER: LOOP START token=85 line=605 text='unsigned'
DEBUG C_PARSER: LOOP START token=85 line=606 text='unsigned'
DEBUG C_PARSER: LOOP START token=85 line=607 text='unsigned'
DEBUG C_PARSER: LOOP START token=85 line=608 text='unsigned'
DEBUG C_PARSER: LOOP START token=85 line=609 text='unsigned'
DEBUG C_PARSER: LOOP START token=72
DEBUG C_PARSER: LOOP START token=58
DEBUG C_PARSER: LOOP START token=72
DEBUG C_PARSER: LOOP START token=58
DEBUG C_PARSER: LOOP START token=72
DEBUG C_PARSER: LOOP START token=58 line=654 text='char'
DEBUG C_PARSER: LOOP START token=73 line=655 text='long'
DEBUG C_PARSER: LOOP START token=81
DEBUG C_PARSER: LOOP START token=58
DEBUG C_PARSER: LOOP START token=73
DEBUG C_PARSER: LOOP START token=81
DEBUG C_PARSER: LOOP START token=58
DEBUG C_PARSER: LOOP START token=97
DEBUG C_PARSER: LOOP START token=81
DEBUG C_PARSER: LOOP START token=58
DEBUG C_PARSER: LOOP START token=73
DEBUG C_PARSER: LOOP START token=58
DEBUG C_PARSER: LOOP START token=73
DEBUG C_PARSER: LOOP START token=58
DEBUG C_PARSER: LOOP START token=73
DEBUG C_PARSER: LOOP START token=58
DEBUG C_PARSER: LOOP START token=72
DEBUG C_PARSER: LOOP START token=1
DEBUG C_PARSER: LOOP START token=1
DEBUG C_PARSER: LOOP START token=1
DEBUG C_PARSER: LOOP START token=1
DEBUG C_PARSER: LOOP START token=1
[1;36mdebug: [0mc_header: w_name=__fpclassify
[1;36mdebug: [0mc_header: w_name=__signbit
[1;36mdebug: [0mc_header: w_name=__isinf
[1;36mdebug: [0mc_header: w_name=__finite
[1;36mdebug: [0mc_header: w_name=__isnan
[1;36mdebug: [0mc_header: w_name=__iseqsig
[1;36mdebug: [0mc_header: w_name=__issignaling
[1;36mdebug: [0mc_header: w_name=acos
[1;36mdebug: [0mc_header: w_name=__acos
[1;36mdebug: [0mc_header: w_name=asin
[1;36mdebug: [0mc_header: w_name=__asin
[1;36mdebug: [0mc_header: w_name=atan
[1;36mdebug: [0mc_header: w_name=__atan
[1;36mdebug: [0mc_header: w_name=atan2
[1;36mdebug: [0mc_header: w_name=__atan2
[1;36mdebug: [0mc_header: w_name=cos
[1;36mdebug: [0mc_header: w_name=__cos
[1;36mdebug: [0mc_header: w_name=sin
[1;36mdebug: [0mc_header: w_name=__sin
[1;36mdebug: [0mc_header: w_name=tan
[1;36mdebug: [0mc_header: w_name=__tan
[1;36mdebug: [0mc_header: w_name=acospi
[1;36mdebug: [0mc_header: w_name=__acospi
[1;36mdebug: [0mc_header: w_name=acospi
[1;36mdebug: [0mc_header: w_name=__acospi
[1;36mdebug: [0mc_header: w_name=asinpi
[1;36mdebug: [0mc_header: w_name=__asinpi
[1;36mdebug: [0mc_header: w_name=asinpi
[1;36mdebug: [0mc_header: w_name=__asinpi
[1;36mdebug: [0mc_header: w_name=atanpi
[1;36mdebug: [0mc_header: w_name=__atanpi
[1;36mdebug: [0mc_header: w_name=atanpi
[1;36mdebug: [0mc_header: w_name=__atanpi
[1;36mdebug: [0mc_header: w_name=atan2pi
[1;36mdebug: [0mc_header: w_name=__atan2pi
[1;36mdebug: [0mc_header: w_name=atan2pi
[1;36mdebug: [0mc_header: w_name=__atan2pi
[1;36mdebug: [0mc_header: w_name=cospi
[1;36mdebug: [0mc_header: w_name=__cospi
[1;36mdebug: [0mc_header: w_name=sinpi
[1;36mdebug: [0mc_header: w_name=__sinpi
[1;36mdebug: [0mc_header: w_name=tanpi
[1;36mdebug: [0mc_header: w_name=__tanpi
[1;36mdebug: [0mc_header: w_name=cosh
[1;36mdebug: [0mc_header: w_name=__cosh
[1;36mdebug: [0mc_header: w_name=sinh
[1;36mdebug: [0mc_header: w_name=__sinh
[1;36mdebug: [0mc_header: w_name=tanh
[1;36mdebug: [0mc_header: w_name=__tanh
[1;36mdebug: [0mc_header: w_name=acosh
[1;36mdebug: [0mc_header: w_name=__acosh
[1;36mdebug: [0mc_header: w_name=asinh
[1;36mdebug: [0mc_header: w_name=__asinh
[1;36mdebug: [0mc_header: w_name=atanh
[1;36mdebug: [0mc_header: w_name=__atanh
[1;36mdebug: [0mc_header: w_name=exp
[1;36mdebug: [0mc_header: w_name=__exp
[1;36mdebug: [0mc_header: w_name=frexp
[1;36mdebug: [0mc_header: w_name=__frexp
[1;36mdebug: [0mc_header: w_name=ldexp
[1;36mdebug: [0mc_header: w_name=__ldexp
[1;36mdebug: [0mc_header: w_name=log
[1;36mdebug: [0mc_header: w_name=__log
[1;36mdebug: [0mc_header: w_name=log10
[1;36mdebug: [0mc_header: w_name=__log10
[1;36mdebug: [0mc_header: w_name=modf
[1;36mdebug: [0mc_header: w_name=__modf
[1;36mdebug: [0mc_header: w_name=exp10
[1;36mdebug: [0mc_header: w_name=__exp10
[1;36mdebug: [0mc_header: w_name=exp2m1
[1;36mdebug: [0mc_header: w_name=__exp2m1
[1;36mdebug: [0mc_header: w_name=exp10m1
[1;36mdebug: [0mc_header: w_name=__exp10m1
[1;36mdebug: [0mc_header: w_name=log2p1
[1;36mdebug: [0mc_header: w_name=__log2p1
[1;36mdebug: [0mc_header: w_name=log10p1
[1;36mdebug: [0mc_header: w_name=__log10p1
[1;36mdebug: [0mc_header: w_name=logp1
[1;36mdebug: [0mc_header: w_name=__logp1
[1;36mdebug: [0mc_header: w_name=expm1
[1;36mdebug: [0mc_header: w_name=__expm1
[1;36mdebug: [0mc_header: w_name=log1p
[1;36mdebug: [0mc_header: w_name=__log1p
[1;36mdebug: [0mc_header: w_name=logb
[1;36mdebug: [0mc_header: w_name=__logb
[1;36mdebug: [0mc_header: w_name=exp2
[1;36mdebug: [0mc_header: w_name=__exp2
[1;36mdebug: [0mc_header: w_name=log2
[1;36mdebug: [0mc_header: w_name=__log2
[1;36mdebug: [0mc_header: w_name=pow
[1;36mdebug: [0mc_header: w_name=__pow
[1;36mdebug: [0mc_header: w_name=sqrt
[1;36mdebug: [0mc_header: w_name=__sqrt
[1;36mdebug: [0mc_header: w_name=hypot
[1;36mdebug: [0mc_header: w_name=__hypot
[1;36mdebug: [0mc_header: w_name=cbrt
[1;36mdebug: [0mc_header: w_name=__cbrt
[1;36mdebug: [0mc_header: w_name=compoundn
[1;36mdebug: [0mc_header: w_name=__compoundn
[1;36mdebug: [0mc_header: w_name=pown
[1;36mdebug: [0mc_header: w_name=__pown
[1;36mdebug: [0mc_header: w_name=powr
[1;36mdebug: [0mc_header: w_name=__powr
[1;36mdebug: [0mc_header: w_name=powr
[1;36mdebug: [0mc_header: w_name=__powr
[1;36mdebug: [0mc_header: w_name=rootn
[1;36mdebug: [0mc_header: w_name=__rootn
[1;36mdebug: [0mc_header: w_name=rsqrt
[1;36mdebug: [0mc_header: w_name=__rsqrt
[1;36mdebug: [0mc_header: w_name=ceil
[1;36mdebug: [0mc_header: w_name=fabs
[1;36mdebug: [0mc_header: w_name=floor
[1;36mdebug: [0mc_header: w_name=fmod
[1;36mdebug: [0mc_header: w_name=__fmod
[1;36mdebug: [0mc_header: w_name=isinf
[1;36mdebug: [0mc_header: w_name=finite
[1;36mdebug: [0mc_header: w_name=drem
[1;36mdebug: [0mc_header: w_name=__drem
[1;36mdebug: [0mc_header: w_name=significand
[1;36mdebug: [0mc_header: w_name=__significand
[1;36mdebug: [0mc_header: w_name=copysign
[1;36mdebug: [0mc_header: w_name=nan
[1;36mdebug: [0mc_header: w_name=__nan
[1;36mdebug: [0mc_header: w_name=isnan
[1;36mdebug: [0mc_header: w_name=j0
[1;36mdebug: [0mc_header: w_name=__j0
[1;36mdebug: [0mc_header: w_name=j1
[1;36mdebug: [0mc_header: w_name=__j1
[1;36mdebug: [0mc_header: w_name=jn
[1;36mdebug: [0mc_header: w_name=__jn
[1;36mdebug: [0mc_header: w_name=y0
[1;36mdebug: [0mc_header: w_name=__y0
[1;36mdebug: [0mc_header: w_name=y1
[1;36mdebug: [0mc_header: w_name=__y1
[1;36mdebug: [0mc_header: w_name=yn
[1;36mdebug: [0mc_header: w_name=__yn
[1;36mdebug: [0mc_header: w_name=erf
[1;36mdebug: [0mc_header: w_name=__erf
[1;36mdebug: [0mc_header: w_name=erfc
[1;36mdebug: [0mc_header: w_name=__erfc
[1;36mdebug: [0mc_header: w_name=lgamma
[1;36mdebug: [0mc_header: w_name=__lgamma
[1;36mdebug: [0mc_header: w_name=tgamma
[1;36mdebug: [0mc_header: w_name=__tgamma
[1;36mdebug: [0mc_header: w_name=gamma
[1;36mdebug: [0mc_header: w_name=__gamma
[1;36mdebug: [0mc_header: w_name=lgamma_r
[1;36mdebug: [0mc_header: w_name=__lgamma_r
[1;36mdebug: [0mc_header: w_name=rint
[1;36mdebug: [0mc_header: w_name=__rint
[1;36mdebug: [0mc_header: w_name=nextafter
[1;36mdebug: [0mc_header: w_name=__nextafter
[1;36mdebug: [0mc_header: w_name=nexttoward
[1;36mdebug: [0mc_header: w_name=__nexttoward
[1;36mdebug: [0mc_header: w_name=nextdown
[1;36mdebug: [0mc_header: w_name=__nextdown
[1;36mdebug: [0mc_header: w_name=nextup
[1;36mdebug: [0mc_header: w_name=__nextup
[1;36mdebug: [0mc_header: w_name=remainder
[1;36mdebug: [0mc_header: w_name=__remainder
[1;36mdebug: [0mc_header: w_name=scalbn
[1;36mdebug: [0mc_header: w_name=__scalbn
[1;36mdebug: [0mc_header: w_name=ilogb
[1;36mdebug: [0mc_header: w_name=__ilogb
[1;36mdebug: [0mc_header: w_name=llogb
[1;36mdebug: [0mc_header: w_name=__llogb
[1;36mdebug: [0mc_header: w_name=scalbln
[1;36mdebug: [0mc_header: w_name=__scalbln
[1;36mdebug: [0mc_header: w_name=nearbyint
[1;36mdebug: [0mc_header: w_name=__nearbyint
[1;36mdebug: [0mc_header: w_name=round
[1;36mdebug: [0mc_header: w_name=trunc
[1;36mdebug: [0mc_header: w_name=remquo
[1;36mdebug: [0mc_header: w_name=__remquo
[1;36mdebug: [0mc_header: w_name=lrint
[1;36mdebug: [0mc_header: w_name=__lrint
[1;36mdebug: [0mc_header: w_name=llrint
[1;36mdebug: [0mc_header: w_name=__llrint
[1;36mdebug: [0mc_header: w_name=lround
[1;36mdebug: [0mc_header: w_name=__lround
[1;36mdebug: [0mc_header: w_name=llround
[1;36mdebug: [0mc_header: w_name=__llround
[1;36mdebug: [0mc_header: w_name=fdim
[1;36mdebug: [0mc_header: w_name=__fdim
[1;36mdebug: [0mc_header: w_name=fmax
[1;36mdebug: [0mc_header: w_name=fmin
[1;36mdebug: [0mc_header: w_name=fma
[1;36mdebug: [0mc_header: w_name=__fma
[1;36mdebug: [0mc_header: w_name=roundeven
[1;36mdebug: [0mc_header: w_name=fromfp
[1;36mdebug: [0mc_header: w_name=__fromfp
[1;36mdebug: [0mc_header: w_name=ufromfp
[1;36mdebug: [0mc_header: w_name=__ufromfp
[1;36mdebug: [0mc_header: w_name=fromfpx
[1;36mdebug: [0mc_header: w_name=__fromfpx
[1;36mdebug: [0mc_header: w_name=ufromfpx
[1;36mdebug: [0mc_header: w_name=__ufromfpx
[1;36mdebug: [0mc_header: w_name=canonicalize
[1;36mdebug: [0mc_header: w_name=fmaximum
[1;36mdebug: [0mc_header: w_name=fminimum
[1;36mdebug: [0mc_header: w_name=fmaximum_num
[1;36mdebug: [0mc_header: w_name=fminimum_num
[1;36mdebug: [0mc_header: w_name=fmaximum_mag
[1;36mdebug: [0mc_header: w_name=fminimum_mag
[1;36mdebug: [0mc_header: w_name=fmaximum_mag_num
[1;36mdebug: [0mc_header: w_name=fminimum_mag_num
[1;36mdebug: [0mc_header: w_name=scalb
[1;36mdebug: [0mc_header: w_name=__scalb
[1;36mdebug: [0mc_header: w_name=__fpclassifyf
[1;36mdebug: [0mc_header: w_name=__signbitf
[1;36mdebug: [0mc_header: w_name=__isinff
[1;36mdebug: [0mc_header: w_name=__finitef
[1;36mdebug: [0mc_header: w_name=__isnanf
[1;36mdebug: [0mc_header: w_name=__iseqsigf
[1;36mdebug: [0mc_header: w_name=__issignalingf
[1;36mdebug: [0mc_header: w_name=acosf
[1;36mdebug: [0mc_header: w_name=__acosf
[1;36mdebug: [0mc_header: w_name=asinf
[1;36mdebug: [0mc_header: w_name=__asinf
[1;36mdebug: [0mc_header: w_name=atanf
[1;36mdebug: [0mc_header: w_name=__atanf
[1;36mdebug: [0mc_header: w_name=atan2f
[1;36mdebug: [0mc_header: w_name=__atan2f
[1;36mdebug: [0mc_header: w_name=cosf
[1;36mdebug: [0mc_header: w_name=__cosf
[1;36mdebug: [0mc_header: w_name=sinf
[1;36mdebug: [0mc_header: w_name=__sinf
[1;36mdebug: [0mc_header: w_name=tanf
[1;36mdebug: [0mc_header: w_name=__tanf
[1;36mdebug: [0mc_header: w_name=acospif
[1;36mdebug: [0mc_header: w_name=__acospif
[1;36mdebug: [0mc_header: w_name=acospif
[1;36mdebug: [0mc_header: w_name=__acospif
[1;36mdebug: [0mc_header: w_name=asinpif
[1;36mdebug: [0mc_header: w_name=__asinpif
[1;36mdebug: [0mc_header: w_name=asinpif
[1;36mdebug: [0mc_header: w_name=__asinpif
[1;36mdebug: [0mc_header: w_name=atanpif
[1;36mdebug: [0mc_header: w_name=__atanpif
[1;36mdebug: [0mc_header: w_name=atanpif
[1;36mdebug: [0mc_header: w_name=__atanpif
[1;36mdebug: [0mc_header: w_name=atan2pif
[1;36mdebug: [0mc_header: w_name=__atan2pif
[1;36mdebug: [0mc_header: w_name=atan2pif
[1;36mdebug: [0mc_header: w_name=__atan2pif
[1;36mdebug: [0mc_header: w_name=cospif
[1;36mdebug: [0mc_header: w_name=__cospif
[1;36mdebug: [0mc_header: w_name=sinpif
[1;36mdebug: [0mc_header: w_name=__sinpif
[1;36mdebug: [0mc_header: w_name=tanpif
[1;36mdebug: [0mc_header: w_name=__tanpif
[1;36mdebug: [0mc_header: w_name=coshf
[1;36mdebug: [0mc_header: w_name=__coshf
[1;36mdebug: [0mc_header: w_name=sinhf
[1;36mdebug: [0mc_header: w_name=__sinhf
[1;36mdebug: [0mc_header: w_name=tanhf
[1;36mdebug: [0mc_header: w_name=__tanhf
[1;36mdebug: [0mc_header: w_name=acoshf
[1;36mdebug: [0mc_header: w_name=__acoshf
[1;36mdebug: [0mc_header: w_name=asinhf
[1;36mdebug: [0mc_header: w_name=__asinhf
[1;36mdebug: [0mc_header: w_name=atanhf
[1;36mdebug: [0mc_header: w_name=__atanhf
[1;36mdebug: [0mc_header: w_name=expf
[1;36mdebug: [0mc_header: w_name=__expf
[1;36mdebug: [0mc_header: w_name=frexpf
[1;36mdebug: [0mc_header: w_name=__frexpf
[1;36mdebug: [0mc_header: w_name=ldexpf
[1;36mdebug: [0mc_header: w_name=__ldexpf
[1;36mdebug: [0mc_header: w_name=logf
[1;36mdebug: [0mc_header: w_name=__logf
[1;36mdebug: [0mc_header: w_name=log10f
[1;36mdebug: [0mc_header: w_name=__log10f
[1;36mdebug: [0mc_header: w_name=modff
[1;36mdebug: [0mc_header: w_name=__modff
[1;36mdebug: [0mc_header: w_name=exp10f
[1;36mdebug: [0mc_header: w_name=__exp10f
[1;36mdebug: [0mc_header: w_name=exp2m1f
[1;36mdebug: [0mc_header: w_name=__exp2m1f
[1;36mdebug: [0mc_header: w_name=exp10m1f
[1;36mdebug: [0mc_header: w_name=__exp10m1f
[1;36mdebug: [0mc_header: w_name=log2p1f
[1;36mdebug: [0mc_header: w_name=__log2p1f
[1;36mdebug: [0mc_header: w_name=log10p1f
[1;36mdebug: [0mc_header: w_name=__log10p1f
[1;36mdebug: [0mc_header: w_name=logp1f
[1;36mdebug: [0mc_header: w_name=__logp1f
[1;36mdebug: [0mc_header: w_name=expm1f
[1;36mdebug: [0mc_header: w_name=__expm1f
[1;36mdebug: [0mc_header: w_name=log1pf
[1;36mdebug: [0mc_header: w_name=__log1pf
[1;36mdebug: [0mc_header: w_name=logbf
[1;36mdebug: [0mc_header: w_name=__logbf
[1;36mdebug: [0mc_header: w_name=exp2f
[1;36mdebug: [0mc_header: w_name=__exp2f
[1;36mdebug: [0mc_header: w_name=log2f
[1;36mdebug: [0mc_header: w_name=__log2f
[1;36mdebug: [0mc_header: w_name=powf
[1;36mdebug: [0mc_header: w_name=__powf
[1;36mdebug: [0mc_header: w_name=sqrtf
[1;36mdebug: [0mc_header: w_name=__sqrtf
[1;36mdebug: [0mc_header: w_name=hypotf
[1;36mdebug: [0mc_header: w_name=__hypotf
[1;36mdebug: [0mc_header: w_name=cbrtf
[1;36mdebug: [0mc_header: w_name=__cbrtf
[1;36mdebug: [0mc_header: w_name=compoundnf
[1;36mdebug: [0mc_header: w_name=__compoundnf
[1;36mdebug: [0mc_header: w_name=pownf
[1;36mdebug: [0mc_header: w_name=__pownf
[1;36mdebug: [0mc_header: w_name=powrf
[1;36mdebug: [0mc_header: w_name=__powrf
[1;36mdebug: [0mc_header: w_name=powrf
[1;36mdebug: [0mc_header: w_name=__powrf
[1;36mdebug: [0mc_header: w_name=rootnf
[1;36mdebug: [0mc_header: w_name=__rootnf
[1;36mdebug: [0mc_header: w_name=rsqrtf
[1;36mdebug: [0mc_header: w_name=__rsqrtf
[1;36mdebug: [0mc_header: w_name=ceilf
[1;36mdebug: [0mc_header: w_name=fabsf
[1;36mdebug: [0mc_header: w_name=floorf
[1;36mdebug: [0mc_header: w_name=fmodf
[1;36mdebug: [0mc_header: w_name=__fmodf
[1;36mdebug: [0mc_header: w_name=isinff
[1;36mdebug: [0mc_header: w_name=finitef
[1;36mdebug: [0mc_header: w_name=dremf
[1;36mdebug: [0mc_header: w_name=__dremf
[1;36mdebug: [0mc_header: w_name=significandf
[1;36mdebug: [0mc_header: w_name=__significandf
[1;36mdebug: [0mc_header: w_name=copysignf
[1;36mdebug: [0mc_header: w_name=nanf
[1;36mdebug: [0mc_header: w_name=__nanf
[1;36mdebug: [0mc_header: w_name=isnanf
[1;36mdebug: [0mc_header: w_name=j0f
[1;36mdebug: [0mc_header: w_name=__j0f
[1;36mdebug: [0mc_header: w_name=j1f
[1;36mdebug: [0mc_header: w_name=__j1f
[1;36mdebug: [0mc_header: w_name=jnf
[1;36mdebug: [0mc_header: w_name=__jnf
[1;36mdebug: [0mc_header: w_name=y0f
[1;36mdebug: [0mc_header: w_name=__y0f
[1;36mdebug: [0mc_header: w_name=y1f
[1;36mdebug: [0mc_header: w_name=__y1f
[1;36mdebug: [0mc_header: w_name=ynf
[1;36mdebug: [0mc_header: w_name=__ynf
[1;36mdebug: [0mc_header: w_name=erff
[1;36mdebug: [0mc_header: w_name=__erff
[1;36mdebug: [0mc_header: w_name=erfcf
[1;36mdebug: [0mc_header: w_name=__erfcf
[1;36mdebug: [0mc_header: w_name=lgammaf
[1;36mdebug: [0mc_header: w_name=__lgammaf
[1;36mdebug: [0mc_header: w_name=tgammaf
[1;36mdebug: [0mc_header: w_name=__tgammaf
[1;36mdebug: [0mc_header: w_name=gammaf
[1;36mdebug: [0mc_header: w_name=__gammaf
[1;36mdebug: [0mc_header: w_name=lgammaf_r
[1;36mdebug: [0mc_header: w_name=__lgammaf_r
[1;36mdebug: [0mc_header: w_name=rintf
[1;36mdebug: [0mc_header: w_name=__rintf
[1;36mdebug: [0mc_header: w_name=nextafterf
[1;36mdebug: [0mc_header: w_name=__nextafterf
[1;36mdebug: [0mc_header: w_name=nexttowardf
[1;36mdebug: [0mc_header: w_name=__nexttowardf
[1;36mdebug: [0mc_header: w_name=nextdownf
[1;36mdebug: [0mc_header: w_name=__nextdownf
[1;36mdebug: [0mc_header: w_name=nextupf
[1;36mdebug: [0mc_header: w_name=__nextupf
[1;36mdebug: [0mc_header: w_name=remainderf
[1;36mdebug: [0mc_header: w_name=__remainderf
[1;36mdebug: [0mc_header: w_name=scalbnf
[1;36mdebug: [0mc_header: w_name=__scalbnf
[1;36mdebug: [0mc_header: w_name=ilogbf
[1;36mdebug: [0mc_header: w_name=__ilogbf
[1;36mdebug: [0mc_header: w_name=llogbf
[1;36mdebug: [0mc_header: w_name=__llogbf
[1;36mdebug: [0mc_header: w_name=scalblnf
[1;36mdebug: [0mc_header: w_name=__scalblnf
[1;36mdebug: [0mc_header: w_name=nearbyintf
[1;36mdebug: [0mc_header: w_name=__nearbyintf
[1;36mdebug: [0mc_header: w_name=roundf
[1;36mdebug: [0mc_header: w_name=truncf
[1;36mdebug: [0mc_header: w_name=remquof
[1;36mdebug: [0mc_header: w_name=__remquof
[1;36mdebug: [0mc_header: w_name=lrintf
[1;36mdebug: [0mc_header: w_name=__lrintf
[1;36mdebug: [0mc_header: w_name=llrintf
[1;36mdebug: [0mc_header: w_name=__llrintf
[1;36mdebug: [0mc_header: w_name=lroundf
[1;36mdebug: [0mc_header: w_name=__lroundf
[1;36mdebug: [0mc_header: w_name=llroundf
[1;36mdebug: [0mc_header: w_name=__llroundf
[1;36mdebug: [0mc_header: w_name=fdimf
[1;36mdebug: [0mc_header: w_name=__fdimf
[1;36mdebug: [0mc_header: w_name=fmaxf
[1;36mdebug: [0mc_header: w_name=fminf
[1;36mdebug: [0mc_header: w_name=fmaf
[1;36mdebug: [0mc_header: w_name=__fmaf
[1;36mdebug: [0mc_header: w_name=roundevenf
[1;36mdebug: [0mc_header: w_name=fromfpf
[1;36mdebug: [0mc_header: w_name=__fromfpf
[1;36mdebug: [0mc_header: w_name=ufromfpf
[1;36mdebug: [0mc_header: w_name=__ufromfpf
[1;36mdebug: [0mc_header: w_name=fromfpxf
[1;36mdebug: [0mc_header: w_name=__fromfpxf
[1;36mdebug: [0mc_header: w_name=ufromfpxf
[1;36mdebug: [0mc_header: w_name=__ufromfpxf
[1;36mdebug: [0mc_header: w_name=canonicalizef
[1;36mdebug: [0mc_header: w_name=fmaximumf
[1;36mdebug: [0mc_header: w_name=fminimumf
[1;36mdebug: [0mc_header: w_name=fmaximum_numf
[1;36mdebug: [0mc_header: w_name=fminimum_numf
[1;36mdebug: [0mc_header: w_name=fmaximum_magf
[1;36mdebug: [0mc_header: w_name=fminimum_magf
[1;36mdebug: [0mc_header: w_name=fmaximum_mag_numf
[1;36mdebug: [0mc_header: w_name=fminimum_mag_numf
[1;36mdebug: [0mc_header: w_name=scalbf
[1;36mdebug: [0mc_header: w_name=__scalbf
[1;36mdebug: [0mc_header: w_name=__fpclassifyl
[1;36mdebug: [0mc_header: w_name=__signbitl
[1;36mdebug: [0mc_header: w_name=__isinfl
[1;36mdebug: [0mc_header: w_name=__finitel
[1;36mdebug: [0mc_header: w_name=__isnanl
[1;36mdebug: [0mc_header: w_name=__iseqsigl
[1;36mdebug: [0mc_header: w_name=__issignalingl
[1;36mdebug: [0mc_header: w_name=acosl
[1;36mdebug: [0mc_header: w_name=__acosl
[1;36mdebug: [0mc_header: w_name=asinl
[1;36mdebug: [0mc_header: w_name=__asinl
[1;36mdebug: [0mc_header: w_name=atanl
[1;36mdebug: [0mc_header: w_name=__atanl
[1;36mdebug: [0mc_header: w_name=atan2l
[1;36mdebug: [0mc_header: w_name=__atan2l
[1;36mdebug: [0mc_header: w_name=cosl
[1;36mdebug: [0mc_header: w_name=__cosl
[1;36mdebug: [0mc_header: w_name=sinl
[1;36mdebug: [0mc_header: w_name=__sinl
[1;36mdebug: [0mc_header: w_name=tanl
[1;36mdebug: [0mc_header: w_name=__tanl
[1;36mdebug: [0mc_header: w_name=acospil
[1;36mdebug: [0mc_header: w_name=__acospil
[1;36mdebug: [0mc_header: w_name=acospil
[1;36mdebug: [0mc_header: w_name=__acospil
[1;36mdebug: [0mc_header: w_name=asinpil
[1;36mdebug: [0mc_header: w_name=__asinpil
[1;36mdebug: [0mc_header: w_name=asinpil
[1;36mdebug: [0mc_header: w_name=__asinpil
[1;36mdebug: [0mc_header: w_name=atanpil
[1;36mdebug: [0mc_header: w_name=__atanpil
[1;36mdebug: [0mc_header: w_name=atanpil
[1;36mdebug: [0mc_header: w_name=__atanpil
[1;36mdebug: [0mc_header: w_name=atan2pil
[1;36mdebug: [0mc_header: w_name=__atan2pil
[1;36mdebug: [0mc_header: w_name=atan2pil
[1;36mdebug: [0mc_header: w_name=__atan2pil
[1;36mdebug: [0mc_header: w_name=cospil
[1;36mdebug: [0mc_header: w_name=__cospil
[1;36mdebug: [0mc_header: w_name=sinpil
[1;36mdebug: [0mc_header: w_name=__sinpil
[1;36mdebug: [0mc_header: w_name=tanpil
[1;36mdebug: [0mc_header: w_name=__tanpil
[1;36mdebug: [0mc_header: w_name=coshl
[1;36mdebug: [0mc_header: w_name=__coshl
[1;36mdebug: [0mc_header: w_name=sinhl
[1;36mdebug: [0mc_header: w_name=__sinhl
[1;36mdebug: [0mc_header: w_name=tanhl
[1;36mdebug: [0mc_header: w_name=__tanhl
[1;36mdebug: [0mc_header: w_name=acoshl
[1;36mdebug: [0mc_header: w_name=__acoshl
[1;36mdebug: [0mc_header: w_name=asinhl
[1;36mdebug: [0mc_header: w_name=__asinhl
[1;36mdebug: [0mc_header: w_name=atanhl
[1;36mdebug: [0mc_header: w_name=__atanhl
[1;36mdebug: [0mc_header: w_name=expl
[1;36mdebug: [0mc_header: w_name=__expl
[1;36mdebug: [0mc_header: w_name=frexpl
[1;36mdebug: [0mc_header: w_name=__frexpl
[1;36mdebug: [0mc_header: w_name=ldexpl
[1;36mdebug: [0mc_header: w_name=__ldexpl
[1;36mdebug: [0mc_header: w_name=logl
[1;36mdebug: [0mc_header: w_name=__logl
[1;36mdebug: [0mc_header: w_name=log10l
[1;36mdebug: [0mc_header: w_name=__log10l
[1;36mdebug: [0mc_header: w_name=modfl
[1;36mdebug: [0mc_header: w_name=__modfl
[1;36mdebug: [0mc_header: w_name=exp10l
[1;36mdebug: [0mc_header: w_name=__exp10l
[1;36mdebug: [0mc_header: w_name=exp2m1l
[1;36mdebug: [0mc_header: w_name=__exp2m1l
[1;36mdebug: [0mc_header: w_name=exp10m1l
[1;36mdebug: [0mc_header: w_name=__exp10m1l
[1;36mdebug: [0mc_header: w_name=log2p1l
[1;36mdebug: [0mc_header: w_name=__log2p1l
[1;36mdebug: [0mc_header: w_name=log10p1l
[1;36mdebug: [0mc_header: w_name=__log10p1l
[1;36mdebug: [0mc_header: w_name=logp1l
[1;36mdebug: [0mc_header: w_name=__logp1l
[1;36mdebug: [0mc_header: w_name=expm1l
[1;36mdebug: [0mc_header: w_name=__expm1l
[1;36mdebug: [0mc_header: w_name=log1pl
[1;36mdebug: [0mc_header: w_name=__log1pl
[1;36mdebug: [0mc_header: w_name=logbl
[1;36mdebug: [0mc_header: w_name=__logbl
[1;36mdebug: [0mc_header: w_name=exp2l
[1;36mdebug: [0mc_header: w_name=__exp2l
[1;36mdebug: [0mc_header: w_name=log2l
[1;36mdebug: [0mc_header: w_name=__log2l
[1;36mdebug: [0mc_header: w_name=powl
[1;36mdebug: [0mc_header: w_name=__powl
[1;36mdebug: [0mc_header: w_name=sqrtl
[1;36mdebug: [0mc_header: w_name=__sqrtl
[1;36mdebug: [0mc_header: w_name=hypotl
[1;36mdebug: [0mc_header: w_name=__hypotl
[1;36mdebug: [0mc_header: w_name=cbrtl
[1;36mdebug: [0mc_header: w_name=__cbrtl
[1;36mdebug: [0mc_header: w_name=compoundnl
[1;36mdebug: [0mc_header: w_name=__compoundnl
[1;36mdebug: [0mc_header: w_name=pownl
[1;36mdebug: [0mc_header: w_name=__pownl
[1;36mdebug: [0mc_header: w_name=powrl
[1;36mdebug: [0mc_header: w_name=__powrl
[1;36mdebug: [0mc_header: w_name=powrl
[1;36mdebug: [0mc_header: w_name=__powrl
[1;36mdebug: [0mc_header: w_name=rootnl
[1;36mdebug: [0mc_header: w_name=__rootnl
[1;36mdebug: [0mc_header: w_name=rsqrtl
[1;36mdebug: [0mc_header: w_name=__rsqrtl
[1;36mdebug: [0mc_header: w_name=ceill
[1;36mdebug: [0mc_header: w_name=fabsl
[1;36mdebug: [0mc_header: w_name=floorl
[1;36mdebug: [0mc_header: w_name=fmodl
[1;36mdebug: [0mc_header: w_name=__fmodl
[1;36mdebug: [0mc_header: w_name=isinfl
[1;36mdebug: [0mc_header: w_name=finitel
[1;36mdebug: [0mc_header: w_name=dreml
[1;36mdebug: [0mc_header: w_name=__dreml
[1;36mdebug: [0mc_header: w_name=significandl
[1;36mdebug: [0mc_header: w_name=__significandl
[1;36mdebug: [0mc_header: w_name=copysignl
[1;36mdebug: [0mc_header: w_name=nanl
[1;36mdebug: [0mc_header: w_name=__nanl
[1;36mdebug: [0mc_header: w_name=isnanl
[1;36mdebug: [0mc_header: w_name=j0l
[1;36mdebug: [0mc_header: w_name=__j0l
[1;36mdebug: [0mc_header: w_name=j1l
[1;36mdebug: [0mc_header: w_name=__j1l
[1;36mdebug: [0mc_header: w_name=jnl
[1;36mdebug: [0mc_header: w_name=__jnl
[1;36mdebug: [0mc_header: w_name=y0l
[1;36mdebug: [0mc_header: w_name=__y0l
[1;36mdebug: [0mc_header: w_name=y1l
[1;36mdebug: [0mc_header: w_name=__y1l
[1;36mdebug: [0mc_header: w_name=ynl
[1;36mdebug: [0mc_header: w_name=__ynl
[1;36mdebug: [0mc_header: w_name=erfl
[1;36mdebug: [0mc_header: w_name=__erfl
[1;36mdebug: [0mc_header: w_name=erfcl
[1;36mdebug: [0mc_header: w_name=__erfcl
[1;36mdebug: [0mc_header: w_name=lgammal
[1;36mdebug: [0mc_header: w_name=__lgammal
[1;36mdebug: [0mc_header: w_name=tgammal
[1;36mdebug: [0mc_header: w_name=__tgammal
[1;36mdebug: [0mc_header: w_name=gammal
[1;36mdebug: [0mc_header: w_name=__gammal
[1;36mdebug: [0mc_header: w_name=lgammal_r
[1;36mdebug: [0mc_header: w_name=__lgammal_r
[1;36mdebug: [0mc_header: w_name=rintl
[1;36mdebug: [0mc_header: w_name=__rintl
[1;36mdebug: [0mc_header: w_name=nextafterl
[1;36mdebug: [0mc_header: w_name=__nextafterl
[1;36mdebug: [0mc_header: w_name=nexttowardl
[1;36mdebug: [0mc_header: w_name=__nexttowardl
[1;36mdebug: [0mc_header: w_name=nextdownl
[1;36mdebug: [0mc_header: w_name=__nextdownl
[1;36mdebug: [0mc_header: w_name=nextupl
[1;36mdebug: [0mc_header: w_name=__nextupl
[1;36mdebug: [0mc_header: w_name=remainderl
[1;36mdebug: [0mc_header: w_name=__remainderl
[1;36mdebug: [0mc_header: w_name=scalbnl
[1;36mdebug: [0mc_header: w_name=__scalbnl
[1;36mdebug: [0mc_header: w_name=ilogbl
[1;36mdebug: [0mc_header: w_name=__ilogbl
[1;36mdebug: [0mc_header: w_name=llogbl
[1;36mdebug: [0mc_header: w_name=__llogbl
[1;36mdebug: [0mc_header: w_name=scalblnl
[1;36mdebug: [0mc_header: w_name=__scalblnl
[1;36mdebug: [0mc_header: w_name=nearbyintl
[1;36mdebug: [0mc_header: w_name=__nearbyintl
[1;36mdebug: [0mc_header: w_name=roundl
[1;36mdebug: [0mc_header: w_name=truncl
[1;36mdebug: [0mc_header: w_name=remquol
[1;36mdebug: [0mc_header: w_name=__remquol
[1;36mdebug: [0mc_header: w_name=lrintl
[1;36mdebug: [0mc_header: w_name=__lrintl
[1;36mdebug: [0mc_header: w_name=llrintl
[1;36mdebug: [0mc_header: w_name=__llrintl
[1;36mdebug: [0mc_header: w_name=lroundl
[1;36mdebug: [0mc_header: w_name=__lroundl
[1;36mdebug: [0mc_header: w_name=llroundl
[1;36mdebug: [0mc_header: w_name=__llroundl
[1;36mdebug: [0mc_header: w_name=fdiml
[1;36mdebug: [0mc_header: w_name=__fdiml
[1;36mdebug: [0mc_header: w_name=fmaxl
[1;36mdebug: [0mc_header: w_name=fminl
[1;36mdebug: [0mc_header: w_name=fmal
[1;36mdebug: [0mc_header: w_name=__fmal
[1;36mdebug: [0mc_header: w_name=roundevenl
[1;36mdebug: [0mc_header: w_name=fromfpl
[1;36mdebug: [0mc_header: w_name=__fromfpl
[1;36mdebug: [0mc_header: w_name=ufromfpl
[1;36mdebug: [0mc_header: w_name=__ufromfpl
[1;36mdebug: [0mc_header: w_name=fromfpxl
[1;36mdebug: [0mc_header: w_name=__fromfpxl
[1;36mdebug: [0mc_header: w_name=ufromfpxl
[1;36mdebug: [0mc_header: w_name=__ufromfpxl
[1;36mdebug: [0mc_header: w_name=canonicalizel
[1;36mdebug: [0mc_header: w_name=fmaximuml
[1;36mdebug: [0mc_header: w_name=fminimuml
[1;36mdebug: [0mc_header: w_name=fmaximum_numl
[1;36mdebug: [0mc_header: w_name=fminimum_numl
[1;36mdebug: [0mc_header: w_name=fmaximum_magl
[1;36mdebug: [0mc_header: w_name=fminimum_magl
[1;36mdebug: [0mc_header: w_name=fmaximum_mag_numl
[1;36mdebug: [0mc_header: w_name=fminimum_mag_numl
[1;36mdebug: [0mc_header: w_name=scalbl
[1;36mdebug: [0mc_header: w_name=__scalbl
[1;36mdebug: [0mc_header: w_name=__fpclassifyf128
[1;36mdebug: [0mc_header: w_name=__signbitf128
[1;36mdebug: [0mc_header: w_name=__isinff128
[1;36mdebug: [0mc_header: w_name=__finitef128
[1;36mdebug: [0mc_header: w_name=__isnanf128
[1;36mdebug: [0mc_header: w_name=__iseqsigf128
[1;36mdebug: [0mc_header: w_name=__issignalingf128
[1;36mdebug: [0mc_header: w_name=fadd
[1;36mdebug: [0mc_header: w_name=fdiv
[1;36mdebug: [0mc_header: w_name=ffma
[1;36mdebug: [0mc_header: w_name=fmul
[1;36mdebug: [0mc_header: w_name=fsqrt
[1;36mdebug: [0mc_header: w_name=fsub
[1;36mdebug: [0mc_header: w_name=faddl
[1;36mdebug: [0mc_header: w_name=fdivl
[1;36mdebug: [0mc_header: w_name=ffmal
[1;36mdebug: [0mc_header: w_name=fmull
[1;36mdebug: [0mc_header: w_name=fsqrtl
[1;36mdebug: [0mc_header: w_name=fsubl
[1;36mdebug: [0mc_header: w_name=daddl
[1;36mdebug: [0mc_header: w_name=ddivl
[1;36mdebug: [0mc_header: w_name=dfmal
[1;36mdebug: [0mc_header: w_name=dmull
[1;36mdebug: [0mc_header: w_name=dsqrtl
[1;36mdebug: [0mc_header: w_name=dsubl
DEBUG C_PARSER: LOOP START token=1
DEBUG C_PARSER: LOOP START token=1
DEBUG C_PARSER: LOOP START token=1
DEBUG C_PARSER: LOOP START token=1
DEBUG C_PARSER: LOOP START token=1
[1;36mdebug: [0mc_header: w_name=__iscanonicall
DEBUG C_PARSER: LOOP START token=73
DEBUG C_PARSER: LOOP START token=73
DEBUG C_PARSER: LOOP START token=73
DEBUG C_PARSER: LOOP START token=73
[1;36mdebug: [0mc_header: w_name=imaxabs
[1;36mdebug: [0mc_header: w_name=imaxdiv
[1;36mdebug: [0mc_header: w_name=strtoimax
[1;36mdebug: [0mc_header: w_name=strtoumax
[1;36mdebug: [0mc_header: w_name=wcstoimax
[1;36mdebug: [0mc_header: w_name=wcstoumax
[1;36mdebug: [0mc_header: w_name=strtoimax
[1;36mdebug: [0mc_header: w_name=strtoumax
[1;36mdebug: [0mc_header: w_name=wcstoimax
[1;36mdebug: [0mc_header: w_name=wcstoumax
DEBUG C_PARSER: LOOP START token=59 line=2281 text='const'
DEBUG C_PARSER: LOOP START token=59 line=2283 text='const'
DEBUG C_PARSER: LOOP START token=59 line=2285 text='const'
DEBUG C_PARSER: LOOP START token=59 line=2290 text='const'
DEBUG C_PARSER: LOOP START token=72 line=2292 text='int'
DEBUG C_PARSER: LOOP START token=72 line=2294 text='int'
DEBUG C_PARSER: LOOP START token=59 line=2296 text='const'
DEBUG C_PARSER: LOOP START token=72 line=2298 text='int'
DEBUG C_PARSER: LOOP START token=59 line=2300 text='const'
DEBUG C_PARSER: LOOP START token=81 line=2305 text='struct'
DEBUG C_PARSER: LOOP START token=81 line=2307 text='struct'
[1;36mdebug: [0mc_header: w_name=wl_list_init
[1;36mdebug: [0mc_header: w_name=wl_list_insert
[1;36mdebug: [0mc_header: w_name=wl_list_remove
[1;36mdebug: [0mc_header: w_name=wl_list_length
[1;36mdebug: [0mc_header: w_name=wl_list_empty
[1;36mdebug: [0mc_header: w_name=wl_list_insert_list
DEBUG C_PARSER: LOOP START token=1 line=2330 text='size_t'
DEBUG C_PARSER: LOOP START token=1 line=2332 text='size_t'
DEBUG C_PARSER: LOOP START token=86 line=2334 text='void'
[1;36mdebug: [0mc_header: w_name=wl_array_init
[1;36mdebug: [0mc_header: w_name=wl_array_release
[1;36mdebug: [0mc_header: w_name=wl_array_add
[1;36mdebug: [0mc_header: w_name=wl_array_copy
[1;36mdebug: [0mc_header: w_name=wl_fixed_to_double
[1;36mdebug: [0mc_header: w_name=wl_fixed_from_double
[1;36mdebug: [0mc_header: w_name=wl_fixed_to_int
[1;36mdebug: [0mc_header: w_name=wl_fixed_from_int
DEBUG C_PARSER: LOOP START token=1 line=2376 text='int32_t'
DEBUG C_PARSER: LOOP START token=1 line=2377 text='uint32_t'
DEBUG C_PARSER: LOOP START token=1 line=2378 text='wl_fixed_t'
DEBUG C_PARSER: LOOP START token=59 line=2379 text='const'
DEBUG C_PARSER: LOOP START token=81 line=2380 text='struct'
DEBUG C_PARSER: LOOP START token=1 line=2381 text='uint32_t'
DEBUG C_PARSER: LOOP START token=81 line=2382 text='struct'
DEBUG C_PARSER: LOOP START token=1 line=2383 text='int32_t'
DEBUG C_PARSER: LOOP START token=1
DEBUG C_PARSER: LOOP START token=1
DEBUG C_PARSER: LOOP START token=1
DEBUG C_PARSER: LOOP START token=1
DEBUG C_PARSER: LOOP START token=1
DEBUG C_PARSER: LOOP START token=1
[1;36mdebug: [0mc_header: w_name=wl_event_loop_create
[1;36mdebug: [0mc_header: w_name=wl_event_loop_destroy
[1;36mdebug: [0mc_header: w_name=wl_event_loop_add_fd
[1;36mdebug: [0mc_header: w_name=wl_event_source_fd_update
[1;36mdebug: [0mc_header: w_name=wl_event_loop_add_timer
[1;36mdebug: [0mc_header: w_name=wl_event_loop_add_signal
[1;36mdebug: [0mc_header: w_name=wl_event_source_timer_update
[1;36mdebug: [0mc_header: w_name=wl_event_source_remove
[1;36mdebug: [0mc_header: w_name=wl_event_source_check
[1;36mdebug: [0mc_header: w_name=wl_event_loop_dispatch
[1;36mdebug: [0mc_header: w_name=wl_event_loop_dispatch_idle
[1;36mdebug: [0mc_header: w_name=wl_event_loop_add_idle
[1;36mdebug: [0mc_header: w_name=wl_event_loop_get_fd
[1;36mdebug: [0mc_header: w_name=wl_event_loop_add_destroy_listener
[1;36mdebug: [0mc_header: w_name=wl_event_loop_get_destroy_listener
[1;36mdebug: [0mc_header: w_name=wl_display_create
[1;36mdebug: [0mc_header: w_name=wl_display_destroy
[1;36mdebug: [0mc_header: w_name=wl_display_get_event_loop
[1;36mdebug: [0mc_header: w_name=wl_display_add_socket
[1;36mdebug: [0mc_header: w_name=wl_display_add_socket_auto
[1;36mdebug: [0mc_header: w_name=wl_display_add_socket_fd
[1;36mdebug: [0mc_header: w_name=wl_display_terminate
[1;36mdebug: [0mc_header: w_name=wl_display_run
[1;36mdebug: [0mc_header: w_name=wl_display_flush_clients
[1;36mdebug: [0mc_header: w_name=wl_display_destroy_clients
[1;36mdebug: [0mc_header: w_name=wl_display_set_default_max_buffer_size
[1;36mdebug: [0mc_header: w_name=wl_display_get_serial
[1;36mdebug: [0mc_header: w_name=wl_display_next_serial
[1;36mdebug: [0mc_header: w_name=wl_display_add_destroy_listener
[1;36mdebug: [0mc_header: w_name=wl_display_add_client_created_listener
[1;36mdebug: [0mc_header: w_name=wl_display_get_destroy_listener
[1;36mdebug: [0mc_header: w_name=wl_global_create
[1;36mdebug: [0mc_header: w_name=wl_global_remove
[1;36mdebug: [0mc_header: w_name=wl_global_destroy
[1;36mdebug: [0mc_header: w_name=wl_display_set_global_filter
[1;36mdebug: [0mc_header: w_name=wl_global_get_interface
[1;36mdebug: [0mc_header: w_name=wl_global_get_name
[1;36mdebug: [0mc_header: w_name=wl_global_get_version
[1;36mdebug: [0mc_header: w_name=wl_global_get_display
[1;36mdebug: [0mc_header: w_name=wl_global_get_user_data
[1;36mdebug: [0mc_header: w_name=wl_global_set_user_data
[1;36mdebug: [0mc_header: w_name=wl_client_create
[1;36mdebug: [0mc_header: w_name=wl_display_get_client_list
[1;36mdebug: [0mc_header: w_name=wl_client_get_link
[1;36mdebug: [0mc_header: w_name=wl_client_from_link
[1;36mdebug: [0mc_header: w_name=wl_client_destroy
[1;36mdebug: [0mc_header: w_name=wl_client_flush
[1;36mdebug: [0mc_header: w_name=wl_client_get_credentials
[1;36mdebug: [0mc_header: w_name=wl_client_get_fd
[1;36mdebug: [0mc_header: w_name=wl_client_add_destroy_listener
[1;36mdebug: [0mc_header: w_name=wl_client_get_destroy_listener
[1;36mdebug: [0mc_header: w_name=wl_client_add_destroy_late_listener
[1;36mdebug: [0mc_header: w_name=wl_client_get_destroy_late_listener
[1;36mdebug: [0mc_header: w_name=wl_client_get_object
[1;36mdebug: [0mc_header: w_name=wl_client_post_no_memory
[1;36mdebug: [0mc_header: w_name=wl_client_post_implementation_error
[1;36mdebug: [0mc_header: w_name=wl_client_add_resource_created_listener
[1;36mdebug: [0mc_header: w_name=wl_client_for_each_resource
[1;36mdebug: [0mc_header: w_name=wl_client_set_user_data
[1;36mdebug: [0mc_header: w_name=wl_client_get_user_data
[1;36mdebug: [0mc_header: w_name=wl_client_set_max_buffer_size
DEBUG C_PARSER: LOOP START token=81 line=2672 text='struct'
DEBUG C_PARSER: LOOP START token=1 line=2675 text='wl_notify_func_t'
DEBUG C_PARSER: LOOP START token=81 line=2679 text='struct'
[1;36mdebug: [0mc_header: w_name=wl_signal_init
[1;36mdebug: [0mc_header: w_name=wl_signal_add
[1;36mdebug: [0mc_header: w_name=wl_signal_get
[1;36mdebug: [0mc_header: w_name=wl_signal_emit
[1;36mdebug: [0mc_header: w_name=wl_signal_emit_mutable
[1;36mdebug: [0mc_header: w_name=wl_resource_post_event
[1;36mdebug: [0mc_header: w_name=wl_resource_post_event_array
[1;36mdebug: [0mc_header: w_name=wl_resource_queue_event
[1;36mdebug: [0mc_header: w_name=wl_resource_queue_event_array
[1;36mdebug: [0mc_header: w_name=wl_resource_post_error_vargs
[1;36mdebug: [0mc_header: w_name=wl_resource_post_error
[1;36mdebug: [0mc_header: w_name=wl_resource_post_no_memory
[1;36mdebug: [0mc_header: w_name=wl_client_get_display
[1;36mdebug: [0mc_header: w_name=wl_resource_create
[1;36mdebug: [0mc_header: w_name=wl_resource_set_implementation
[1;36mdebug: [0mc_header: w_name=wl_resource_set_dispatcher
[1;36mdebug: [0mc_header: w_name=wl_resource_destroy
[1;36mdebug: [0mc_header: w_name=wl_resource_get_id
[1;36mdebug: [0mc_header: w_name=wl_resource_get_link
[1;36mdebug: [0mc_header: w_name=wl_resource_from_link
[1;36mdebug: [0mc_header: w_name=wl_resource_find_for_client
[1;36mdebug: [0mc_header: w_name=wl_resource_get_client
[1;36mdebug: [0mc_header: w_name=wl_resource_set_user_data
[1;36mdebug: [0mc_header: w_name=wl_resource_get_user_data
[1;36mdebug: [0mc_header: w_name=wl_resource_get_version
[1;36mdebug: [0mc_header: w_name=wl_resource_set_destructor
[1;36mdebug: [0mc_header: w_name=wl_resource_instance_of
[1;36mdebug: [0mc_header: w_name=wl_resource_get_class
[1;36mdebug: [0mc_header: w_name=wl_resource_get_interface
[1;36mdebug: [0mc_header: w_name=wl_resource_add_destroy_listener
[1;36mdebug: [0mc_header: w_name=wl_resource_get_destroy_listener
[1;36mdebug: [0mc_header: w_name=wl_shm_buffer_get
[1;36mdebug: [0mc_header: w_name=wl_shm_buffer_begin_access
[1;36mdebug: [0mc_header: w_name=wl_shm_buffer_end_access
[1;36mdebug: [0mc_header: w_name=wl_shm_buffer_get_data
[1;36mdebug: [0mc_header: w_name=wl_shm_buffer_get_stride
[1;36mdebug: [0mc_header: w_name=wl_shm_buffer_get_format
[1;36mdebug: [0mc_header: w_name=wl_shm_buffer_get_width
[1;36mdebug: [0mc_header: w_name=wl_shm_buffer_get_height
[1;36mdebug: [0mc_header: w_name=wl_shm_buffer_ref
[1;36mdebug: [0mc_header: w_name=wl_shm_buffer_unref
[1;36mdebug: [0mc_header: w_name=wl_shm_buffer_ref_pool
[1;36mdebug: [0mc_header: w_name=wl_shm_pool_unref
[1;36mdebug: [0mc_header: w_name=wl_display_init_shm
[1;36mdebug: [0mc_header: w_name=wl_display_add_shm_format
[1;36mdebug: [0mc_header: w_name=wl_log_set_handler_server
DEBUG C_PARSER: LOOP START token=1
DEBUG C_PARSER: LOOP START token=1
DEBUG C_PARSER: LOOP START token=81 line=2881 text='struct'
DEBUG C_PARSER: LOOP START token=72 line=2882 text='int'
DEBUG C_PARSER: LOOP START token=59 line=2883 text='const'
DEBUG C_PARSER: LOOP START token=72 line=2884 text='int'
DEBUG C_PARSER: LOOP START token=59 line=2885 text='const'
[1;36mdebug: [0mc_header: w_name=wl_display_add_protocol_logger
[1;36mdebug: [0mc_header: w_name=wl_protocol_logger_destroy
DEBUG C_PARSER: LOOP START token=1
DEBUG C_PARSER: LOOP START token=1
DEBUG C_PARSER: LOOP START token=1
DEBUG C_PARSER: LOOP START token=1
DEBUG C_PARSER: LOOP START token=1
[1;36mdebug: [0mc_header: w_name=__fpclassify
[1;36mdebug: [0mc_header: w_name=__signbit
[1;36mdebug: [0mc_header: w_name=__isinf
[1;36mdebug: [0mc_header: w_name=__finite
[1;36mdebug: [0mc_header: w_name=__isnan
[1;36mdebug: [0mc_header: w_name=__iseqsig
[1;36mdebug: [0mc_header: w_name=__issignaling
[1;36mdebug: [0mc_header: w_name=acos
[1;36mdebug: [0mc_header: w_name=__acos
[1;36mdebug: [0mc_header: w_name=asin
[1;36mdebug: [0mc_header: w_name=__asin
[1;36mdebug: [0mc_header: w_name=atan
[1;36mdebug: [0mc_header: w_name=__atan
[1;36mdebug: [0mc_header: w_name=atan2
[1;36mdebug: [0mc_header: w_name=__atan2
[1;36mdebug: [0mc_header: w_name=cos
[1;36mdebug: [0mc_header: w_name=__cos
[1;36mdebug: [0mc_header: w_name=sin
[1;36mdebug: [0mc_header: w_name=__sin
[1;36mdebug: [0mc_header: w_name=tan
[1;36mdebug: [0mc_header: w_name=__tan
[1;36mdebug: [0mc_header: w_name=acospi
[1;36mdebug: [0mc_header: w_name=__acospi
[1;36mdebug: [0mc_header: w_name=acospi
[1;36mdebug: [0mc_header: w_name=__acospi
[1;36mdebug: [0mc_header: w_name=asinpi
[1;36mdebug: [0mc_header: w_name=__asinpi
[1;36mdebug: [0mc_header: w_name=asinpi
[1;36mdebug: [0mc_header: w_name=__asinpi
[1;36mdebug: [0mc_header: w_name=atanpi
[1;36mdebug: [0mc_header: w_name=__atanpi
[1;36mdebug: [0mc_header: w_name=atanpi
[1;36mdebug: [0mc_header: w_name=__atanpi
[1;36mdebug: [0mc_header: w_name=atan2pi
[1;36mdebug: [0mc_header: w_name=__atan2pi
[1;36mdebug: [0mc_header: w_name=atan2pi
[1;36mdebug: [0mc_header: w_name=__atan2pi
[1;36mdebug: [0mc_header: w_name=cospi
[1;36mdebug: [0mc_header: w_name=__cospi
[1;36mdebug: [0mc_header: w_name=sinpi
[1;36mdebug: [0mc_header: w_name=__sinpi
[1;36mdebug: [0mc_header: w_name=tanpi
[1;36mdebug: [0mc_header: w_name=__tanpi
[1;36mdebug: [0mc_header: w_name=cosh
[1;36mdebug: [0mc_header: w_name=__cosh
[1;36mdebug: [0mc_header: w_name=sinh
[1;36mdebug: [0mc_header: w_name=__sinh
[1;36mdebug: [0mc_header: w_name=tanh
[1;36mdebug: [0mc_header: w_name=__tanh
[1;36mdebug: [0mc_header: w_name=acosh
[1;36mdebug: [0mc_header: w_name=__acosh
[1;36mdebug: [0mc_header: w_name=asinh
[1;36mdebug: [0mc_header: w_name=__asinh
[1;36mdebug: [0mc_header: w_name=atanh
[1;36mdebug: [0mc_header: w_name=__atanh
[1;36mdebug: [0mc_header: w_name=exp
[1;36mdebug: [0mc_header: w_name=__exp
[1;36mdebug: [0mc_header: w_name=frexp
[1;36mdebug: [0mc_header: w_name=__frexp
[1;36mdebug: [0mc_header: w_name=ldexp
[1;36mdebug: [0mc_header: w_name=__ldexp
[1;36mdebug: [0mc_header: w_name=log
[1;36mdebug: [0mc_header: w_name=__log
[1;36mdebug: [0mc_header: w_name=log10
[1;36mdebug: [0mc_header: w_name=__log10
[1;36mdebug: [0mc_header: w_name=modf
[1;36mdebug: [0mc_header: w_name=__modf
[1;36mdebug: [0mc_header: w_name=exp10
[1;36mdebug: [0mc_header: w_name=__exp10
[1;36mdebug: [0mc_header: w_name=exp2m1
[1;36mdebug: [0mc_header: w_name=__exp2m1
[1;36mdebug: [0mc_header: w_name=exp10m1
[1;36mdebug: [0mc_header: w_name=__exp10m1
[1;36mdebug: [0mc_header: w_name=log2p1
[1;36mdebug: [0mc_header: w_name=__log2p1
[1;36mdebug: [0mc_header: w_name=log10p1
[1;36mdebug: [0mc_header: w_name=__log10p1
[1;36mdebug: [0mc_header: w_name=logp1
[1;36mdebug: [0mc_header: w_name=__logp1
[1;36mdebug: [0mc_header: w_name=expm1
[1;36mdebug: [0mc_header: w_name=__expm1
[1;36mdebug: [0mc_header: w_name=log1p
[1;36mdebug: [0mc_header: w_name=__log1p
[1;36mdebug: [0mc_header: w_name=logb
[1;36mdebug: [0mc_header: w_name=__logb
[1;36mdebug: [0mc_header: w_name=exp2
[1;36mdebug: [0mc_header: w_name=__exp2
[1;36mdebug: [0mc_header: w_name=log2
[1;36mdebug: [0mc_header: w_name=__log2
[1;36mdebug: [0mc_header: w_name=pow
[1;36mdebug: [0mc_header: w_name=__pow
[1;36mdebug: [0mc_header: w_name=sqrt
[1;36mdebug: [0mc_header: w_name=__sqrt
[1;36mdebug: [0mc_header: w_name=hypot
[1;36mdebug: [0mc_header: w_name=__hypot
[1;36mdebug: [0mc_header: w_name=cbrt
[1;36mdebug: [0mc_header: w_name=__cbrt
[1;36mdebug: [0mc_header: w_name=compoundn
[1;36mdebug: [0mc_header: w_name=__compoundn
[1;36mdebug: [0mc_header: w_name=pown
[1;36mdebug: [0mc_header: w_name=__pown
[1;36mdebug: [0mc_header: w_name=powr
[1;36mdebug: [0mc_header: w_name=__powr
[1;36mdebug: [0mc_header: w_name=powr
[1;36mdebug: [0mc_header: w_name=__powr
[1;36mdebug: [0mc_header: w_name=rootn
[1;36mdebug: [0mc_header: w_name=__rootn
[1;36mdebug: [0mc_header: w_name=rsqrt
[1;36mdebug: [0mc_header: w_name=__rsqrt
[1;36mdebug: [0mc_header: w_name=ceil
[1;36mdebug: [0mc_header: w_name=fabs
[1;36mdebug: [0mc_header: w_name=floor
[1;36mdebug: [0mc_header: w_name=fmod
[1;36mdebug: [0mc_header: w_name=__fmod
[1;36mdebug: [0mc_header: w_name=isinf
[1;36mdebug: [0mc_header: w_name=finite
[1;36mdebug: [0mc_header: w_name=drem
[1;36mdebug: [0mc_header: w_name=__drem
[1;36mdebug: [0mc_header: w_name=significand
[1;36mdebug: [0mc_header: w_name=__significand
[1;36mdebug: [0mc_header: w_name=copysign
[1;36mdebug: [0mc_header: w_name=nan
[1;36mdebug: [0mc_header: w_name=__nan
[1;36mdebug: [0mc_header: w_name=isnan
[1;36mdebug: [0mc_header: w_name=j0
[1;36mdebug: [0mc_header: w_name=__j0
[1;36mdebug: [0mc_header: w_name=j1
[1;36mdebug: [0mc_header: w_name=__j1
[1;36mdebug: [0mc_header: w_name=jn
[1;36mdebug: [0mc_header: w_name=__jn
[1;36mdebug: [0mc_header: w_name=y0
[1;36mdebug: [0mc_header: w_name=__y0
[1;36mdebug: [0mc_header: w_name=y1
[1;36mdebug: [0mc_header: w_name=__y1
[1;36mdebug: [0mc_header: w_name=yn
[1;36mdebug: [0mc_header: w_name=__yn
[1;36mdebug: [0mc_header: w_name=erf
[1;36mdebug: [0mc_header: w_name=__erf
[1;36mdebug: [0mc_header: w_name=erfc
[1;36mdebug: [0mc_header: w_name=__erfc
[1;36mdebug: [0mc_header: w_name=lgamma
[1;36mdebug: [0mc_header: w_name=__lgamma
[1;36mdebug: [0mc_header: w_name=tgamma
[1;36mdebug: [0mc_header: w_name=__tgamma
[1;36mdebug: [0mc_header: w_name=gamma
[1;36mdebug: [0mc_header: w_name=__gamma
[1;36mdebug: [0mc_header: w_name=lgamma_r
[1;36mdebug: [0mc_header: w_name=__lgamma_r
[1;36mdebug: [0mc_header: w_name=rint
[1;36mdebug: [0mc_header: w_name=__rint
[1;36mdebug: [0mc_header: w_name=nextafter
[1;36mdebug: [0mc_header: w_name=__nextafter
[1;36mdebug: [0mc_header: w_name=nexttoward
[1;36mdebug: [0mc_header: w_name=__nexttoward
[1;36mdebug: [0mc_header: w_name=nextdown
[1;36mdebug: [0mc_header: w_name=__nextdown
[1;36mdebug: [0mc_header: w_name=nextup
[1;36mdebug: [0mc_header: w_name=__nextup
[1;36mdebug: [0mc_header: w_name=remainder
[1;36mdebug: [0mc_header: w_name=__remainder
[1;36mdebug: [0mc_header: w_name=scalbn
[1;36mdebug: [0mc_header: w_name=__scalbn
[1;36mdebug: [0mc_header: w_name=ilogb
[1;36mdebug: [0mc_header: w_name=__ilogb
[1;36mdebug: [0mc_header: w_name=llogb
[1;36mdebug: [0mc_header: w_name=__llogb
[1;36mdebug: [0mc_header: w_name=scalbln
[1;36mdebug: [0mc_header: w_name=__scalbln
[1;36mdebug: [0mc_header: w_name=nearbyint
[1;36mdebug: [0mc_header: w_name=__nearbyint
[1;36mdebug: [0mc_header: w_name=round
[1;36mdebug: [0mc_header: w_name=trunc
[1;36mdebug: [0mc_header: w_name=remquo
[1;36mdebug: [0mc_header: w_name=__remquo
[1;36mdebug: [0mc_header: w_name=lrint
[1;36mdebug: [0mc_header: w_name=__lrint
[1;36mdebug: [0mc_header: w_name=llrint
[1;36mdebug: [0mc_header: w_name=__llrint
[1;36mdebug: [0mc_header: w_name=lround
[1;36mdebug: [0mc_header: w_name=__lround
[1;36mdebug: [0mc_header: w_name=llround
[1;36mdebug: [0mc_header: w_name=__llround
[1;36mdebug: [0mc_header: w_name=fdim
[1;36mdebug: [0mc_header: w_name=__fdim
[1;36mdebug: [0mc_header: w_name=fmax
[1;36mdebug: [0mc_header: w_name=fmin
[1;36mdebug: [0mc_header: w_name=fma
[1;36mdebug: [0mc_header: w_name=__fma
[1;36mdebug: [0mc_header: w_name=roundeven
[1;36mdebug: [0mc_header: w_name=fromfp
[1;36mdebug: [0mc_header: w_name=__fromfp
[1;36mdebug: [0mc_header: w_name=ufromfp
[1;36mdebug: [0mc_header: w_name=__ufromfp
[1;36mdebug: [0mc_header: w_name=fromfpx
[1;36mdebug: [0mc_header: w_name=__fromfpx
[1;36mdebug: [0mc_header: w_name=ufromfpx
[1;36mdebug: [0mc_header: w_name=__ufromfpx
[1;36mdebug: [0mc_header: w_name=canonicalize
[1;36mdebug: [0mc_header: w_name=fmaximum
[1;36mdebug: [0mc_header: w_name=fminimum
[1;36mdebug: [0mc_header: w_name=fmaximum_num
[1;36mdebug: [0mc_header: w_name=fminimum_num
[1;36mdebug: [0mc_header: w_name=fmaximum_mag
[1;36mdebug: [0mc_header: w_name=fminimum_mag
[1;36mdebug: [0mc_header: w_name=fmaximum_mag_num
[1;36mdebug: [0mc_header: w_name=fminimum_mag_num
[1;36mdebug: [0mc_header: w_name=scalb
[1;36mdebug: [0mc_header: w_name=__scalb
[1;36mdebug: [0mc_header: w_name=__fpclassifyf
[1;36mdebug: [0mc_header: w_name=__signbitf
[1;36mdebug: [0mc_header: w_name=__isinff
[1;36mdebug: [0mc_header: w_name=__finitef
[1;36mdebug: [0mc_header: w_name=__isnanf
[1;36mdebug: [0mc_header: w_name=__iseqsigf
[1;36mdebug: [0mc_header: w_name=__issignalingf
[1;36mdebug: [0mc_header: w_name=acosf
[1;36mdebug: [0mc_header: w_name=__acosf
[1;36mdebug: [0mc_header: w_name=asinf
[1;36mdebug: [0mc_header: w_name=__asinf
[1;36mdebug: [0mc_header: w_name=atanf
[1;36mdebug: [0mc_header: w_name=__atanf
[1;36mdebug: [0mc_header: w_name=atan2f
[1;36mdebug: [0mc_header: w_name=__atan2f
[1;36mdebug: [0mc_header: w_name=cosf
[1;36mdebug: [0mc_header: w_name=__cosf
[1;36mdebug: [0mc_header: w_name=sinf
[1;36mdebug: [0mc_header: w_name=__sinf
[1;36mdebug: [0mc_header: w_name=tanf
[1;36mdebug: [0mc_header: w_name=__tanf
[1;36mdebug: [0mc_header: w_name=acospif
[1;36mdebug: [0mc_header: w_name=__acospif
[1;36mdebug: [0mc_header: w_name=acospif
[1;36mdebug: [0mc_header: w_name=__acospif
[1;36mdebug: [0mc_header: w_name=asinpif
[1;36mdebug: [0mc_header: w_name=__asinpif
[1;36mdebug: [0mc_header: w_name=asinpif
[1;36mdebug: [0mc_header: w_name=__asinpif
[1;36mdebug: [0mc_header: w_name=atanpif
[1;36mdebug: [0mc_header: w_name=__atanpif
[1;36mdebug: [0mc_header: w_name=atanpif
[1;36mdebug: [0mc_header: w_name=__atanpif
[1;36mdebug: [0mc_header: w_name=atan2pif
[1;36mdebug: [0mc_header: w_name=__atan2pif
[1;36mdebug: [0mc_header: w_name=atan2pif
[1;36mdebug: [0mc_header: w_name=__atan2pif
[1;36mdebug: [0mc_header: w_name=cospif
[1;36mdebug: [0mc_header: w_name=__cospif
[1;36mdebug: [0mc_header: w_name=sinpif
[1;36mdebug: [0mc_header: w_name=__sinpif
[1;36mdebug: [0mc_header: w_name=tanpif
[1;36mdebug: [0mc_header: w_name=__tanpif
[1;36mdebug: [0mc_header: w_name=coshf
[1;36mdebug: [0mc_header: w_name=__coshf
[1;36mdebug: [0mc_header: w_name=sinhf
[1;36mdebug: [0mc_header: w_name=__sinhf
[1;36mdebug: [0mc_header: w_name=tanhf
[1;36mdebug: [0mc_header: w_name=__tanhf
[1;36mdebug: [0mc_header: w_name=acoshf
[1;36mdebug: [0mc_header: w_name=__acoshf
[1;36mdebug: [0mc_header: w_name=asinhf
[1;36mdebug: [0mc_header: w_name=__asinhf
[1;36mdebug: [0mc_header: w_name=atanhf
[1;36mdebug: [0mc_header: w_name=__atanhf
[1;36mdebug: [0mc_header: w_name=expf
[1;36mdebug: [0mc_header: w_name=__expf
[1;36mdebug: [0mc_header: w_name=frexpf
[1;36mdebug: [0mc_header: w_name=__frexpf
[1;36mdebug: [0mc_header: w_name=ldexpf
[1;36mdebug: [0mc_header: w_name=__ldexpf
[1;36mdebug: [0mc_header: w_name=logf
[1;36mdebug: [0mc_header: w_name=__logf
[1;36mdebug: [0mc_header: w_name=log10f
[1;36mdebug: [0mc_header: w_name=__log10f
[1;36mdebug: [0mc_header: w_name=modff
[1;36mdebug: [0mc_header: w_name=__modff
[1;36mdebug: [0mc_header: w_name=exp10f
[1;36mdebug: [0mc_header: w_name=__exp10f
[1;36mdebug: [0mc_header: w_name=exp2m1f
[1;36mdebug: [0mc_header: w_name=__exp2m1f
[1;36mdebug: [0mc_header: w_name=exp10m1f
[1;36mdebug: [0mc_header: w_name=__exp10m1f
[1;36mdebug: [0mc_header: w_name=log2p1f
[1;36mdebug: [0mc_header: w_name=__log2p1f
[1;36mdebug: [0mc_header: w_name=log10p1f
[1;36mdebug: [0mc_header: w_name=__log10p1f
[1;36mdebug: [0mc_header: w_name=logp1f
[1;36mdebug: [0mc_header: w_name=__logp1f
[1;36mdebug: [0mc_header: w_name=expm1f
[1;36mdebug: [0mc_header: w_name=__expm1f
[1;36mdebug: [0mc_header: w_name=log1pf
[1;36mdebug: [0mc_header: w_name=__log1pf
[1;36mdebug: [0mc_header: w_name=logbf
[1;36mdebug: [0mc_header: w_name=__logbf
[1;36mdebug: [0mc_header: w_name=exp2f
[1;36mdebug: [0mc_header: w_name=__exp2f
[1;36mdebug: [0mc_header: w_name=log2f
[1;36mdebug: [0mc_header: w_name=__log2f
[1;36mdebug: [0mc_header: w_name=powf
[1;36mdebug: [0mc_header: w_name=__powf
[1;36mdebug: [0mc_header: w_name=sqrtf
[1;36mdebug: [0mc_header: w_name=__sqrtf
[1;36mdebug: [0mc_header: w_name=hypotf
[1;36mdebug: [0mc_header: w_name=__hypotf
[1;36mdebug: [0mc_header: w_name=cbrtf
[1;36mdebug: [0mc_header: w_name=__cbrtf
[1;36mdebug: [0mc_header: w_name=compoundnf
[1;36mdebug: [0mc_header: w_name=__compoundnf
[1;36mdebug: [0mc_header: w_name=pownf
[1;36mdebug: [0mc_header: w_name=__pownf
[1;36mdebug: [0mc_header: w_name=powrf
[1;36mdebug: [0mc_header: w_name=__powrf
[1;36mdebug: [0mc_header: w_name=powrf
[1;36mdebug: [0mc_header: w_name=__powrf
[1;36mdebug: [0mc_header: w_name=rootnf
[1;36mdebug: [0mc_header: w_name=__rootnf
[1;36mdebug: [0mc_header: w_name=rsqrtf
[1;36mdebug: [0mc_header: w_name=__rsqrtf
[1;36mdebug: [0mc_header: w_name=ceilf
[1;36mdebug: [0mc_header: w_name=fabsf
[1;36mdebug: [0mc_header: w_name=floorf
[1;36mdebug: [0mc_header: w_name=fmodf
[1;36mdebug: [0mc_header: w_name=__fmodf
[1;36mdebug: [0mc_header: w_name=isinff
[1;36mdebug: [0mc_header: w_name=finitef
[1;36mdebug: [0mc_header: w_name=dremf
[1;36mdebug: [0mc_header: w_name=__dremf
[1;36mdebug: [0mc_header: w_name=significandf
[1;36mdebug: [0mc_header: w_name=__significandf
[1;36mdebug: [0mc_header: w_name=copysignf
[1;36mdebug: [0mc_header: w_name=nanf
[1;36mdebug: [0mc_header: w_name=__nanf
[1;36mdebug: [0mc_header: w_name=isnanf
[1;36mdebug: [0mc_header: w_name=j0f
[1;36mdebug: [0mc_header: w_name=__j0f
[1;36mdebug: [0mc_header: w_name=j1f
[1;36mdebug: [0mc_header: w_name=__j1f
[1;36mdebug: [0mc_header: w_name=jnf
[1;36mdebug: [0mc_header: w_name=__jnf
[1;36mdebug: [0mc_header: w_name=y0f
[1;36mdebug: [0mc_header: w_name=__y0f
[1;36mdebug: [0mc_header: w_name=y1f
[1;36mdebug: [0mc_header: w_name=__y1f
[1;36mdebug: [0mc_header: w_name=ynf
[1;36mdebug: [0mc_header: w_name=__ynf
[1;36mdebug: [0mc_header: w_name=erff
[1;36mdebug: [0mc_header: w_name=__erff
[1;36mdebug: [0mc_header: w_name=erfcf
[1;36mdebug: [0mc_header: w_name=__erfcf
[1;36mdebug: [0mc_header: w_name=lgammaf
[1;36mdebug: [0mc_header: w_name=__lgammaf
[1;36mdebug: [0mc_header: w_name=tgammaf
[1;36mdebug: [0mc_header: w_name=__tgammaf
[1;36mdebug: [0mc_header: w_name=gammaf
[1;36mdebug: [0mc_header: w_name=__gammaf
[1;36mdebug: [0mc_header: w_name=lgammaf_r
[1;36mdebug: [0mc_header: w_name=__lgammaf_r
[1;36mdebug: [0mc_header: w_name=rintf
[1;36mdebug: [0mc_header: w_name=__rintf
[1;36mdebug: [0mc_header: w_name=nextafterf
[1;36mdebug: [0mc_header: w_name=__nextafterf
[1;36mdebug: [0mc_header: w_name=nexttowardf
[1;36mdebug: [0mc_header: w_name=__nexttowardf
[1;36mdebug: [0mc_header: w_name=nextdownf
[1;36mdebug: [0mc_header: w_name=__nextdownf
[1;36mdebug: [0mc_header: w_name=nextupf
[1;36mdebug: [0mc_header: w_name=__nextupf
[1;36mdebug: [0mc_header: w_name=remainderf
[1;36mdebug: [0mc_header: w_name=__remainderf
[1;36mdebug: [0mc_header: w_name=scalbnf
[1;36mdebug: [0mc_header: w_name=__scalbnf
[1;36mdebug: [0mc_header: w_name=ilogbf
[1;36mdebug: [0mc_header: w_name=__ilogbf
[1;36mdebug: [0mc_header: w_name=llogbf
[1;36mdebug: [0mc_header: w_name=__llogbf
[1;36mdebug: [0mc_header: w_name=scalblnf
[1;36mdebug: [0mc_header: w_name=__scalblnf
[1;36mdebug: [0mc_header: w_name=nearbyintf
[1;36mdebug: [0mc_header: w_name=__nearbyintf
[1;36mdebug: [0mc_header: w_name=roundf
[1;36mdebug: [0mc_header: w_name=truncf
[1;36mdebug: [0mc_header: w_name=remquof
[1;36mdebug: [0mc_header: w_name=__remquof
[1;36mdebug: [0mc_header: w_name=lrintf
[1;36mdebug: [0mc_header: w_name=__lrintf
[1;36mdebug: [0mc_header: w_name=llrintf
[1;36mdebug: [0mc_header: w_name=__llrintf
[1;36mdebug: [0mc_header: w_name=lroundf
[1;36mdebug: [0mc_header: w_name=__lroundf
[1;36mdebug: [0mc_header: w_name=llroundf
[1;36mdebug: [0mc_header: w_name=__llroundf
[1;36mdebug: [0mc_header: w_name=fdimf
[1;36mdebug: [0mc_header: w_name=__fdimf
[1;36mdebug: [0mc_header: w_name=fmaxf
[1;36mdebug: [0mc_header: w_name=fminf
[1;36mdebug: [0mc_header: w_name=fmaf
[1;36mdebug: [0mc_header: w_name=__fmaf
[1;36mdebug: [0mc_header: w_name=roundevenf
[1;36mdebug: [0mc_header: w_name=fromfpf
[1;36mdebug: [0mc_header: w_name=__fromfpf
[1;36mdebug: [0mc_header: w_name=ufromfpf
[1;36mdebug: [0mc_header: w_name=__ufromfpf
[1;36mdebug: [0mc_header: w_name=fromfpxf
[1;36mdebug: [0mc_header: w_name=__fromfpxf
[1;36mdebug: [0mc_header: w_name=ufromfpxf
[1;36mdebug: [0mc_header: w_name=__ufromfpxf
[1;36mdebug: [0mc_header: w_name=canonicalizef
[1;36mdebug: [0mc_header: w_name=fmaximumf
[1;36mdebug: [0mc_header: w_name=fminimumf
[1;36mdebug: [0mc_header: w_name=fmaximum_numf
[1;36mdebug: [0mc_header: w_name=fminimum_numf
[1;36mdebug: [0mc_header: w_name=fmaximum_magf
[1;36mdebug: [0mc_header: w_name=fminimum_magf
[1;36mdebug: [0mc_header: w_name=fmaximum_mag_numf
[1;36mdebug: [0mc_header: w_name=fminimum_mag_numf
[1;36mdebug: [0mc_header: w_name=scalbf
[1;36mdebug: [0mc_header: w_name=__scalbf
[1;36mdebug: [0mc_header: w_name=__fpclassifyl
[1;36mdebug: [0mc_header: w_name=__signbitl
[1;36mdebug: [0mc_header: w_name=__isinfl
[1;36mdebug: [0mc_header: w_name=__finitel
[1;36mdebug: [0mc_header: w_name=__isnanl
[1;36mdebug: [0mc_header: w_name=__iseqsigl
[1;36mdebug: [0mc_header: w_name=__issignalingl
[1;36mdebug: [0mc_header: w_name=acosl
[1;36mdebug: [0mc_header: w_name=__acosl
[1;36mdebug: [0mc_header: w_name=asinl
[1;36mdebug: [0mc_header: w_name=__asinl
[1;36mdebug: [0mc_header: w_name=atanl
[1;36mdebug: [0mc_header: w_name=__atanl
[1;36mdebug: [0mc_header: w_name=atan2l
[1;36mdebug: [0mc_header: w_name=__atan2l
[1;36mdebug: [0mc_header: w_name=cosl
[1;36mdebug: [0mc_header: w_name=__cosl
[1;36mdebug: [0mc_header: w_name=sinl
[1;36mdebug: [0mc_header: w_name=__sinl
[1;36mdebug: [0mc_header: w_name=tanl
[1;36mdebug: [0mc_header: w_name=__tanl
[1;36mdebug: [0mc_header: w_name=acospil
[1;36mdebug: [0mc_header: w_name=__acospil
[1;36mdebug: [0mc_header: w_name=acospil
[1;36mdebug: [0mc_header: w_name=__acospil
[1;36mdebug: [0mc_header: w_name=asinpil
[1;36mdebug: [0mc_header: w_name=__asinpil
[1;36mdebug: [0mc_header: w_name=asinpil
[1;36mdebug: [0mc_header: w_name=__asinpil
[1;36mdebug: [0mc_header: w_name=atanpil
[1;36mdebug: [0mc_header: w_name=__atanpil
[1;36mdebug: [0mc_header: w_name=atanpil
[1;36mdebug: [0mc_header: w_name=__atanpil
[1;36mdebug: [0mc_header: w_name=atan2pil
[1;36mdebug: [0mc_header: w_name=__atan2pil
[1;36mdebug: [0mc_header: w_name=atan2pil
[1;36mdebug: [0mc_header: w_name=__atan2pil
[1;36mdebug: [0mc_header: w_name=cospil
[1;36mdebug: [0mc_header: w_name=__cospil
[1;36mdebug: [0mc_header: w_name=sinpil
[1;36mdebug: [0mc_header: w_name=__sinpil
[1;36mdebug: [0mc_header: w_name=tanpil
[1;36mdebug: [0mc_header: w_name=__tanpil
[1;36mdebug: [0mc_header: w_name=coshl
[1;36mdebug: [0mc_header: w_name=__coshl
[1;36mdebug: [0mc_header: w_name=sinhl
[1;36mdebug: [0mc_header: w_name=__sinhl
[1;36mdebug: [0mc_header: w_name=tanhl
[1;36mdebug: [0mc_header: w_name=__tanhl
[1;36mdebug: [0mc_header: w_name=acoshl
[1;36mdebug: [0mc_header: w_name=__acoshl
[1;36mdebug: [0mc_header: w_name=asinhl
[1;36mdebug: [0mc_header: w_name=__asinhl
[1;36mdebug: [0mc_header: w_name=atanhl
[1;36mdebug: [0mc_header: w_name=__atanhl
[1;36mdebug: [0mc_header: w_name=expl
[1;36mdebug: [0mc_header: w_name=__expl
[1;36mdebug: [0mc_header: w_name=frexpl
[1;36mdebug: [0mc_header: w_name=__frexpl
[1;36mdebug: [0mc_header: w_name=ldexpl
[1;36mdebug: [0mc_header: w_name=__ldexpl
[1;36mdebug: [0mc_header: w_name=logl
[1;36mdebug: [0mc_header: w_name=__logl
[1;36mdebug: [0mc_header: w_name=log10l
[1;36mdebug: [0mc_header: w_name=__log10l
[1;36mdebug: [0mc_header: w_name=modfl
[1;36mdebug: [0mc_header: w_name=__modfl
[1;36mdebug: [0mc_header: w_name=exp10l
[1;36mdebug: [0mc_header: w_name=__exp10l
[1;36mdebug: [0mc_header: w_name=exp2m1l
[1;36mdebug: [0mc_header: w_name=__exp2m1l
[1;36mdebug: [0mc_header: w_name=exp10m1l
[1;36mdebug: [0mc_header: w_name=__exp10m1l
[1;36mdebug: [0mc_header: w_name=log2p1l
[1;36mdebug: [0mc_header: w_name=__log2p1l
[1;36mdebug: [0mc_header: w_name=log10p1l
[1;36mdebug: [0mc_header: w_name=__log10p1l
[1;36mdebug: [0mc_header: w_name=logp1l
[1;36mdebug: [0mc_header: w_name=__logp1l
[1;36mdebug: [0mc_header: w_name=expm1l
[1;36mdebug: [0mc_header: w_name=__expm1l
[1;36mdebug: [0mc_header: w_name=log1pl
[1;36mdebug: [0mc_header: w_name=__log1pl
[1;36mdebug: [0mc_header: w_name=logbl
[1;36mdebug: [0mc_header: w_name=__logbl
[1;36mdebug: [0mc_header: w_name=exp2l
[1;36mdebug: [0mc_header: w_name=__exp2l
[1;36mdebug: [0mc_header: w_name=log2l
[1;36mdebug: [0mc_header: w_name=__log2l
[1;36mdebug: [0mc_header: w_name=powl
[1;36mdebug: [0mc_header: w_name=__powl
[1;36mdebug: [0mc_header: w_name=sqrtl
[1;36mdebug: [0mc_header: w_name=__sqrtl
[1;36mdebug: [0mc_header: w_name=hypotl
[1;36mdebug: [0mc_header: w_name=__hypotl
[1;36mdebug: [0mc_header: w_name=cbrtl
[1;36mdebug: [0mc_header: w_name=__cbrtl
[1;36mdebug: [0mc_header: w_name=compoundnl
[1;36mdebug: [0mc_header: w_name=__compoundnl
[1;36mdebug: [0mc_header: w_name=pownl
[1;36mdebug: [0mc_header: w_name=__pownl
[1;36mdebug: [0mc_header: w_name=powrl
[1;36mdebug: [0mc_header: w_name=__powrl
[1;36mdebug: [0mc_header: w_name=powrl
[1;36mdebug: [0mc_header: w_name=__powrl
[1;36mdebug: [0mc_header: w_name=rootnl
[1;36mdebug: [0mc_header: w_name=__rootnl
[1;36mdebug: [0mc_header: w_name=rsqrtl
[1;36mdebug: [0mc_header: w_name=__rsqrtl
[1;36mdebug: [0mc_header: w_name=ceill
[1;36mdebug: [0mc_header: w_name=fabsl
[1;36mdebug: [0mc_header: w_name=floorl
[1;36mdebug: [0mc_header: w_name=fmodl
[1;36mdebug: [0mc_header: w_name=__fmodl
[1;36mdebug: [0mc_header: w_name=isinfl
[1;36mdebug: [0mc_header: w_name=finitel
[1;36mdebug: [0mc_header: w_name=dreml
[1;36mdebug: [0mc_header: w_name=__dreml
[1;36mdebug: [0mc_header: w_name=significandl
[1;36mdebug: [0mc_header: w_name=__significandl
[1;36mdebug: [0mc_header: w_name=copysignl
[1;36mdebug: [0mc_header: w_name=nanl
[1;36mdebug: [0mc_header: w_name=__nanl
[1;36mdebug: [0mc_header: w_name=isnanl
[1;36mdebug: [0mc_header: w_name=j0l
[1;36mdebug: [0mc_header: w_name=__j0l
[1;36mdebug: [0mc_header: w_name=j1l
[1;36mdebug: [0mc_header: w_name=__j1l
[1;36mdebug: [0mc_header: w_name=jnl
[1;36mdebug: [0mc_header: w_name=__jnl
[1;36mdebug: [0mc_header: w_name=y0l
[1;36mdebug: [0mc_header: w_name=__y0l
[1;36mdebug: [0mc_header: w_name=y1l
[1;36mdebug: [0mc_header: w_name=__y1l
[1;36mdebug: [0mc_header: w_name=ynl
[1;36mdebug: [0mc_header: w_name=__ynl
[1;36mdebug: [0mc_header: w_name=erfl
[1;36mdebug: [0mc_header: w_name=__erfl
[1;36mdebug: [0mc_header: w_name=erfcl
[1;36mdebug: [0mc_header: w_name=__erfcl
[1;36mdebug: [0mc_header: w_name=lgammal
[1;36mdebug: [0mc_header: w_name=__lgammal
[1;36mdebug: [0mc_header: w_name=tgammal
[1;36mdebug: [0mc_header: w_name=__tgammal
[1;36mdebug: [0mc_header: w_name=gammal
[1;36mdebug: [0mc_header: w_name=__gammal
[1;36mdebug: [0mc_header: w_name=lgammal_r
[1;36mdebug: [0mc_header: w_name=__lgammal_r
[1;36mdebug: [0mc_header: w_name=rintl
[1;36mdebug: [0mc_header: w_name=__rintl
[1;36mdebug: [0mc_header: w_name=nextafterl
[1;36mdebug: [0mc_header: w_name=__nextafterl
[1;36mdebug: [0mc_header: w_name=nexttowardl
[1;36mdebug: [0mc_header: w_name=__nexttowardl
[1;36mdebug: [0mc_header: w_name=nextdownl
[1;36mdebug: [0mc_header: w_name=__nextdownl
[1;36mdebug: [0mc_header: w_name=nextupl
[1;36mdebug: [0mc_header: w_name=__nextupl
[1;36mdebug: [0mc_header: w_name=remainderl
[1;36mdebug: [0mc_header: w_name=__remainderl
[1;36mdebug: [0mc_header: w_name=scalbnl
[1;36mdebug: [0mc_header: w_name=__scalbnl
[1;36mdebug: [0mc_header: w_name=ilogbl
[1;36mdebug: [0mc_header: w_name=__ilogbl
[1;36mdebug: [0mc_header: w_name=llogbl
[1;36mdebug: [0mc_header: w_name=__llogbl
[1;36mdebug: [0mc_header: w_name=scalblnl
[1;36mdebug: [0mc_header: w_name=__scalblnl
[1;36mdebug: [0mc_header: w_name=nearbyintl
[1;36mdebug: [0mc_header: w_name=__nearbyintl
[1;36mdebug: [0mc_header: w_name=roundl
[1;36mdebug: [0mc_header: w_name=truncl
[1;36mdebug: [0mc_header: w_name=remquol
[1;36mdebug: [0mc_header: w_name=__remquol
[1;36mdebug: [0mc_header: w_name=lrintl
[1;36mdebug: [0mc_header: w_name=__lrintl
[1;36mdebug: [0mc_header: w_name=llrintl
[1;36mdebug: [0mc_header: w_name=__llrintl
[1;36mdebug: [0mc_header: w_name=lroundl
[1;36mdebug: [0mc_header: w_name=__lroundl
[1;36mdebug: [0mc_header: w_name=llroundl
[1;36mdebug: [0mc_header: w_name=__llroundl
[1;36mdebug: [0mc_header: w_name=fdiml
[1;36mdebug: [0mc_header: w_name=__fdiml
[1;36mdebug: [0mc_header: w_name=fmaxl
[1;36mdebug: [0mc_header: w_name=fminl
[1;36mdebug: [0mc_header: w_name=fmal
[1;36mdebug: [0mc_header: w_name=__fmal
[1;36mdebug: [0mc_header: w_name=roundevenl
[1;36mdebug: [0mc_header: w_name=fromfpl
[1;36mdebug: [0mc_header: w_name=__fromfpl
[1;36mdebug: [0mc_header: w_name=ufromfpl
[1;36mdebug: [0mc_header: w_name=__ufromfpl
[1;36mdebug: [0mc_header: w_name=fromfpxl
[1;36mdebug: [0mc_header: w_name=__fromfpxl
[1;36mdebug: [0mc_header: w_name=ufromfpxl
[1;36mdebug: [0mc_header: w_name=__ufromfpxl
[1;36mdebug: [0mc_header: w_name=canonicalizel
[1;36mdebug: [0mc_header: w_name=fmaximuml
[1;36mdebug: [0mc_header: w_name=fminimuml
[1;36mdebug: [0mc_header: w_name=fmaximum_numl
[1;36mdebug: [0mc_header: w_name=fminimum_numl
[1;36mdebug: [0mc_header: w_name=fmaximum_magl
[1;36mdebug: [0mc_header: w_name=fminimum_magl
[1;36mdebug: [0mc_header: w_name=fmaximum_mag_numl
[1;36mdebug: [0mc_header: w_name=fminimum_mag_numl
[1;36mdebug: [0mc_header: w_name=scalbl
[1;36mdebug: [0mc_header: w_name=__scalbl
[1;36mdebug: [0mc_header: w_name=__fpclassifyf128
[1;36mdebug: [0mc_header: w_name=__signbitf128
[1;36mdebug: [0mc_header: w_name=__isinff128
[1;36mdebug: [0mc_header: w_name=__finitef128
[1;36mdebug: [0mc_header: w_name=__isnanf128
[1;36mdebug: [0mc_header: w_name=__iseqsigf128
[1;36mdebug: [0mc_header: w_name=__issignalingf128
[1;36mdebug: [0mc_header: w_name=fadd
[1;36mdebug: [0mc_header: w_name=fdiv
[1;36mdebug: [0mc_header: w_name=ffma
[1;36mdebug: [0mc_header: w_name=fmul
[1;36mdebug: [0mc_header: w_name=fsqrt
[1;36mdebug: [0mc_header: w_name=fsub
[1;36mdebug: [0mc_header: w_name=faddl
[1;36mdebug: [0mc_header: w_name=fdivl
[1;36mdebug: [0mc_header: w_name=ffmal
[1;36mdebug: [0mc_header: w_name=fmull
[1;36mdebug: [0mc_header: w_name=fsqrtl
[1;36mdebug: [0mc_header: w_name=fsubl
[1;36mdebug: [0mc_header: w_name=daddl
[1;36mdebug: [0mc_header: w_name=ddivl
[1;36mdebug: [0mc_header: w_name=dfmal
[1;36mdebug: [0mc_header: w_name=dmull
[1;36mdebug: [0mc_header: w_name=dsqrtl
[1;36mdebug: [0mc_header: w_name=dsubl
DEBUG C_PARSER: LOOP START token=1
DEBUG C_PARSER: LOOP START token=1
DEBUG C_PARSER: LOOP START token=1
DEBUG C_PARSER: LOOP START token=1
DEBUG C_PARSER: LOOP START token=1
[1;36mdebug: [0mc_header: w_name=__iscanonicall
DEBUG C_PARSER: LOOP START token=73
DEBUG C_PARSER: LOOP START token=73
DEBUG C_PARSER: LOOP START token=72
DEBUG C_PARSER: LOOP START token=73
DEBUG C_PARSER: LOOP START token=73
[1;36mdebug: [0mc_header: w_name=imaxabs
[1;36mdebug: [0mc_header: w_name=imaxdiv
[1;36mdebug: [0mc_header: w_name=strtoimax
[1;36mdebug: [0mc_header: w_name=strtoumax
[1;36mdebug: [0mc_header: w_name=wcstoimax
[1;36mdebug: [0mc_header: w_name=wcstoumax
[1;36mdebug: [0mc_header: w_name=strtoimax
[1;36mdebug: [0mc_header: w_name=strtoumax
[1;36mdebug: [0mc_header: w_name=wcstoimax
[1;36mdebug: [0mc_header: w_name=wcstoumax
DEBUG C_PARSER: LOOP START token=59 line=1747 text='const'
DEBUG C_PARSER: LOOP START token=59 line=1749 text='const'
DEBUG C_PARSER: LOOP START token=59 line=1751 text='const'
DEBUG C_PARSER: LOOP START token=59 line=1756 text='const'
DEBUG C_PARSER: LOOP START token=72 line=1758 text='int'
DEBUG C_PARSER: LOOP START token=72 line=1760 text='int'
DEBUG C_PARSER: LOOP START token=59 line=1762 text='const'
DEBUG C_PARSER: LOOP START token=72 line=1764 text='int'
DEBUG C_PARSER: LOOP START token=59 line=1766 text='const'
DEBUG C_PARSER: LOOP START token=81 line=1771 text='struct'
DEBUG C_PARSER: LOOP START token=81 line=1773 text='struct'
[1;36mdebug: [0mc_header: w_name=wl_list_init
[1;36mdebug: [0mc_header: w_name=wl_list_insert
[1;36mdebug: [0mc_header: w_name=wl_list_remove
[1;36mdebug: [0mc_header: w_name=wl_list_length
[1;36mdebug: [0mc_header: w_name=wl_list_empty
[1;36mdebug: [0mc_header: w_name=wl_list_insert_list
DEBUG C_PARSER: LOOP START token=1 line=1796 text='size_t'
DEBUG C_PARSER: LOOP START token=1 line=1798 text='size_t'
DEBUG C_PARSER: LOOP START token=86 line=1800 text='void'
[1;36mdebug: [0mc_header: w_name=wl_array_init
[1;36mdebug: [0mc_header: w_name=wl_array_release
[1;36mdebug: [0mc_header: w_name=wl_array_add
[1;36mdebug: [0mc_header: w_name=wl_array_copy
[1;36mdebug: [0mc_header: w_name=wl_fixed_to_double
[1;36mdebug: [0mc_header: w_name=wl_fixed_from_double
[1;36mdebug: [0mc_header: w_name=wl_fixed_to_int
[1;36mdebug: [0mc_header: w_name=wl_fixed_from_int
DEBUG C_PARSER: LOOP START token=1 line=1842 text='int32_t'
DEBUG C_PARSER: LOOP START token=1 line=1843 text='uint32_t'
DEBUG C_PARSER: LOOP START token=1 line=1844 text='wl_fixed_t'
DEBUG C_PARSER: LOOP START token=59 line=1845 text='const'
DEBUG C_PARSER: LOOP START token=81 line=1846 text='struct'
DEBUG C_PARSER: LOOP START token=1 line=1847 text='uint32_t'
DEBUG C_PARSER: LOOP START token=81 line=1848 text='struct'
DEBUG C_PARSER: LOOP START token=1 line=1849 text='int32_t'
DEBUG C_PARSER: LOOP START token=1
DEBUG C_PARSER: LOOP START token=1
[1;36mdebug: [0msemantic: sem_check_block: ns='clib'
[1;36mdebug: [0msemantic: sem_check_block: visiting node type=1
[1;36mdebug: [0msemantic: sem_check_block: ns='clib'
[1;36mdebug: [0msemantic: sem_check_block: ns='main'
[1;36mdebug: [0msemantic: sem_check_block: ns='main'
[1;36mdebug: [0msemantic: sem_check_block: ns='main'
[1;36mdebug: [0msemantic: sem_check_block: ns='main'
[1;36mdebug: [0msemantic: sem_check_block: ns='main'
[1;36mdebug: [0msemantic: sem_check_block: ns='main'
[1;36mdebug: [0msemantic: sem_check_block: ns='main'
[1;36mdebug: [0msemantic: sem_check_block: ns='main'
[1;36mdebug: [0msemantic: sem_check_block: ns='main'
[1;36mdebug: [0msemantic: sem_check_block: ns='main'
[1;36mdebug: [0msemantic: sem_check_block: ns='main'
[1;36mdebug: [0msemantic: sem_check_block: ns='main'
[1;36mdebug: [0msemantic: sem_check_block: ns='main'
[1;36mdebug: [0msemantic: sem_check_block: ns='main'
[1;36mdebug: [0msemantic: sem_check_block: ns='main'
[1;36mdebug: [0msemantic: sem_check_block: ns='main'
[1;36mdebug: [0msemantic: sem_check_block: ns='main'
[1;36mdebug: [0msemantic: sem_check_block: ns='main'
[1;36mdebug: [0msemantic: sem_check_block: ns='main'
[1;36mdebug: [0msemantic: sem_check_block: ns='main'
[1;36mdebug: [0msemantic: sem_check_block: ns='main'
[1;36mdebug: [0msemantic: sem_check_block: ns='main'
[1;36mdebug: [0msemantic: sem_check_block: ns='main'
[1;36mdebug: [0msemantic: sem_check_block: ns='main'
[1;36mdebug: [0msemantic: sem_check_block: ns='main'
[1;36mdebug: [0msemantic: sem_check_block: ns='main'
[1;36mdebug: [0msemantic: sem_check_block: ns='main'
[1;36mdebug: [0msemantic: sem_check_block: ns='main'
[1;36mdebug: [0msemantic: sem_check_block: ns='main'
[1;36mdebug: [0msemantic: sem_check_block: ns='main'
[1;36mdebug: [0msemantic: sem_check_block: ns='main'
[1;36mdebug: [0msemantic: sem_check_block: ns='main'
[1;36mdebug: [0msemantic: sem_check_block: ns='main'
[1;36mdebug: [0msemantic: sem_check_block: ns='main'
[1;36mdebug: [0msemantic: sem_check_block: ns='main'
[1;36mdebug: [0msemantic: sem_check_block: ns='main'
[1;36mdebug: [0msemantic: sem_check_block: ns='main'
[1;36mdebug: [0msemantic: sem_check_block: ns='main'
[1;36mdebug: [0msemantic: sem_check_block: ns='main'
[1;36mdebug: [0msemantic: sem_check_block: ns='main'
[1;36mdebug: [0msemantic: sem_check_block: ns='main'
[1;36mdebug: [0msemantic: sem_check_block: ns='main'
[1;36mdebug: [0msemantic: sem_check_block: ns='main'
[1;36mdebug: [0msemantic: sem_check_block: ns='main'
[1;36mdebug: [0msemantic: sem_check_block: ns='main'
[1;36mdebug: [0msemantic: sem_check_block: ns='main'
[1;36mdebug: [0msemantic: sem_check_block: ns='main'
[1;36mdebug: [0msemantic: sem_check_block: ns='main'
[1;36mdebug: [0msemantic: sem_check_block: ns='main'
[1;36mdebug: [0msemantic: sem_check_block: ns='main'
[1;36mdebug: [0msemantic: sem_check_block: ns='main'
[1;36mdebug: [0msemantic: sem_check_block: ns='main'
[1;36mdebug: [0msemantic: sem_check_block: ns='main'
[1;36mdebug: [0msemantic: sem_check_block: ns='main'
[1;36mdebug: [0msemantic: sem_check_block: ns='main'
[1;36mdebug: [0msemantic: sem_check_block: ns='main'
[1;36mdebug: [0msemantic: sem_check_block: ns='main'
[1;36mdebug: [0msemantic: sem_check_block: ns='main'
[1;36mdebug: [0msemantic: sem_check_block: ns='main'
[1;36mdebug: [0msemantic: sem_check_block: ns='main'
[1;36mdebug: [0msemantic: sem_check_block: ns='main'
[1;36mdebug: [0msemantic: sem_check_block: ns='main'
[1;36mdebug: [0msemantic: sem_check_block: ns='main'
[1;36mdebug: [0msemantic: sem_check_block: ns='main'
[1;36mdebug: [0msemantic: sem_check_block: ns='main'
[1;36mdebug: [0msemantic: sem_check_block: ns='main'
[1;36mdebug: [0msemantic: sem_check_block: ns='main'
[1;36mdebug: [0msemantic: sem_check_block: ns='main'
[1;36mdebug: [0msemantic: sem_check_block: ns='main'
[1;36mdebug: [0msemantic: sem_check_block: ns='main'
[1;36mdebug: [0msemantic: sem_check_block: ns='main'
[1;36mdebug: [0msemantic: sem_check_block: ns='main'
[1;36mdebug: [0msemantic: sem_check_block: ns='main'
[1;36mdebug: [0msemantic: sem_check_block: ns='main'
[1;36mdebug: [0msemantic: sem_check_block: ns='main'
[1;36mdebug: [0msemantic: sem_check_block: ns='main'
[1;36mdebug: [0msemantic: sem_check_block: ns='main'
[1;36mdebug: [0msemantic: sem_check_block: ns='main'
[1;36mdebug: [0msemantic: sem_check_block: ns='main'
[1;36mdebug: [0msemantic: sem_check_block: ns='main'
[1;36mdebug: [0msemantic: sem_check_block: ns='main'
[1;36mdebug: [0msemantic: sem_check_block: ns='main'
[1;36mdebug: [0msemantic: sem_check_block: ns='main'
[1;36mdebug: [0msemantic: sem_check_block: ns='main'
[1;36mdebug: [0msemantic: sem_check_block: ns='main'
[1;36mdebug: [0msemantic: sem_check_block: ns='main'
[1;36mdebug: [0msemantic: sem_check_block: ns='main'
[1;36mdebug: [0msemantic: sem_check_block: ns='main'
[1;36mdebug: [0msemantic: sem_check_block: ns='main'
[1;36mdebug: [0msemantic: sem_check_block: ns='main'
[1;36mdebug: [0msemantic: sem_check_block: ns='main'
[1;36mdebug: [0msemantic: sem_check_block: ns='main'
[1;36mdebug: [0msemantic: sem_check_block: ns='main'
[1;36mdebug: [0msemantic: sem_check_block: ns='main'
[1;36mdebug: [0msemantic: sem_check_block: ns='main'
[1;36mdebug: [0msemantic: sem_check_block: ns='main'
[1;36mdebug: [0msemantic: sem_check_block: ns='main'
[1;36mdebug: [0msemantic: sem_check_block: ns='main'
[1;36mdebug: [0msemantic: sem_check_block: ns='main'
[1;36mdebug: [0msemantic: sem_check_block: ns='main'
[1;36mdebug: [0msemantic: sem_check_block: ns='main'
[1;36mdebug: [0msemantic: sem_check_block: ns='main'
[1;36mdebug: [0msemantic: sem_check_block: ns='main'
[1;36mdebug: [0msemantic: sem_check_block: ns='main'
[1;36mdebug: [0msemantic: sem_check_block: ns='main'
[1;36mdebug: [0msemantic: sem_check_block: ns='main'
[1;36mdebug: [0msemantic: sem_check_block: ns='main'
[1;36mdebug: [0msemantic: sem_check_block: ns='main'
[1;36mdebug: [0msemantic: sem_check_block: ns='main'
[1;36mdebug: [0msemantic: sem_check_block: ns='main'
[1;36mdebug: [0msemantic: sem_check_block: ns='main'
[1;36mdebug: [0msemantic: sem_check_block: ns='main'
[1;36mdebug: [0msemantic: sem_check_block: ns='main'
[1;36mdebug: [0msemantic: sem_check_block: ns='main'
[1;36mdebug: [0msemantic: sem_check_block: ns='main'
[1;36mdebug: [0msemantic: sem_check_block: ns='main'
[1;36mdebug: [0msemantic: sem_check_block: ns='main'
[1;36mdebug: [0msemantic: sem_check_block: ns='main'
[1;36mdebug: [0msemantic: sem_check_block: ns='main'
[1;36mdebug: [0msemantic: sem_check_block: ns='main'
[1;36mdebug: [0msemantic: sem_check_block: ns='main'
[1;36mdebug: [0msemantic: sem_check_block: ns='main'
[1;36mdebug: [0msemantic: sem_check_block: ns='main'
[1;36mdebug: [0msemantic: sem_check_block: ns='main'
[1;36mdebug: [0msemantic: sem_check_block: ns='main'
[1;36mdebug: [0msemantic: sem_check_block: ns='main'
[1;36mdebug: [0msemantic: sem_check_block: ns='main'
[1;36mdebug: [0msemantic: sem_check_block: ns='main'
[1;36mdebug: [0msemantic: sem_check_block: ns='main'
[1;36mdebug: [0msemantic: sem_check_block: ns='main'
[1;36mdebug: [0msemantic: sem_check_block: ns='main'
[1;36mdebug: [0msemantic: sem_check_block: ns='main'
[1;36mdebug: [0msemantic: sem_check_block: ns='main'
[1;36mdebug: [0msemantic: sem_check_block: ns='main'
[1;36mdebug: [0msemantic: sem_check_block: ns='main'
[1;36mdebug: [0msemantic: sem_check_block: ns='main'
[1;36mdebug: [0msemantic: sem_check_block: ns='main'
[1;36mdebug: [0msemantic: sem_check_block: ns='main'
[1;36mdebug: [0msemantic: sem_check_block: ns='main'
[1;36mdebug: [0msemantic: sem_check_block: ns='main'
[1;36mdebug: [0msemantic: sem_check_block: ns='main'
[1;36mdebug: [0msemantic: sem_check_block: ns='main'
[1;36mdebug: [0msemantic: sem_check_block: ns='main'
[1;36mdebug: [0msemantic: sem_check_block: ns='main'
[1;36mdebug: [0msemantic: sem_check_block: ns='main'
[1;36mdebug: [0msemantic: sem_check_block: ns='main'
[1;36mdebug: [0msemantic: sem_check_block: ns='main'
[1;36mdebug: [0msemantic: sem_check_block: ns='main'
[1;36mdebug: [0msemantic: sem_check_block: ns='main'
[1;36mdebug: [0msemantic: sem_check_block: ns='main'
[1;36mdebug: [0msemantic: sem_check_block: ns='main'
[1;36mdebug: [0msemantic: sem_check_block: ns='main'
[1;36mdebug: [0msemantic: sem_check_block: ns='main'
[1;36mdebug: [0msemantic: sem_check_block: ns='main'
[1;36mdebug: [0msemantic: sem_check_block: ns='main'
[1;36mdebug: [0msemantic: sem_check_block: ns='main'
[1;36mdebug: [0msemantic: sem_check_block: ns='main'
[1;36mdebug: [0msemantic: sem_check_block: ns='main'
[1;36mdebug: [0msemantic: sem_check_block: ns='main'
[1;36mdebug: [0msemantic: sem_check_block: ns='main'
[1;36mdebug: [0msemantic: sem_check_block: ns='main'
[1;36mdebug: [0msemantic: sem_check_block: ns='main'
[1;36mdebug: [0msemantic: sem_check_block: ns='main'
[1;36mdebug: [0msemantic: sem_check_block: ns='main'
[1;36mdebug: [0msemantic: sem_check_block: ns='main'
[1;36mdebug: [0msemantic: sem_check_block: ns='main'
[1;36mdebug: [0msemantic: sem_check_block: ns='main'
[1;36mdebug: [0msemantic: sem_check_block: ns='main'
[1;36mdebug: [0msemantic: sem_check_block: ns='main'
[1;36mdebug: [0msemantic: sem_check_block: ns='main'
[1;36mdebug: [0msemantic: sem_check_block: ns='main'
[1;36mdebug: [0msemantic: sem_check_block: ns='main'
[1;36mdebug: [0msemantic: sem_check_block: ns='main'
[1;36mdebug: [0msemantic: sem_check_block: ns='main'
[1;36mdebug: [0msemantic: sem_check_block: ns='main'
[1;36mdebug: [0msemantic: sem_check_block: ns='main'
[1;36mdebug: [0msemantic: sem_check_block: ns='main'
[1;36mdebug: [0msemantic: sem_check_block: ns='main'
[1;36mdebug: [0msemantic: sem_check_block: ns='main'
[1;36mdebug: [0msemantic: sem_check_block: ns='main'
[1;36mdebug: [0msemantic: sem_check_block: ns='main'
[1;36mdebug: [0msemantic: sem_check_block: ns='main'
[1;36mdebug: [0msemantic: sem_check_block: ns='main'
[1;36mdebug: [0msemantic: sem_check_block: ns='main'
[1;36mdebug: [0msemantic: sem_check_block: ns='main'
[1;36mdebug: [0msemantic: sem_check_block: ns='main'
[1;36mdebug: [0msemantic: sem_check_block: ns='main'
[1;36mdebug: [0msemantic: sem_check_block: ns='main'
[1;36mdebug: [0msemantic: sem_check_block: ns='main'
[1;36mdebug: [0msemantic: sem_check_block: ns='main'
[1;36mdebug: [0msemantic: sem_check_block: ns='main'
[1;36mdebug: [0msemantic: sem_check_block: ns='main'
[1;36mdebug: [0msemantic: sem_check_block: ns='main'
[1;36mdebug: [0msemantic: sem_check_block: ns='main'
[1;36mdebug: [0msemantic: sem_check_block: ns='main'
[1;36mdebug: [0msemantic: sem_check_block: ns='main'
[1;36mdebug: [0msemantic: sem_check_block: ns='main'
[1;36mdebug: [0msemantic: sem_check_block: ns='main'
[1;36mdebug: [0msemantic: sem_check_block: ns='main'
[1;36mdebug: [0msemantic: sem_check_block: ns='main'
[1;36mdebug: [0msemantic: sem_check_block: ns='main'
[1;36mdebug: [0msemantic: sem_check_block: ns='main'
[1;36mdebug: [0msemantic: sem_check_block: ns='main'
[1;36mdebug: [0msemantic: sem_check_block: ns='main'
[1;36mdebug: [0msemantic: sem_check_block: ns='main'
[1;36mdebug: [0msemantic: sem_check_block: ns='main'
[1;36mdebug: [0msemantic: sem_check_block: ns='main'
[1;36mdebug: [0msemantic: sem_check_block: ns='main'
[1;36mdebug: [0msemantic: sem_check_block: ns='main'
[1;36mdebug: [0msemantic: sem_check_block: ns='main'
[1;36mdebug: [0msemantic: sem_check_block: ns='main'
[1;36mdebug: [0msemantic: sem_check_block: ns='main'
[1;36mdebug: [0msemantic: sem_check_block: ns='main'
[1;36mdebug: [0msemantic: sem_check_block: ns='main'
[1;36mdebug: [0msemantic: sem_check_block: ns='main'
[1;36mdebug: [0msemantic: sem_check_block: ns='main'
[1;36mdebug: [0msemantic: sem_check_block: ns='main'
[1;36mdebug: [0msemantic: sem_check_block: ns='main'
[1;36mdebug: [0msemantic: sem_check_block: ns='main'
[1;36mdebug: [0msemantic: sem_check_block: ns='main'
[1;36mdebug: [0msemantic: sem_check_block: ns='main'
[1;36mdebug: [0msemantic: sem_check_block: ns='main'
[1;36mdebug: [0msemantic: sem_check_block: ns='main'
[1;36mdebug: [0msemantic: sem_check_block: ns='main'
[1;36mdebug: [0msemantic: sem_check_block: ns='main'
[1;36mdebug: [0msemantic: sem_check_block: ns='main'
[1;36mdebug: [0msemantic: sem_check_block: ns='main'
[1;36mdebug: [0msemantic: sem_check_block: ns='main'
[1;36mdebug: [0msemantic: sem_check_block: ns='main'
[1;36mdebug: [0msemantic: sem_check_block: ns='main'
[1;36mdebug: [0msemantic: sem_check_block: ns='main'
[1;36mdebug: [0msemantic: sem_check_block: ns='main'
[1;36mdebug: [0msemantic: sem_check_block: ns='main'
[1;36mdebug: [0msemantic: sem_check_block: ns='main'
[1;36mdebug: [0msemantic: sem_check_block: ns='main'
[1;36mdebug: [0msemantic: sem_check_block: ns='main'
[1;36mdebug: [0msemantic: sem_check_block: ns='main'
[1;36mdebug: [0msemantic: sem_check_block: ns='main'
[1;36mdebug: [0msemantic: sem_check_block: ns='main'
[1;36mdebug: [0msemantic: sem_check_block: ns='main'
[1;36mdebug: [0msemantic: sem_check_block: ns='main'
[1;36mdebug: [0msemantic: sem_check_block: ns='main'
[1;36mdebug: [0msemantic: sem_check_block: ns='main'
[1;36mdebug: [0msemantic: sem_check_block: ns='main'
[1;36mdebug: [0msemantic: sem_check_block: ns='main'
[1;36mdebug: [0msemantic: sem_check_block: ns='main'
[1;36mdebug: [0msemantic: sem_check_block: ns='main'
[1;36mdebug: [0msemantic: sem_check_block: ns='main'
[1;36mdebug: [0msemantic: sem_check_block: ns='main'
[1;36mdebug: [0msemantic: sem_check_block: ns='main'
[1;36mdebug: [0msemantic: sem_check_block: ns='main'
[1;36mdebug: [0msemantic: sem_check_block: ns='main'
[1;36mdebug: [0msemantic: sem_check_block: ns='main'
[1;36mdebug: [0msemantic: sem_check_block: ns='main'
[1;36mdebug: [0msemantic: sem_check_block: ns='main'
[1;36mdebug: [0msemantic: sem_check_block: ns='main'
[1;36mdebug: [0msemantic: sem_check_block: ns='main'
[1;36mdebug: [0msemantic: sem_check_block: ns='main'
[1;36mdebug: [0msemantic: sem_check_block: ns='main'
[1;36mdebug: [0msemantic: sem_check_block: ns='main'
[1;36mdebug: [0msemantic: sem_check_block: ns='main'
[1;36mdebug: [0msemantic: sem_check_block: ns='main'
[1;36mdebug: [0msemantic: sem_check_block: ns='main'
[1;36mdebug: [0msemantic: sem_check_block: ns='main'
[1;36mdebug: [0msemantic: sem_check_block: ns='main'
[1;36mdebug: [0msemantic: sem_check_block: ns='main'
[1;36mdebug: [0msemantic: sem_check_block: ns='main'
[1;36mdebug: [0msemantic: sem_check_block: ns='main'
[1;36mdebug: [0msemantic: sem_check_block: ns='main'
[1;36mdebug: [0msemantic: sem_check_block: ns='main'
[1;36mdebug: [0msemantic: sem_check_block: ns='main'
[1;36mdebug: [0msemantic: sem_check_block: ns='main'
[1;36mdebug: [0msemantic: sem_check_block: ns='main'
[1;36mdebug: [0msemantic: sem_check_block: ns='main'
[1;36mdebug: [0msemantic: sem_check_block: ns='main'
[1;36mdebug: [0msemantic: sem_check_block: ns='main'
[1;36mdebug: [0msemantic: sem_check_block: ns='main'
[1;36mdebug: [0msemantic: sem_check_block: ns='main'
[1;36mdebug: [0msemantic: sem_check_block: ns='main'
[1;36mdebug: [0msemantic: sem_check_block: ns='main'
[1;36mdebug: [0msemantic: sem_check_block: ns='main'
[1;36mdebug: [0msemantic: sem_check_block: ns='main'
[1;36mdebug: [0msemantic: sem_check_block: ns='main'
[1;36mdebug: [0msemantic: sem_check_block: ns='main'
[1;36mdebug: [0msemantic: sem_check_block: ns='main'
[1;36mdebug: [0msemantic: sem_check_block: ns='main'
[1;36mdebug: [0msemantic: sem_check_block: ns='main'
[1;36mdebug: [0msemantic: sem_check_block: ns='main'
[1;36mdebug: [0msemantic: sem_check_block: ns='main'
[1;36mdebug: [0msemantic: sem_check_block: ns='main'
[1;36mdebug: [0msemantic: sem_check_block: ns='main'
[1;36mdebug: [0msemantic: sem_check_block: ns='main'
[1;36mdebug: [0msemantic: sem_check_block: ns='main'
[1;36mdebug: [0msemantic: sem_check_block: ns='main'
[1;36mdebug: [0msemantic: sem_check_block: ns='main'
[1;36mdebug: [0msemantic: sem_check_block: ns='main'
[1;36mdebug: [0msemantic: sem_check_block: ns='main'
[1;36mdebug: [0msemantic: sem_check_block: ns='main'
[1;36mdebug: [0msemantic: sem_check_block: ns='main'
[1;36mdebug: [0msemantic: sem_check_block: ns='main'
[1;36mdebug: [0msemantic: sem_check_block: ns='main'
[1;36mdebug: [0msemantic: sem_check_block: ns='main'
[1;36mdebug: [0msemantic: sem_check_block: ns='main'
[1;36mdebug: [0msemantic: sem_check_block: ns='main'
[1;36mdebug: [0msemantic: sem_check_block: ns='main'
[1;36mdebug: [0msemantic: sem_check_block: ns='main'
[1;36mdebug: [0msemantic: sem_check_block: ns='main'
[1;36mdebug: [0msemantic: sem_check_block: ns='main'
[1;36mdebug: [0msemantic: sem_check_block: ns='main'
[1;36mdebug: [0msemantic: sem_check_block: ns='main'
[1;36mdebug: [0msemantic: sem_check_block: ns='main'
[1;36mdebug: [0msemantic: sem_check_block: ns='main'
[1;36mdebug: [0msemantic: sem_check_block: ns='main'
[1;36mdebug: [0msemantic: sem_check_block: ns='main'
[1;36mdebug: [0msemantic: sem_check_block: ns='main'
[1;36mdebug: [0msemantic: sem_check_block: ns='main'
[1;36mdebug: [0msemantic: sem_check_block: ns='main'
[1;36mdebug: [0msemantic: sem_check_block: ns='main'
[1;36mdebug: [0msemantic: sem_check_block: ns='main'
[1;36mdebug: [0msemantic: sem_check_block: ns='main'
[1;36mdebug: [0msemantic: sem_check_block: ns='main'
[1;36mdebug: [0msemantic: sem_check_block: ns='main'
[1;36mdebug: [0msemantic: sem_check_block: ns='main'
[1;36mdebug: [0msemantic: sem_check_block: ns='main'
[1;36mdebug: [0msemantic: sem_check_block: ns='main'
[1;36mdebug: [0msemantic: sem_check_block: ns='main'
[1;36mdebug: [0msemantic: sem_check_block: ns='main'
[1;36mdebug: [0msemantic: sem_check_block: ns='main'
[1;36mdebug: [0msemantic: sem_check_block: ns='main'
[1;36mdebug: [0msemantic: sem_check_block: ns='main'
[1;36mdebug: [0msemantic: sem_check_block: ns='main'
[1;36mdebug: [0msemantic: sem_check_block: ns='main'
[1;36mdebug: [0msemantic: sem_check_block: ns='main'
[1;36mdebug: [0msemantic: sem_check_block: ns='main'
[1;36mdebug: [0msemantic: sem_check_block: ns='main'
[1;36mdebug: [0msemantic: sem_check_block: ns='main'
[1;36mdebug: [0msemantic: sem_check_block: ns='main'
[1;36mdebug: [0msemantic: sem_check_block: ns='main'
[1;36mdebug: [0msemantic: sem_check_block: ns='main'
[1;36mdebug: [0msemantic: sem_check_block: ns='main'
[1;36mdebug: [0msemantic: sem_check_block: ns='main'
[1;36mdebug: [0msemantic: sem_check_block: ns='main'
[1;36mdebug: [0msemantic: sem_check_block: ns='main'
[1;36mdebug: [0msemantic: sem_check_block: ns='main'
[1;36mdebug: [0msemantic: sem_check_block: ns='main'
[1;36mdebug: [0msemantic: sem_check_block: ns='main'
[1;36mdebug: [0msemantic: sem_check_block: ns='main'
[1;36mdebug: [0msemantic: sem_check_block: ns='main'
[1;36mdebug: [0msemantic: sem_check_block: ns='main'
[1;36mdebug: [0msemantic: sem_check_block: ns='main'
[1;36mdebug: [0msemantic: sem_check_block: ns='main'
[1;36mdebug: [0msemantic: sem_check_block: ns='main'
[1;36mdebug: [0msemantic: sem_check_block: ns='main'
[1;36mdebug: [0msemantic: sem_check_block: ns='main'
[1;36mdebug: [0msemantic: sem_check_block: ns='main'
[1;36mdebug: [0msemantic: sem_check_block: ns='main'
[1;36mdebug: [0msemantic: sem_check_block: ns='main'
[1;36mdebug: [0msemantic: sem_check_block: ns='main'
[1;36mdebug: [0msemantic: sem_check_block: ns='main'
[1;36mdebug: [0msemantic: sem_check_block: ns='main'
[1;36mdebug: [0msemantic: sem_check_block: ns='main'
[1;36mdebug: [0msemantic: sem_check_block: ns='main'
[1;36mdebug: [0msemantic: sem_check_block: ns='main'
[1;36mdebug: [0msemantic: sem_check_block: ns='main'
[1;36mdebug: [0msemantic: sem_check_block: ns='main'
[1;36mdebug: [0msemantic: sem_check_block: ns='main'
[1;36mdebug: [0msemantic: sem_check_block: ns='main'
[1;36mdebug: [0msemantic: sem_check_block: ns='main'
[1;36mdebug: [0msemantic: sem_check_block: ns='main'
[1;36mdebug: [0msemantic: sem_check_block: ns='main'
[1;36mdebug: [0msemantic: sem_check_block: ns='main'
[1;36mdebug: [0msemantic: sem_check_block: ns='main'
[1;36mdebug: [0msemantic: sem_check_block: ns='main'
[1;36mdebug: [0msemantic: sem_check_block: ns='main'
[1;36mdebug: [0msemantic: sem_check_block: ns='main'
[1;36mdebug: [0msemantic: sem_check_block: ns='main'
[1;36mdebug: [0msemantic: sem_check_block: ns='main'
[1;36mdebug: [0msemantic: sem_check_block: ns='main'
[1;36mdebug: [0msemantic: sem_check_block: ns='main'
[1;36mdebug: [0msemantic: sem_check_block: ns='main'
[1;36mdebug: [0msemantic: sem_check_block: ns='main'
[1;36mdebug: [0msemantic: sem_check_block: ns='main'
[1;36mdebug: [0msemantic: sem_check_block: ns='main'
[1;36mdebug: [0msemantic: sem_check_block: ns='main'
[1;36mdebug: [0msemantic: sem_check_block: ns='main'
[1;36mdebug: [0msemantic: sem_check_block: ns='main'
[1;36mdebug: [0msemantic: sem_check_block: ns='main'
[1;36mdebug: [0msemantic: sem_check_block: ns='main'
[1;36mdebug: [0msemantic: sem_check_block: ns='main'
[1;36mdebug: [0msemantic: sem_check_block: ns='main'
[1;36mdebug: [0msemantic: sem_check_block: ns='main'
[1;36mdebug: [0msemantic: sem_check_block: ns='main'
[1;36mdebug: [0msemantic: sem_check_block: ns='main'
[1;36mdebug: [0msemantic: sem_check_block: ns='main'
[1;36mdebug: [0msemantic: sem_check_block: ns='main'
[1;36mdebug: [0msemantic: sem_check_block: ns='main'
[1;36mdebug: [0msemantic: sem_check_block: ns='main'
[1;36mdebug: [0msemantic: sem_check_block: ns='main'
[1;36mdebug: [0msemantic: sem_check_block: ns='main'
[1;36mdebug: [0msemantic: sem_check_block: ns='main'
[1;36mdebug: [0msemantic: sem_check_block: ns='main'
[1;36mdebug: [0msemantic: sem_check_block: ns='main'
[1;36mdebug: [0msemantic: sem_check_block: ns='main'
[1;36mdebug: [0msemantic: sem_check_block: ns='main'
[1;36mdebug: [0msemantic: sem_check_block: ns='main'
[1;36mdebug: [0msemantic: sem_check_block: ns='main'
[1;36mdebug: [0msemantic: sem_check_block: ns='main'
[1;36mdebug: [0msemantic: sem_check_block: ns='main'
[1;36mdebug: [0msemantic: sem_check_block: ns='main'
[1;36mdebug: [0msemantic: sem_check_block: ns='main'
[1;36mdebug: [0msemantic: sem_check_block: ns='main'
[1;36mdebug: [0msemantic: sem_check_block: ns='main'
[1;36mdebug: [0msemantic: sem_check_block: ns='main'
[1;36mdebug: [0msemantic: sem_check_block: ns='main'
[1;36mdebug: [0msemantic: sem_check_block: ns='main'
[1;36mdebug: [0msemantic: sem_check_block: ns='main'
[1;36mdebug: [0msemantic: sem_check_block: ns='main'
[1;36mdebug: [0msemantic: sem_check_block: ns='main'
[1;36mdebug: [0msemantic: sem_check_block: ns='main'
[1;36mdebug: [0msemantic: sem_check_block: ns='main'
[1;36mdebug: [0msemantic: sem_check_block: ns='main'
[1;36mdebug: [0msemantic: sem_check_block: ns='main'
[1;36mdebug: [0msemantic: sem_check_block: ns='main'
[1;36mdebug: [0msemantic: sem_check_block: ns='main'
[1;36mdebug: [0msemantic: sem_check_block: ns='main'
[1;36mdebug: [0msemantic: sem_check_block: ns='main'
[1;36mdebug: [0msemantic: sem_check_block: ns='main'
[1;36mdebug: [0msemantic: sem_check_block: ns='main'
[1;36mdebug: [0msemantic: sem_check_block: ns='main'
[1;36mdebug: [0msemantic: sem_check_block: ns='main'
[1;36mdebug: [0msemantic: sem_check_block: ns='main'
[1;36mdebug: [0msemantic: sem_check_block: ns='main'
[1;36mdebug: [0msemantic: sem_check_block: ns='main'
[1;36mdebug: [0msemantic: sem_check_block: ns='main'
[1;36mdebug: [0msemantic: sem_check_block: ns='main'
[1;36mdebug: [0msemantic: sem_check_block: ns='main'
[1;36mdebug: [0msemantic: sem_check_block: ns='main'
[1;36mdebug: [0msemantic: sem_check_block: ns='main'
[1;36mdebug: [0msemantic: sem_check_block: ns='main'
[1;36mdebug: [0msemantic: sem_check_block: ns='main'
[1;36mdebug: [0msemantic: sem_check_block: ns='main'
[1;36mdebug: [0msemantic: sem_check_block: ns='main'
[1;36mdebug: [0msemantic: sem_check_block: ns='main'
[1;36mdebug: [0msemantic: sem_check_block: ns='main'
[1;36mdebug: [0msemantic: sem_check_block: ns='main'
[1;36mdebug: [0msemantic: sem_check_block: ns='main'
[1;36mdebug: [0msemantic: sem_check_block: ns='main'
[1;36mdebug: [0msemantic: sem_check_block: ns='main'
[1;36mdebug: [0msemantic: sem_check_block: ns='main'
[1;36mdebug: [0msemantic: sem_check_block: ns='main'
[1;36mdebug: [0msemantic: sem_check_block: ns='main'
[1;36mdebug: [0msemantic: sem_check_block: ns='main'
[1;36mdebug: [0msemantic: sem_check_block: ns='main'
[1;36mdebug: [0msemantic: sem_check_block: ns='main'
[1;36mdebug: [0msemantic: sem_check_block: ns='main'
[1;36mdebug: [0msemantic: sem_check_block: ns='main'
[1;36mdebug: [0msemantic: sem_check_block: ns='main'
[1;36mdebug: [0msemantic: sem_check_block: ns='main'
[1;36mdebug: [0msemantic: sem_check_block: ns='main'
[1;36mdebug: [0msemantic: sem_check_block: ns='main'
[1;36mdebug: [0msemantic: sem_check_block: ns='main'
[1;36mdebug: [0msemantic: sem_check_block: ns='main'
[1;36mdebug: [0msemantic: sem_check_block: ns='main'
[1;36mdebug: [0msemantic: sem_check_block: ns='main'
[1;36mdebug: [0msemantic: sem_check_block: ns='main'
[1;36mdebug: [0msemantic: sem_check_block: ns='main'
[1;36mdebug: [0msemantic: sem_check_block: ns='main'
[1;36mdebug: [0msemantic: sem_check_block: ns='main'
[1;36mdebug: [0msemantic: sem_check_block: ns='main'
[1;36mdebug: [0msemantic: sem_check_block: ns='main'
[1;36mdebug: [0msemantic: sem_check_block: ns='main'
[1;36mdebug: [0msemantic: sem_check_block: ns='main'
[1;36mdebug: [0msemantic: sem_check_block: ns='main'
[1;36mdebug: [0msemantic: sem_check_block: ns='main'
[1;36mdebug: [0msemantic: sem_check_block: ns='main'
[1;36mdebug: [0msemantic: sem_check_block: ns='main'
[1;36mdebug: [0msemantic: sem_check_block: ns='main'
[1;36mdebug: [0msemantic: sem_check_block: ns='main'
[1;36mdebug: [0msemantic: sem_check_block: ns='main'
[1;36mdebug: [0msemantic: sem_check_block: ns='main'
[1;36mdebug: [0msemantic: sem_check_block: ns='main'
[1;36mdebug: [0msemantic: sem_check_block: ns='main'
[1;36mdebug: [0msemantic: sem_check_block: ns='main'
[1;36mdebug: [0msemantic: sem_check_block: ns='main'
[1;36mdebug: [0msemantic: sem_check_block: ns='main'
[1;36mdebug: [0msemantic: sem_check_block: ns='main'
[1;36mdebug: [0msemantic: sem_check_block: ns='main'
[1;36mdebug: [0msemantic: sem_check_block: ns='main'
[1;36mdebug: [0msemantic: sem_check_block: ns='main'
[1;36mdebug: [0msemantic: sem_check_block: ns='main'
[1;36mdebug: [0msemantic: sem_check_block: ns='main'
[1;36mdebug: [0msemantic: sem_check_block: ns='main'
[1;36mdebug: [0msemantic: sem_check_block: ns='main'
[1;36mdebug: [0msemantic: sem_check_block: ns='main'
[1;36mdebug: [0msemantic: sem_check_block: ns='main'
[1;36mdebug: [0msemantic: sem_check_block: ns='main'
[1;36mdebug: [0msemantic: sem_check_block: ns='main'
[1;36mdebug: [0msemantic: sem_check_block: ns='main'
[1;36mdebug: [0msemantic: sem_check_block: ns='main'
[1;36mdebug: [0msemantic: sem_check_block: ns='main'
[1;36mdebug: [0msemantic: sem_check_block: ns='main'
[1;36mdebug: [0msemantic: sem_check_block: ns='main'
[1;36mdebug: [0msemantic: sem_check_block: ns='main'
[1;36mdebug: [0msemantic: sem_check_block: ns='main'
[1;36mdebug: [0msemantic: sem_check_block: ns='main'
[1;36mdebug: [0msemantic: sem_check_block: ns='main'
[1;36mdebug: [0msemantic: sem_check_block: ns='main'
[1;36mdebug: [0msemantic: sem_check_block: ns='main'
[1;36mdebug: [0msemantic: sem_check_block: ns='main'
[1;36mdebug: [0msemantic: sem_check_block: ns='main'
[1;36mdebug: [0msemantic: sem_check_block: ns='main'
[1;36mdebug: [0msemantic: sem_check_block: ns='main'
[1;36mdebug: [0msemantic: sem_check_block: ns='main'
[1;36mdebug: [0msemantic: sem_check_block: ns='main'
[1;36mdebug: [0msemantic: sem_check_block: ns='main'
[1;36mdebug: [0msemantic: sem_check_block: ns='main'
[1;36mdebug: [0msemantic: sem_check_block: ns='main'
[1;36mdebug: [0msemantic: sem_check_block: ns='main'
[1;36mdebug: [0msemantic: sem_check_block: ns='main'
[1;36mdebug: [0msemantic: sem_check_block: ns='main'
[1;36mdebug: [0msemantic: sem_check_block: ns='main'
[1;36mdebug: [0msemantic: sem_check_block: ns='main'
[1;36mdebug: [0msemantic: sem_check_block: ns='main'
[1;36mdebug: [0msemantic: sem_check_block: ns='main'
[1;36mdebug: [0msemantic: sem_check_block: ns='main'
[1;36mdebug: [0msemantic: sem_check_block: ns='main'
[1;36mdebug: [0msemantic: sem_check_block: ns='main'
[1;36mdebug: [0msemantic: sem_check_block: ns='main'
[1;36mdebug: [0msemantic: sem_check_block: ns='main'
[1;36mdebug: [0msemantic: sem_check_block: ns='main'
[1;36mdebug: [0msemantic: sem_check_block: ns='main'
[1;36mdebug: [0msemantic: sem_check_block: ns='main'
[1;36mdebug: [0msemantic: sem_check_block: ns='main'
[1;36mdebug: [0msemantic: sem_check_block: ns='main'
[1;36mdebug: [0msemantic: sem_check_block: ns='main'
[1;36mdebug: [0msemantic: sem_check_block: ns='main'
[1;36mdebug: [0msemantic: sem_check_block: ns='main'
[1;36mdebug: [0msemantic: sem_check_block: ns='main'
[1;36mdebug: [0msemantic: sem_check_block: ns='main'
[1;36mdebug: [0msemantic: sem_check_block: ns='main'
[1;36mdebug: [0msemantic: sem_check_block: ns='main'
[1;36mdebug: [0msemantic: sem_check_block: ns='main'
[1;36mdebug: [0msemantic: sem_check_block: ns='main'
[1;36mdebug: [0msemantic: sem_check_block: ns='main'
[1;36mdebug: [0msemantic: sem_check_block: ns='main'
[1;36mdebug: [0msemantic: sem_check_block: ns='main'
[1;36mdebug: [0msemantic: sem_check_block: ns='main'
[1;36mdebug: [0msemantic: sem_check_block: ns='main'
[1;36mdebug: [0msemantic: sem_check_block: ns='main'
[1;36mdebug: [0msemantic: sem_check_block: ns='main'
[1;36mdebug: [0msemantic: sem_check_block: ns='main'
[1;36mdebug: [0msemantic: sem_check_block: ns='main'
[1;36mdebug: [0msemantic: sem_check_block: ns='main'
[1;36mdebug: [0msemantic: sem_check_block: ns='main'
[1;36mdebug: [0msemantic: sem_check_block: ns='main'
[1;36mdebug: [0msemantic: sem_check_block: ns='main'
[1;36mdebug: [0msemantic: sem_check_block: ns='main'
[1;36mdebug: [0msemantic: sem_check_block: ns='main'
[1;36mdebug: [0msemantic: sem_check_block: ns='main'
[1;36mdebug: [0msemantic: sem_check_block: ns='main'
[1;36mdebug: [0msemantic: sem_check_block: ns='main'
[1;36mdebug: [0msemantic: sem_check_block: ns='main'
[1;36mdebug: [0msemantic: sem_check_block: ns='main'
[1;36mdebug: [0msemantic: sem_check_block: ns='main'
[1;36mdebug: [0msemantic: sem_check_block: ns='main'
[1;36mdebug: [0msemantic: sem_check_block: ns='main'
[1;36mdebug: [0msemantic: sem_check_block: ns='main'
[1;36mdebug: [0msemantic: sem_check_block: ns='main'
[1;36mdebug: [0msemantic: sem_check_block: ns='main'
[1;36mdebug: [0msemantic: sem_check_block: ns='main'
[1;36mdebug: [0msemantic: sem_check_block: ns='main'
[1;36mdebug: [0msemantic: sem_check_block: ns='main'
[1;36mdebug: [0msemantic: sem_check_block: ns='main'
[1;36mdebug: [0msemantic: sem_check_block: ns='main'
[1;36mdebug: [0msemantic: sem_check_block: ns='main'
[1;36mdebug: [0msemantic: sem_check_block: ns='main'
[1;36mdebug: [0msemantic: sem_check_block: ns='main'
[1;36mdebug: [0msemantic: sem_check_block: ns='main'
[1;36mdebug: [0msemantic: sem_check_block: ns='main'
[1;36mdebug: [0msemantic: sem_check_block: ns='main'
[1;36mdebug: [0msemantic: sem_check_block: ns='main'
[1;36mdebug: [0msemantic: sem_check_block: ns='main'
[1;36mdebug: [0msemantic: sem_check_block: ns='main'
[1;36mdebug: [0msemantic: sem_check_block: ns='main'
[1;36mdebug: [0msemantic: sem_check_block: ns='main'
[1;36mdebug: [0msemantic: sem_check_block: ns='main'
[1;36mdebug: [0msemantic: sem_check_block: ns='main'
[1;36mdebug: [0msemantic: sem_check_block: ns='main'
[1;36mdebug: [0msemantic: sem_check_block: ns='main'
[1;36mdebug: [0msemantic: sem_check_block: ns='main'
[1;36mdebug: [0msemantic: sem_check_block: ns='main'
[1;36mdebug: [0msemantic: sem_check_block: ns='main'
[1;36mdebug: [0msemantic: sem_check_block: ns='main'
[1;36mdebug: [0msemantic: sem_check_block: ns='main'
[1;36mdebug: [0msemantic: sem_check_block: ns='main'
[1;36mdebug: [0msemantic: sem_check_block: ns='main'
[1;36mdebug: [0msemantic: sem_check_block: ns='main'
[1;36mdebug: [0msemantic: sem_check_block: ns='main'
[1;36mdebug: [0msemantic: sem_check_block: ns='main'
[1;36mdebug: [0msemantic: sem_check_block: ns='main'
[1;36mdebug: [0msemantic: sem_check_block: ns='main'
[1;36mdebug: [0msemantic: sem_check_block: ns='main'
[1;36mdebug: [0msemantic: sem_check_block: ns='main'
[1;36mdebug: [0msemantic: sem_check_block: ns='main'
[1;36mdebug: [0msemantic: sem_check_block: ns='main'
[1;36mdebug: [0msemantic: sem_check_block: ns='main'
[1;36mdebug: [0msemantic: sem_check_block: ns='main'
[1;36mdebug: [0msemantic: sem_check_block: ns='main'
[1;36mdebug: [0msemantic: sem_check_block: ns='main'
[1;36mdebug: [0msemantic: sem_check_block: ns='main'
[1;36mdebug: [0msemantic: sem_check_block: ns='main'
[1;36mdebug: [0msemantic: sem_check_block: ns='main'
[1;36mdebug: [0msemantic: sem_check_block: ns='main'
[1;36mdebug: [0msemantic: sem_check_block: ns='main'
[1;36mdebug: [0msemantic: sem_check_block: ns='main'
[1;36mdebug: [0msemantic: sem_check_block: ns='main'
[1;36mdebug: [0msemantic: sem_check_block: ns='main'
[1;36mdebug: [0msemantic: sem_check_block: ns='main'
[1;36mdebug: [0msemantic: sem_check_block: ns='main'
[1;36mdebug: [0msemantic: sem_check_block: ns='main'
[1;36mdebug: [0msemantic: sem_check_block: ns='main'
[1;36mdebug: [0msemantic: sem_check_block: ns='main'
[1;36mdebug: [0msemantic: sem_check_block: ns='main'
[1;36mdebug: [0msemantic: sem_check_block: ns='main'
[1;36mdebug: [0msemantic: sem_check_block: ns='main'
[1;36mdebug: [0msemantic: sem_check_block: ns='main'
[1;36mdebug: [0msemantic: sem_check_block: ns='main'
[1;36mdebug: [0msemantic: sem_check_block: ns='main'
[1;36mdebug: [0msemantic: sem_check_block: ns='main'
[1;36mdebug: [0msemantic: sem_check_block: ns='main'
[1;36mdebug: [0msemantic: sem_check_block: ns='main'
[1;36mdebug: [0msemantic: sem_check_block: ns='main'
[1;36mdebug: [0msemantic: sem_check_block: ns='main'
[1;36mdebug: [0msemantic: sem_check_block: ns='main'
[1;36mdebug: [0msemantic: sem_check_block: ns='main'
[1;36mdebug: [0msemantic: sem_check_block: ns='main'
[1;36mdebug: [0msemantic: sem_check_block: ns='main'
[1;36mdebug: [0msemantic: sem_check_block: ns='main'
[1;36mdebug: [0msemantic: sem_check_block: ns='main'
[1;36mdebug: [0msemantic: sem_check_block: ns='main'
[1;36mdebug: [0msemantic: sem_check_block: ns='main'
[1;36mdebug: [0msemantic: sem_check_block: ns='main'
[1;36mdebug: [0msemantic: sem_check_block: ns='main'
[1;36mdebug: [0msemantic: sem_check_block: ns='main'
[1;36mdebug: [0msemantic: sem_check_block: ns='main'
[1;36mdebug: [0msemantic: sem_check_block: ns='main'
[1;36mdebug: [0msemantic: sem_check_block: ns='main'
[1;36mdebug: [0msemantic: sem_check_block: ns='main'
[1;36mdebug: [0msemantic: sem_check_block: ns='main'
[1;36mdebug: [0msemantic: sem_check_block: ns='main'
[1;36mdebug: [0msemantic: sem_check_block: ns='main'
[1;36mdebug: [0msemantic: sem_check_block: ns='main'
[1;36mdebug: [0msemantic: sem_check_block: ns='main'
[1;36mdebug: [0msemantic: sem_check_block: ns='main'
[1;36mdebug: [0msemantic: sem_check_block: ns='main'
[1;36mdebug: [0msemantic: sem_check_block: ns='main'
[1;36mdebug: [0msemantic: sem_check_block: ns='main'
[1;36mdebug: [0msemantic: sem_check_block: ns='main'
[1;36mdebug: [0msemantic: sem_check_block: ns='main'
[1;36mdebug: [0msemantic: sem_check_block: ns='main'
[1;36mdebug: [0msemantic: sem_check_block: ns='main'
[1;36mdebug: [0msemantic: sem_check_block: ns='main'
[1;36mdebug: [0msemantic: sem_check_block: ns='main'
[1;36mdebug: [0msemantic: sem_check_block: ns='main'
[1;36mdebug: [0msemantic: sem_check_block: ns='main'
[1;36mdebug: [0msemantic: sem_check_block: ns='main'
[1;36mdebug: [0msemantic: sem_check_block: ns='main'
[1;36mdebug: [0msemantic: sem_check_block: ns='main'
[1;36mdebug: [0msemantic: sem_check_block: ns='main'
[1;36mdebug: [0msemantic: sem_check_block: ns='main'
[1;36mdebug: [0msemantic: sem_check_block: ns='main'
[1;36mdebug: [0msemantic: sem_check_block: ns='main'
[1;36mdebug: [0msemantic: sem_check_block: ns='main'
[1;36mdebug: [0msemantic: sem_check_block: ns='main'
[1;36mdebug: [0msemantic: sem_check_block: ns='main'
[1;36mdebug: [0msemantic: sem_check_block: ns='main'
[1;36mdebug: [0msemantic: sem_check_block: ns='main'
[1;36mdebug: [0msemantic: sem_check_block: ns='main'
[1;36mdebug: [0msemantic: sem_check_block: ns='main'
[1;36mdebug: [0msemantic: sem_check_block: ns='main'
[1;36mdebug: [0msemantic: sem_check_block: ns='main'
[1;36mdebug: [0msemantic: sem_check_block: ns='main'
[1;36mdebug: [0msemantic: sem_check_block: ns='main'
[1;36mdebug: [0msemantic: sem_check_block: ns='main'
[1;36mdebug: [0msemantic: sem_check_block: ns='main'
[1;36mdebug: [0msemantic: sem_check_block: ns='main'
[1;36mdebug: [0msemantic: sem_check_block: ns='main'
[1;36mdebug: [0msemantic: sem_check_block: ns='main'
[1;36mdebug: [0msemantic: sem_check_block: ns='main'
[1;36mdebug: [0msemantic: sem_check_block: ns='main'
[1;36mdebug: [0msemantic: sem_check_block: ns='main'
[1;36mdebug: [0msemantic: sem_check_block: ns='main'
[1;36mdebug: [0msemantic: sem_check_block: ns='main'
[1;36mdebug: [0msemantic: sem_check_block: ns='main'
[1;36mdebug: [0msemantic: sem_check_block: ns='main'
[1;36mdebug: [0msemantic: sem_check_block: ns='main'
[1;36mdebug: [0msemantic: sem_check_block: ns='main'
[1;36mdebug: [0msemantic: sem_check_block: ns='main'
[1;36mdebug: [0msemantic: sem_check_block: ns='main'
[1;36mdebug: [0msemantic: sem_check_block: ns='main'
[1;36mdebug: [0msemantic: sem_check_block: ns='main'
[1;36mdebug: [0msemantic: sem_check_block: ns='main'
[1;36mdebug: [0msemantic: sem_check_block: ns='main'
[1;36mdebug: [0msemantic: sem_check_block: ns='main'
[1;36mdebug: [0msemantic: sem_check_block: ns='main'
[1;36mdebug: [0msemantic: sem_check_block: ns='main'
[1;36mdebug: [0msemantic: sem_check_block: ns='main'
[1;36mdebug: [0msemantic: sem_check_block: ns='main'
[1;36mdebug: [0msemantic: sem_check_block: ns='main'
[1;36mdebug: [0msemantic: sem_check_block: ns='main'
[1;36mdebug: [0msemantic: sem_check_block: ns='main'
[1;36mdebug: [0msemantic: sem_check_block: ns='main'
[1;36mdebug: [0msemantic: sem_check_block: ns='main'
[1;36mdebug: [0msemantic: sem_check_block: ns='main'
[1;36mdebug: [0msemantic: sem_check_block: ns='main'
[1;36mdebug: [0msemantic: sem_check_block: ns='main'
[1;36mdebug: [0msemantic: sem_check_block: ns='main'
[1;36mdebug: [0msemantic: sem_check_block: ns='main'
[1;36mdebug: [0msemantic: sem_check_block: ns='main'
[1;36mdebug: [0msemantic: sem_check_block: ns='main'
[1;36mdebug: [0msemantic: sem_check_block: ns='main'
[1;36mdebug: [0msemantic: sem_check_block: ns='main'
[1;36mdebug: [0msemantic: sem_check_block: ns='main'
[1;36mdebug: [0msemantic: sem_check_block: ns='main'
[1;36mdebug: [0msemantic: sem_check_block: ns='main'
[1;36mdebug: [0msemantic: sem_check_block: ns='main'
[1;36mdebug: [0msemantic: sem_check_block: ns='main'
[1;36mdebug: [0msemantic: sem_check_block: ns='main'
[1;36mdebug: [0msemantic: sem_check_block: ns='main'
[1;36mdebug: [0msemantic: sem_check_block: ns='main'
[1;36mdebug: [0msemantic: sem_check_block: ns='main'
[1;36mdebug: [0msemantic: sem_check_block: ns='main'
[1;36mdebug: [0msemantic: sem_check_block: ns='main'
[1;36mdebug: [0msemantic: sem_check_block: ns='main'
[1;36mdebug: [0msemantic: sem_check_block: ns='main'
[1;36mdebug: [0msemantic: sem_check_block: ns='main'
[1;36mdebug: [0msemantic: sem_check_block: ns='main'
[1;36mdebug: [0msemantic: sem_check_block: ns='main'
[1;36mdebug: [0msemantic: sem_check_block: ns='main'
[1;36mdebug: [0msemantic: sem_check_block: ns='main'
[1;36mdebug: [0msemantic: sem_check_block: ns='main'
[1;36mdebug: [0msemantic: sem_check_block: ns='main'
[1;36mdebug: [0msemantic: sem_check_block: ns='main'
[1;36mdebug: [0msemantic: sem_check_block: ns='main'
[1;36mdebug: [0msemantic: sem_check_block: ns='main'
[1;36mdebug: [0msemantic: sem_check_block: ns='main'
[1;36mdebug: [0msemantic: sem_check_block: ns='main'
[1;36mdebug: [0msemantic: sem_check_block: ns='main'
[1;36mdebug: [0msemantic: sem_check_block: ns='main'
[1;36mdebug: [0msemantic: sem_check_block: ns='main'
[1;36mdebug: [0msemantic: sem_check_block: ns='main'
[1;36mdebug: [0msemantic: sem_check_block: ns='main'
[1;36mdebug: [0msemantic: sem_check_block: ns='main'
[1;36mdebug: [0msemantic: sem_check_block: ns='main'
[1;36mdebug: [0msemantic: sem_check_block: ns='main'
[1;36mdebug: [0msemantic: sem_check_block: ns='main'
[1;36mdebug: [0msemantic: sem_check_block: ns='main'
[1;36mdebug: [0msemantic: sem_check_block: ns='main'
[1;36mdebug: [0msemantic: sem_check_block: ns='main'
[1;36mdebug: [0msemantic: sem_check_block: ns='main'
[1;36mdebug: [0msemantic: sem_check_block: ns='main'
[1;36mdebug: [0msemantic: sem_check_block: ns='main'
[1;36mdebug: [0msemantic: sem_check_block: ns='main'
[1;36mdebug: [0msemantic: sem_check_block: ns='main'
[1;36mdebug: [0msemantic: sem_check_block: ns='main'
[1;36mdebug: [0msemantic: sem_check_block: ns='main'
[1;36mdebug: [0msemantic: sem_check_block: ns='main'
[1;36mdebug: [0msemantic: sem_check_block: ns='main'
[1;36mdebug: [0msemantic: sem_check_block: ns='main'
[1;36mdebug: [0msemantic: sem_check_block: ns='main'
[1;36mdebug: [0msemantic: sem_check_block: ns='main'
[1;36mdebug: [0msemantic: sem_check_block: ns='main'
[1;36mdebug: [0msemantic: sem_check_block: ns='main'
[1;36mdebug: [0msemantic: sem_check_block: ns='main'
[1;36mdebug: [0msemantic: sem_check_block: ns='main'
[1;36mdebug: [0msemantic: sem_check_block: ns='main'
[1;36mdebug: [0msemantic: sem_check_block: ns='main'
[1;36mdebug: [0msemantic: sem_check_block: ns='main'
[1;36mdebug: [0msemantic: sem_check_block: ns='main'
[1;36mdebug: [0msemantic: sem_check_block: ns='main'
[1;36mdebug: [0msemantic: sem_check_block: ns='main'
[1;36mdebug: [0msemantic: sem_check_block: ns='main'
[1;36mdebug: [0msemantic: sem_check_block: ns='main'
[1;36mdebug: [0msemantic: sem_check_block: ns='main'
[1;36mdebug: [0msemantic: sem_check_block: ns='main'
[1;36mdebug: [0msemantic: sem_check_block: ns='main'
[1;36mdebug: [0msemantic: sem_check_block: ns='main'
[1;36mdebug: [0msemantic: sem_check_block: ns='main'
[1;36mdebug: [0msemantic: sem_check_block: ns='main'
[1;36mdebug: [0msemantic: sem_check_block: ns='main'
[1;36mdebug: [0msemantic: sem_check_block: ns='main'
[1;36mdebug: [0msemantic: sem_check_block: ns='main'
[1;36mdebug: [0msemantic: sem_check_block: ns='main'
[1;36mdebug: [0msemantic: sem_check_block: ns='main'
[1;36mdebug: [0msemantic: sem_check_block: ns='main'
[1;36mdebug: [0msemantic: sem_check_block: ns='main'
[1;36mdebug: [0msemantic: sem_check_block: ns='main'
[1;36mdebug: [0msemantic: sem_check_block: ns='main'
[1;36mdebug: [0msemantic: sem_check_block: ns='main'
[1;36mdebug: [0msemantic: sem_check_block: ns='main'
[1;36mdebug: [0msemantic: sem_check_block: ns='main'
[1;36mdebug: [0msemantic: sem_check_block: ns='main'
[1;36mdebug: [0msemantic: sem_check_block: ns='main'
[1;36mdebug: [0msemantic: sem_check_block: ns='main'
[1;36mdebug: [0msemantic: sem_check_block: ns='main'
[1;36mdebug: [0msemantic: sem_check_block: ns='main'
[1;36mdebug: [0msemantic: sem_check_block: ns='main'
[1;36mdebug: [0msemantic: sem_check_block: ns='main'
[1;36mdebug: [0msemantic: sem_check_block: ns='main'
[1;36mdebug: [0msemantic: sem_check_block: ns='main'
[1;36mdebug: [0msemantic: sem_check_block: ns='main'
[1;36mdebug: [0msemantic: sem_check_block: ns='main'
[1;36mdebug: [0msemantic: sem_check_block: ns='main'
[1;36mdebug: [0msemantic: sem_check_block: ns='main'
[1;36mdebug: [0msemantic: sem_check_block: ns='main'
[1;36mdebug: [0msemantic: sem_check_block: ns='main'
[1;36mdebug: [0msemantic: sem_check_block: ns='main'
[1;36mdebug: [0msemantic: sem_check_block: ns='main'
[1;36mdebug: [0msemantic: sem_check_block: ns='main'
[1;36mdebug: [0msemantic: sem_check_block: ns='main'
[1;36mdebug: [0msemantic: sem_check_block: ns='main'
[1;36mdebug: [0msemantic: sem_check_block: ns='main'
[1;36mdebug: [0msemantic: sem_check_block: ns='main'
[1;36mdebug: [0msemantic: sem_check_block: ns='main'
[1;36mdebug: [0msemantic: sem_check_block: ns='main'
[1;36mdebug: [0msemantic: sem_check_block: ns='main'
[1;36mdebug: [0msemantic: sem_check_block: ns='main'
[1;36mdebug: [0msemantic: sem_check_block: ns='main'
[1;36mdebug: [0msemantic: sem_check_block: ns='main'
[1;36mdebug: [0msemantic: sem_check_block: ns='main'
[1;36mdebug: [0msemantic: sem_check_block: ns='main'
[1;36mdebug: [0msemantic: sem_check_block: ns='main'
[1;36mdebug: [0msemantic: sem_check_block: ns='main'
[1;36mdebug: [0msemantic: sem_check_block: ns='main'
[1;36mdebug: [0msemantic: sem_check_block: ns='main'
[1;36mdebug: [0msemantic: sem_check_block: ns='main'
[1;36mdebug: [0msemantic: sem_check_block: ns='main'
[1;36mdebug: [0msemantic: sem_check_block: ns='main'
[1;36mdebug: [0msemantic: sem_check_block: ns='main'
[1;36mdebug: [0msemantic: sem_check_block: ns='main'
[1;36mdebug: [0msemantic: sem_check_block: ns='main'
[1;36mdebug: [0msemantic: sem_check_block: ns='main'
[1;36mdebug: [0msemantic: sem_check_block: ns='main'
[1;36mdebug: [0msemantic: sem_check_block: ns='main'
[1;36mdebug: [0msemantic: sem_check_block: ns='main'
[1;36mdebug: [0msemantic: sem_check_block: ns='main'
[1;36mdebug: [0msemantic: sem_check_block: ns='main'
[1;36mdebug: [0msemantic: sem_check_block: ns='main'
[1;36mdebug: [0msemantic: sem_check_block: ns='main'
[1;36mdebug: [0msemantic: sem_check_block: ns='main'
[1;36mdebug: [0msemantic: sem_check_block: ns='main'
[1;36mdebug: [0msemantic: sem_check_block: ns='main'
[1;36mdebug: [0msemantic: sem_check_block: ns='main'
[1;36mdebug: [0msemantic: sem_check_block: ns='main'
[1;36mdebug: [0msemantic: sem_check_block: ns='main'
[1;36mdebug: [0msemantic: sem_check_block: ns='main'
[1;36mdebug: [0msemantic: sem_check_block: ns='main'
[1;36mdebug: [0msemantic: sem_check_block: ns='main'
[1;36mdebug: [0msemantic: sem_check_block: ns='main'
[1;36mdebug: [0msemantic: sem_check_block: ns='main'
[1;36mdebug: [0msemantic: sem_check_block: ns='main'
[1;36mdebug: [0msemantic: sem_check_block: ns='main'
[1;36mdebug: [0msemantic: sem_check_block: ns='main'
[1;36mdebug: [0msemantic: sem_check_block: ns='main'
[1;36mdebug: [0msemantic: sem_check_block: ns='main'
[1;36mdebug: [0msemantic: sem_check_block: ns='main'
[1;36mdebug: [0msemantic: sem_check_block: ns='main'
[1;36mdebug: [0msemantic: sem_check_block: ns='main'
[1;36mdebug: [0msemantic: sem_check_block: ns='main'
[1;36mdebug: [0msemantic: sem_check_block: ns='main'
[1;36mdebug: [0msemantic: sem_check_block: ns='main'
[1;36mdebug: [0msemantic: sem_check_block: ns='main'
[1;36mdebug: [0msemantic: sem_check_block: ns='main'
[1;36mdebug: [0msemantic: sem_check_block: ns='main'
[1;36mdebug: [0msemantic: sem_check_block: ns='main'
[1;36mdebug: [0msemantic: sem_check_block: ns='main'
[1;36mdebug: [0msemantic: sem_check_block: ns='main'
[1;36mdebug: [0msemantic: sem_check_block: ns='main'
[1;36mdebug: [0msemantic: sem_check_block: ns='main'
[1;36mdebug: [0msemantic: sem_check_block: ns='main'
[1;36mdebug: [0msemantic: sem_check_block: ns='main'
[1;36mdebug: [0msemantic: sem_check_block: ns='main'
[1;36mdebug: [0msemantic: sem_check_block: ns='main'
[1;36mdebug: [0msemantic: sem_check_block: ns='main'
[1;36mdebug: [0msemantic: sem_check_block: ns='main'
[1;36mdebug: [0msemantic: sem_check_block: ns='main'
[1;36mdebug: [0msemantic: sem_check_block: ns='main'
[1;36mdebug: [0msemantic: sem_check_block: ns='main'
[1;36mdebug: [0msemantic: sem_check_block: ns='main'
[1;36mdebug: [0msemantic: sem_check_block: ns='main'
[1;36mdebug: [0msemantic: sem_check_block: ns='main'
[1;36mdebug: [0msemantic: sem_check_block: ns='main'
[1;36mdebug: [0msemantic: sem_check_block: ns='main'
[1;36mdebug: [0msemantic: sem_check_block: ns='main'
[1;36mdebug: [0msemantic: sem_check_block: ns='main'
[1;36mdebug: [0msemantic: sem_check_block: ns='main'
[1;36mdebug: [0msemantic: sem_check_block: ns='main'
[1;36mdebug: [0msemantic: sem_check_block: ns='main'
[1;36mdebug: [0msemantic: sem_check_block: ns='main'
[1;36mdebug: [0msemantic: sem_check_block: ns='main'
[1;36mdebug: [0msemantic: sem_check_block: ns='main'
[1;36mdebug: [0msemantic: sem_check_block: ns='main'
[1;36mdebug: [0msemantic: sem_check_block: ns='main'
[1;36mdebug: [0msemantic: sem_check_block: ns='main'
[1;36mdebug: [0msemantic: sem_check_block: ns='main'
[1;36mdebug: [0msemantic: sem_check_block: ns='main'
[1;36mdebug: [0msemantic: sem_check_block: ns='main'
[1;36mdebug: [0msemantic: sem_check_block: ns='main'
[1;36mdebug: [0msemantic: sem_check_block: ns='main'
[1;36mdebug: [0msemantic: sem_check_block: ns='main'
[1;36mdebug: [0msemantic: sem_check_block: ns='main'
[1;36mdebug: [0msemantic: sem_check_block: ns='main'
[1;36mdebug: [0msemantic: sem_check_block: ns='main'
[1;36mdebug: [0msemantic: sem_check_block: ns='main'
[1;36mdebug: [0msemantic: sem_check_block: ns='main'
[1;36mdebug: [0msemantic: sem_check_block: ns='main'
[1;36mdebug: [0msemantic: sem_check_block: ns='main'
[1;36mdebug: [0msemantic: sem_check_block: ns='main'
[1;36mdebug: [0msemantic: sem_check_block: ns='main'
[1;36mdebug: [0msemantic: sem_check_block: ns='main'
[1;36mdebug: [0msemantic: sem_check_block: ns='main'
[1;36mdebug: [0msemantic: sem_check_block: ns='main'
[1;36mdebug: [0msemantic: sem_check_block: ns='main'
[1;36mdebug: [0msemantic: sem_check_block: ns='main'
[1;36mdebug: [0msemantic: sem_check_block: ns='main'
[1;36mdebug: [0msemantic: sem_check_block: ns='main'
[1;36mdebug: [0msemantic: sem_check_block: ns='main'
[1;36mdebug: [0msemantic: sem_check_block: ns='main'
[1;36mdebug: [0msemantic: sem_check_block: ns='main'
[1;36mdebug: [0msemantic: sem_check_block: ns='main'
[1;36mdebug: [0msemantic: sem_check_block: ns='main'
[1;36mdebug: [0msemantic: sem_check_block: ns='main'
[1;36mdebug: [0msemantic: sem_check_block: ns='main'
[1;36mdebug: [0msemantic: sem_check_block: ns='main'
[1;36mdebug: [0msemantic: sem_check_block: ns='main'
[1;36mdebug: [0msemantic: sem_check_block: ns='main'
[1;36mdebug: [0msemantic: sem_check_block: ns='main'
[1;36mdebug: [0msemantic: sem_check_block: ns='main'
[1;36mdebug: [0msemantic: sem_check_block: ns='main'
[1;36mdebug: [0msemantic: sem_check_block: ns='main'
[1;36mdebug: [0msemantic: sem_check_block: ns='main'
[1;36mdebug: [0msemantic: sem_check_block: ns='main'
[1;36mdebug: [0msemantic: sem_check_block: ns='main'
[1;36mdebug: [0msemantic: sem_check_block: ns='main'
[1;36mdebug: [0msemantic: sem_check_block: ns='main'
[1;36mdebug: [0msemantic: sem_check_block: ns='main'
[1;36mdebug: [0msemantic: sem_check_block: ns='main'
[1;36mdebug: [0msemantic: sem_check_block: ns='main'
[1;36mdebug: [0msemantic: sem_check_block: ns='main'
[1;36mdebug: [0msemantic: sem_check_block: ns='main'
[1;36mdebug: [0msemantic: sem_check_block: ns='main'
[1;36mdebug: [0msemantic: sem_check_block: ns='main'
[1;36mdebug: [0msemantic: sem_check_block: ns='main'
[1;36mdebug: [0msemantic: sem_check_block: ns='main'
[1;36mdebug: [0msemantic: sem_check_block: ns='main'
[1;36mdebug: [0msemantic: sem_check_block: ns='main'
[1;36mdebug: [0msemantic: sem_check_block: ns='main'
[1;36mdebug: [0msemantic: sem_check_block: ns='main'
[1;36mdebug: [0msemantic: sem_check_block: ns='main'
[1;36mdebug: [0msemantic: sem_check_block: ns='main'
[1;36mdebug: [0msemantic: sem_check_block: ns='main'
[1;36mdebug: [0msemantic: sem_check_block: ns='main'
[1;36mdebug: [0msemantic: sem_check_block: ns='main'
[1;36mdebug: [0msemantic: sem_check_block: ns='main'
[1;36mdebug: [0msemantic: sem_check_block: ns='main'
[1;36mdebug: [0msemantic: sem_check_block: ns='main'
[1;36mdebug: [0msemantic: sem_check_block: ns='main'
[1;36mdebug: [0msemantic: sem_check_block: ns='main'
[1;36mdebug: [0msemantic: sem_check_block: ns='main'
[1;36mdebug: [0msemantic: sem_check_block: ns='main'
[1;36mdebug: [0msemantic: sem_check_block: ns='main'
[1;36mdebug: [0msemantic: sem_check_block: ns='main'
[1;36mdebug: [0msemantic: sem_check_block: ns='main'
[1;36mdebug: [0msemantic: sem_check_block: ns='main'
[1;36mdebug: [0msemantic: sem_check_block: ns='main'
[1;36mdebug: [0msemantic: sem_check_block: ns='main'
[1;36mdebug: [0msemantic: sem_check_block: ns='main'
[1;36mdebug: [0msemantic: sem_check_block: ns='main'
[1;36mdebug: [0msemantic: sem_check_block: ns='main'
[1;36mdebug: [0msemantic: sem_check_block: ns='main'
[1;36mdebug: [0msemantic: sem_check_block: ns='main'
[1;36mdebug: [0msemantic: sem_check_block: ns='main'
[1;36mdebug: [0msemantic: sem_check_block: ns='main'
[1;36mdebug: [0msemantic: sem_check_block: ns='main'
[1;36mdebug: [0msemantic: sem_check_block: ns='main'
[1;36mdebug: [0msemantic: sem_check_block: ns='main'
[1;36mdebug: [0msemantic: sem_check_block: ns='main'
[1;36mdebug: [0msemantic: sem_check_block: ns='main'
[1;36mdebug: [0msemantic: sem_check_block: ns='main'
[1;36mdebug: [0msemantic: sem_check_block: ns='main'
[1;36mdebug: [0msemantic: sem_check_block: ns='main'
[1;36mdebug: [0msemantic: sem_check_block: ns='main'
[1;36mdebug: [0msemantic: sem_check_block: ns='main'
[1;36mdebug: [0msemantic: sem_check_block: ns='main'
[1;36mdebug: [0msemantic: sem_check_block: ns='main'
[1;36mdebug: [0msemantic: sem_check_block: ns='main'
[1;36mdebug: [0msemantic: sem_check_block: ns='main'
[1;36mdebug: [0msemantic: sem_check_block: ns='main'
[1;36mdebug: [0msemantic: sem_check_block: ns='main'
[1;36mdebug: [0msemantic: sem_check_block: ns='main'
[1;36mdebug: [0msemantic: sem_check_block: ns='main'
[1;36mdebug: [0msemantic: sem_check_block: ns='main'
[1;36mdebug: [0msemantic: sem_check_block: ns='main'
[1;36mdebug: [0msemantic: sem_check_block: ns='main'
[1;36mdebug: [0msemantic: sem_check_block: ns='main'
[1;36mdebug: [0msemantic: sem_check_block: ns='main'
[1;36mdebug: [0msemantic: sem_check_block: ns='main'
[1;36mdebug: [0msemantic: sem_check_block: ns='main'
[1;36mdebug: [0msemantic: sem_check_block: ns='main'
[1;36mdebug: [0msemantic: sem_check_block: ns='main'
[1;36mdebug: [0msemantic: sem_check_block: ns='main'
[1;36mdebug: [0msemantic: sem_check_block: ns='main'
[1;36mdebug: [0msemantic: sem_check_block: ns='main'
[1;36mdebug: [0msemantic: sem_check_block: ns='main'
[1;36mdebug: [0msemantic: sem_check_block: ns='main'
[1;36mdebug: [0msemantic: sem_check_block: ns='main'
[1;36mdebug: [0msemantic: sem_check_block: ns='main'
[1;36mdebug: [0msemantic: sem_check_block: ns='main'
[1;36mdebug: [0msemantic: sem_check_block: ns='main'
[1;36mdebug: [0msemantic: sem_check_block: ns='main'
[1;36mdebug: [0msemantic: sem_check_block: ns='main'
[1;36mdebug: [0msemantic: sem_check_block: ns='main'
[1;36mdebug: [0msemantic: sem_check_block: ns='main'
[1;36mdebug: [0msemantic: sem_check_block: ns='main'
[1;36mdebug: [0msemantic: sem_check_block: ns='main'
[1;36mdebug: [0msemantic: sem_check_block: ns='main'
[1;36mdebug: [0msemantic: sem_check_block: ns='main'
[1;36mdebug: [0msemantic: sem_check_block: ns='main'
[1;36mdebug: [0msemantic: sem_check_block: ns='main'
[1;36mdebug: [0msemantic: sem_check_block: ns='main'
[1;36mdebug: [0msemantic: sem_check_block: ns='main'
[1;36mdebug: [0msemantic: sem_check_block: ns='main'
[1;36mdebug: [0msemantic: sem_check_block: ns='main'
[1;36mdebug: [0msemantic: sem_check_block: ns='main'
[1;36mdebug: [0msemantic: sem_check_block: ns='main'
[1;36mdebug: [0msemantic: sem_check_block: ns='main'
[1;36mdebug: [0msemantic: sem_check_block: ns='main'
[1;36mdebug: [0msemantic: sem_check_block: ns='main'
[1;36mdebug: [0msemantic: sem_check_block: ns='main'
[1;36mdebug: [0msemantic: sem_check_block: ns='main'
[1;36mdebug: [0msemantic: sem_check_block: ns='main'
[1;36mdebug: [0msemantic: sem_check_block: ns='main'
[1;36mdebug: [0msemantic: sem_check_block: ns='main'
[1;36mdebug: [0msemantic: sem_check_block: ns='main'
[1;36mdebug: [0msemantic: sem_check_block: ns='main'
[1;36mdebug: [0msemantic: sem_check_block: ns='main'
[1;36mdebug: [0msemantic: sem_check_block: ns='main'
[1;36mdebug: [0msemantic: sem_check_block: ns='main'
[1;36mdebug: [0msemantic: sem_check_block: ns='main'
[1;36mdebug: [0msemantic: sem_check_block: ns='main'
[1;36mdebug: [0msemantic: sem_check_block: ns='main'
[1;36mdebug: [0msemantic: sem_check_block: ns='main'
[1;36mdebug: [0msemantic: sem_check_block: ns='main'
[1;36mdebug: [0msemantic: sem_check_block: ns='main'
[1;36mdebug: [0msemantic: sem_check_block: ns='main'
[1;36mdebug: [0msemantic: sem_check_block: ns='main'
[1;36mdebug: [0msemantic: sem_check_block: ns='main'
[1;36mdebug: [0msemantic: sem_check_block: ns='main'
[1;36mdebug: [0msemantic: sem_check_block: ns='main'
[1;36mdebug: [0msemantic: sem_check_block: ns='main'
[1;36mdebug: [0msemantic: sem_check_block: ns='main'
[1;36mdebug: [0msemantic: sem_check_block: ns='main'
[1;36mdebug: [0msemantic: sem_check_block: ns='main'
[1;36mdebug: [0msemantic: sem_check_block: ns='main'
[1;36mdebug: [0msemantic: sem_check_block: ns='main'
[1;36mdebug: [0msemantic: sem_check_block: ns='main'
[1;36mdebug: [0msemantic: sem_check_block: ns='main'
[1;36mdebug: [0msemantic: sem_check_block: ns='main'
[1;36mdebug: [0msemantic: sem_check_block: ns='main'
[1;36mdebug: [0msemantic: sem_check_block: ns='main'
[1;36mdebug: [0msemantic: sem_check_block: ns='main'
[1;36mdebug: [0msemantic: sem_check_block: ns='main'
[1;36mdebug: [0msemantic: sem_check_block: ns='main'
[1;36mdebug: [0msemantic: sem_check_block: ns='main'
[1;36mdebug: [0msemantic: sem_check_block: ns='main'
[1;36mdebug: [0msemantic: sem_check_block: ns='main'
[1;36mdebug: [0msemantic: sem_check_block: ns='main'
[1;36mdebug: [0msemantic: sem_check_block: ns='main'
[1;36mdebug: [0msemantic: sem_check_block: ns='main'
[1;36mdebug: [0msemantic: sem_check_block: ns='main'
[1;36mdebug: [0msemantic: sem_check_block: ns='main'
[1;36mdebug: [0msemantic: sem_check_block: ns='main'
[1;36mdebug: [0msemantic: sem_check_block: ns='main'
[1;36mdebug: [0msemantic: sem_check_block: ns='main'
[1;36mdebug: [0msemantic: sem_check_block: ns='main'
[1;36mdebug: [0msemantic: sem_check_block: ns='main'
[1;36mdebug: [0msemantic: sem_check_block: ns='main'
[1;36mdebug: [0msemantic: sem_check_block: ns='main'
[1;36mdebug: [0msemantic: sem_check_block: ns='main'
[1;36mdebug: [0msemantic: sem_check_block: ns='main'
[1;36mdebug: [0msemantic: sem_check_block: ns='main'
[1;36mdebug: [0msemantic: sem_check_block: ns='main'
[1;36mdebug: [0msemantic: sem_check_block: ns='main'
[1;36mdebug: [0msemantic: sem_check_block: ns='main'
[1;36mdebug: [0msemantic: sem_check_block: ns='main'
[1;36mdebug: [0msemantic: sem_check_block: ns='main'
[1;36mdebug: [0msemantic: sem_check_block: ns='main'
[1;36mdebug: [0msemantic: sem_check_block: ns='main'
[1;36mdebug: [0msemantic: sem_check_block: ns='main'
[1;36mdebug: [0msemantic: sem_check_block: ns='main'
[1;36mdebug: [0msemantic: sem_check_block: ns='main'
[1;36mdebug: [0msemantic: sem_check_block: ns='main'
[1;36mdebug: [0msemantic: sem_check_block: ns='main'
[1;36mdebug: [0msemantic: sem_check_block: ns='main'
[1;36mdebug: [0msemantic: sem_check_block: ns='main'
[1;36mdebug: [0msemantic: sem_check_block: ns='main'
[1;36mdebug: [0msemantic: sem_check_block: ns='main'
[1;36mdebug: [0msemantic: sem_check_block: ns='main'
[1;36mdebug: [0msemantic: sem_check_block: ns='main'
[1;36mdebug: [0msemantic: sem_check_block: ns='main'
[1;36mdebug: [0msemantic: sem_check_block: ns='main'
[1;36mdebug: [0msemantic: sem_check_block: ns='main'
[1;36mdebug: [0msemantic: sem_check_block: ns='main'
[1;36mdebug: [0msemantic: sem_check_block: ns='main'
[1;36mdebug: [0msemantic: sem_check_block: ns='main'
[1;36mdebug: [0msemantic: sem_check_block: ns='main'
[1;36mdebug: [0msemantic: sem_check_block: ns='main'
[1;36mdebug: [0msemantic: sem_check_block: ns='main'
[1;36mdebug: [0msemantic: sem_check_block: ns='main'
[1;36mdebug: [0msemantic: sem_check_block: ns='main'
[1;36mdebug: [0msemantic: sem_check_block: ns='main'
[1;36mdebug: [0msemantic: sem_check_block: ns='main'
[1;36mdebug: [0msemantic: sem_check_block: ns='main'
[1;36mdebug: [0msemantic: sem_check_block: ns='main'
[1;36mdebug: [0msemantic: sem_check_block: ns='main'
[1;36mdebug: [0msemantic: sem_check_block: ns='main'
[1;36mdebug: [0msemantic: sem_check_block: ns='main'
[1;36mdebug: [0msemantic: sem_check_block: ns='main'
[1;36mdebug: [0msemantic: sem_check_block: ns='main'
[1;36mdebug: [0msemantic: sem_check_block: ns='main'
[1;36mdebug: [0msemantic: sem_check_block: ns='main'
[1;36mdebug: [0msemantic: sem_check_block: ns='main'
[1;36mdebug: [0msemantic: sem_check_block: ns='main'
[1;36mdebug: [0msemantic: sem_check_block: ns='main'
[1;36mdebug: [0msemantic: sem_check_block: ns='main'
[1;36mdebug: [0msemantic: sem_check_block: ns='main'
[1;36mdebug: [0msemantic: sem_check_block: ns='main'
[1;36mdebug: [0msemantic: sem_check_block: ns='main'
[1;36mdebug: [0msemantic: sem_check_block: ns='main'
[1;36mdebug: [0msemantic: sem_check_block: ns='main'
[1;36mdebug: [0msemantic: sem_check_block: ns='main'
[1;36mdebug: [0msemantic: sem_check_block: ns='main'
[1;36mdebug: [0msemantic: sem_check_block: ns='main'
[1;36mdebug: [0msemantic: sem_check_block: ns='main'
[1;36mdebug: [0msemantic: sem_check_block: ns='main'
[1;36mdebug: [0msemantic: sem_check_block: ns='main'
[1;36mdebug: [0msemantic: sem_check_block: ns='main'
[1;36mdebug: [0msemantic: sem_check_block: ns='main'
[1;36mdebug: [0msemantic: sem_check_block: ns='main'
[1;36mdebug: [0msemantic: sem_check_block: ns='main'
[1;36mdebug: [0msemantic: sem_check_block: ns='main'
[1;36mdebug: [0msemantic: sem_check_block: ns='main'
[1;36mdebug: [0msemantic: sem_check_block: ns='main'
[1;36mdebug: [0msemantic: sem_check_block: ns='main'
[1;36mdebug: [0msemantic: sem_check_block: ns='main'
[1;36mdebug: [0msemantic: sem_check_block: ns='main'
[1;36mdebug: [0msemantic: sem_check_block: ns='main'
[1;36mdebug: [0msemantic: sem_check_block: ns='main'
[1;36mdebug: [0msemantic: sem_check_block: ns='main'
[1;36mdebug: [0msemantic: sem_check_block: ns='main'
[1;36mdebug: [0msemantic: sem_check_block: ns='main'
[1;36mdebug: [0msemantic: sem_check_block: ns='main'
[1;36mdebug: [0msemantic: sem_check_block: ns='main'
[1;36mdebug: [0msemantic: sem_check_block: ns='main'
[1;36mdebug: [0msemantic: sem_check_block: ns='main'
[1;36mdebug: [0msemantic: sem_check_block: ns='main'
[1;36mdebug: [0msemantic: sem_check_block: ns='main'
[1;36mdebug: [0msemantic: sem_check_block: ns='main'
[1;36mdebug: [0msemantic: sem_check_block: ns='main'
[1;36mdebug: [0msemantic: sem_check_block: ns='main'
[1;36mdebug: [0msemantic: sem_check_block: ns='main'
[1;36mdebug: [0msemantic: sem_check_block: ns='main'
[1;36mdebug: [0msemantic: sem_check_block: ns='main'
[1;36mdebug: [0msemantic: sem_check_block: ns='main'
[1;36mdebug: [0msemantic: sem_check_block: ns='main'
[1;36mdebug: [0msemantic: sem_check_block: ns='main'
[1;36mdebug: [0msemantic: sem_check_block: ns='main'
[1;36mdebug: [0msemantic: sem_check_block: ns='main'
[1;36mdebug: [0msemantic: sem_check_block: ns='main'
[1;36mdebug: [0msemantic: sem_check_block: ns='main'
[1;36mdebug: [0msemantic: sem_check_block: ns='main'
[1;36mdebug: [0msemantic: sem_check_block: ns='main'
[1;36mdebug: [0msemantic: sem_check_block: ns='main'
[1;36mdebug: [0msemantic: sem_check_block: ns='main'
[1;36mdebug: [0msemantic: sem_check_block: ns='main'
[1;36mdebug: [0msemantic: sem_check_block: ns='main'
[1;36mdebug: [0msemantic: sem_check_block: ns='main'
[1;36mdebug: [0msemantic: sem_check_block: ns='main'
[1;36mdebug: [0msemantic: sem_check_block: ns='main'
[1;36mdebug: [0msemantic: sem_check_block: ns='main'
[1;36mdebug: [0msemantic: sem_check_block: ns='main'
[1;36mdebug: [0msemantic: sem_check_block: ns='main'
[1;36mdebug: [0msemantic: sem_check_block: ns='main'
[1;36mdebug: [0msemantic: sem_check_block: ns='main'
[1;36mdebug: [0msemantic: sem_check_block: ns='main'
[1;36mdebug: [0msemantic: sem_check_block: ns='main'
[1;36mdebug: [0msemantic: sem_check_block: ns='main'
[1;36mdebug: [0msemantic: sem_check_block: ns='main'
[1;36mdebug: [0msemantic: sem_check_block: ns='main'
[1;36mdebug: [0msemantic: sem_check_block: ns='main'
[1;36mdebug: [0msemantic: sem_check_block: ns='main'
[1;36mdebug: [0msemantic: sem_check_block: ns='main'
[1;36mdebug: [0msemantic: sem_check_block: ns='main'
[1;36mdebug: [0msemantic: sem_check_block: ns='main'
[1;36mdebug: [0msemantic: sem_check_block: ns='main'
[1;36mdebug: [0msemantic: sem_check_block: ns='main'
[1;36mdebug: [0msemantic: sem_check_block: ns='main'
[1;36mdebug: [0msemantic: sem_check_block: ns='main'
[1;36mdebug: [0msemantic: sem_check_block: ns='main'
[1;36mdebug: [0msemantic: sem_check_block: ns='main'
[1;36mdebug: [0msemantic: sem_check_block: ns='main'
[1;36mdebug: [0msemantic: sem_check_block: ns='main'
[1;36mdebug: [0msemantic: sem_check_block: ns='main'
[1;36mdebug: [0msemantic: sem_check_block: ns='main'
[1;36mdebug: [0msemantic: sem_check_block: ns='main'
[1;36mdebug: [0msemantic: sem_check_block: ns='main'
[1;36mdebug: [0msemantic: sem_check_block: ns='main'
[1;36mdebug: [0msemantic: sem_check_block: ns='main'
[1;36mdebug: [0msemantic: sem_check_block: ns='main'
[1;36mdebug: [0msemantic: sem_check_block: ns='main'
[1;36mdebug: [0msemantic: sem_check_block: ns='main'
[1;36mdebug: [0msemantic: sem_check_block: ns='main'
[1;36mdebug: [0msemantic: sem_check_block: ns='main'
[1;36mdebug: [0msemantic: sem_check_block: ns='main'
[1;36mdebug: [0msemantic: sem_check_block: ns='main'
[1;36mdebug: [0msemantic: sem_check_block: ns='main'
[1;36mdebug: [0msemantic: sem_check_block: ns='main'
[1;36mdebug: [0msemantic: sem_check_block: ns='main'
[1;36mdebug: [0msemantic: sem_check_block: ns='main'
[1;36mdebug: [0msemantic: sem_check_block: ns='main'
[1;36mdebug: [0msemantic: sem_check_block: ns='main'
[1;36mdebug: [0msemantic: sem_check_block: ns='main'
[1;36mdebug: [0msemantic: sem_check_block: ns='main'
[1;36mdebug: [0msemantic: sem_check_block: ns='main'
[1;36mdebug: [0msemantic: sem_check_block: ns='main'
[1;36mdebug: [0msemantic: sem_check_block: ns='main'
[1;36mdebug: [0msemantic: sem_check_block: ns='main'
[1;36mdebug: [0msemantic: sem_check_block: ns='main'
[1;36mdebug: [0msemantic: sem_check_block: ns='main'
[1;36mdebug: [0msemantic: sem_check_block: ns='main'
[1;36mdebug: [0msemantic: sem_check_block: ns='main'
[1;36mdebug: [0msemantic: sem_check_block: ns='main'
[1;36mdebug: [0msemantic: sem_check_block: ns='main'
[1;36mdebug: [0msemantic: sem_check_block: ns='main'
[1;36mdebug: [0msemantic: sem_check_block: ns='main'
[1;36mdebug: [0msemantic: sem_check_block: ns='main'
[1;36mdebug: [0msemantic: sem_check_block: ns='main'
[1;36mdebug: [0msemantic: sem_check_block: ns='main'
[1;36mdebug: [0msemantic: sem_check_block: ns='main'
[1;36mdebug: [0msemantic: sem_check_block: ns='main'
[1;36mdebug: [0msemantic: sem_check_block: ns='main'
[1;36mdebug: [0msemantic: sem_check_block: ns='main'
[1;36mdebug: [0msemantic: sem_check_block: ns='main'
[1;36mdebug: [0msemantic: sem_check_block: ns='main'
[1;36mdebug: [0msemantic: sem_check_block: ns='main'
[1;36mdebug: [0msemantic: sem_check_block: ns='main'
[1;36mdebug: [0msemantic: sem_check_block: ns='main'
[1;36mdebug: [0msemantic: sem_check_block: ns='main'
[1;36mdebug: [0msemantic: sem_check_block: ns='main'
[1;36mdebug: [0msemantic: sem_check_block: ns='main'
[1;36mdebug: [0msemantic: sem_check_block: ns='main'
[1;36mdebug: [0msemantic: sem_check_block: ns='main'
[1;36mdebug: [0msemantic: sem_check_block: ns='main'
[1;36mdebug: [0msemantic: sem_check_block: ns='main'
[1;36mdebug: [0msemantic: sem_check_block: ns='main'
[1;36mdebug: [0msemantic: sem_check_block: ns='main'
[1;36mdebug: [0msemantic: sem_check_block: ns='main'
[1;36mdebug: [0msemantic: sem_check_block: ns='main'
[1;36mdebug: [0msemantic: sem_check_block: ns='main'
[1;36mdebug: [0msemantic: sem_check_block: ns='main'
[1;36mdebug: [0msemantic: sem_check_block: ns='main'
[1;36mdebug: [0msemantic: sem_check_block: ns='main'
[1;36mdebug: [0msemantic: sem_check_block: ns='main'
[1;36mdebug: [0msemantic: sem_check_block: ns='main'
[1;36mdebug: [0msemantic: sem_check_block: ns='main'
[1;36mdebug: [0msemantic: sem_check_block: ns='main'
[1;36mdebug: [0msemantic: sem_check_block: ns='main'
[1;36mdebug: [0msemantic: sem_check_block: ns='main'
[1;36mdebug: [0msemantic: sem_check_block: ns='main'
[1;36mdebug: [0msemantic: sem_check_block: ns='main'
[1;36mdebug: [0msemantic: sem_check_block: ns='main'
[1;36mdebug: [0msemantic: sem_check_block: ns='main'
[1;36mdebug: [0msemantic: sem_check_block: ns='main'
[1;36mdebug: [0msemantic: sem_check_block: ns='main'
[1;36mdebug: [0msemantic: sem_check_block: ns='main'
[1;36mdebug: [0msemantic: sem_check_block: ns='main'
[1;36mdebug: [0msemantic: sem_check_block: ns='main'
[1;36mdebug: [0msemantic: sem_check_block: ns='main'
[1;36mdebug: [0msemantic: sem_check_block: ns='main'
[1;36mdebug: [0msemantic: sem_check_block: ns='main'
[1;36mdebug: [0msemantic: sem_check_block: ns='main'
[1;36mdebug: [0msemantic: sem_check_block: ns='main'
[1;36mdebug: [0msemantic: sem_check_block: ns='main'
[1;36mdebug: [0msemantic: sem_check_block: ns='main'
[1;36mdebug: [0msemantic: sem_check_block: ns='main'
[1;36mdebug: [0msemantic: sem_check_block: ns='main'
[1;36mdebug: [0msemantic: sem_check_block: ns='main'
[1;36mdebug: [0msemantic: sem_check_block: ns='main'
[1;36mdebug: [0msemantic: sem_check_block: ns='main'
[1;36mdebug: [0msemantic: sem_check_block: ns='main'
[1;36mdebug: [0msemantic: sem_check_block: ns='main'
[1;36mdebug: [0msemantic: sem_check_block: ns='main'
[1;36mdebug: [0msemantic: sem_check_block: ns='main'
[1;36mdebug: [0msemantic: sem_check_block: ns='main'
[1;36mdebug: [0msemantic: sem_check_block: ns='main'
[1;36mdebug: [0msemantic: sem_check_block: ns='main'
[1;36mdebug: [0msemantic: sem_check_block: ns='main'
[1;36mdebug: [0msemantic: sem_check_block: ns='main'
[1;36mdebug: [0msemantic: sem_check_block: ns='main'
[1;36mdebug: [0msemantic: sem_check_block: ns='main'
[1;36mdebug: [0msemantic: sem_check_block: ns='main'
[1;36mdebug: [0msemantic: sem_check_block: ns='main'
[1;36mdebug: [0msemantic: sem_check_block: ns='main'
[1;36mdebug: [0msemantic: sem_check_block: ns='main'
[1;36mdebug: [0msemantic: sem_check_block: ns='main'
[1;36mdebug: [0msemantic: sem_check_block: ns='main'
[1;36mdebug: [0msemantic: sem_check_block: ns='main'
[1;36mdebug: [0msemantic: sem_check_block: ns='main'
[1;36mdebug: [0msemantic: sem_check_block: ns='main'
[1;36mdebug: [0msemantic: sem_check_block: ns='main'
[1;36mdebug: [0msemantic: sem_check_block: ns='main'
[1;36mdebug: [0msemantic: sem_check_block: ns='main'
[1;36mdebug: [0msemantic: sem_check_block: ns='main'
[1;36mdebug: [0msemantic: sem_check_block: ns='main'
[1;36mdebug: [0msemantic: sem_check_block: ns='main'
[1;36mdebug: [0msemantic: sem_check_block: ns='main'
[1;36mdebug: [0msemantic: sem_check_block: ns='main'
[1;36mdebug: [0msemantic: sem_check_block: ns='main'
[1;36mdebug: [0msemantic: sem_check_block: ns='main'
[1;36mdebug: [0msemantic: sem_check_block: ns='main'
[1;36mdebug: [0msemantic: sem_check_block: ns='main'
[1;36mdebug: [0msemantic: sem_check_block: ns='main'
[1;36mdebug: [0msemantic: sem_check_block: ns='main'
[1;36mdebug: [0msemantic: sem_check_block: ns='main'
[1;36mdebug: [0msemantic: sem_check_block: ns='main'
[1;36mdebug: [0msemantic: sem_check_block: ns='main'
[1;36mdebug: [0msemantic: sem_check_block: ns='main'
[1;36mdebug: [0msemantic: sem_check_block: ns='main'
[1;36mdebug: [0msemantic: sem_check_block: ns='main'
[1;36mdebug: [0msemantic: sem_check_block: ns='main'
[1;36mdebug: [0msemantic: sem_check_block: ns='main'
[1;36mdebug: [0msemantic: sem_check_block: ns='main'
[1;36mdebug: [0msemantic: sem_check_block: ns='main'
[1;36mdebug: [0msemantic: sem_check_block: ns='main'
[1;36mdebug: [0msemantic: sem_check_block: ns='main'
[1;36mdebug: [0msemantic: sem_check_block: ns='main'
[1;36mdebug: [0msemantic: sem_check_block: ns='main'
[1;36mdebug: [0msemantic: sem_check_block: ns='main'
[1;36mdebug: [0msemantic: sem_check_block: ns='main'
[1;36mdebug: [0msemantic: sem_check_block: ns='main'
[1;36mdebug: [0msemantic: sem_check_block: ns='main'
[1;36mdebug: [0msemantic: sem_check_block: ns='main'
[1;36mdebug: [0msemantic: sem_check_block: ns='main'
[1;36mdebug: [0msemantic: sem_check_block: ns='main'
[1;36mdebug: [0msemantic: sem_check_block: ns='main'
[1;36mdebug: [0msemantic: sem_check_block: ns='main'
[1;36mdebug: [0msemantic: sem_check_block: ns='main'
[1;36mdebug: [0msemantic: sem_check_block: ns='main'
[1;36mdebug: [0msemantic: sem_check_block: ns='main'
[1;36mdebug: [0msemantic: sem_check_block: ns='main'
[1;36mdebug: [0msemantic: sem_check_block: ns='main'
[1;36mdebug: [0msemantic: sem_check_block: ns='main'
[1;36mdebug: [0msemantic: sem_check_block: ns='main'
[1;36mdebug: [0msemantic: sem_check_block: ns='main'
[1;36mdebug: [0msemantic: sem_check_block: ns='main'
[1;36mdebug: [0msemantic: sem_check_block: ns='main'
[1;36mdebug: [0msemantic: sem_check_block: ns='main'
[1;36mdebug: [0msemantic: sem_check_block: ns='main'
[1;36mdebug: [0msemantic: sem_check_block: ns='main'
[1;36mdebug: [0msemantic: sem_check_block: ns='main'
[1;36mdebug: [0msemantic: sem_check_block: ns='main'
[1;36mdebug: [0msemantic: sem_check_block: ns='main'
[1;36mdebug: [0msemantic: sem_check_block: ns='main'
[1;36mdebug: [0msemantic: sem_check_block: ns='main'
[1;36mdebug: [0msemantic: sem_check_block: ns='main'
[1;36mdebug: [0msemantic: sem_check_block: ns='main'
[1;36mdebug: [0msemantic: sem_check_block: ns='main'
[1;36mdebug: [0msemantic: sem_check_block: ns='main'
[1;36mdebug: [0msemantic: sem_check_block: ns='main'
[1;36mdebug: [0msemantic: sem_check_block: ns='main'
[1;36mdebug: [0msemantic: sem_check_block: ns='main'
[1;36mdebug: [0msemantic: sem_check_block: ns='main'
[1;36mdebug: [0msemantic: sem_check_block: ns='main'
[1;36mdebug: [0msemantic: sem_check_block: ns='main'
[1;36mdebug: [0msemantic: sem_check_block: ns='main'
[1;36mdebug: [0msemantic: sem_check_block: ns='main'
[1;36mdebug: [0msemantic: sem_check_block: ns='main'
[1;36mdebug: [0msemantic: sem_check_block: ns='main'
[1;36mdebug: [0msemantic: sem_check_block: ns='main'
[1;36mdebug: [0msemantic: sem_check_block: ns='main'
[1;36mdebug: [0msemantic: sem_check_block: ns='main'
[1;36mdebug: [0msemantic: sem_check_block: ns='main'
[1;36mdebug: [0msemantic: sem_check_block: ns='main'
[1;36mdebug: [0msemantic: sem_check_block: ns='main'
[1;36mdebug: [0msemantic: sem_check_block: ns='main'
[1;36mdebug: [0msemantic: sem_check_block: ns='main'
[1;36mdebug: [0msemantic: sem_check_block: ns='main'
[1;36mdebug: [0msemantic: sem_check_block: ns='main'
[1;36mdebug: [0msemantic: sem_check_block: ns='main'
[1;36mdebug: [0msemantic: sem_check_block: ns='main'
[1;36mdebug: [0msemantic: sem_check_block: ns='main'
[1;36mdebug: [0msemantic: sem_check_block: ns='main'
[1;36mdebug: [0msemantic: sem_check_block: ns='main'
[1;36mdebug: [0msemantic: sem_check_block: ns='main'
[1;36mdebug: [0msemantic: sem_check_block: ns='main'
[1;36mdebug: [0msemantic: sem_check_block: ns='main'
[1;36mdebug: [0msemantic: sem_check_block: ns='main'
[1;36mdebug: [0msemantic: sem_check_block: ns='main'
[1;36mdebug: [0msemantic: sem_check_block: ns='main'
[1;36mdebug: [0msemantic: sem_check_block: ns='main'
[1;36mdebug: [0msemantic: sem_check_block: ns='main'
[1;36mdebug: [0msemantic: sem_check_block: ns='main'
[1;36mdebug: [0msemantic: sem_check_block: ns='main'
[1;36mdebug: [0msemantic: sem_check_block: ns='main'
[1;36mdebug: [0msemantic: sem_check_block: ns='main'
[1;36mdebug: [0msemantic: sem_check_block: ns='main'
[1;36mdebug: [0msemantic: sem_check_block: ns='main'
[1;36mdebug: [0msemantic: sem_check_block: ns='main'
[1;36mdebug: [0msemantic: sem_check_block: ns='main'
[1;36mdebug: [0msemantic: sem_check_block: ns='main'
[1;36mdebug: [0msemantic: sem_check_block: ns='main'
[1;36mdebug: [0msemantic: sem_check_block: ns='main'
[1;36mdebug: [0msemantic: sem_check_block: ns='main'
[1;36mdebug: [0msemantic: sem_check_block: ns='main'
[1;36mdebug: [0msemantic: sem_check_block: ns='main'
[1;36mdebug: [0msemantic: sem_check_block: ns='main'
[1;36mdebug: [0msemantic: sem_check_block: ns='main'
[1;36mdebug: [0msemantic: sem_check_block: ns='main'
[1;36mdebug: [0msemantic: sem_check_block: ns='main'
[1;36mdebug: [0msemantic: sem_check_block: ns='main'
[1;36mdebug: [0msemantic: sem_check_block: ns='main'
[1;36mdebug: [0msemantic: sem_check_block: ns='main'
[1;36mdebug: [0msemantic: sem_check_block: ns='main'
[1;36mdebug: [0msemantic: sem_check_block: ns='main'
[1;36mdebug: [0msemantic: sem_check_block: ns='main'
[1;36mdebug: [0msemantic: sem_check_block: ns='main'
[1;36mdebug: [0msemantic: sem_check_block: ns='main'
[1;36mdebug: [0msemantic: sem_check_block: ns='main'
[1;36mdebug: [0msemantic: sem_check_block: ns='main'
[1;36mdebug: [0msemantic: sem_check_block: ns='main'
[1;36mdebug: [0msemantic: sem_check_block: ns='main'
[1;36mdebug: [0msemantic: sem_check_block: ns='main'
[1;36mdebug: [0msemantic: sem_check_block: ns='main'
[1;36mdebug: [0msemantic: sem_check_block: ns='main'
[1;36mdebug: [0msemantic: sem_check_block: ns='main'
[1;36mdebug: [0msemantic: sem_check_block: ns='main'
[1;36mdebug: [0msemantic: sem_check_block: ns='main'
[1;36mdebug: [0msemantic: sem_check_block: ns='main'
[1;36mdebug: [0msemantic: sem_check_block: ns='main'
[1;36mdebug: [0msemantic: sem_check_block: ns='main'
[1;36mdebug: [0msemantic: sem_check_block: ns='main'
[1;36mdebug: [0msemantic: sem_check_block: ns='main'
[1;36mdebug: [0msemantic: sem_check_block: ns='main'
[1;36mdebug: [0msemantic: sem_check_block: ns='main'
[1;36mdebug: [0msemantic: sem_check_block: ns='main'
[1;36mdebug: [0msemantic: sem_check_block: ns='main'
[1;36mdebug: [0msemantic: sem_check_block: ns='main'
[1;36mdebug: [0msemantic: sem_check_block: ns='main'
[1;36mdebug: [0msemantic: sem_check_block: ns='main'
[1;36mdebug: [0msemantic: sem_check_block: ns='main'
[1;36mdebug: [0msemantic: sem_check_block: ns='main'
[1;36mdebug: [0msemantic: sem_check_block: ns='main'
[1;36mdebug: [0msemantic: sem_check_block: ns='main'
[1;36mdebug: [0msemantic: sem_check_block: ns='main'
[1;36mdebug: [0msemantic: sem_check_block: ns='main'
[1;36mdebug: [0msemantic: sem_check_block: ns='main'
[1;36mdebug: [0msemantic: sem_check_block: ns='main'
[1;36mdebug: [0msemantic: sem_check_block: ns='main'
[1;36mdebug: [0msemantic: sem_check_block: ns='main'
[1;36mdebug: [0msemantic: sem_check_block: ns='main'
[1;36mdebug: [0msemantic: sem_check_block: ns='main'
[1;36mdebug: [0msemantic: sem_check_block: ns='main'
[1;36mdebug: [0msemantic: sem_check_block: ns='main'
[1;36mdebug: [0msemantic: sem_check_block: ns='main'
[1;36mdebug: [0msemantic: sem_check_block: ns='main'
[1;36mdebug: [0msemantic: sem_check_block: ns='main'
[1;36mdebug: [0msemantic: sem_check_block: ns='main'
[1;36mdebug: [0msemantic: sem_check_block: ns='main'
[1;36mdebug: [0msemantic: sem_check_block: ns='main'
[1;36mdebug: [0msemantic: sem_check_block: ns='main'
[1;36mdebug: [0msemantic: sem_check_block: ns='main'
[1;36mdebug: [0msemantic: sem_check_block: ns='main'
[1;36mdebug: [0msemantic: sem_check_block: ns='main'
[1;36mdebug: [0msemantic: sem_check_block: ns='main'
[1;36mdebug: [0msemantic: sem_check_block: ns='main'
[1;36mdebug: [0msemantic: sem_check_block: ns='main'
[1;36mdebug: [0msemantic: sem_check_block: ns='main'
[1;36mdebug: [0msemantic: sem_check_block: ns='main'
[1;36mdebug: [0msemantic: sem_check_block: ns='main'
[1;36mdebug: [0msemantic: sem_check_block: ns='main'
[1;36mdebug: [0msemantic: sem_check_block: ns='main'
[1;36mdebug: [0msemantic: sem_check_block: ns='main'
[1;36mdebug: [0msemantic: sem_check_block: ns='main'
[1;36mdebug: [0msemantic: sem_check_block: ns='main'
[1;36mdebug: [0msemantic: sem_check_block: ns='main'
[1;36mdebug: [0msemantic: sem_check_block: ns='main'
[1;36mdebug: [0msemantic: sem_check_block: ns='main'
[1;36mdebug: [0msemantic: sem_check_block: ns='main'
[1;36mdebug: [0msemantic: sem_check_block: ns='main'
[1;36mdebug: [0msemantic: sem_check_block: ns='main'
[1;36mdebug: [0msemantic: sem_check_block: ns='main'
[1;36mdebug: [0msemantic: sem_check_block: ns='main'
[1;36mdebug: [0msemantic: sem_check_block: ns='main'
[1;36mdebug: [0msemantic: sem_check_block: ns='main'
[1;36mdebug: [0msemantic: sem_check_block: ns='main'
[1;36mdebug: [0msemantic: sem_check_block: ns='main'
[1;36mdebug: [0msemantic: sem_check_block: ns='main'
[1;36mdebug: [0msemantic: sem_check_block: ns='main'
[1;36mdebug: [0msemantic: sem_check_block: ns='main'
[1;36mdebug: [0msemantic: sem_check_block: ns='main'
[1;36mdebug: [0msemantic: sem_check_block: ns='main'
[1;36mdebug: [0msemantic: sem_check_block: ns='main'
[1;36mdebug: [0msemantic: sem_check_block: ns='main'
[1;36mdebug: [0msemantic: sem_check_block: ns='main'
[1;36mdebug: [0msemantic: sem_check_block: ns='main'
[1;36mdebug: [0msemantic: sem_check_block: ns='main'
[1;36mdebug: [0msemantic: sem_check_block: ns='main'
[1;36mdebug: [0msemantic: sem_check_block: ns='main'
[1;36mdebug: [0msemantic: sem_check_block: ns='main'
[1;36mdebug: [0msemantic: sem_check_block: ns='main'
[1;36mdebug: [0msemantic: sem_check_block: ns='main'
[1;36mdebug: [0msemantic: sem_check_block: ns='main'
[1;36mdebug: [0msemantic: sem_check_block: ns='main'
[1;36mdebug: [0msemantic: sem_check_block: ns='main'
[1;36mdebug: [0msemantic: sem_check_block: ns='main'
[1;36mdebug: [0msemantic: sem_check_block: ns='main'
[1;36mdebug: [0msemantic: sem_check_block: ns='main'
[1;36mdebug: [0msemantic: sem_check_block: ns='main'
[1;36mdebug: [0msemantic: sem_check_block: ns='main'
[1;36mdebug: [0msemantic: sem_check_block: ns='main'
[1;36mdebug: [0msemantic: sem_check_block: ns='main'
[1;36mdebug: [0msemantic: sem_check_block: ns='main'
[1;36mdebug: [0msemantic: sem_check_block: ns='main'
[1;36mdebug: [0msemantic: sem_check_block: ns='main'
[1;36mdebug: [0msemantic: sem_check_block: ns='main'
[1;36mdebug: [0msemantic: sem_check_block: ns='main'
[1;36mdebug: [0msemantic: sem_check_block: ns='main'
[1;36mdebug: [0msemantic: sem_check_block: ns='main'
[1;36mdebug: [0msemantic: sem_check_block: ns='main'
[1;36mdebug: [0msemantic: sem_check_block: ns='main'
[1;36mdebug: [0msemantic: sem_check_block: ns='main'
[1;36mdebug: [0msemantic: sem_check_block: ns='main'
[1;36mdebug: [0msemantic: sem_check_block: ns='main'
[1;36mdebug: [0msemantic: sem_check_block: ns='main'
[1;36mdebug: [0msemantic: sem_check_block: ns='main'
[1;36mdebug: [0msemantic: sem_check_block: ns='main'
[1;36mdebug: [0msemantic: sem_check_block: ns='main'
[1;36mdebug: [0msemantic: sem_check_block: ns='main'
[1;36mdebug: [0msemantic: sem_check_block: ns='main'
[1;36mdebug: [0msemantic: sem_check_block: ns='main'
[1;36mdebug: [0msemantic: sem_check_block: ns='main'
[1;36mdebug: [0msemantic: sem_check_block: ns='main'
[1;36mdebug: [0msemantic: sem_check_block: ns='main'
[1;36mdebug: [0msemantic: sem_check_block: ns='main'
[1;36mdebug: [0msemantic: sem_check_block: ns='main'
[1;36mdebug: [0msemantic: sem_check_block: ns='main'
[1;36mdebug: [0msemantic: sem_check_block: ns='main'
[1;36mdebug: [0msemantic: sem_check_block: ns='main'
[1;36mdebug: [0msemantic: sem_check_block: ns='main'
[1;36mdebug: [0msemantic: sem_check_block: ns='main'
[1;36mdebug: [0msemantic: sem_check_block: ns='main'
[1;36mdebug: [0msemantic: sem_check_block: ns='main'
[1;36mdebug: [0msemantic: sem_check_block: ns='main'
[1;36mdebug: [0msemantic: sem_check_block: ns='main'
[1;36mdebug: [0msemantic: sem_check_block: ns='main'
[1;36mdebug: [0msemantic: sem_check_block: ns='main'
[1;36mdebug: [0msemantic: sem_check_block: ns='main'
[1;36mdebug: [0msemantic: sem_check_block: ns='main'
[1;36mdebug: [0msemantic: sem_check_block: ns='main'
[1;36mdebug: [0msemantic: sem_check_block: ns='main'
[1;36mdebug: [0msemantic: sem_check_block: ns='main'
[1;36mdebug: [0msemantic: sem_check_block: ns='main'
[1;36mdebug: [0msemantic: sem_check_block: ns='main'
[1;36mdebug: [0msemantic: sem_check_block: ns='main'
[1;36mdebug: [0msemantic: sem_check_block: ns='main'
[1;36mdebug: [0msemantic: sem_check_block: ns='main'
[1;36mdebug: [0msemantic: sem_check_block: ns='main'
[1;36mdebug: [0msemantic: sem_check_block: ns='main'
[1;36mdebug: [0msemantic: sem_check_block: ns='main'
[1;36mdebug: [0msemantic: sem_check_block: ns='main'
[1;36mdebug: [0msemantic: sem_check_block: ns='main'
[1;36mdebug: [0msemantic: sem_check_block: ns='main'
[1;36mdebug: [0msemantic: sem_check_block: ns='main'
[1;36mdebug: [0msemantic: sem_check_block: ns='main'
[1;36mdebug: [0msemantic: sem_check_block: ns='main'
[1;36mdebug: [0msemantic: sem_check_block: ns='main'
[1;36mdebug: [0msemantic: sem_check_block: ns='main'
[1;36mdebug: [0msemantic: sem_check_block: ns='main'
[1;36mdebug: [0msemantic: sem_check_block: ns='main'
[1;36mdebug: [0msemantic: sem_check_block: ns='main'
[1;36mdebug: [0msemantic: sem_check_block: ns='main'
[1;36mdebug: [0msemantic: sem_check_block: ns='main'
[1;36mdebug: [0msemantic: sem_check_block: ns='main'
[1;36mdebug: [0msemantic: sem_check_block: ns='main'
[1;36mdebug: [0msemantic: sem_check_block: ns='main'
[1;36mdebug: [0msemantic: sem_check_block: ns='main'
[1;36mdebug: [0msemantic: sem_check_block: ns='main'
[1;36mdebug: [0msemantic: sem_check_block: ns='main'
[1;36mdebug: [0msemantic: sem_check_block: ns='main'
[1;36mdebug: [0msemantic: sem_check_block: ns='main'
[1;36mdebug: [0msemantic: sem_check_block: ns='main'
[1;36mdebug: [0msemantic: sem_check_block: ns='main'
[1;36mdebug: [0msemantic: sem_check_block: ns='main'
[1;36mdebug: [0msemantic: sem_check_block: ns='main'
[1;36mdebug: [0msemantic: sem_check_block: ns='main'
[1;36mdebug: [0msemantic: sem_check_block: ns='main'
[1;36mdebug: [0msemantic: sem_check_block: ns='main'
[1;36mdebug: [0msemantic: sem_check_block: ns='main'
[1;36mdebug: [0msemantic: sem_check_block: ns='main'
[1;36mdebug: [0msemantic: sem_check_block: ns='main'
[1;36mdebug: [0msemantic: sem_check_block: ns='main'
[1;36mdebug: [0msemantic: sem_check_block: ns='main'
[1;36mdebug: [0msemantic: sem_check_block: ns='main'
[1;36mdebug: [0msemantic: sem_check_block: ns='main'
[1;36mdebug: [0msemantic: sem_check_block: ns='main'
[1;36mdebug: [0msemantic: sem_check_block: ns='main'
[1;36mdebug: [0msemantic: sem_check_block: ns='main'
[1;36mdebug: [0msemantic: sem_check_block: ns='main'
[1;36mdebug: [0msemantic: sem_check_block: ns='main'
[1;36mdebug: [0msemantic: sem_check_block: ns='main'
[1;36mdebug: [0msemantic: sem_check_block: ns='main'
[1;36mdebug: [0msemantic: sem_check_block: ns='main'
[1;36mdebug: [0msemantic: sem_check_block: ns='main'
[1;36mdebug: [0msemantic: sem_check_block: ns='main'
[1;36mdebug: [0msemantic: sem_check_block: ns='main'
[1;36mdebug: [0msemantic: sem_check_block: ns='main'
[1;36mdebug: [0msemantic: sem_check_block: ns='main'
[1;36mdebug: [0msemantic: sem_check_block: ns='main'
[1;36mdebug: [0msemantic: sem_check_block: ns='main'
[1;36mdebug: [0msemantic: sem_check_block: ns='main'
[1;36mdebug: [0msemantic: sem_check_block: ns='main'
[1;36mdebug: [0msemantic: sem_check_block: ns='main'
[1;36mdebug: [0msemantic: sem_check_block: ns='main'
[1;36mdebug: [0msemantic: sem_check_block: ns='main'
[1;36mdebug: [0msemantic: sem_check_block: ns='main'
[1;36mdebug: [0msemantic: sem_check_block: ns='main'
[1;36mdebug: [0msemantic: sem_check_block: ns='main'
[1;36mdebug: [0msemantic: sem_check_block: ns='main'
[1;36mdebug: [0msemantic: sem_check_block: ns='main'
[1;36mdebug: [0msemantic: sem_check_block: ns='main'
[1;36mdebug: [0msemantic: sem_check_block: ns='main'
[1;36mdebug: [0msemantic: sem_check_block: ns='main'
[1;36mdebug: [0msemantic: sem_check_block: ns='main'
[1;36mdebug: [0msemantic: sem_check_block: ns='main'
[1;36mdebug: [0msemantic: sem_check_block: ns='main'
[1;36mdebug: [0msemantic: sem_check_block: ns='main'
[1;36mdebug: [0msemantic: sem_check_block: ns='main'
[1;36mdebug: [0msemantic: sem_check_block: ns='main'
[1;36mdebug: [0msemantic: sem_check_block: ns='main'
[1;36mdebug: [0msemantic: sem_check_block: ns='main'
[1;36mdebug: [0msemantic: sem_check_block: ns='main'
[1;36mdebug: [0msemantic: sem_check_block: ns='main'
[1;36mdebug: [0msemantic: sem_check_block: ns='main'
[1;36mdebug: [0msemantic: sem_check_block: ns='main'
[1;36mdebug: [0msemantic: sem_check_block: ns='main'
[1;36mdebug: [0msemantic: sem_check_block: ns='main'
[1;36mdebug: [0msemantic: sem_check_block: ns='main'
[1;36mdebug: [0msemantic: sem_check_block: ns='main'
[1;36mdebug: [0msemantic: sem_check_block: ns='main'
[1;36mdebug: [0msemantic: sem_check_block: ns='main'
[1;36mdebug: [0msemantic: sem_check_block: ns='main'
[1;36mdebug: [0msemantic: sem_check_block: ns='main'
[1;36mdebug: [0msemantic: sem_check_block: ns='main'
[1;36mdebug: [0msemantic: sem_check_block: ns='main'
[1;36mdebug: [0msemantic: sem_check_block: ns='main'
[1;36mdebug: [0msemantic: sem_check_block: ns='main'
[1;36mdebug: [0msemantic: sem_check_block: ns='main'
[1;36mdebug: [0msemantic: sem_check_block: ns='main'
[1;36mdebug: [0msemantic: sem_check_block: ns='main'
[1;36mdebug: [0msemantic: sem_check_block: ns='main'
[1;36mdebug: [0msemantic: sem_check_block: ns='main'
[1;36mdebug: [0msemantic: sem_check_block: ns='main'
[1;36mdebug: [0msemantic: sem_check_block: ns='main'
[1;36mdebug: [0msemantic: sem_check_block: ns='main'
[1;36mdebug: [0msemantic: sem_check_block: ns='main'
[1;36mdebug: [0msemantic: sem_check_block: ns='main'
[1;36mdebug: [0msemantic: sem_check_block: ns='main'
[1;36mdebug: [0msemantic: sem_check_block: ns='main'
[1;36mdebug: [0msemantic: sem_check_block: ns='main'
[1;36mdebug: [0msemantic: sem_check_block: ns='main'
[1;36mdebug: [0msemantic: sem_check_block: ns='main'
[1;36mdebug: [0msemantic: sem_check_block: ns='main'
[1;36mdebug: [0msemantic: sem_check_block: ns='main'
[1;36mdebug: [0msemantic: sem_check_block: ns='main'
[1;36mdebug: [0msemantic: sem_check_block: ns='main'
[1;36mdebug: [0msemantic: sem_check_block: ns='main'
[1;36mdebug: [0msemantic: sem_check_block: ns='main'
[1;36mdebug: [0msemantic: sem_check_block: ns='main'
[1;36mdebug: [0msemantic: sem_check_block: ns='main'
[1;36mdebug: [0msemantic: sem_check_block: ns='main'
[1;36mdebug: [0msemantic: sem_check_block: ns='main'
[1;36mdebug: [0msemantic: sem_check_block: ns='main'
[1;36mdebug: [0msemantic: sem_check_block: ns='main'
[1;36mdebug: [0msemantic: sem_check_block: ns='main'
[1;36mdebug: [0msemantic: sem_check_block: ns='main'
[1;36mdebug: [0msemantic: sem_check_block: ns='main'
[1;36mdebug: [0msemantic: sem_check_block: ns='main'
[1;36mdebug: [0msemantic: sem_check_block: ns='main'
[1;36mdebug: [0msemantic: sem_check_block: ns='main'
[1;36mdebug: [0msemantic: sem_check_block: ns='main'
[1;36mdebug: [0msemantic: sem_check_block: ns='main'
[1;36mdebug: [0msemantic: sem_check_block: ns='main'
[1;36mdebug: [0msemantic: sem_check_block: ns='main'
[1;36mdebug: [0msemantic: sem_check_block: ns='main'
[1;36mdebug: [0msemantic: sem_check_block: ns='main'
[1;36mdebug: [0msemantic: sem_check_block: ns='main'
[1;36mdebug: [0msemantic: sem_check_block: ns='main'
[1;36mdebug: [0msemantic: sem_check_block: ns='main'
[1;36mdebug: [0msemantic: sem_check_block: ns='main'
[1;36mdebug: [0msemantic: sem_check_block: ns='main'
[1;36mdebug: [0msemantic: sem_check_block: ns='main'
[1;36mdebug: [0msemantic: sem_check_block: ns='main'
[1;36mdebug: [0msemantic: sem_check_block: ns='main'
[1;36mdebug: [0msemantic: sem_check_block: ns='main'
[1;36mdebug: [0msemantic: sem_check_block: ns='main'
[1;36mdebug: [0msemantic: sem_check_block: ns='main'
[1;36mdebug: [0msemantic: sem_check_block: ns='main'
[1;36mdebug: [0msemantic: sem_check_block: ns='main'
[1;36mdebug: [0msemantic: sem_check_block: ns='main'
[1;36mdebug: [0msemantic: sem_check_block: ns='main'
[1;36mdebug: [0msemantic: sem_check_block: ns='main'
[1;36mdebug: [0msemantic: sem_check_block: ns='main'
[1;36mdebug: [0msemantic: sem_check_block: ns='main'
[1;36mdebug: [0msemantic: sem_check_block: ns='main'
[1;36mdebug: [0msemantic: sem_check_block: ns='main'
[1;36mdebug: [0msemantic: sem_check_block: ns='main'
[1;36mdebug: [0msemantic: sem_check_block: ns='main'
[1;36mdebug: [0msemantic: sem_check_block: ns='main'
[1;36mdebug: [0msemantic: sem_check_block: ns='main'
[1;36mdebug: [0msemantic: sem_check_block: ns='main'
[1;36mdebug: [0msemantic: sem_check_block: ns='main'
[1;36mdebug: [0msemantic: sem_check_block: ns='main'
[1;36mdebug: [0msemantic: sem_check_block: ns='main'
[1;36mdebug: [0msemantic: sem_check_block: ns='main'
[1;36mdebug: [0msemantic: sem_check_block: ns='main'
[1;36mdebug: [0msemantic: sem_check_block: ns='main'
[1;36mdebug: [0msemantic: sem_check_block: ns='main'
[1;36mdebug: [0msemantic: sem_check_block: ns='main'
[1;36mdebug: [0msemantic: sem_check_block: ns='main'
[1;36mdebug: [0msemantic: sem_check_block: ns='main'
[1;36mdebug: [0msemantic: sem_check_block: ns='main'
[1;36mdebug: [0msemantic: sem_check_block: ns='main'
[1;36mdebug: [0msemantic: sem_check_block: ns='main'
[1;36mdebug: [0msemantic: sem_check_block: ns='main'
[1;36mdebug: [0msemantic: sem_check_block: ns='main'
[1;36mdebug: [0msemantic: sem_check_block: ns='main'
[1;36mdebug: [0msemantic: sem_check_block: ns='main'
[1;36mdebug: [0msemantic: sem_check_block: ns='main'
[1;36mdebug: [0msemantic: sem_check_block: ns='main'
[1;36mdebug: [0msemantic: sem_check_block: ns='main'
[1;36mdebug: [0msemantic: sem_check_block: ns='main'
[1;36mdebug: [0msemantic: sem_check_block: ns='main'
[1;36mdebug: [0msemantic: sem_check_block: ns='main'
[1;36mdebug: [0msemantic: sem_check_block: ns='main'
[1;36mdebug: [0msemantic: sem_check_block: ns='main'
[1;36mdebug: [0msemantic: sem_check_block: ns='main'
[1;36mdebug: [0msemantic: sem_check_block: ns='main'
[1;36mdebug: [0msemantic: sem_check_block: ns='main'
[1;36mdebug: [0msemantic: sem_check_block: ns='main'
[1;36mdebug: [0msemantic: sem_check_block: ns='main'
[1;36mdebug: [0msemantic: sem_check_block: ns='main'
[1;36mdebug: [0msemantic: sem_check_block: ns='main'
[1;36mdebug: [0msemantic: sem_check_block: ns='main'
[1;36mdebug: [0msemantic: sem_check_block: ns='main'
[1;36mdebug: [0msemantic: sem_check_block: ns='main'
[1;36mdebug: [0msemantic: sem_check_block: ns='main'
[1;36mdebug: [0msemantic: sem_check_block: ns='main'
[1;36mdebug: [0msemantic: sem_check_block: ns='main'
[1;36mdebug: [0msemantic: sem_check_block: ns='main'
[1;36mdebug: [0msemantic: sem_check_block: ns='main'
[1;36mdebug: [0msemantic: sem_check_block: ns='main'
[1;36mdebug: [0msemantic: sem_check_block: ns='main'
[1;36mdebug: [0msemantic: sem_check_block: ns='main'
[1;36mdebug: [0msemantic: sem_check_block: ns='main'
[1;36mdebug: [0msemantic: sem_check_block: ns='main'
[1;36mdebug: [0msemantic: sem_check_block: ns='main'
[1;36mdebug: [0msemantic: sem_check_block: ns='main'
[1;36mdebug: [0msemantic: sem_check_block: ns='main'
[1;36mdebug: [0msemantic: sem_check_block: ns='main'
[1;36mdebug: [0msemantic: sem_check_block: ns='main'
[1;36mdebug: [0msemantic: sem_check_block: ns='main'
[1;36mdebug: [0msemantic: sem_check_block: ns='main'
[1;36mdebug: [0msemantic: sem_check_block: ns='main'
[1;36mdebug: [0msemantic: sem_check_block: ns='main'
[1;36mdebug: [0msemantic: sem_check_block: ns='main'
[1;36mdebug: [0msemantic: sem_check_block: ns='main'
[1;36mdebug: [0msemantic: sem_check_block: ns='main'
[1;36mdebug: [0msemantic: sem_check_block: ns='main'
[1;36mdebug: [0msemantic: sem_check_block: ns='main'
[1;36mdebug: [0msemantic: sem_check_block: ns='main'
[1;36mdebug: [0msemantic: sem_check_block: ns='main'
[1;36mdebug: [0msemantic: sem_check_block: ns='main'
[1;36mdebug: [0msemantic: sem_check_block: ns='main'
[1;36mdebug: [0msemantic: sem_check_block: ns='main'
[1;36mdebug: [0msemantic: sem_check_block: ns='main'
[1;36mdebug: [0msemantic: sem_check_block: ns='main'
[1;36mdebug: [0msemantic: sem_check_block: ns='main'
[1;36mdebug: [0msemantic: sem_check_block: ns='main'
[1;36mdebug: [0msemantic: sem_check_block: ns='main'
[1;36mdebug: [0msemantic: sem_check_block: ns='main'
[1;36mdebug: [0msemantic: sem_check_block: ns='main'
[1;36mdebug: [0msemantic: sem_check_block: ns='main'
[1;36mdebug: [0msemantic: sem_check_block: ns='main'
[1;36mdebug: [0msemantic: sem_check_block: ns='main'
[1;36mdebug: [0msemantic: sem_check_block: ns='main'
[1;36mdebug: [0msemantic: sem_check_block: ns='main'
[1;36mdebug: [0msemantic: sem_check_block: ns='main'
[1;36mdebug: [0msemantic: sem_check_block: ns='main'
[1;36mdebug: [0msemantic: sem_check_block: ns='main'
[1;36mdebug: [0msemantic: sem_check_block: ns='main'
[1;36mdebug: [0msemantic: sem_check_block: ns='main'
[1;36mdebug: [0msemantic: sem_check_block: ns='main'
[1;36mdebug: [0msemantic: sem_check_block: ns='main'
[1;36mdebug: [0msemantic: sem_check_block: ns='main'
[1;36mdebug: [0msemantic: sem_check_block: ns='main'
[1;36mdebug: [0msemantic: sem_check_block: ns='main'
[1;36mdebug: [0msemantic: sem_check_block: ns='main'
[1;36mdebug: [0msemantic: sem_check_block: ns='main'
[1;36mdebug: [0msemantic: sem_check_block: ns='main'
[1;36mdebug: [0msemantic: sem_check_block: ns='main'
[1;36mdebug: [0msemantic: sem_check_block: ns='main'
[1;36mdebug: [0msemantic: sem_check_block: ns='main'
[1;36mdebug: [0msemantic: sem_check_block: ns='main'
[1;36mdebug: [0msemantic: sem_check_block: ns='main'
[1;36mdebug: [0msemantic: sem_check_block: ns='main'
[1;36mdebug: [0msemantic: sem_check_block: ns='main'
[1;36mdebug: [0msemantic: sem_check_block: ns='main'
[1;36mdebug: [0msemantic: sem_check_block: ns='main'
[1;36mdebug: [0msemantic: sem_check_block: ns='main'
[1;36mdebug: [0msemantic: sem_check_block: ns='main'
[1;36mdebug: [0msemantic: sem_check_block: ns='main'
[1;36mdebug: [0msemantic: sem_check_block: ns='main'
[1;36mdebug: [0msemantic: sem_check_block: ns='main'
[1;36mdebug: [0msemantic: sem_check_block: ns='main'
[1;36mdebug: [0msemantic: sem_check_block: ns='main'
[1;36mdebug: [0msemantic: sem_check_block: ns='main'
[1;36mdebug: [0msemantic: sem_check_block: ns='main'
[1;36mdebug: [0msemantic: sem_check_block: ns='main'
[1;36mdebug: [0msemantic: sem_check_block: ns='main'
[1;36mdebug: [0msemantic: sem_check_block: ns='main'
[1;36mdebug: [0msemantic: sem_check_block: ns='main'
[1;36mdebug: [0msemantic: sem_check_block: ns='main'
[1;36mdebug: [0msemantic: sem_check_block: ns='main'
[1;36mdebug: [0msemantic: sem_check_block: ns='main'
[1;36mdebug: [0msemantic: sem_check_block: ns='main'
[1;36mdebug: [0msemantic: sem_check_block: ns='main'
[1;36mdebug: [0msemantic: sem_check_block: ns='main'
[1;36mdebug: [0msemantic: sem_check_block: ns='main'
[1;36mdebug: [0msemantic: sem_check_block: ns='main'
[1;36mdebug: [0msemantic: sem_check_block: ns='main'
[1;36mdebug: [0msemantic: sem_check_block: ns='main'
[1;36mdebug: [0msemantic: sem_check_block: ns='main'
[1;36mdebug: [0msemantic: sem_check_block: ns='main'
[1;36mdebug: [0msemantic: sem_check_block: ns='main'
[1;36mdebug: [0msemantic: sem_check_block: ns='main'
[1;36mdebug: [0msemantic: sem_check_block: ns='main'
[1;36mdebug: [0msemantic: sem_check_block: ns='main'
[1;36mdebug: [0msemantic: sem_check_block: ns='main'
[1;36mdebug: [0msemantic: sem_check_block: ns='main'
[1;36mdebug: [0msemantic: sem_check_block: ns='main'
[1;36mdebug: [0msemantic: sem_check_block: ns='main'
[1;36mdebug: [0msemantic: sem_check_block: ns='main'
[1;36mdebug: [0msemantic: sem_check_block: ns='main'
[1;36mdebug: [0msemantic: sem_check_block: ns='main'
[1;36mdebug: [0msemantic: sem_check_block: ns='main'
[1;36mdebug: [0msemantic: sem_check_block: ns='main'
[1;36mdebug: [0msemantic: sem_check_block: ns='main'
[1;36mdebug: [0msemantic: sem_check_block: ns='main'
[1;36mdebug: [0msemantic: sem_check_block: ns='main'
[1;36mdebug: [0msemantic: sem_check_block: ns='main'
[1;36mdebug: [0msemantic: sem_check_block: ns='main'
[1;36mdebug: [0msemantic: sem_check_block: ns='main'
[1;36mdebug: [0msemantic: sem_check_block: ns='main'
[1;36mdebug: [0msemantic: sem_check_block: ns='main'
[1;36mdebug: [0msemantic: sem_check_block: ns='main'
[1;36mdebug: [0msemantic: sem_check_block: ns='main'
[1;36mdebug: [0msemantic: sem_check_block: ns='main'
[1;36mdebug: [0msemantic: sem_check_block: ns='main'
[1;36mdebug: [0msemantic: sem_check_block: ns='main'
[1;36mdebug: [0msemantic: sem_check_block: ns='main'
[1;36mdebug: [0msemantic: sem_check_block: ns='main'
[1;36mdebug: [0msemantic: sem_check_block: ns='main'
[1;36mdebug: [0msemantic: sem_check_block: ns='main'
[1;36mdebug: [0msemantic: sem_check_block: ns='main'
[1;36mdebug: [0msemantic: sem_check_block: ns='main'
[1;36mdebug: [0msemantic: sem_check_block: ns='main'
[1;36mdebug: [0msemantic: sem_check_block: ns='main'
[1;36mdebug: [0msemantic: sem_check_block: ns='main'
[1;36mdebug: [0msemantic: sem_check_block: ns='main'
[1;36mdebug: [0msemantic: sem_check_block: ns='main'
[1;36mdebug: [0msemantic: sem_check_block: ns='main'
[1;36mdebug: [0msemantic: sem_check_block: ns='main'
[1;36mdebug: [0msemantic: sem_check_block: ns='main'
[1;36mdebug: [0msemantic: sem_check_block: ns='main'
[1;36mdebug: [0msemantic: sem_check_block: ns='main'
[1;36mdebug: [0msemantic: sem_check_block: ns='main'
[1;36mdebug: [0msemantic: sem_check_block: ns='main'
[1;36mdebug: [0msemantic: sem_check_block: ns='main'
[1;36mdebug: [0msemantic: sem_check_block: ns='main'
[1;36mdebug: [0msemantic: sem_check_block: ns='main'
[1;36mdebug: [0msemantic: sem_check_block: ns='main'
[1;36mdebug: [0msemantic: sem_check_block: ns='main'
[1;36mdebug: [0msemantic: sem_check_block: ns='main'
[1;36mdebug: [0msemantic: sem_check_block: ns='main'
[1;36mdebug: [0msemantic: sem_check_block: ns='main'
[1;36mdebug: [0msemantic: sem_check_block: ns='main'
[1;36mdebug: [0msemantic: sem_check_block: ns='main'
[1;36mdebug: [0msemantic: sem_check_block: ns='main'
[1;36mdebug: [0msemantic: sem_check_block: ns='main'
[1;36mdebug: [0msemantic: sem_check_block: ns='main'
[1;36mdebug: [0msemantic: sem_check_block: ns='main'
[1;36mdebug: [0msemantic: sem_check_block: ns='main'
[1;36mdebug: [0msemantic: sem_check_block: ns='main'
[1;36mdebug: [0msemantic: sem_check_block: ns='main'
[1;36mdebug: [0msemantic: sem_check_block: ns='main'
[1;36mdebug: [0msemantic: sem_check_block: ns='main'
[1;36mdebug: [0msemantic: sem_check_block: ns='main'
[1;36mdebug: [0msemantic: sem_check_block: ns='main'
[1;36mdebug: [0msemantic: sem_check_block: ns='main'
[1;36mdebug: [0msemantic: sem_check_block: ns='main'
[1;36mdebug: [0msemantic: sem_check_block: ns='main'
[1;36mdebug: [0msemantic: sem_check_block: ns='main'
[1;36mdebug: [0msemantic: sem_check_block: ns='main'
[1;36mdebug: [0msemantic: sem_check_block: ns='main'
[1;36mdebug: [0msemantic: sem_check_block: ns='main'
[1;36mdebug: [0msemantic: sem_check_block: ns='main'
[1;36mdebug: [0msemantic: sem_check_block: ns='main'
[1;36mdebug: [0msemantic: sem_check_block: ns='main'
[1;36mdebug: [0msemantic: sem_check_block: ns='main'
[1;36mdebug: [0msemantic: sem_check_block: ns='main'
[1;36mdebug: [0msemantic: sem_check_block: ns='main'
[1;36mdebug: [0msemantic: sem_check_block: ns='main'
[1;36mdebug: [0msemantic: sem_check_block: ns='main'
[1;36mdebug: [0msemantic: sem_check_block: ns='main'
[1;36mdebug: [0msemantic: sem_check_block: ns='main'
[1;36mdebug: [0msemantic: sem_check_block: ns='main'
[1;36mdebug: [0msemantic: sem_check_block: ns='main'
[1;36mdebug: [0msemantic: sem_check_block: ns='main'
[1;36mdebug: [0msemantic: sem_check_block: ns='main'
[1;36mdebug: [0msemantic: sem_check_block: ns='main'
[1;36mdebug: [0msemantic: sem_check_block: ns='main'
[1;36mdebug: [0msemantic: sem_check_block: ns='main'
[1;36mdebug: [0msemantic: sem_check_block: ns='main'
[1;36mdebug: [0msemantic: sem_check_block: ns='main'
[1;36mdebug: [0msemantic: sem_check_block: ns='main'
[1;36mdebug: [0msemantic: sem_check_block: ns='main'
[1;36mdebug: [0msemantic: sem_check_block: ns='main'
[1;36mdebug: [0msemantic: sem_check_block: ns='main'
[1;36mdebug: [0msemantic: sem_check_block: ns='main'
[1;36mdebug: [0msemantic: sem_check_block: ns='main'
[1;36mdebug: [0msemantic: sem_check_block: ns='main'
[1;36mdebug: [0msemantic: sem_check_block: ns='main'
[1;36mdebug: [0msemantic: sem_check_block: ns='main'
[1;36mdebug: [0msemantic: sem_check_block: ns='main'
[1;36mdebug: [0msemantic: sem_check_block: ns='main'
[1;36mdebug: [0msemantic: sem_check_block: ns='main'
[1;36mdebug: [0msemantic: sem_check_block: ns='main'
[1;36mdebug: [0msemantic: sem_check_block: ns='main'
[1;36mdebug: [0msemantic: sem_check_block: ns='main'
[1;36mdebug: [0msemantic: sem_check_block: ns='main'
[1;36mdebug: [0msemantic: sem_check_block: ns='main'
[1;36mdebug: [0msemantic: sem_check_block: ns='main'
[1;36mdebug: [0msemantic: sem_check_block: ns='main'
[1;36mdebug: [0msemantic: sem_check_block: ns='main'
[1;36mdebug: [0msemantic: sem_check_block: ns='main'
[1;36mdebug: [0msemantic: sem_check_block: ns='main'
[1;36mdebug: [0msemantic: sem_check_block: ns='main'
[1;36mdebug: [0msemantic: sem_check_block: ns='main'
[1;36mdebug: [0msemantic: sem_check_block: ns='main'
[1;36mdebug: [0msemantic: sem_check_block: ns='main'
[1;36mdebug: [0msemantic: sem_check_block: ns='main'
[1;36mdebug: [0msemantic: sem_check_block: ns='main'
[1;36mdebug: [0msemantic: sem_check_block: ns='main'
[1;36mdebug: [0msemantic: sem_check_block: ns='main'
[1;36mdebug: [0msemantic: sem_check_block: ns='main'
[1;36mdebug: [0msemantic: sem_check_block: ns='main'
[1;36mdebug: [0msemantic: sem_check_block: ns='main'
[1;36mdebug: [0msemantic: sem_check_block: ns='main'
[1;36mdebug: [0msemantic: sem_check_block: ns='main'
[1;36mdebug: [0msemantic: sem_check_block: ns='main'
[1;36mdebug: [0msemantic: sem_check_block: ns='main'
[1;36mdebug: [0msemantic: sem_check_block: ns='main'
[1;36mdebug: [0msemantic: sem_check_block: ns='main'
[1;36mdebug: [0msemantic: sem_check_block: ns='main'
[1;36mdebug: [0msemantic: sem_check_block: ns='main'
[1;36mdebug: [0msemantic: sem_check_block: ns='main'
[1;36mdebug: [0msemantic: sem_check_block: ns='main'
[1;36mdebug: [0msemantic: sem_check_block: ns='main'
[1;36mdebug: [0msemantic: sem_check_block: ns='main'
[1;36mdebug: [0msemantic: sem_check_block: ns='main'
[1;36mdebug: [0msemantic: sem_check_block: ns='main'
[1;36mdebug: [0msemantic: sem_check_block: ns='main'
[1;36mdebug: [0msemantic: sem_check_block: ns='main'
[1;36mdebug: [0msemantic: sem_check_block: ns='main'
[1;36mdebug: [0msemantic: sem_check_block: ns='main'
[1;36mdebug: [0msemantic: sem_check_block: ns='main'
[1;36mdebug: [0msemantic: sem_check_block: ns='main'
[1;36mdebug: [0msemantic: sem_check_block: ns='main'
[1;36mdebug: [0msemantic: sem_check_block: ns='main'
[1;36mdebug: [0msemantic: sem_check_block: ns='main'
[1;36mdebug: [0msemantic: sem_check_block: ns='main'
[1;36mdebug: [0msemantic: sem_check_block: ns='main'
[1;36mdebug: [0msemantic: sem_check_block: ns='main'
[1;36mdebug: [0msemantic: sem_check_block: ns='main'
[1;36mdebug: [0msemantic: sem_check_block: ns='main'
[1;36mdebug: [0msemantic: sem_check_block: ns='main'
[1;36mdebug: [0msemantic: sem_check_block: ns='main'
[1;36mdebug: [0msemantic: sem_check_block: ns='main'
[1;36mdebug: [0msemantic: sem_check_block: ns='main'
[1;36mdebug: [0msemantic: sem_check_block: ns='main'
[1;36mdebug: [0msemantic: sem_check_block: ns='main'
[1;36mdebug: [0msemantic: sem_check_block: ns='main'
[1;36mdebug: [0msemantic: sem_check_block: ns='main'
[1;36mdebug: [0msemantic: sem_check_block: ns='main'
[1;36mdebug: [0msemantic: sem_check_block: ns='main'
[1;36mdebug: [0msemantic: sem_check_block: ns='main'
[1;36mdebug: [0msemantic: sem_check_block: ns='main'
[1;36mdebug: [0msemantic: sem_check_block: ns='main'
[1;36mdebug: [0msemantic: sem_check_block: ns='main'
[1;36mdebug: [0msemantic: sem_check_block: ns='main'
[1;36mdebug: [0msemantic: sem_check_block: ns='main'
[1;36mdebug: [0msemantic: sem_check_block: ns='main'
[1;36mdebug: [0msemantic: sem_check_block: ns='main'
[1;36mdebug: [0msemantic: sem_check_block: ns='main'
[1;36mdebug: [0msemantic: sem_check_block: ns='main'
[1;36mdebug: [0msemantic: sem_check_block: ns='main'
[1;36mdebug: [0msemantic: sem_check_block: ns='main'
[1;36mdebug: [0msemantic: sem_check_block: ns='main'
[1;36mdebug: [0msemantic: sem_check_block: ns='main'
[1;36mdebug: [0msemantic: sem_check_block: ns='main'
[1;36mdebug: [0msemantic: sem_check_block: ns='main'
[1;36mdebug: [0msemantic: sem_check_block: ns='main'
[1;36mdebug: [0msemantic: sem_check_block: ns='main'
[1;36mdebug: [0msemantic: sem_check_block: ns='main'
[1;36mdebug: [0msemantic: sem_check_block: ns='main'
[1;36mdebug: [0msemantic: sem_check_block: ns='main'
[1;36mdebug: [0msemantic: sem_check_block: ns='main'
[1;36mdebug: [0msemantic: sem_check_block: ns='main'
[1;36mdebug: [0msemantic: sem_check_block: ns='main'
[1;36mdebug: [0msemantic: sem_check_block: ns='main'
[1;36mdebug: [0msemantic: sem_check_block: ns='main'
[1;36mdebug: [0msemantic: sem_check_block: ns='main'
[1;36mdebug: [0msemantic: sem_check_block: ns='main'
[1;36mdebug: [0msemantic: sem_check_block: ns='main'
[1;36mdebug: [0msemantic: sem_check_block: ns='main'
[1;36mdebug: [0msemantic: sem_check_block: ns='main'
[1;36mdebug: [0msemantic: sem_check_block: ns='main'
[1;36mdebug: [0msemantic: sem_check_block: ns='main'
[1;36mdebug: [0msemantic: sem_check_block: ns='main'
[1;36mdebug: [0msemantic: sem_check_block: ns='main'
[1;36mdebug: [0msemantic: sem_check_block: ns='main'
[1;36mdebug: [0msemantic: sem_check_block: ns='main'
[1;36mdebug: [0msemantic: sem_check_block: ns='main'
[1;36mdebug: [0msemantic: sem_check_block: ns='main'
[1;36mdebug: [0msemantic: sem_check_block: ns='main'
[1;36mdebug: [0msemantic: sem_check_block: ns='main'
[1;36mdebug: [0msemantic: sem_check_block: ns='main'
[1;36mdebug: [0msemantic: sem_check_block: ns='main'
[1;36mdebug: [0msemantic: sem_check_block: ns='main'
[1;36mdebug: [0msemantic: sem_check_block: ns='main'
[1;36mdebug: [0msemantic: sem_check_block: ns='main'
[1;36mdebug: [0msemantic: sem_check_block: ns='main'
[1;36mdebug: [0msemantic: sem_check_block: ns='main'
[1;36mdebug: [0msemantic: sem_check_block: ns='main'
[1;36mdebug: [0msemantic: sem_check_block: ns='main'
[1;36mdebug: [0msemantic: sem_check_block: ns='main'
[1;36mdebug: [0msemantic: sem_check_block: ns='main'
[1;36mdebug: [0msemantic: sem_check_block: ns='main'
[1;36mdebug: [0msemantic: sem_check_block: ns='main'
[1;36mdebug: [0msemantic: sem_check_block: ns='main'
[1;36mdebug: [0msemantic: sem_check_block: ns='main'
[1;36mdebug: [0msemantic: sem_check_block: ns='main'
[1;36mdebug: [0msemantic: sem_check_block: ns='main'
[1;36mdebug: [0msemantic: sem_check_block: ns='main'
[1;36mdebug: [0msemantic: sem_check_block: ns='main'
[1;36mdebug: [0msemantic: sem_check_block: ns='main'
[1;36mdebug: [0msemantic: sem_check_block: ns='main'
[1;36mdebug: [0msemantic: sem_check_block: ns='main'
[1;36mdebug: [0msemantic: sem_check_block: ns='main'
[1;36mdebug: [0msemantic: sem_check_block: ns='main'
[1;36mdebug: [0msemantic: sem_check_block: ns='main'
[1;36mdebug: [0msemantic: sem_check_block: ns='main'
[1;36mdebug: [0msemantic: sem_check_block: ns='main'
[1;36mdebug: [0msemantic: sem_check_block: ns='main'
[1;36mdebug: [0msemantic: sem_check_block: ns='main'
[1;36mdebug: [0msemantic: sem_check_block: ns='main'
[1;36mdebug: [0msemantic: sem_check_block: ns='main'
[1;36mdebug: [0msemantic: sem_check_block: ns='main'
[1;36mdebug: [0msemantic: sem_check_block: ns='main'
[1;36mdebug: [0msemantic: sem_check_block: ns='main'
[1;36mdebug: [0msemantic: sem_check_block: ns='main'
[1;36mdebug: [0msemantic: sem_check_block: ns='main'
[1;36mdebug: [0msemantic: sem_check_block: ns='main'
[1;36mdebug: [0msemantic: sem_check_block: ns='main'
[1;36mdebug: [0msemantic: sem_check_block: ns='main'
[1;36mdebug: [0msemantic: sem_check_block: ns='main'
[1;36mdebug: [0msemantic: sem_check_block: ns='main'
[1;36mdebug: [0msemantic: sem_check_block: ns='main'
[1;36mdebug: [0msemantic: sem_check_block: ns='main'
[1;36mdebug: [0msemantic: sem_check_block: ns='main'
[1;36mdebug: [0msemantic: sem_check_block: ns='main'
[1;36mdebug: [0msemantic: sem_check_block: ns='main'
[1;36mdebug: [0msemantic: sem_check_block: ns='main'
[1;36mdebug: [0msemantic: sem_check_block: ns='main'
[1;36mdebug: [0msemantic: sem_check_block: ns='main'
[1;36mdebug: [0msemantic: sem_check_block: ns='main'
[1;36mdebug: [0msemantic: sem_check_block: ns='main'
[1;36mdebug: [0msemantic: sem_check_block: ns='main'
[1;36mdebug: [0msemantic: sem_check_block: ns='main'
[1;36mdebug: [0msemantic: sem_check_block: ns='main'
[1;36mdebug: [0msemantic: sem_check_block: ns='main'
[1;36mdebug: [0msemantic: sem_check_block: ns='main'
[1;36mdebug: [0msemantic: sem_check_block: ns='main'
[1;36mdebug: [0msemantic: sem_check_block: ns='main'
[1;36mdebug: [0msemantic: sem_check_block: ns='main'
[1;36mdebug: [0msemantic: sem_check_block: ns='main'
[1;36mdebug: [0msemantic: sem_check_block: ns='main'
[1;36mdebug: [0msemantic: sem_check_block: ns='main'
[1;36mdebug: [0msemantic: sem_check_block: ns='main'
[1;36mdebug: [0msemantic: sem_check_block: ns='main'
[1;36mdebug: [0msemantic: sem_check_block: ns='main'
[1;36mdebug: [0msemantic: sem_check_block: ns='main'
[1;36mdebug: [0msemantic: sem_check_block: ns='main'
[1;36mdebug: [0msemantic: sem_check_block: ns='main'
[1;36mdebug: [0msemantic: sem_check_block: ns='main'
[1;36mdebug: [0msemantic: sem_check_block: ns='main'
[1;36mdebug: [0msemantic: sem_check_block: ns='main'
[1;36mdebug: [0msemantic: sem_check_block: ns='main'
[1;36mdebug: [0msemantic: sem_check_block: ns='main'
[1;36mdebug: [0msemantic: sem_check_block: ns='main'
[1;36mdebug: [0msemantic: sem_check_block: ns='main'
[1;36mdebug: [0msemantic: sem_check_block: ns='main'
[1;36mdebug: [0msemantic: sem_check_block: ns='main'
[1;36mdebug: [0msemantic: sem_check_block: ns='main'
[1;36mdebug: [0msemantic: sem_check_block: ns='main'
[1;36mdebug: [0msemantic: sem_check_block: ns='main'
[1;36mdebug: [0msemantic: sem_check_block: ns='main'
[1;36mdebug: [0msemantic: sem_check_block: ns='main'
[1;36mdebug: [0msemantic: sem_check_block: ns='main'
[1;36mdebug: [0msemantic: sem_check_block: ns='main'
[1;36mdebug: [0msemantic: sem_check_block: ns='main'
[1;36mdebug: [0msemantic: sem_check_block: ns='main'
[1;36mdebug: [0msemantic: sem_check_block: ns='main'
[1;36mdebug: [0msemantic: sem_check_block: ns='main'
[1;36mdebug: [0msemantic: sem_check_block: ns='main'
[1;36mdebug: [0msemantic: sem_check_block: ns='main'
[1;36mdebug: [0msemantic: sem_check_block: ns='main'
[1;36mdebug: [0msemantic: sem_check_block: ns='main'
[1;36mdebug: [0msemantic: sem_check_block: ns='main'
[1;36mdebug: [0msemantic: sem_check_block: ns='main'
[1;36mdebug: [0msemantic: sem_check_block: ns='main'
[1;36mdebug: [0msemantic: sem_check_block: ns='main'
[1;36mdebug: [0msemantic: sem_check_block: ns='main'
[1;36mdebug: [0msemantic: sem_check_block: ns='main'
[1;36mdebug: [0msemantic: sem_check_block: ns='main'
[1;36mdebug: [0msemantic: sem_check_block: ns='main'
[1;36mdebug: [0msemantic: sem_check_block: ns='main'
[1;36mdebug: [0msemantic: sem_check_block: ns='main'
[1;36mdebug: [0msemantic: sem_check_block: ns='main'
[1;36mdebug: [0msemantic: sem_check_block: ns='main'
[1;36mdebug: [0msemantic: sem_check_block: ns='main'
[1;36mdebug: [0msemantic: sem_check_block: ns='main'
[1;36mdebug: [0msemantic: sem_check_block: ns='main'
[1;36mdebug: [0msemantic: sem_check_block: ns='main'
[1;36mdebug: [0msemantic: sem_check_block: ns='main'
[1;36mdebug: [0msemantic: sem_check_block: ns='main'
[1;36mdebug: [0msemantic: sem_check_block: ns='main'
[1;36mdebug: [0msemantic: sem_check_block: ns='main'
[1;36mdebug: [0msemantic: sem_check_block: ns='main'
[1;36mdebug: [0msemantic: sem_check_block: ns='main'
[1;36mdebug: [0msemantic: sem_check_block: ns='main'
[1;36mdebug: [0msemantic: sem_check_block: ns='main'
[1;36mdebug: [0msemantic: sem_check_block: ns='main'
[1;36mdebug: [0msemantic: sem_check_block: ns='main'
[1;36mdebug: [0msemantic: sem_check_block: ns='main'
[1;36mdebug: [0msemantic: sem_check_block: ns='main'
[1;36mdebug: [0msemantic: sem_check_block: ns='main'
[1;36mdebug: [0msemantic: sem_check_block: ns='main'
[1;36mdebug: [0msemantic: sem_check_block: ns='main'
[1;36mdebug: [0msemantic: sem_check_block: ns='main'
[1;36mdebug: [0msemantic: sem_check_block: ns='main'
[1;36mdebug: [0msemantic: sem_check_block: ns='main'
[1;36mdebug: [0msemantic: sem_check_block: ns='main'
[1;36mdebug: [0msemantic: sem_check_block: ns='main'
[1;36mdebug: [0msemantic: sem_check_block: ns='main'
[1;36mdebug: [0msemantic: sem_check_block: ns='main'
[1;36mdebug: [0msemantic: sem_check_block: ns='main'
[1;36mdebug: [0msemantic: sem_check_block: ns='main'
[1;36mdebug: [0msemantic: sem_check_block: ns='main'
[1;36mdebug: [0msemantic: sem_check_block: ns='main'
[1;36mdebug: [0msemantic: sem_check_block: ns='main'
[1;36mdebug: [0msemantic: sem_check_block: ns='main'
[1;36mdebug: [0msemantic: sem_check_block: ns='main'
[1;36mdebug: [0msemantic: sem_check_block: ns='main'
[1;36mdebug: [0msemantic: sem_check_block: ns='main'
[1;36mdebug: [0msemantic: sem_check_block: ns='main'
[1;36mdebug: [0msemantic: sem_check_block: ns='main'
[1;36mdebug: [0msemantic: sem_check_block: ns='main'
[1;36mdebug: [0msemantic: sem_check_block: ns='main'
[1;36mdebug: [0msemantic: sem_check_block: ns='main'
[1;36mdebug: [0msemantic: sem_check_block: ns='main'
[1;36mdebug: [0msemantic: sem_check_block: ns='main'
[1;36mdebug: [0msemantic: sem_check_block: ns='main'
[1;36mdebug: [0msemantic: sem_check_block: ns='main'
[1;36mdebug: [0msemantic: sem_check_block: ns='main'
[1;36mdebug: [0msemantic: sem_check_block: ns='main'
[1;36mdebug: [0msemantic: sem_check_block: ns='main'
[1;36mdebug: [0msemantic: sem_check_block: ns='main'
[1;36mdebug: [0msemantic: sem_check_block: ns='main'
[1;36mdebug: [0msemantic: sem_check_block: ns='main'
[1;36mdebug: [0msemantic: sem_check_block: ns='main'
[1;36mdebug: [0msemantic: sem_check_block: ns='main'
[1;36mdebug: [0msemantic: sem_check_block: ns='main'
[1;36mdebug: [0msemantic: sem_check_block: ns='main'
[1;36mdebug: [0msemantic: sem_check_block: ns='main'
[1;36mdebug: [0msemantic: sem_check_block: ns='main'
[1;36mdebug: [0msemantic: sem_check_block: ns='main'
[1;36mdebug: [0msemantic: sem_check_block: ns='main'
[1;36mdebug: [0msemantic: sem_check_block: ns='main'
[1;36mdebug: [0msemantic: sem_check_block: ns='main'
[1;36mdebug: [0msemantic: sem_check_block: ns='main'
[1;36mdebug: [0msemantic: sem_check_block: ns='main'
[1;36mdebug: [0msemantic: sem_check_block: ns='main'
[1;36mdebug: [0msemantic: sem_check_block: ns='main'
[1;36mdebug: [0msemantic: sem_check_block: ns='main'
[1;36mdebug: [0msemantic: sem_check_block: ns='main'
[1;36mdebug: [0msemantic: sem_check_block: ns='main'
[1;36mdebug: [0msemantic: sem_check_block: ns='main'
[1;36mdebug: [0msemantic: sem_check_block: ns='main'
[1;36mdebug: [0msemantic: sem_check_block: ns='main'
[1;36mdebug: [0msemantic: sem_check_block: ns='main'
[1;36mdebug: [0msemantic: sem_check_block: ns='main'
[1;36mdebug: [0msemantic: sem_check_block: ns='main'
[1;36mdebug: [0msemantic: sem_check_block: ns='main'
[1;36mdebug: [0msemantic: sem_check_block: ns='main'
[1;36mdebug: [0msemantic: sem_check_block: ns='main'
[1;36mdebug: [0msemantic: sem_check_block: ns='main'
[1;36mdebug: [0msemantic: sem_check_block: ns='main'
[1;36mdebug: [0msemantic: sem_check_block: ns='main'
[1;36mdebug: [0msemantic: sem_check_block: ns='main'
[1;36mdebug: [0msemantic: sem_check_block: ns='main'
[1;36mdebug: [0msemantic: sem_check_block: ns='main'
[1;36mdebug: [0msemantic: sem_check_block: ns='main'
[1;36mdebug: [0msemantic: sem_check_block: ns='main'
[1;36mdebug: [0msemantic: sem_check_block: ns='main'
[1;36mdebug: [0msemantic: sem_check_block: ns='main'
[1;36mdebug: [0msemantic: sem_check_block: ns='main'
[1;36mdebug: [0msemantic: sem_check_block: ns='main'
[1;36mdebug: [0msemantic: sem_check_block: ns='main'
[1;36mdebug: [0msemantic: sem_check_block: ns='main'
[1;36mdebug: [0msemantic: sem_check_block: ns='main'
[1;36mdebug: [0msemantic: sem_check_block: ns='main'
[1;36mdebug: [0msemantic: sem_check_block: ns='main'
[1;36mdebug: [0msemantic: sem_check_block: ns='main'
[1;36mdebug: [0msemantic: sem_check_block: ns='main'
[1;36mdebug: [0msemantic: sem_check_block: ns='main'
[1;36mdebug: [0msemantic: sem_check_block: ns='main'
[1;36mdebug: [0msemantic: sem_check_block: ns='main'
[1;36mdebug: [0msemantic: sem_check_block: ns='main'
[1;36mdebug: [0msemantic: sem_check_block: ns='main'
[1;36mdebug: [0msemantic: sem_check_block: ns='main'
[1;36mdebug: [0msemantic: sem_check_block: ns='main'
[1;36mdebug: [0msemantic: sem_check_block: ns='main'
[1;36mdebug: [0msemantic: sem_check_block: ns='main'
[1;36mdebug: [0msemantic: sem_check_block: ns='main'
[1;36mdebug: [0msemantic: sem_check_block: ns='main'
[1;36mdebug: [0msemantic: sem_check_block: ns='main'
[1;36mdebug: [0msemantic: sem_check_block: ns='main'
[1;36mdebug: [0msemantic: sem_check_block: ns='main'
[1;36mdebug: [0msemantic: sem_check_block: ns='main'
[1;36mdebug: [0msemantic: sem_check_block: ns='main'
[1;36mdebug: [0msemantic: sem_check_block: ns='main'
[1;36mdebug: [0msemantic: sem_check_block: ns='main'
[1;36mdebug: [0msemantic: sem_check_block: ns='main'
[1;36mdebug: [0msemantic: sem_check_block: ns='main'
[1;36mdebug: [0msemantic: sem_check_block: ns='main'
[1;36mdebug: [0msemantic: sem_check_block: ns='main'
[1;36mdebug: [0msemantic: sem_check_block: ns='main'
[1;36mdebug: [0msemantic: sem_check_block: ns='main'
[1;36mdebug: [0msemantic: sem_check_block: ns='main'
[1;36mdebug: [0msemantic: sem_check_block: ns='main'
[1;36mdebug: [0msemantic: sem_check_block: ns='main'
[1;36mdebug: [0msemantic: sem_check_block: ns='main'
[1;36mdebug: [0msemantic: sem_check_block: ns='main'
[1;36mdebug: [0msemantic: sem_check_block: ns='main'
[1;36mdebug: [0msemantic: sem_check_block: ns='main'
[1;36mdebug: [0msemantic: sem_check_block: ns='main'
[1;36mdebug: [0msemantic: sem_check_block: ns='main'
[1;36mdebug: [0msemantic: sem_check_block: ns='main'
[1;36mdebug: [0msemantic: sem_check_block: ns='main'
[1;36mdebug: [0msemantic: sem_check_block: ns='main'
[1;36mdebug: [0msemantic: sem_check_block: ns='main'
[1;36mdebug: [0msemantic: sem_check_block: ns='main'
[1;36mdebug: [0msemantic: sem_check_block: ns='main'
[1;36mdebug: [0msemantic: sem_check_block: ns='main'
[1;36mdebug: [0msemantic: sem_check_block: ns='main'
[1;36mdebug: [0msemantic: sem_check_block: ns='main'
[1;36mdebug: [0msemantic: sem_check_block: ns='main'
[1;36mdebug: [0msemantic: sem_check_block: ns='main'
[1;36mdebug: [0msemantic: sem_check_block: ns='main'
[1;36mdebug: [0msemantic: sem_check_block: ns='main'
[1;36mdebug: [0msemantic: sem_check_block: ns='main'
[1;36mdebug: [0msemantic: sem_check_block: ns='main'
[1;36mdebug: [0msemantic: sem_check_block: ns='main'
[1;36mdebug: [0msemantic: sem_check_block: ns='main'
[1;36mdebug: [0msemantic: sem_check_block: ns='main'
[1;36mdebug: [0msemantic: sem_check_block: ns='main'
[1;36mdebug: [0msemantic: sem_check_block: ns='main'
[1;36mdebug: [0msemantic: sem_check_block: ns='main'
[1;36mdebug: [0msemantic: sem_check_block: ns='main'
[1;36mdebug: [0msemantic: sem_check_block: ns='main'
[1;36mdebug: [0msemantic: sem_check_block: ns='main'
[1;36mdebug: [0msemantic: sem_check_block: ns='main'
[1;36mdebug: [0msemantic: sem_check_block: ns='main'
[1;36mdebug: [0msemantic: sem_check_block: ns='main'
[1;36mdebug: [0msemantic: sem_check_block: ns='main'
[1;36mdebug: [0msemantic: sem_check_block: ns='main'
[1;36mdebug: [0msemantic: sem_check_block: ns='main'
[1;36mdebug: [0msemantic: sem_check_block: ns='main'
[1;36mdebug: [0msemantic: sem_check_block: ns='main'
[1;36mdebug: [0msemantic: sem_check_block: ns='main'
[1;36mdebug: [0msemantic: sem_check_block: ns='main'
[1;36mdebug: [0msemantic: sem_check_block: ns='main'
[1;36mdebug: [0msemantic: sem_check_block: ns='main'
[1;36mdebug: [0msemantic: sem_check_block: ns='main'
[1;36mdebug: [0msemantic: sem_check_block: ns='main'
[1;36mdebug: [0msemantic: sem_check_block: ns='main'
[1;36mdebug: [0msemantic: sem_check_block: ns='main'
[1;36mdebug: [0msemantic: sem_check_block: ns='main'
[1;36mdebug: [0msemantic: sem_check_block: ns='main'
[1;36mdebug: [0msemantic: sem_check_block: ns='main'
[1;36mdebug: [0msemantic: sem_check_block: ns='main'
[1;36mdebug: [0msemantic: sem_check_block: ns='main'
[1;36mdebug: [0msemantic: sem_check_block: ns='main'
[1;36mdebug: [0msemantic: sem_check_block: ns='main'
[1;36mdebug: [0msemantic: sem_check_block: ns='main'
[1;36mdebug: [0msemantic: sem_check_block: ns='main'
[1;36mdebug: [0msemantic: sem_check_block: ns='main'
[1;36mdebug: [0msemantic: sem_check_block: ns='main'
[1;36mdebug: [0msemantic: sem_check_block: ns='main'
[1;36mdebug: [0msemantic: sem_check_block: ns='main'
[1;36mdebug: [0msemantic: sem_check_block: ns='main'
[1;36mdebug: [0msemantic: sem_check_block: ns='main'
[1;36mdebug: [0msemantic: sem_check_block: ns='main'
[1;36mdebug: [0msemantic: sem_check_block: ns='main'
[1;36mdebug: [0msemantic: sem_check_block: ns='main'
[1;36mdebug: [0msemantic: sem_check_block: ns='main'
[1;36mdebug: [0msemantic: sem_check_block: ns='main'
[1;36mdebug: [0msemantic: sem_check_block: ns='main'
[1;36mdebug: [0msemantic: sem_check_block: ns='main'
[1;36mdebug: [0msemantic: sem_check_block: ns='main'
[1;36mdebug: [0msemantic: sem_check_block: ns='main'
[1;36mdebug: [0msemantic: sem_check_block: ns='main'
[1;36mdebug: [0msemantic: sem_check_block: ns='main'
[1;36mdebug: [0msemantic: sem_check_block: ns='main'
[1;36mdebug: [0msemantic: sem_check_block: ns='main'
[1;36mdebug: [0msemantic: sem_check_block: ns='main'
[1;36mdebug: [0msemantic: sem_check_block: ns='main'
[1;36mdebug: [0msemantic: sem_check_block: ns='main'
[1;36mdebug: [0msemantic: sem_check_block: ns='main'
[1;36mdebug: [0msemantic: sem_check_block: ns='main'
[1;36mdebug: [0msemantic: sem_check_block: ns='main'
[1;36mdebug: [0msemantic: sem_check_block: ns='main'
[1;36mdebug: [0msemantic: sem_check_block: ns='main'
[1;36mdebug: [0msemantic: sem_check_block: ns='main'
[1;36mdebug: [0msemantic: sem_check_block: ns='main'
[1;36mdebug: [0msemantic: sem_check_block: ns='main'
[1;36mdebug: [0msemantic: sem_check_block: ns='main'
[1;36mdebug: [0msemantic: sem_check_block: ns='main'
[1;36mdebug: [0msemantic: sem_check_block: ns='main'
[1;36mdebug: [0msemantic: sem_check_block: ns='main'
[1;36mdebug: [0msemantic: sem_check_block: ns='main'
[1;36mdebug: [0msemantic: sem_check_block: ns='main'
[1;36mdebug: [0msemantic: sem_check_block: ns='main'
[1;36mdebug: [0msemantic: sem_check_block: ns='main'
[1;36mdebug: [0msemantic: sem_check_block: ns='main'
[1;36mdebug: [0msemantic: sem_check_block: ns='main'
[1;36mdebug: [0msemantic: sem_check_block: ns='main'
[1;36mdebug: [0msemantic: sem_check_block: ns='main'
[1;36mdebug: [0msemantic: sem_check_block: ns='main'
[1;36mdebug: [0msemantic: sem_check_block: ns='main'
[1;36mdebug: [0msemantic: sem_check_block: ns='main'
[1;36mdebug: [0msemantic: sem_check_block: ns='main'
[1;36mdebug: [0msemantic: sem_check_block: ns='main'
[1;36mdebug: [0msemantic: sem_check_block: ns='main'
[1;36mdebug: [0msemantic: sem_check_block: ns='main'
[1;36mdebug: [0msemantic: sem_check_block: ns='main'
[1;36mdebug: [0msemantic: sem_check_block: ns='main'
[1;36mdebug: [0msemantic: sem_check_block: ns='main'
[1;36mdebug: [0msemantic: sem_check_block: ns='main'
[1;36mdebug: [0msemantic: sem_check_block: ns='main'
[1;36mdebug: [0msemantic: sem_check_block: ns='main'
[1;36mdebug: [0msemantic: sem_check_block: ns='main'
[1;36mdebug: [0msemantic: sem_check_block: ns='main'
[1;36mdebug: [0msemantic: sem_check_block: ns='main'
[1;36mdebug: [0msemantic: sem_check_block: ns='main'
[1;36mdebug: [0msemantic: sem_check_block: ns='main'
[1;36mdebug: [0msemantic: sem_check_block: ns='main'
[1;36mdebug: [0msemantic: sem_check_block: ns='main'
[1;36mdebug: [0msemantic: sem_check_block: ns='main'
[1;36mdebug: [0msemantic: sem_check_block: ns='main'
[1;36mdebug: [0msemantic: sem_check_block: ns='main'
[1;36mdebug: [0msemantic: sem_check_block: ns='main'
[1;36mdebug: [0msemantic: sem_check_block: ns='main'
[1;36mdebug: [0msemantic: sem_check_block: ns='main'
[1;36mdebug: [0msemantic: sem_check_block: ns='main'
[1;36mdebug: [0msemantic: sem_check_block: ns='main'
[1;36mdebug: [0msemantic: sem_check_block: ns='main'
[1;36mdebug: [0msemantic: sem_check_block: ns='main'
[1;36mdebug: [0msemantic: sem_check_block: ns='main'
[1;36mdebug: [0msemantic: sem_check_block: ns='main'
[1;36mdebug: [0msemantic: sem_check_block: ns='main'
[1;36mdebug: [0msemantic: sem_check_block: ns='main'
[1;36mdebug: [0msemantic: sem_check_block: ns='main'
[1;36mdebug: [0msemantic: sem_check_block: ns='main'
[1;36mdebug: [0msemantic: sem_check_block: ns='main'
[1;36mdebug: [0msemantic: sem_check_block: ns='main'
[1;36mdebug: [0msemantic: sem_check_block: ns='main'
[1;36mdebug: [0msemantic: sem_check_block: ns='main'
[1;36mdebug: [0msemantic: sem_check_block: ns='main'
[1;36mdebug: [0msemantic: sem_check_block: ns='main'
[1;36mdebug: [0msemantic: sem_check_block: ns='main'
[1;36mdebug: [0msemantic: sem_check_block: ns='main'
[1;36mdebug: [0msemantic: sem_check_block: ns='main'
[1;36mdebug: [0msemantic: sem_check_block: ns='main'
[1;36mdebug: [0msemantic: sem_check_block: ns='main'
[1;36mdebug: [0msemantic: sem_check_block: ns='main'
[1;36mdebug: [0msemantic: sem_check_block: ns='main'
[1;36mdebug: [0msemantic: sem_check_block: ns='main'
[1;36mdebug: [0msemantic: sem_check_block: ns='main'
[1;36mdebug: [0msemantic: sem_check_block: ns='main'
[1;36mdebug: [0msemantic: sem_check_block: ns='main'
[1;36mdebug: [0msemantic: sem_check_block: ns='main'
[1;36mdebug: [0msemantic: sem_check_block: ns='main'
[1;36mdebug: [0msemantic: sem_check_block: ns='main'
[1;36mdebug: [0msemantic: sem_check_block: ns='main'
[1;36mdebug: [0msemantic: sem_check_block: ns='main'
[1;36mdebug: [0msemantic: sem_check_block: ns='main'
[1;36mdebug: [0msemantic: sem_check_block: ns='main'
[1;36mdebug: [0msemantic: sem_check_block: ns='main'
[1;36mdebug: [0msemantic: sem_check_block: ns='main'
[1;36mdebug: [0msemantic: sem_check_block: ns='main'
[1;36mdebug: [0msemantic: sem_check_block: ns='main'
[1;36mdebug: [0msemantic: sem_check_block: ns='main'
[1;36mdebug: [0msemantic: sem_check_block: ns='main'
[1;36mdebug: [0msemantic: sem_check_block: ns='main'
[1;36mdebug: [0msemantic: sem_check_block: ns='main'
[1;36mdebug: [0msemantic: sem_check_block: ns='main'
[1;36mdebug: [0msemantic: sem_check_block: ns='main'
[1;36mdebug: [0msemantic: sem_check_block: ns='main'
[1;36mdebug: [0msemantic: sem_check_block: ns='main'
[1;36mdebug: [0msemantic: sem_check_block: ns='main'
[1;36mdebug: [0msemantic: sem_check_block: ns='main'
[1;36mdebug: [0msemantic: sem_check_block: ns='main'
[1;36mdebug: [0msemantic: sem_check_block: ns='main'
[1;36mdebug: [0msemantic: sem_check_block: ns='main'
[1;36mdebug: [0msemantic: sem_check_block: ns='main'
[1;36mdebug: [0msemantic: sem_check_block: ns='main'
[1;36mdebug: [0msemantic: sem_check_block: ns='main'
[1;36mdebug: [0msemantic: sem_check_block: ns='main'
[1;36mdebug: [0msemantic: sem_check_block: ns='main'
[1;36mdebug: [0msemantic: sem_check_block: ns='main'
[1;36mdebug: [0msemantic: sem_check_block: ns='main'
[1;36mdebug: [0msemantic: sem_check_block: ns='main'
[1;36mdebug: [0msemantic: sem_check_block: ns='main'
[1;36mdebug: [0msemantic: sem_check_block: ns='main'
[1;36mdebug: [0msemantic: sem_check_block: ns='main'
[1;36mdebug: [0msemantic: sem_check_block: ns='main'
[1;36mdebug: [0msemantic: sem_check_block: ns='main'
[1;36mdebug: [0msemantic: sem_check_block: ns='main'
[1;36mdebug: [0msemantic: sem_check_block: ns='main'
[1;36mdebug: [0msemantic: sem_check_block: ns='main'
[1;36mdebug: [0msemantic: sem_check_block: ns='main'
[1;36mdebug: [0msemantic: sem_check_block: ns='main'
[1;36mdebug: [0msemantic: sem_check_block: ns='main'
[1;36mdebug: [0msemantic: sem_check_block: ns='main'
[1;36mdebug: [0msemantic: sem_check_block: ns='main'
[1;36mdebug: [0msemantic: sem_check_block: ns='main'
[1;36mdebug: [0msemantic: sem_check_block: ns='main'
[1;36mdebug: [0msemantic: sem_check_block: ns='main'
[1;36mdebug: [0msemantic: sem_check_block: ns='main'
[1;36mdebug: [0msemantic: sem_check_block: ns='main'
[1;36mdebug: [0msemantic: sem_check_block: ns='main'
[1;36mdebug: [0msemantic: sem_check_block: ns='main'
[1;36mdebug: [0msemantic: sem_check_block: ns='main'
[1;36mdebug: [0msemantic: sem_check_block: ns='main'
[1;36mdebug: [0msemantic: sem_check_block: ns='main'
[1;36mdebug: [0msemantic: sem_check_block: ns='main'
[1;36mdebug: [0msemantic: sem_check_block: ns='main'
[1;36mdebug: [0msemantic: sem_check_block: ns='main'
[1;36mdebug: [0msemantic: sem_check_block: ns='main'
[1;36mdebug: [0msemantic: sem_check_block: ns='main'
[1;36mdebug: [0msemantic: sem_check_block: ns='main'
[1;36mdebug: [0msemantic: sem_check_block: ns='main'
[1;36mdebug: [0msemantic: sem_check_block: ns='main'
[1;36mdebug: [0msemantic: sem_check_block: ns='main'
[1;36mdebug: [0msemantic: sem_check_block: ns='main'
[1;36mdebug: [0msemantic: sem_check_block: ns='main'
[1;36mdebug: [0msemantic: sem_check_block: ns='main'
[1;36mdebug: [0msemantic: sem_check_block: ns='main'
[1;36mdebug: [0msemantic: sem_check_block: ns='main'
[1;36mdebug: [0msemantic: sem_check_block: ns='main'
[1;36mdebug: [0msemantic: sem_check_block: ns='main'
[1;36mdebug: [0msemantic: sem_check_block: ns='main'
[1;36mdebug: [0msemantic: sem_check_block: ns='main'
[1;36mdebug: [0msemantic: sem_check_block: ns='main'
[1;36mdebug: [0msemantic: sem_check_block: ns='main'
[1;36mdebug: [0msemantic: sem_check_block: ns='main'
[1;36mdebug: [0msemantic: sem_check_block: ns='main'
[1;36mdebug: [0msemantic: sem_check_block: ns='main'
[1;36mdebug: [0msemantic: sem_check_block: ns='main'
[1;36mdebug: [0msemantic: sem_check_block: ns='main'
[1;36mdebug: [0msemantic: sem_check_block: ns='main'
[1;36mdebug: [0msemantic: sem_check_block: ns='main'
[1;36mdebug: [0msemantic: sem_check_block: ns='main'
[1;36mdebug: [0msemantic: sem_check_block: ns='main'
[1;36mdebug: [0msemantic: sem_check_block: ns='main'
[1;36mdebug: [0msemantic: sem_check_block: ns='main'
[1;36mdebug: [0msemantic: sem_check_block: ns='main'
[1;36mdebug: [0msemantic: sem_check_block: ns='main'
[1;36mdebug: [0msemantic: sem_check_block: ns='main'
[1;36mdebug: [0msemantic: sem_check_block: ns='main'
[1;36mdebug: [0msemantic: sem_check_block: ns='main'
[1;36mdebug: [0msemantic: sem_check_block: ns='main'
[1;36mdebug: [0msemantic: sem_check_block: ns='main'
[1;36mdebug: [0msemantic: sem_check_block: ns='main'
[1;36mdebug: [0msemantic: sem_check_block: ns='main'
[1;36mdebug: [0msemantic: sem_check_block: ns='main'
[1;36mdebug: [0msemantic: sem_check_block: ns='main'
[1;36mdebug: [0msemantic: sem_check_block: ns='main'
[1;36mdebug: [0msemantic: sem_check_block: ns='main'
[1;36mdebug: [0msemantic: sem_check_block: ns='main'
[1;36mdebug: [0msemantic: sem_check_block: ns='main'
[1;36mdebug: [0msemantic: sem_check_block: ns='main'
[1;36mdebug: [0msemantic: sem_check_block: ns='main'
[1;36mdebug: [0msemantic: sem_check_block: ns='main'
[1;36mdebug: [0msemantic: sem_check_block: ns='main'
[1;36mdebug: [0msemantic: sem_check_block: ns='main'
[1;36mdebug: [0msemantic: sem_check_block: ns='main'
[1;36mdebug: [0msemantic: sem_check_block: ns='main'
[1;36mdebug: [0msemantic: sem_check_block: ns='main'
[1;36mdebug: [0msemantic: sem_check_block: ns='main'
[1;36mdebug: [0msemantic: sem_check_block: ns='main'
[1;36mdebug: [0msemantic: sem_check_block: ns='main'
[1;36mdebug: [0msemantic: sem_check_block: ns='main'
[1;36mdebug: [0msemantic: sem_check_block: ns='main'
[1;36mdebug: [0msemantic: sem_check_block: ns='main'
[1;36mdebug: [0msemantic: sem_check_block: ns='main'
[1;36mdebug: [0msemantic: sem_check_block: ns='main'
[1;36mdebug: [0msemantic: sem_check_block: ns='main'
[1;36mdebug: [0msemantic: sem_check_block: ns='main'
[1;36mdebug: [0msemantic: sem_check_block: ns='main'
[1;36mdebug: [0msemantic: sem_check_block: ns='main'
[1;36mdebug: [0msemantic: sem_check_block: ns='main'
[1;36mdebug: [0msemantic: sem_check_block: ns='main'
[1;36mdebug: [0msemantic: sem_check_block: ns='main'
[1;36mdebug: [0msemantic: sem_check_block: ns='main'
[1;36mdebug: [0msemantic: sem_check_block: ns='main'
[1;36mdebug: [0msemantic: sem_check_block: ns='main'
[1;36mdebug: [0msemantic: sem_check_block: ns='main'
[1;36mdebug: [0msemantic: sem_check_block: ns='main'
[1;36mdebug: [0msemantic: sem_check_block: ns='main'
[1;36mdebug: [0msemantic: sem_check_block: ns='main'
[1;36mdebug: [0msemantic: sem_check_block: ns='main'
[1;36mdebug: [0msemantic: sem_check_block: ns='main'
[1;36mdebug: [0msemantic: sem_check_block: ns='main'
[1;36mdebug: [0msemantic: sem_check_block: ns='main'
[1;36mdebug: [0msemantic: sem_check_block: ns='main'
[1;36mdebug: [0msemantic: sem_check_block: ns='main'
[1;36mdebug: [0msemantic: sem_check_block: ns='main'
[1;36mdebug: [0msemantic: sem_check_block: ns='main'
[1;36mdebug: [0msemantic: sem_check_block: ns='main'
[1;36mdebug: [0msemantic: sem_check_block: ns='main'
[1;36mdebug: [0msemantic: sem_check_block: ns='main'
[1;36mdebug: [0msemantic: sem_check_block: ns='main'
[1;36mdebug: [0msemantic: sem_check_block: ns='main'
[1;36mdebug: [0msemantic: sem_check_block: ns='main'
[1;36mdebug: [0msemantic: sem_check_block: ns='main'
[1;36mdebug: [0msemantic: sem_check_block: ns='main'
[1;36mdebug: [0msemantic: sem_check_block: ns='main'
[1;36mdebug: [0msemantic: sem_check_block: ns='main'
[1;36mdebug: [0msemantic: sem_check_block: ns='main'
[1;36mdebug: [0msemantic: sem_check_block: ns='main'
[1;36mdebug: [0msemantic: sem_check_block: ns='main'
[1;36mdebug: [0msemantic: sem_check_block: ns='main'
[1;36mdebug: [0msemantic: sem_check_block: ns='main'
[1;36mdebug: [0msemantic: sem_check_block: ns='main'
[1;36mdebug: [0msemantic: sem_check_block: ns='main'
[1;36mdebug: [0msemantic: sem_check_block: ns='main'
[1;36mdebug: [0msemantic: sem_check_block: ns='main'
[1;36mdebug: [0msemantic: sem_check_block: ns='main'
[1;36mdebug: [0msemantic: sem_check_block: ns='main'
[1;36mdebug: [0msemantic: sem_check_block: ns='main'
[1;36mdebug: [0msemantic: sem_check_block: ns='main'
[1;36mdebug: [0msemantic: sem_check_block: ns='main'
[1;36mdebug: [0msemantic: sem_check_block: ns='main'
[1;36mdebug: [0msemantic: sem_check_block: ns='main'
[1;36mdebug: [0msemantic: sem_check_block: ns='main'
[1;36mdebug: [0msemantic: sem_check_block: ns='main'
[1;36mdebug: [0msemantic: sem_check_block: ns='main'
[1;36mdebug: [0msemantic: sem_check_block: ns='main'
[1;36mdebug: [0msemantic: sem_check_block: ns='main'
[1;36mdebug: [0msemantic: sem_check_block: ns='main'
[1;36mdebug: [0msemantic: sem_check_block: ns='main'
[1;36mdebug: [0msemantic: sem_check_block: ns='main'
[1;36mdebug: [0msemantic: sem_check_block: ns='main'
[1;36mdebug: [0msemantic: sem_check_block: ns='main'
[1;36mdebug: [0msemantic: sem_check_block: ns='main'
[1;36mdebug: [0msemantic: sem_check_block: ns='main'
[1;36mdebug: [0msemantic: sem_check_block: ns='main'
[1;36mdebug: [0msemantic: sem_check_block: ns='main'
[1;36mdebug: [0msemantic: sem_check_block: ns='main'
[1;36mdebug: [0msemantic: sem_check_block: ns='main'
[1;36mdebug: [0msemantic: sem_check_block: ns='main'
[1;36mdebug: [0msemantic: sem_check_block: ns='main'
[1;36mdebug: [0msemantic: sem_check_block: ns='main'
[1;36mdebug: [0msemantic: sem_check_block: ns='main'
[1;36mdebug: [0msemantic: sem_check_block: ns='main'
[1;36mdebug: [0msemantic: sem_check_block: ns='main'
[1;36mdebug: [0msemantic: sem_check_block: ns='main'
[1;36mdebug: [0msemantic: sem_check_block: ns='main'
[1;36mdebug: [0msemantic: sem_check_block: ns='main'
[1;36mdebug: [0msemantic: sem_check_block: ns='main'
[1;36mdebug: [0msemantic: sem_check_block: ns='main'
[1;36mdebug: [0msemantic: sem_check_block: ns='main'
[1;36mdebug: [0msemantic: sem_check_block: ns='main'
[1;36mdebug: [0msemantic: sem_check_block: ns='main'
[1;36mdebug: [0msemantic: sem_check_block: ns='main'
[1;36mdebug: [0msemantic: sem_check_block: ns='main'
[1;36mdebug: [0msemantic: sem_check_block: ns='main'
[1;36mdebug: [0msemantic: sem_check_block: ns='main'
[1;36mdebug: [0msemantic: sem_check_block: ns='main'
[1;36mdebug: [0msemantic: sem_check_block: ns='main'
[1;36mdebug: [0msemantic: sem_check_block: ns='main'
[1;36mdebug: [0msemantic: sem_check_block: ns='main'
[1;36mdebug: [0msemantic: sem_check_block: ns='main'
[1;36mdebug: [0msemantic: sem_check_block: ns='main'
[1;36mdebug: [0msemantic: sem_check_block: ns='main'
[1;36mdebug: [0msemantic: sem_check_block: ns='main'
[1;36mdebug: [0msemantic: sem_check_block: ns='main'
[1;36mdebug: [0msemantic: sem_check_block: ns='main'
[1;36mdebug: [0msemantic: sem_check_block: ns='main'
[1;36mdebug: [0msemantic: sem_check_block: ns='main'
[1;36mdebug: [0msemantic: sem_check_block: ns='main'
[1;36mdebug: [0msemantic: sem_check_block: ns='main'
[1;36mdebug: [0msemantic: sem_check_block: ns='main'
[1;36mdebug: [0msemantic: sem_check_block: ns='main'
[1;36mdebug: [0msemantic: sem_check_block: ns='main'
[1;36mdebug: [0msemantic: sem_check_block: ns='main'
[1;36mdebug: [0msemantic: sem_check_block: ns='main'
[1;36mdebug: [0msemantic: sem_check_block: ns='main'
[1;36mdebug: [0msemantic: sem_check_block: ns='main'
[1;36mdebug: [0msemantic: sem_check_block: ns='main'
[1;36mdebug: [0msemantic: sem_check_block: ns='main'
[1;36mdebug: [0msemantic: sem_check_block: ns='main'
[1;36mdebug: [0msemantic: sem_check_block: ns='main'
[1;36mdebug: [0msemantic: sem_check_block: ns='main'
[1;36mdebug: [0msemantic: sem_check_block: ns='main'
[1;36mdebug: [0msemantic: sem_check_block: ns='main'
[1;36mdebug: [0msemantic: sem_check_block: ns='main'
[1;36mdebug: [0msemantic: sem_check_block: ns='main'
[1;36mdebug: [0msemantic: sem_check_block: ns='main'
[1;36mdebug: [0msemantic: sem_check_block: ns='main'
[1;36mdebug: [0msemantic: sem_check_block: ns='main'
[1;36mdebug: [0msemantic: sem_check_block: ns='main'
[1;36mdebug: [0msemantic: sem_check_block: ns='main'
[1;36mdebug: [0msemantic: sem_check_block: ns='main'
[1;36mdebug: [0msemantic: sem_check_block: ns='main'
[1;36mdebug: [0msemantic: sem_check_block: ns='main'
[1;36mdebug: [0msemantic: sem_check_block: ns='main'
[1;36mdebug: [0msemantic: sem_check_block: ns='main'
[1;36mdebug: [0msemantic: sem_check_block: ns='main'
[1;36mdebug: [0msemantic: sem_check_block: ns='main'
[1;36mdebug: [0msemantic: sem_check_block: ns='main'
[1;36mdebug: [0msemantic: sem_check_block: ns='main'
[1;36mdebug: [0msemantic: sem_check_block: ns='main'
[1;36mdebug: [0msemantic: sem_check_block: ns='main'
[1;36mdebug: [0msemantic: sem_check_block: ns='main'
[1;36mdebug: [0msemantic: sem_check_block: ns='main'
[1;36mdebug: [0msemantic: sem_check_block: ns='main'
[1;36mdebug: [0msemantic: sem_check_block: ns='main'
[1;36mdebug: [0msemantic: sem_check_block: ns='main'
[1;36mdebug: [0msemantic: sem_check_block: ns='main'
[1;36mdebug: [0msemantic: sem_check_block: ns='main'
[1;36mdebug: [0msemantic: sem_check_block: ns='main'
[1;36mdebug: [0msemantic: sem_check_block: ns='main'
[1;36mdebug: [0msemantic: sem_check_block: ns='main'
[1;36mdebug: [0msemantic: sem_check_block: ns='main'
[1;36mdebug: [0msemantic: sem_check_block: ns='main'
[1;36mdebug: [0msemantic: sem_check_block: ns='main'
[1;36mdebug: [0msemantic: sem_check_block: ns='main'
[1;36mdebug: [0msemantic: sem_check_block: ns='main'
[1;36mdebug: [0msemantic: sem_check_block: ns='main'
[1;36mdebug: [0msemantic: sem_check_block: ns='main'
[1;36mdebug: [0msemantic: sem_check_block: ns='main'
[1;36mdebug: [0msemantic: sem_check_block: ns='main'
[1;36mdebug: [0msemantic: sem_check_block: ns='main'
[1;36mdebug: [0msemantic: sem_check_block: ns='main'
[1;36mdebug: [0msemantic: sem_check_block: ns='main'
[1;36mdebug: [0msemantic: sem_check_block: ns='main'
[1;36mdebug: [0msemantic: sem_check_block: ns='main'
[1;36mdebug: [0msemantic: sem_check_block: ns='main'
[1;36mdebug: [0msemantic: sem_check_block: ns='main'
[1;36mdebug: [0msemantic: sem_check_block: ns='main'
[1;36mdebug: [0msemantic: sem_check_block: ns='main'
[1;36mdebug: [0msemantic: sem_check_block: ns='main'
[1;36mdebug: [0msemantic: sem_check_block: ns='main'
[1;36mdebug: [0msemantic: sem_check_block: ns='main'
[1;36mdebug: [0msemantic: sem_check_block: ns='main'
[1;36mdebug: [0msemantic: sem_check_block: ns='main'
[1;36mdebug: [0msemantic: sem_check_block: ns='main'
[1;36mdebug: [0msemantic: sem_check_block: ns='main'
[1;36mdebug: [0msemantic: sem_check_block: ns='main'
[1;36mdebug: [0msemantic: sem_check_block: ns='main'
[1;36mdebug: [0msemantic: sem_check_block: ns='main'
[1;36mdebug: [0msemantic: sem_check_block: ns='main'
[1;36mdebug: [0msemantic: sem_check_block: ns='main'
[1;36mdebug: [0msemantic: sem_check_block: ns='main'
[1;36mdebug: [0msemantic: sem_check_block: ns='main'
[1;36mdebug: [0msemantic: sem_check_block: ns='main'
[1;36mdebug: [0msemantic: sem_check_block: ns='main'
[1;36mdebug: [0msemantic: sem_check_block: ns='main'
[1;36mdebug: [0msemantic: sem_check_block: ns='main'
[1;36mdebug: [0msemantic: sem_check_block: ns='main'
[1;36mdebug: [0msemantic: sem_check_block: ns='main'
[1;36mdebug: [0msemantic: sem_check_block: ns='main'
[1;36mdebug: [0msemantic: sem_check_block: ns='main'
[1;36mdebug: [0msemantic: sem_check_block: ns='main'
[1;36mdebug: [0msemantic: sem_check_block: ns='main'
[1;36mdebug: [0msemantic: sem_check_block: ns='main'
[1;36mdebug: [0msemantic: sem_check_block: ns='main'
[1;36mdebug: [0msemantic: sem_check_block: ns='main'
[1;36mdebug: [0msemantic: sem_check_block: ns='main'
[1;36mdebug: [0msemantic: sem_check_block: ns='main'
[1;36mdebug: [0msemantic: sem_check_block: ns='main'
[1;36mdebug: [0msemantic: sem_check_block: ns='main'
[1;36mdebug: [0msemantic: sem_check_block: ns='main'
[1;36mdebug: [0msemantic: sem_check_block: ns='main'
[1;36mdebug: [0msemantic: sem_check_block: ns='main'
[1;36mdebug: [0msemantic: sem_check_block: ns='main'
[1;36mdebug: [0msemantic: sem_check_block: ns='main'
[1;36mdebug: [0msemantic: sem_check_block: ns='main'
[1;36mdebug: [0msemantic: sem_check_block: ns='main'
[1;36mdebug: [0msemantic: sem_check_block: ns='main'
[1;36mdebug: [0msemantic: sem_check_block: ns='main'
[1;36mdebug: [0msemantic: sem_check_block: ns='main'
[1;36mdebug: [0msemantic: sem_check_block: ns='main'
[1;36mdebug: [0msemantic: sem_check_block: ns='main'
[1;36mdebug: [0msemantic: sem_check_block: ns='main'
[1;36mdebug: [0msemantic: sem_check_block: ns='main'
[1;36mdebug: [0msemantic: sem_check_block: ns='main'
[1;36mdebug: [0msemantic: sem_check_block: ns='main'
[1;36mdebug: [0msemantic: sem_check_block: ns='main'
[1;36mdebug: [0msemantic: sem_check_block: ns='main'
[1;36mdebug: [0msemantic: sem_check_block: ns='main'
[1;36mdebug: [0msemantic: sem_check_block: ns='main'
[1;36mdebug: [0msemantic: sem_check_block: ns='main'
[1;36mdebug: [0msemantic: sem_check_block: ns='main'
[1;36mdebug: [0msemantic: sem_check_block: ns='main'
[1;36mdebug: [0msemantic: sem_check_block: ns='main'
[1;36mdebug: [0msemantic: sem_check_block: ns='main'
[1;36mdebug: [0msemantic: sem_check_block: ns='main'
[1;36mdebug: [0msemantic: sem_check_block: ns='main'
[1;36mdebug: [0msemantic: sem_check_block: ns='main'
[1;36mdebug: [0msemantic: sem_check_block: ns='main'
[1;36mdebug: [0msemantic: sem_check_block: ns='main'
[1;36mdebug: [0msemantic: sem_check_block: ns='main'
[1;36mdebug: [0msemantic: sem_check_block: ns='main'
[1;36mdebug: [0msemantic: sem_check_block: ns='main'
[1;36mdebug: [0msemantic: sem_check_block: ns='main'
[1;36mdebug: [0msemantic: sem_check_block: ns='main'
[1;36mdebug: [0msemantic: sem_check_block: ns='main'
[1;36mdebug: [0msemantic: sem_check_block: ns='main'
[1;36mdebug: [0msemantic: sem_check_block: ns='main'
[1;36mdebug: [0msemantic: sem_check_block: ns='main'
[1;36mdebug: [0msemantic: sem_check_block: ns='main'
[1;36mdebug: [0msemantic: sem_check_block: ns='main'
[1;36mdebug: [0msemantic: sem_check_block: ns='main'
[1;36mdebug: [0msemantic: sem_check_block: ns='main'
[1;36mdebug: [0msemantic: sem_check_block: ns='main'
[1;36mdebug: [0msemantic: sem_check_block: ns='main'
[1;36mdebug: [0msemantic: sem_check_block: ns='main'
[1;36mdebug: [0msemantic: sem_check_block: ns='main'
[1;36mdebug: [0msemantic: sem_check_block: ns='main'
[1;36mdebug: [0msemantic: sem_check_block: ns='main'
[1;36mdebug: [0msemantic: sem_check_block: ns='main'
[1;36mdebug: [0msemantic: sem_check_block: ns='main'
[1;36mdebug: [0msemantic: sem_check_block: ns='main'
[1;36mdebug: [0msemantic: sem_check_block: ns='main'
[1;36mdebug: [0msemantic: sem_check_block: ns='main'
[1;36mdebug: [0msemantic: sem_check_block: ns='main'
[1;36mdebug: [0msemantic: sem_check_block: ns='main'
[1;36mdebug: [0msemantic: sem_check_block: ns='main'
[1;36mdebug: [0msemantic: sem_check_block: ns='main'
[1;36mdebug: [0msemantic: sem_check_block: ns='main'
[1;36mdebug: [0msemantic: sem_check_block: ns='main'
[1;36mdebug: [0msemantic: sem_check_block: ns='main'
[1;36mdebug: [0msemantic: sem_check_block: ns='main'
[1;36mdebug: [0msemantic: sem_check_block: ns='main'
[1;36mdebug: [0msemantic: sem_check_block: ns='main'
[1;36mdebug: [0msemantic: sem_check_block: ns='main'
[1;36mdebug: [0msemantic: sem_check_block: ns='main'
[1;36mdebug: [0msemantic: sem_check_block: ns='main'
[1;36mdebug: [0msemantic: sem_check_block: ns='main'
[1;36mdebug: [0msemantic: sem_check_block: ns='main'
[1;36mdebug: [0msemantic: sem_check_block: ns='main'
[1;36mdebug: [0msemantic: sem_check_block: ns='main'
[1;36mdebug: [0msemantic: sem_check_block: ns='main'
[1;36mdebug: [0msemantic: sem_check_block: ns='main'
[1;36mdebug: [0msemantic: sem_check_block: ns='main'
[1;36mdebug: [0msemantic: sem_check_block: ns='main'
[1;36mdebug: [0msemantic: sem_check_block: ns='main'
[1;36mdebug: [0msemantic: sem_check_block: ns='main'
[1;36mdebug: [0msemantic: sem_check_block: ns='main'
[1;36mdebug: [0msemantic: sem_check_block: ns='main'
[1;36mdebug: [0msemantic: sem_check_block: ns='main'
[1;36mdebug: [0msemantic: sem_check_block: ns='main'
[1;36mdebug: [0msemantic: sem_check_block: ns='main'
[1;36mdebug: [0msemantic: sem_check_block: ns='main'
[1;36mdebug: [0msemantic: sem_check_block: ns='main'
[1;36mdebug: [0msemantic: sem_check_block: ns='main'
[1;36mdebug: [0msemantic: sem_check_block: ns='main'
[1;36mdebug: [0msemantic: sem_check_block: ns='main'
[1;36mdebug: [0msemantic: sem_check_block: ns='main'
[1;36mdebug: [0msemantic: sem_check_block: ns='main'
[1;36mdebug: [0msemantic: sem_check_block: ns='main'
[1;36mdebug: [0msemantic: sem_check_block: ns='main'
[1;36mdebug: [0msemantic: sem_check_block: ns='main'
[1;36mdebug: [0msemantic: sem_check_block: ns='main'
[1;36mdebug: [0msemantic: sem_check_block: ns='main'
[1;36mdebug: [0msemantic: sem_check_block: ns='main'
[1;36mdebug: [0msemantic: sem_check_block: ns='main'
[1;36mdebug: [0msemantic: sem_check_block: ns='main'
[1;36mdebug: [0msemantic: sem_check_block: ns='main'
[1;36mdebug: [0msemantic: sem_check_block: ns='main'
[1;36mdebug: [0msemantic: sem_check_block: ns='main'
[1;36mdebug: [0msemantic: sem_check_block: ns='main'
[1;36mdebug: [0msemantic: sem_check_block: ns='main'
[1;36mdebug: [0msemantic: sem_check_block: ns='main'
[1;36mdebug: [0msemantic: sem_check_block: ns='main'
[1;36mdebug: [0msemantic: sem_check_block: ns='main'
[1;36mdebug: [0msemantic: sem_check_block: ns='main'
[1;36mdebug: [0msemantic: sem_check_block: ns='main'
[1;36mdebug: [0msemantic: sem_check_block: ns='main'
[1;36mdebug: [0msemantic: sem_check_block: ns='main'
[1;36mdebug: [0msemantic: sem_check_block: ns='main'
[1;36mdebug: [0msemantic: sem_check_block: ns='main'
[1;36mdebug: [0msemantic: sem_check_block: ns='main'
[1;36mdebug: [0msemantic: sem_check_block: ns='main'
[1;36mdebug: [0msemantic: sem_check_block: ns='main'
[1;36mdebug: [0msemantic: sem_check_block: ns='main'
[1;36mdebug: [0msemantic: sem_check_block: ns='main'
[1;36mdebug: [0msemantic: sem_check_block: ns='main'
[1;36mdebug: [0msemantic: sem_check_block: ns='main'
[1;36mdebug: [0msemantic: sem_check_block: ns='main'
[1;36mdebug: [0msemantic: sem_check_block: ns='main'
[1;36mdebug: [0msemantic: sem_check_block: ns='main'
[1;36mdebug: [0msemantic: sem_check_block: ns='main'
[1;36mdebug: [0msemantic: sem_check_block: ns='main'
[1;36mdebug: [0msemantic: sem_check_block: ns='main'
[1;36mdebug: [0msemantic: sem_check_block: ns='main'
[1;36mdebug: [0msemantic: sem_check_block: ns='main'
[1;36mdebug: [0msemantic: sem_check_block: ns='main'
[1;36mdebug: [0msemantic: sem_check_block: ns='main'
[1;36mdebug: [0msemantic: sem_check_block: ns='main'
[1;36mdebug: [0msemantic: sem_check_block: ns='main'
[1;36mdebug: [0msemantic: sem_check_block: ns='main'
[1;36mdebug: [0msemantic: sem_check_block: ns='main'
[1;36mdebug: [0msemantic: sem_check_block: ns='main'
[1;36mdebug: [0msemantic: sem_check_block: ns='main'
[1;36mdebug: [0msemantic: sem_check_block: ns='main'
[1;36mdebug: [0msemantic: sem_check_block: ns='main'
[1;36mdebug: [0msemantic: sem_check_block: ns='main'
[1;36mdebug: [0msemantic: sem_check_block: ns='main'
[1;36mdebug: [0msemantic: sem_check_block: ns='main'
[1;36mdebug: [0msemantic: sem_check_block: ns='main'
[1;36mdebug: [0msemantic: sem_check_block: ns='main'
[1;36mdebug: [0msemantic: sem_check_block: ns='main'
[1;36mdebug: [0msemantic: sem_check_block: ns='main'
[1;36mdebug: [0msemantic: sem_check_block: ns='main'
[1;36mdebug: [0msemantic: sem_check_block: ns='main'
[1;36mdebug: [0msemantic: sem_check_block: ns='main'
[1;36mdebug: [0msemantic: sem_check_block: ns='main'
[1;36mdebug: [0msemantic: sem_check_block: ns='main'
[1;36mdebug: [0msemantic: sem_check_block: ns='main'
[1;36mdebug: [0msemantic: sem_check_block: ns='main'
[1;36mdebug: [0msemantic: sem_check_block: ns='main'
[1;36mdebug: [0msemantic: sem_check_block: ns='main'
[1;36mdebug: [0msemantic: sem_check_block: ns='main'
[1;36mdebug: [0msemantic: sem_check_block: ns='main'
[1;36mdebug: [0msemantic: sem_check_block: ns='main'
[1;36mdebug: [0msemantic: sem_check_block: ns='main'
[1;36mdebug: [0msemantic: sem_check_block: ns='main'
[1;36mdebug: [0msemantic: sem_check_block: ns='main'
[1;36mdebug: [0msemantic: sem_check_block: ns='main'
[1;36mdebug: [0msemantic: sem_check_block: ns='main'
[1;36mdebug: [0msemantic: sem_check_block: ns='main'
[1;36mdebug: [0msemantic: sem_check_block: ns='main'
[1;36mdebug: [0msemantic: sem_check_block: ns='main'
[1;36mdebug: [0msemantic: sem_check_block: ns='main'
[1;36mdebug: [0msemantic: sem_check_block: ns='main'
[1;36mdebug: [0msemantic: sem_check_block: ns='main'
[1;36mdebug: [0msemantic: sem_check_block: ns='main'
[1;36mdebug: [0msemantic: sem_check_block: ns='main'
[1;36mdebug: [0msemantic: sem_check_block: ns='main'
[1;36mdebug: [0msemantic: sem_check_block: ns='main'
[1;36mdebug: [0msemantic: sem_check_block: ns='main'
[1;36mdebug: [0msemantic: sem_check_block: ns='main'
[1;36mdebug: [0msemantic: sem_check_block: ns='main'
[1;36mdebug: [0msemantic: sem_check_block: ns='main'
[1;36mdebug: [0msemantic: sem_check_block: ns='main'
[1;36mdebug: [0msemantic: sem_check_block: ns='main'
[1;36mdebug: [0msemantic: sem_check_block: ns='main'
[1;36mdebug: [0msemantic: sem_check_block: ns='main'
[1;36mdebug: [0msemantic: sem_check_block: ns='main'
[1;36mdebug: [0msemantic: sem_check_block: ns='main'
[1;36mdebug: [0msemantic: sem_check_block: ns='main'
[1;36mdebug: [0msemantic: sem_check_block: ns='main'
[1;36mdebug: [0msemantic: sem_check_block: ns='main'
[1;36mdebug: [0msemantic: sem_check_block: ns='main'
[1;36mdebug: [0msemantic: sem_check_block: ns='main'
[1;36mdebug: [0msemantic: sem_check_block: ns='main'
[1;36mdebug: [0msemantic: sem_check_block: ns='main'
[1;36mdebug: [0msemantic: sem_check_block: ns='main'
[1;36mdebug: [0msemantic: sem_check_block: ns='main'
[1;36mdebug: [0msemantic: sem_check_block: ns='main'
[1;36mdebug: [0msemantic: sem_check_block: ns='main'
[1;36mdebug: [0msemantic: sem_check_block: ns='main'
[1;36mdebug: [0msemantic: sem_check_block: ns='main'
[1;36mdebug: [0msemantic: sem_check_block: ns='main'
[1;36mdebug: [0msemantic: sem_check_block: ns='main'
[1;36mdebug: [0msemantic: sem_check_block: ns='main'
[1;36mdebug: [0msemantic: sem_check_block: ns='main'
[1;36mdebug: [0msemantic: sem_check_block: ns='main'
[1;36mdebug: [0msemantic: sem_check_block: ns='main'
[1;36mdebug: [0msemantic: sem_check_block: ns='main'
[1;36mdebug: [0msemantic: sem_check_block: ns='main'
[1;36mdebug: [0msemantic: sem_check_block: ns='main'
[1;36mdebug: [0msemantic: sem_check_block: ns='main'
[1;36mdebug: [0msemantic: sem_check_block: ns='main'
[1;36mdebug: [0msemantic: sem_check_block: ns='main'
[1;36mdebug: [0msemantic: sem_check_block: ns='main'
[1;36mdebug: [0msemantic: sem_check_block: ns='main'
[1;36mdebug: [0msemantic: sem_check_block: ns='main'
[1;36mdebug: [0msemantic: sem_check_block: ns='main'
[1;36mdebug: [0msemantic: sem_check_block: ns='main'
[1;36mdebug: [0msemantic: sem_check_block: ns='main'
[1;36mdebug: [0msemantic: sem_check_block: ns='main'
[1;36mdebug: [0msemantic: sem_check_block: ns='main'
[1;36mdebug: [0msemantic: sem_check_block: ns='main'
[1;36mdebug: [0msemantic: sem_check_block: ns='main'
[1;36mdebug: [0msemantic: sem_check_block: ns='main'
[1;36mdebug: [0msemantic: sem_check_block: ns='main'
[1;36mdebug: [0msemantic: sem_check_block: ns='main'
[1;36mdebug: [0msemantic: sem_check_block: ns='main'
[1;36mdebug: [0msemantic: sem_check_block: ns='main'
[1;36mdebug: [0msemantic: sem_check_block: ns='main'
[1;36mdebug: [0msemantic: sem_check_block: ns='main'
[1;36mdebug: [0msemantic: sem_check_block: ns='main'
[1;36mdebug: [0msemantic: sem_check_block: ns='main'
[1;36mdebug: [0msemantic: sem_check_block: ns='main'
[1;36mdebug: [0msemantic: sem_check_block: ns='main'
[1;36mdebug: [0msemantic: sem_check_block: ns='main'
[1;36mdebug: [0msemantic: sem_check_block: ns='main'
[1;36mdebug: [0msemantic: sem_check_block: ns='main'
[1;36mdebug: [0msemantic: sem_check_block: ns='main'
[1;36mdebug: [0msemantic: sem_check_block: ns='main'
[1;36mdebug: [0msemantic: sem_check_block: ns='main'
[1;36mdebug: [0msemantic: sem_check_block: ns='main'
[1;36mdebug: [0msemantic: sem_check_block: ns='main'
[1;36mdebug: [0msemantic: sem_check_block: ns='main'
[1;36mdebug: [0msemantic: sem_check_block: ns='main'
[1;36mdebug: [0msemantic: sem_check_block: ns='main'
[1;36mdebug: [0msemantic: sem_check_block: ns='main'
[1;36mdebug: [0msemantic: sem_check_block: ns='main'
[1;36mdebug: [0msemantic: sem_check_block: ns='main'
[1;36mdebug: [0msemantic: sem_check_block: ns='main'
[1;36mdebug: [0msemantic: sem_check_block: ns='main'
[1;36mdebug: [0msemantic: sem_check_block: ns='main'
[1;36mdebug: [0msemantic: sem_check_block: ns='main'
[1;36mdebug: [0msemantic: sem_check_block: ns='main'
[1;36mdebug: [0msemantic: sem_check_block: ns='main'
[1;36mdebug: [0msemantic: sem_check_block: ns='main'
[1;36mdebug: [0msemantic: sem_check_block: ns='main'
[1;36mdebug: [0msemantic: sem_check_block: ns='main'
[1;36mdebug: [0msemantic: sem_check_block: ns='main'
[1;36mdebug: [0msemantic: sem_check_block: ns='main'
[1;36mdebug: [0msemantic: sem_check_block: ns='main'
[1;36mdebug: [0msemantic: sem_check_block: ns='main'
[1;36mdebug: [0msemantic: sem_check_block: ns='main'
[1;36mdebug: [0msemantic: sem_check_block: ns='main'
[1;36mdebug: [0msemantic: sem_check_block: ns='main'
[1;36mdebug: [0msemantic: sem_check_block: ns='main'
[1;36mdebug: [0msemantic: sem_check_block: ns='main'
[1;36mdebug: [0msemantic: sem_check_block: ns='main'
[1;36mdebug: [0msemantic: sem_check_block: ns='main'
[1;36mdebug: [0msemantic: sem_check_block: ns='main'
[1;36mdebug: [0msemantic: sem_check_block: ns='main'
[1;36mdebug: [0msemantic: sem_check_block: ns='main'
[1;36mdebug: [0msemantic: sem_check_block: ns='main'
[1;36mdebug: [0msemantic: sem_check_block: ns='main'
[1;36mdebug: [0msemantic: sem_check_block: ns='main'
[1;36mdebug: [0msemantic: sem_check_block: ns='main'
[1;36mdebug: [0msemantic: sem_check_block: ns='main'
[1;36mdebug: [0msemantic: sem_check_block: ns='main'
[1;36mdebug: [0msemantic: sem_check_block: ns='main'
[1;36mdebug: [0msemantic: sem_check_block: ns='main'
[1;36mdebug: [0msemantic: sem_check_block: ns='main'
[1;36mdebug: [0msemantic: sem_check_block: ns='main'
[1;36mdebug: [0msemantic: sem_check_block: ns='main'
[1;36mdebug: [0msemantic: sem_check_block: ns='main'
[1;36mdebug: [0msemantic: sem_check_block: ns='main'
[1;36mdebug: [0msemantic: sem_check_block: ns='main'
[1;36mdebug: [0msemantic: sem_check_block: ns='main'
[1;36mdebug: [0msemantic: sem_check_block: ns='main'
[1;36mdebug: [0msemantic: sem_check_block: ns='main'
[1;36mdebug: [0msemantic: sem_check_block: ns='main'
[1;36mdebug: [0msemantic: sem_check_block: ns='main'
[1;36mdebug: [0msemantic: sem_check_block: ns='main'
[1;36mdebug: [0msemantic: sem_check_block: ns='main'
[1;36mdebug: [0msemantic: sem_check_block: ns='main'
[1;36mdebug: [0msemantic: sem_check_block: ns='main'
[1;36mdebug: [0msemantic: sem_check_block: ns='main'
[1;36mdebug: [0msemantic: sem_check_block: ns='main'
[1;36mdebug: [0msemantic: sem_check_block: ns='main'
[1;36mdebug: [0msemantic: sem_check_block: ns='main'
[1;36mdebug: [0msemantic: sem_check_block: ns='main'
[1;36mdebug: [0msemantic: sem_check_block: ns='main'
[1;36mdebug: [0msemantic: sem_check_block: ns='main'
[1;36mdebug: [0msemantic: sem_check_block: ns='main'
[1;36mdebug: [0msemantic: sem_check_block: ns='main'
[1;36mdebug: [0msemantic: sem_check_block: ns='main'
[1;36mdebug: [0msemantic: sem_check_block: ns='main'
[1;36mdebug: [0msemantic: sem_check_block: ns='main'
[1;36mdebug: [0msemantic: sem_check_block: ns='main'
[1;36mdebug: [0msemantic: sem_check_block: ns='main'
[1;36mdebug: [0msemantic: sem_check_block: ns='main'
[1;36mdebug: [0msemantic: sem_check_block: ns='main'
[1;36mdebug: [0msemantic: sem_check_block: ns='main'
[1;36mdebug: [0msemantic: sem_check_block: ns='main'
[1;36mdebug: [0msemantic: sem_check_block: ns='main'
[1;36mdebug: [0msemantic: sem_check_block: ns='main'
[1;36mdebug: [0msemantic: sem_check_block: ns='main'
[1;36mdebug: [0msemantic: sem_check_block: ns='main'
[1;36mdebug: [0msemantic: sem_check_block: ns='main'
[1;36mdebug: [0msemantic: sem_check_block: ns='main'
[1;36mdebug: [0msemantic: sem_check_block: ns='main'
[1;36mdebug: [0msemantic: sem_check_block: ns='main'
[1;36mdebug: [0msemantic: sem_check_block: ns='main'
[1;36mdebug: [0msemantic: sem_check_block: ns='main'
[1;36mdebug: [0msemantic: sem_check_block: ns='main'
[1;36mdebug: [0msemantic: sem_check_block: ns='main'
[1;36mdebug: [0msemantic: sem_check_block: ns='main'
[1;36mdebug: [0msemantic: sem_check_block: ns='main'
[1;36mdebug: [0msemantic: sem_check_block: ns='main'
[1;36mdebug: [0msemantic: sem_check_block: ns='main'
[1;36mdebug: [0msemantic: sem_check_block: ns='main'
[1;36mdebug: [0msemantic: sem_check_block: ns='main'
[1;36mdebug: [0msemantic: sem_check_block: ns='main'
[1;36mdebug: [0msemantic: sem_check_block: ns='main'
[1;36mdebug: [0msemantic: sem_check_block: ns='main'
[1;36mdebug: [0msemantic: sem_check_block: ns='main'
[1;36mdebug: [0msemantic: sem_check_block: ns='main'
[1;36mdebug: [0msemantic: sem_check_block: ns='main'
[1;36mdebug: [0msemantic: sem_check_block: ns='main'
[1;36mdebug: [0msemantic: sem_check_block: ns='main'
[1;36mdebug: [0msemantic: sem_check_block: ns='main'
[1;36mdebug: [0msemantic: sem_check_block: ns='main'
[1;36mdebug: [0msemantic: sem_check_block: ns='main'
[1;36mdebug: [0msemantic: sem_check_block: ns='main'
[1;36mdebug: [0msemantic: sem_check_block: ns='main'
[1;36mdebug: [0msemantic: sem_check_block: ns='main'
[1;36mdebug: [0msemantic: sem_check_block: ns='main'
[1;36mdebug: [0msemantic: sem_check_block: ns='main'
[1;36mdebug: [0msemantic: sem_check_block: ns='main'
[1;36mdebug: [0msemantic: sem_check_block: ns='main'
[1;36mdebug: [0msemantic: sem_check_block: ns='main'
[1;36mdebug: [0msemantic: sem_check_block: ns='main'
[1;36mdebug: [0msemantic: sem_check_block: ns='main'
[1;36mdebug: [0msemantic: sem_check_block: ns='main'
[1;36mdebug: [0msemantic: sem_check_block: ns='main'
[1;36mdebug: [0msemantic: sem_check_block: ns='main'
[1;36mdebug: [0msemantic: sem_check_block: ns='main'
[1;36mdebug: [0msemantic: sem_check_block: ns='main'
[1;36mdebug: [0msemantic: sem_check_block: ns='main'
[1;36mdebug: [0msemantic: sem_check_block: ns='main'
[1;36mdebug: [0msemantic: sem_check_block: ns='main'
[1;36mdebug: [0msemantic: sem_check_block: ns='main'
[1;36mdebug: [0msemantic: sem_check_block: ns='main'
[1;36mdebug: [0msemantic: sem_check_block: ns='main'
[1;36mdebug: [0msemantic: sem_check_block: ns='main'
[1;36mdebug: [0msemantic: sem_check_block: ns='main'
[1;36mdebug: [0msemantic: sem_check_block: ns='main'
[1;36mdebug: [0msemantic: sem_check_block: ns='main'
[1;36mdebug: [0msemantic: sem_check_block: ns='main'
[1;36mdebug: [0msemantic: sem_check_block: ns='main'
[1;36mdebug: [0msemantic: sem_check_block: ns='main'
[1;36mdebug: [0msemantic: sem_check_block: ns='main'
[1;36mdebug: [0msemantic: sem_check_block: ns='main'
[1;36mdebug: [0msemantic: sem_check_block: ns='main'
[1;36mdebug: [0msemantic: sem_check_block: ns='main'
[1;36mdebug: [0msemantic: sem_check_block: ns='main'
[1;36mdebug: [0msemantic: sem_check_block: ns='main'
[1;36mdebug: [0msemantic: sem_check_block: ns='main'
[1;36mdebug: [0msemantic: sem_check_block: ns='main'
[1;36mdebug: [0msemantic: sem_check_block: ns='main'
[1;36mdebug: [0msemantic: sem_check_block: ns='main'
[1;36mdebug: [0msemantic: sem_check_block: ns='main'
[1;36mdebug: [0msemantic: sem_check_block: ns='main'
[1;36mdebug: [0msemantic: sem_check_block: ns='main'
[1;36mdebug: [0msemantic: sem_check_block: ns='main'
[1;36mdebug: [0msemantic: sem_check_block: ns='main'
[1;36mdebug: [0msemantic: sem_check_block: ns='main'
[1;36mdebug: [0msemantic: sem_check_block: ns='main'
[1;36mdebug: [0msemantic: sem_check_block: ns='main'
[1;36mdebug: [0msemantic: sem_check_block: ns='main'
[1;36mdebug: [0msemantic: sem_check_block: ns='main'
[1;36mdebug: [0msemantic: sem_check_block: ns='main'
[1;36mdebug: [0msemantic: sem_check_block: ns='main'
[1;36mdebug: [0msemantic: sem_check_block: ns='main'
[1;36mdebug: [0msemantic: sem_check_block: ns='main'
[1;36mdebug: [0msemantic: sem_check_block: ns='main'
[1;36mdebug: [0msemantic: sem_check_block: ns='main'
[1;36mdebug: [0msemantic: sem_check_block: ns='main'
[1;36mdebug: [0msemantic: sem_check_block: ns='main'
[1;36mdebug: [0msemantic: sem_check_block: ns='main'
[1;36mdebug: [0msemantic: sem_check_block: ns='main'
[1;36mdebug: [0msemantic: sem_check_block: ns='main'
[1;36mdebug: [0msemantic: sem_check_block: ns='main'
[1;36mdebug: [0msemantic: sem_check_block: ns='main'
[1;36mdebug: [0msemantic: sem_check_block: ns='main'
[1;36mdebug: [0msemantic: sem_check_block: ns='main'
[1;36mdebug: [0msemantic: sem_check_block: ns='main'
[1;36mdebug: [0msemantic: sem_check_block: ns='main'
[1;36mdebug: [0msemantic: sem_check_block: ns='main'
[1;36mdebug: [0msemantic: sem_check_block: ns='main'
[1;36mdebug: [0msemantic: sem_check_block: ns='main'
[1;36mdebug: [0msemantic: sem_check_block: ns='main'
[1;36mdebug: [0msemantic: sem_check_block: ns='main'
[1;36mdebug: [0msemantic: sem_check_block: ns='main'
[1;36mdebug: [0msemantic: sem_check_block: ns='main'
[1;36mdebug: [0msemantic: sem_check_block: ns='main'
[1;36mdebug: [0msemantic: sem_check_block: ns='main'
[1;36mdebug: [0msemantic: sem_check_block: ns='main'
[1;36mdebug: [0msemantic: sem_check_block: ns='main'
[1;36mdebug: [0msemantic: sem_check_block: ns='main'
[1;36mdebug: [0msemantic: sem_check_block: ns='main'
[1;36mdebug: [0msemantic: sem_check_block: ns='main'
[1;36mdebug: [0msemantic: sem_check_block: ns='main'
[1;36mdebug: [0msemantic: sem_check_block: ns='main'
[1;36mdebug: [0msemantic: sem_check_block: ns='main'
[1;36mdebug: [0msemantic: sem_check_block: ns='main'
[1;36mdebug: [0msemantic: sem_check_block: ns='main'
[1;36mdebug: [0msemantic: sem_check_block: ns='main'
[1;36mdebug: [0msemantic: sem_check_block: ns='main'
[1;36mdebug: [0msemantic: sem_check_block: ns='main'
[1;36mdebug: [0msemantic: sem_check_block: ns='main'
[1;36mdebug: [0msemantic: sem_check_block: ns='main'
[1;36mdebug: [0msemantic: sem_check_block: ns='main'
[1;36mdebug: [0msemantic: sem_check_block: ns='main'
[1;36mdebug: [0msemantic: sem_check_block: ns='main'
[1;36mdebug: [0msemantic: sem_check_block: ns='main'
[1;36mdebug: [0msemantic: sem_check_block: ns='main'
[1;36mdebug: [0msemantic: sem_check_block: ns='main'
[1;36mdebug: [0msemantic: sem_check_block: ns='main'
[1;36mdebug: [0msemantic: sem_check_block: ns='main'
[1;36mdebug: [0msemantic: sem_check_block: ns='main'
[1;36mdebug: [0msemantic: sem_check_block: ns='main'
[1;36mdebug: [0msemantic: sem_check_block: ns='main'
[1;36mdebug: [0msemantic: sem_check_block: ns='main'
[1;36mdebug: [0msemantic: sem_check_block: ns='main'
[1;36mdebug: [0msemantic: sem_check_block: ns='main'
[1;36mdebug: [0msemantic: sem_check_block: ns='main'
[1;36mdebug: [0msemantic: sem_check_block: ns='main'
[1;36mdebug: [0msemantic: sem_check_block: ns='main'
[1;36mdebug: [0msemantic: sem_check_block: ns='main'
[1;36mdebug: [0msemantic: sem_check_block: ns='main'
[1;36mdebug: [0msemantic: sem_check_block: ns='main'
[1;36mdebug: [0msemantic: sem_check_block: ns='main'
[1;36mdebug: [0msemantic: sem_check_block: ns='main'
[1;36mdebug: [0msemantic: sem_check_block: ns='main'
[1;36mdebug: [0msemantic: sem_check_block: ns='main'
[1;36mdebug: [0msemantic: sem_check_block: ns='main'
[1;36mdebug: [0msemantic: sem_check_block: ns='main'
[1;36mdebug: [0msemantic: sem_check_block: ns='main'
[1;36mdebug: [0msemantic: sem_check_block: ns='main'
[1;36mdebug: [0msemantic: sem_check_block: ns='main'
[1;36mdebug: [0msemantic: sem_check_block: ns='main'
[1;36mdebug: [0msemantic: sem_check_block: ns='main'
[1;36mdebug: [0msemantic: sem_check_block: ns='main'
[1;36mdebug: [0msemantic: sem_check_block: ns='main'
[1;36mdebug: [0msemantic: sem_check_block: ns='main'
[1;36mdebug: [0msemantic: sem_check_block: ns='main'
[1;36mdebug: [0msemantic: sem_check_block: ns='main'
[1;36mdebug: [0msemantic: sem_check_block: ns='main'
[1;36mdebug: [0msemantic: sem_check_block: ns='main'
[1;36mdebug: [0msemantic: sem_check_block: ns='main'
[1;36mdebug: [0msemantic: sem_check_block: ns='main'
[1;36mdebug: [0msemantic: sem_check_block: ns='main'
[1;36mdebug: [0msemantic: sem_check_block: ns='main'
[1;36mdebug: [0msemantic: sem_check_block: ns='main'
[1;36mdebug: [0msemantic: sem_check_block: ns='main'
[1;36mdebug: [0msemantic: sem_check_block: ns='main'
[1;36mdebug: [0msemantic: sem_check_block: ns='main'
[1;36mdebug: [0msemantic: sem_check_block: ns='main'
[1;36mdebug: [0msemantic: sem_check_block: ns='main'
[1;36mdebug: [0msemantic: sem_check_block: ns='main'
[1;36mdebug: [0msemantic: sem_check_block: ns='main'
[1;36mdebug: [0msemantic: sem_check_block: ns='main'
[1;36mdebug: [0msemantic: sem_check_block: ns='main'
[1;36mdebug: [0msemantic: sem_check_block: ns='main'
[1;36mdebug: [0msemantic: sem_check_block: ns='main'
[1;36mdebug: [0msemantic: sem_check_block: ns='main'
[1;36mdebug: [0msemantic: sem_check_block: ns='main'
[1;36mdebug: [0msemantic: sem_check_block: ns='main'
[1;36mdebug: [0msemantic: sem_check_block: ns='main'
[1;36mdebug: [0msemantic: sem_check_block: ns='main'
[1;36mdebug: [0msemantic: sem_check_block: ns='main'
[1;36mdebug: [0msemantic: sem_check_block: ns='main'
[1;36mdebug: [0msemantic: sem_check_block: ns='main'
[1;36mdebug: [0msemantic: sem_check_block: ns='main'
[1;36mdebug: [0msemantic: sem_check_block: ns='main'
[1;36mdebug: [0msemantic: sem_check_block: ns='main'
[1;36mdebug: [0msemantic: sem_check_block: ns='main'
[1;36mdebug: [0msemantic: sem_check_block: ns='main'
[1;36mdebug: [0msemantic: sem_check_block: ns='main'
[1;36mdebug: [0msemantic: sem_check_block: ns='main'
[1;36mdebug: [0msemantic: sem_check_block: ns='main'
[1;36mdebug: [0msemantic: sem_check_block: ns='main'
[1;36mdebug: [0msemantic: sem_check_block: ns='main'
[1;36mdebug: [0msemantic: sem_check_block: ns='main'
[1;36mdebug: [0msemantic: sem_check_block: ns='main'
[1;36mdebug: [0msemantic: sem_check_block: ns='main'
[1;36mdebug: [0msemantic: sem_check_block: ns='main'
[1;36mdebug: [0msemantic: sem_check_block: ns='main'
[1;36mdebug: [0msemantic: sem_check_block: ns='main'
[1;36mdebug: [0msemantic: sem_check_block: ns='main'
[1;36mdebug: [0msemantic: sem_check_block: ns='main'
[1;36mdebug: [0msemantic: sem_check_block: ns='main'
[1;36mdebug: [0msemantic: sem_check_block: ns='main'
[1;36mdebug: [0msemantic: sem_check_block: ns='main'
[1;36mdebug: [0msemantic: sem_check_block: ns='main'
[1;36mdebug: [0msemantic: sem_check_block: ns='main'
[1;36mdebug: [0msemantic: sem_check_block: ns='main'
[1;36mdebug: [0msemantic: sem_check_block: ns='main'
[1;36mdebug: [0msemantic: sem_check_block: ns='main'
[1;36mdebug: [0msemantic: sem_check_block: ns='main'
[1;36mdebug: [0msemantic: sem_check_block: ns='main'
[1;36mdebug: [0msemantic: sem_check_block: ns='main'
[1;36mdebug: [0msemantic: sem_check_block: ns='main'
[1;36mdebug: [0msemantic: sem_check_block: ns='main'
[1;36mdebug: [0msemantic: sem_check_block: ns='main'
[1;36mdebug: [0msemantic: sem_check_block: ns='main'
[1;36mdebug: [0msemantic: sem_check_block: ns='main'
[1;36mdebug: [0msemantic: sem_check_block: ns='main'
[1;36mdebug: [0msemantic: sem_check_block: ns='main'
[1;36mdebug: [0msemantic: sem_check_block: ns='main'
[1;36mdebug: [0msemantic: sem_check_block: ns='main'
[1;36mdebug: [0msemantic: sem_check_block: ns='main'
[1;36mdebug: [0msemantic: sem_check_block: ns='main'
[1;36mdebug: [0msemantic: sem_check_block: ns='main'
[1;36mdebug: [0msemantic: sem_check_block: ns='main'
[1;36mdebug: [0msemantic: sem_check_block: ns='main'
[1;36mdebug: [0msemantic: sem_check_block: ns='main'
[1;36mdebug: [0msemantic: sem_check_block: ns='main'
[1;36mdebug: [0msemantic: sem_check_block: ns='main'
[1;36mdebug: [0msemantic: sem_check_block: ns='main'
[1;36mdebug: [0msemantic: sem_check_block: ns='main'
[1;36mdebug: [0msemantic: sem_check_block: ns='main'
[1;36mdebug: [0msemantic: sem_check_block: ns='main'
[1;36mdebug: [0msemantic: sem_check_block: ns='main'
[1;36mdebug: [0msemantic: sem_check_block: ns='main'
[1;36mdebug: [0msemantic: sem_check_block: ns='main'
[1;36mdebug: [0msemantic: sem_check_block: ns='main'
[1;36mdebug: [0msemantic: sem_check_block: ns='main'
[1;36mdebug: [0msemantic: sem_check_block: ns='main'
[1;36mdebug: [0msemantic: sem_check_block: ns='main'
[1;36mdebug: [0msemantic: sem_check_block: ns='main'
[1;36mdebug: [0msemantic: sem_check_block: ns='main'
[1;36mdebug: [0msemantic: sem_check_block: ns='main'
[1;36mdebug: [0msemantic: sem_check_block: ns='main'
[1;36mdebug: [0msemantic: sem_check_block: ns='main'
[1;36mdebug: [0msemantic: sem_check_block: ns='main'
[1;36mdebug: [0msemantic: sem_check_block: ns='main'
[1;36mdebug: [0msemantic: sem_check_block: ns='main'
[1;36mdebug: [0msemantic: sem_check_block: ns='main'
[1;36mdebug: [0msemantic: sem_check_block: ns='main'
[1;36mdebug: [0msemantic: sem_check_block: ns='main'
[1;36mdebug: [0msemantic: sem_check_block: ns='main'
[1;36mdebug: [0msemantic: sem_check_block: ns='main'
[1;36mdebug: [0msemantic: sem_check_block: ns='main'
[1;36mdebug: [0msemantic: sem_check_block: ns='main'
[1;36mdebug: [0msemantic: sem_check_block: ns='main'
[1;36mdebug: [0msemantic: sem_check_block: ns='main'
[1;36mdebug: [0msemantic: sem_check_block: ns='main'
[1;36mdebug: [0msemantic: sem_check_block: ns='main'
[1;36mdebug: [0msemantic: sem_check_block: ns='main'
[1;36mdebug: [0msemantic: sem_check_block: ns='main'
[1;36mdebug: [0msemantic: sem_check_block: ns='main'
[1;36mdebug: [0msemantic: sem_check_block: ns='main'
[1;36mdebug: [0msemantic: sem_check_block: ns='main'
[1;36mdebug: [0msemantic: sem_check_block: ns='main'
[1;36mdebug: [0msemantic: sem_check_block: ns='main'
[1;36mdebug: [0msemantic: sem_check_block: ns='main'
[1;36mdebug: [0msemantic: sem_check_block: ns='main'
[1;36mdebug: [0msemantic: sem_check_block: ns='main'
[1;36mdebug: [0msemantic: sem_check_block: ns='main'
[1;36mdebug: [0msemantic: sem_check_block: ns='main'
[1;36mdebug: [0msemantic: sem_check_block: ns='main'
[1;36mdebug: [0msemantic: sem_check_block: ns='main'
[1;36mdebug: [0msemantic: sem_check_block: ns='main'
[1;36mdebug: [0msemantic: sem_check_block: ns='main'
[1;36mdebug: [0msemantic: sem_check_block: ns='main'
[1;36mdebug: [0msemantic: sem_check_block: ns='main'
[1;36mdebug: [0msemantic: sem_check_block: ns='main'
[1;36mdebug: [0msemantic: sem_check_block: ns='main'
[1;36mdebug: [0msemantic: sem_check_block: ns='main'
[1;36mdebug: [0msemantic: sem_check_block: ns='main'
[1;36mdebug: [0msemantic: sem_check_block: ns='main'
[1;36mdebug: [0msemantic: sem_check_block: ns='main'
[1;36mdebug: [0msemantic: sem_check_block: ns='main'
[1;36mdebug: [0msemantic: sem_check_block: ns='main'
[1;36mdebug: [0msemantic: sem_check_block: ns='main'
[1;36mdebug: [0msemantic: sem_check_block: ns='main'
[1;36mdebug: [0msemantic: sem_check_block: ns='main'
[1;36mdebug: [0msemantic: sem_check_block: ns='main'
[1;36mdebug: [0msemantic: sem_check_block: ns='main'
[1;36mdebug: [0msemantic: sem_check_block: ns='main'
[1;36mdebug: [0msemantic: sem_check_block: ns='main'
[1;36mdebug: [0msemantic: sem_check_block: ns='main'
[1;36mdebug: [0msemantic: sem_check_block: ns='main'
[1;36mdebug: [0msemantic: sem_check_block: ns='main'
[1;36mdebug: [0msemantic: sem_check_block: ns='main'
[1;36mdebug: [0msemantic: sem_check_block: ns='main'
[1;36mdebug: [0msemantic: sem_check_block: ns='main'
[1;36mdebug: [0msemantic: sem_check_block: ns='main'
[1;36mdebug: [0msemantic: sem_check_block: ns='main'
[1;36mdebug: [0msemantic: sem_check_block: ns='main'
[1;36mdebug: [0msemantic: sem_check_block: ns='main'
[1;36mdebug: [0msemantic: sem_check_block: ns='main'
[1;36mdebug: [0msemantic: sem_check_block: ns='main'
[1;36mdebug: [0msemantic: sem_check_block: ns='main'
[1;36mdebug: [0msemantic: sem_check_block: ns='main'
[1;36mdebug: [0msemantic: sem_check_block: ns='main'
[1;36mdebug: [0msemantic: sem_check_block: ns='main'
[1;36mdebug: [0msemantic: sem_check_block: ns='main'
[1;36mdebug: [0msemantic: sem_check_block: ns='main'
[1;36mdebug: [0msemantic: sem_check_block: ns='main'
[1;36mdebug: [0msemantic: sem_check_block: ns='main'
[1;36mdebug: [0msemantic: sem_check_block: ns='main'
[1;36mdebug: [0msemantic: sem_check_block: ns='main'
[1;36mdebug: [0msemantic: sem_check_block: ns='main'
[1;36mdebug: [0msemantic: sem_check_block: ns='main'
[1;36mdebug: [0msemantic: sem_check_block: ns='main'
[1;36mdebug: [0msemantic: sem_check_block: ns='main'
[1;36mdebug: [0msemantic: sem_check_block: ns='main'
[1;36mdebug: [0msemantic: sem_check_block: ns='main'
[1;36mdebug: [0msemantic: sem_check_block: ns='main'
[1;36mdebug: [0msemantic: sem_check_block: ns='main'
[1;36mdebug: [0msemantic: sem_check_block: ns='main'
[1;36mdebug: [0msemantic: sem_check_block: ns='main'
[1;36mdebug: [0msemantic: sem_check_block: ns='main'
[1;36mdebug: [0msemantic: sem_check_block: ns='main'
[1;36mdebug: [0msemantic: sem_check_block: ns='main'
[1;36mdebug: [0msemantic: sem_check_block: ns='main'
[1;36mdebug: [0msemantic: sem_check_block: ns='main'
[1;36mdebug: [0msemantic: sem_check_block: ns='main'
[1;36mdebug: [0msemantic: sem_check_block: ns='main'
[1;36mdebug: [0msemantic: sem_check_block: ns='main'
[1;36mdebug: [0msemantic: sem_check_block: ns='main'
[1;36mdebug: [0msemantic: sem_check_block: ns='main'
[1;36mdebug: [0msemantic: sem_check_block: ns='main'
[1;36mdebug: [0msemantic: sem_check_block: ns='main'
[1;36mdebug: [0msemantic: sem_check_block: ns='main'
[1;36mdebug: [0msemantic: sem_check_block: ns='main'
[1;36mdebug: [0msemantic: sem_check_block: ns='main'
[1;36mdebug: [0msemantic: sem_check_block: ns='main'
[1;36mdebug: [0msemantic: sem_check_block: ns='main'
[1;36mdebug: [0msemantic: sem_check_block: ns='main'
[1;36mdebug: [0msemantic: sem_check_block: ns='main'
[1;36mdebug: [0msemantic: sem_check_block: ns='main'
[1;36mdebug: [0msemantic: sem_check_block: ns='main'
[1;36mdebug: [0msemantic: sem_check_block: ns='main'
[1;36mdebug: [0msemantic: sem_check_block: ns='main'
[1;36mdebug: [0msemantic: sem_check_block: ns='main'
[1;36mdebug: [0msemantic: sem_check_block: ns='main'
[1;36mdebug: [0msemantic: sem_check_block: ns='main'
[1;36mdebug: [0msemantic: sem_check_block: ns='main'
[1;36mdebug: [0msemantic: sem_check_block: ns='main'
[1;36mdebug: [0msemantic: sem_check_block: ns='main'
[1;36mdebug: [0msemantic: sem_check_block: ns='main'
[1;36mdebug: [0msemantic: sem_check_block: ns='main'
[1;36mdebug: [0msemantic: sem_check_block: ns='main'
[1;36mdebug: [0msemantic: sem_check_block: ns='main'
[1;36mdebug: [0msemantic: sem_check_block: ns='main'
[1;36mdebug: [0msemantic: sem_check_block: ns='main'
[1;36mdebug: [0msemantic: sem_check_block: ns='main'
[1;36mdebug: [0msemantic: sem_check_block: ns='main'
[1;36mdebug: [0msemantic: sem_check_block: ns='main'
[1;36mdebug: [0msemantic: sem_check_block: ns='main'
[1;36mdebug: [0msemantic: sem_check_block: ns='main'
[1;36mdebug: [0msemantic: sem_check_block: ns='main'
[1;36mdebug: [0msemantic: sem_check_block: ns='main'
[1;36mdebug: [0msemantic: sem_check_block: ns='main'
[1;36mdebug: [0msemantic: sem_check_block: ns='main'
[1;36mdebug: [0msemantic: sem_check_block: ns='main'
[1;36mdebug: [0msemantic: sem_check_block: ns='main'
[1;36mdebug: [0msemantic: sem_check_block: ns='main'
[1;36mdebug: [0msemantic: sem_check_block: ns='main'
[1;36mdebug: [0msemantic: sem_check_block: ns='main'
[1;36mdebug: [0msemantic: sem_check_block: ns='main'
[1;36mdebug: [0msemantic: sem_check_block: ns='main'
[1;36mdebug: [0msemantic: sem_check_block: ns='main'
[1;36mdebug: [0msemantic: sem_check_block: ns='main'
[1;36mdebug: [0msemantic: sem_check_block: ns='main'
[1;36mdebug: [0msemantic: sem_check_block: ns='main'
[1;36mdebug: [0msemantic: sem_check_block: ns='main'
[1;36mdebug: [0msemantic: sem_check_block: ns='main'
[1;36mdebug: [0msemantic: sem_check_block: ns='main'
[1;36mdebug: [0msemantic: sem_check_block: ns='main'
[1;36mdebug: [0msemantic: sem_check_block: ns='main'
[1;36mdebug: [0msemantic: sem_check_block: ns='main'
[1;36mdebug: [0msemantic: sem_check_block: ns='main'
[1;36mdebug: [0msemantic: sem_check_block: ns='main'
[1;36mdebug: [0msemantic: sem_check_block: ns='main'
[1;36mdebug: [0msemantic: sem_check_block: ns='main'
[1;36mdebug: [0msemantic: sem_check_block: ns='main'
[1;36mdebug: [0msemantic: sem_check_block: ns='main'
[1;36mdebug: [0msemantic: sem_check_block: ns='main'
[1;36mdebug: [0msemantic: sem_check_block: ns='main'
[1;36mdebug: [0msemantic: sem_check_block: ns='main'
[1;36mdebug: [0msemantic: sem_check_block: ns='main'
[1;36mdebug: [0msemantic: sem_check_block: ns='main'
[1;36mdebug: [0msemantic: sem_check_block: ns='main'
[1;36mdebug: [0msemantic: sem_check_block: ns='main'
[1;36mdebug: [0msemantic: sem_check_block: ns='main'
[1;36mdebug: [0msemantic: sem_check_block: ns='main'
[1;36mdebug: [0msemantic: sem_check_block: ns='main'
[1;36mdebug: [0msemantic: sem_check_block: ns='main'
[1;36mdebug: [0msemantic: sem_check_block: ns='main'
[1;36mdebug: [0msemantic: sem_check_block: ns='main'
[1;36mdebug: [0msemantic: sem_check_block: ns='main'
[1;36mdebug: [0msemantic: sem_check_block: ns='main'
[1;36mdebug: [0msemantic: sem_check_block: ns='main'
[1;36mdebug: [0msemantic: sem_check_block: ns='main'
[1;36mdebug: [0msemantic: sem_check_block: ns='main'
[1;36mdebug: [0msemantic: sem_check_block: ns='main'
[1;36mdebug: [0msemantic: sem_check_block: ns='main'
[1;36mdebug: [0msemantic: sem_check_block: ns='main'
[1;36mdebug: [0msemantic: sem_check_block: ns='main'
[1;36mdebug: [0msemantic: sem_check_block: ns='main'
[1;36mdebug: [0msemantic: sem_check_block: ns='main'
[1;36mdebug: [0msemantic: sem_check_block: ns='main'
[1;36mdebug: [0msemantic: sem_check_block: ns='main'
[1;36mdebug: [0msemantic: sem_check_block: ns='main'
[1;36mdebug: [0msemantic: sem_check_block: ns='main'
[1;36mdebug: [0msemantic: sem_check_block: ns='main'
[1;36mdebug: [0msemantic: sem_check_block: ns='main'
[1;36mdebug: [0msemantic: sem_check_block: ns='main'
[1;36mdebug: [0msemantic: sem_check_block: ns='main'
[1;36mdebug: [0msemantic: sem_check_block: ns='main'
[1;36mdebug: [0msemantic: sem_check_block: ns='main'
[1;36mdebug: [0msemantic: sem_check_block: ns='main'
[1;36mdebug: [0msemantic: sem_check_block: ns='main'
[1;36mdebug: [0msemantic: sem_check_block: ns='main'
[1;36mdebug: [0msemantic: sem_check_block: ns='main'
[1;36mdebug: [0msemantic: sem_check_block: ns='main'
[1;36mdebug: [0msemantic: sem_check_block: ns='main'
[1;36mdebug: [0msemantic: sem_check_block: ns='main'
[1;36mdebug: [0msemantic: sem_check_block: ns='main'
[1;36mdebug: [0msemantic: sem_check_block: ns='main'
[1;36mdebug: [0msemantic: sem_check_block: ns='main'
[1;36mdebug: [0msemantic: sem_check_block: ns='main'
[1;36mdebug: [0msemantic: sem_check_block: ns='main'
[1;36mdebug: [0msemantic: sem_check_block: ns='main'
[1;36mdebug: [0msemantic: sem_check_block: ns='main'
[1;36mdebug: [0msemantic: sem_check_block: ns='main'
[1;36mdebug: [0msemantic: sem_check_block: ns='main'
[1;36mdebug: [0msemantic: sem_check_block: ns='main'
[1;36mdebug: [0msemantic: sem_check_block: ns='main'
[1;36mdebug: [0msemantic: sem_check_block: ns='main'
[1;36mdebug: [0msemantic: sem_check_block: ns='main'
[1;36mdebug: [0msemantic: sem_check_block: ns='main'
[1;36mdebug: [0msemantic: sem_check_block: ns='main'
[1;36mdebug: [0msemantic: sem_check_block: ns='main'
[1;36mdebug: [0msemantic: sem_check_block: ns='main'
[1;36mdebug: [0msemantic: sem_check_block: ns='main'
[1;36mdebug: [0msemantic: sem_check_block: ns='main'
[1;36mdebug: [0msemantic: sem_check_block: ns='main'
[1;36mdebug: [0msemantic: sem_check_block: ns='main'
[1;36mdebug: [0msemantic: sem_check_block: ns='main'
[1;36mdebug: [0msemantic: sem_check_block: ns='main'
[1;36mdebug: [0msemantic: sem_check_block: ns='main'
[1;36mdebug: [0msemantic: sem_check_block: ns='main'
[1;36mdebug: [0msemantic: sem_check_block: ns='main'
[1;36mdebug: [0msemantic: sem_check_block: ns='main'
[1;36mdebug: [0msemantic: sem_check_block: ns='main'
[1;36mdebug: [0msemantic: sem_check_block: ns='main'
[1;36mdebug: [0msemantic: sem_check_block: ns='main'
[1;36mdebug: [0msemantic: sem_check_block: ns='main'
[1;36mdebug: [0msemantic: sem_check_block: ns='main'
[1;36mdebug: [0msemantic: sem_check_block: ns='main'
[1;36mdebug: [0msemantic: sem_check_block: ns='main'
[1;36mdebug: [0msemantic: sem_check_block: ns='main'
[1;36mdebug: [0msemantic: sem_check_block: ns='main'
[1;36mdebug: [0msemantic: sem_check_block: ns='main'
[1;36mdebug: [0msemantic: sem_check_block: ns='main'
[1;36mdebug: [0msemantic: sem_check_block: ns='main'
[1;36mdebug: [0msemantic: sem_check_block: ns='main'
[1;36mdebug: [0msemantic: sem_check_block: ns='main'
[1;36mdebug: [0msemantic: sem_check_block: ns='main'
[1;36mdebug: [0msemantic: sem_check_block: ns='main'
[1;36mdebug: [0msemantic: sem_check_block: ns='main'
[1;36mdebug: [0msemantic: sem_check_block: ns='main'
[1;36mdebug: [0msemantic: sem_check_block: ns='main'
[1;36mdebug: [0msemantic: sem_check_block: ns='main'
[1;36mdebug: [0msemantic: sem_check_block: ns='main'
[1;36mdebug: [0msemantic: sem_check_block: ns='main'
[1;36mdebug: [0msemantic: sem_check_block: ns='main'
[1;36mdebug: [0msemantic: sem_check_block: ns='main'
[1;36mdebug: [0msemantic: sem_check_block: ns='main'
[1;36mdebug: [0msemantic: sem_check_block: ns='main'
[1;36mdebug: [0msemantic: sem_check_block: ns='main'
[1;36mdebug: [0msemantic: sem_check_block: ns='main'
[1;36mdebug: [0msemantic: sem_check_block: ns='main'
[1;36mdebug: [0msemantic: sem_check_block: ns='main'
[1;36mdebug: [0msemantic: sem_check_block: ns='main'
[1;36mdebug: [0msemantic: sem_check_block: ns='main'
[1;36mdebug: [0msemantic: sem_check_block: ns='main'
[1;36mdebug: [0msemantic: sem_check_block: ns='main'
[1;36mdebug: [0msemantic: sem_check_block: ns='main'
[1;36mdebug: [0msemantic: sem_check_block: ns='main'
[1;36mdebug: [0msemantic: sem_check_block: ns='main'
[1;36mdebug: [0msemantic: sem_check_block: ns='main'
[1;36mdebug: [0msemantic: sem_check_block: ns='main'
[1;36mdebug: [0msemantic: sem_check_block: ns='main'
[1;36mdebug: [0msemantic: sem_check_block: ns='main'
[1;36mdebug: [0msemantic: sem_check_block: ns='main'
[1;36mdebug: [0msemantic: sem_check_block: ns='main'
[1;36mdebug: [0msemantic: sem_check_block: ns='main'
[1;36mdebug: [0msemantic: sem_check_block: ns='main'
[1;36mdebug: [0msemantic: sem_check_block: ns='main'
[1;36mdebug: [0msemantic: sem_check_block: ns='main'
[1;36mdebug: [0msemantic: sem_check_block: ns='main'
[1;36mdebug: [0msemantic: sem_check_block: ns='main'
[1;36mdebug: [0msemantic: sem_check_block: ns='main'
[1;36mdebug: [0msemantic: sem_check_block: ns='main'
[1;36mdebug: [0msemantic: sem_check_block: ns='main'
[1;36mdebug: [0msemantic: sem_check_block: ns='main'
[1;36mdebug: [0msemantic: sem_check_block: ns='main'
[1;36mdebug: [0msemantic: sem_check_block: ns='main'
[1;36mdebug: [0msemantic: sem_check_block: ns='main'
[1;36mdebug: [0msemantic: sem_check_block: ns='main'
[1;36mdebug: [0msemantic: sem_check_block: ns='main'
[1;36mdebug: [0msemantic: sem_check_block: ns='main'
[1;36mdebug: [0msemantic: sem_check_block: ns='main'
[1;36mdebug: [0msemantic: sem_check_block: ns='main'
[1;36mdebug: [0msemantic: sem_check_block: ns='main'
[1;36mdebug: [0msemantic: sem_check_block: ns='main'
[1;36mdebug: [0msemantic: sem_check_block: ns='main'
[1;36mdebug: [0msemantic: sem_check_block: ns='main'
[1;36mdebug: [0msemantic: sem_check_block: ns='main'
[1;36mdebug: [0msemantic: sem_check_block: ns='main'
[1;36mdebug: [0msemantic: sem_check_block: ns='main'
[1;36mdebug: [0msemantic: sem_check_block: ns='main'
[1;36mdebug: [0msemantic: sem_check_block: ns='main'
[1;36mdebug: [0msemantic: sem_check_block: ns='main'
[1;36mdebug: [0msemantic: sem_check_block: ns='main'
[1;36mdebug: [0msemantic: sem_check_block: ns='main'
[1;36mdebug: [0msemantic: sem_check_block: ns='main'
[1;36mdebug: [0msemantic: sem_check_block: ns='main'
[1;36mdebug: [0msemantic: sem_check_block: ns='main'
[1;36mdebug: [0msemantic: sem_check_block: ns='main'
[1;36mdebug: [0msemantic: sem_check_block: ns='main'
[1;36mdebug: [0msemantic: sem_check_block: ns='main'
[1;36mdebug: [0msemantic: sem_check_block: ns='main'
[1;36mdebug: [0msemantic: sem_check_block: ns='main'
[1;36mdebug: [0msemantic: sem_check_block: ns='main'
[1;36mdebug: [0msemantic: sem_check_block: ns='main'
[1;36mdebug: [0msemantic: sem_check_block: ns='main'
[1;36mdebug: [0msemantic: sem_check_block: ns='main'
[1;36mdebug: [0msemantic: sem_check_block: ns='main'
[1;36mdebug: [0msemantic: sem_check_block: ns='main'
[1;36mdebug: [0msemantic: sem_check_block: ns='main'
[1;36mdebug: [0msemantic: sem_check_block: ns='main'
[1;36mdebug: [0msemantic: sem_check_block: ns='main'
[1;36mdebug: [0msemantic: sem_check_block: ns='main'
[1;36mdebug: [0msemantic: sem_check_block: ns='main'
[1;36mdebug: [0msemantic: sem_check_block: ns='main'
[1;36mdebug: [0msemantic: sem_check_block: ns='main'
[1;36mdebug: [0msemantic: sem_check_block: ns='main'
[1;36mdebug: [0msemantic: sem_check_block: ns='main'
[1;36mdebug: [0msemantic: sem_check_block: ns='main'
[1;36mdebug: [0msemantic: sem_check_block: ns='main'
[1;36mdebug: [0msemantic: sem_check_block: ns='main'
[1;36mdebug: [0msemantic: sem_check_block: ns='main'
[1;36mdebug: [0msemantic: sem_check_block: ns='main'
[1;36mdebug: [0msemantic: sem_check_block: ns='main'
[1;36mdebug: [0msemantic: sem_check_block: ns='main'
[1;36mdebug: [0msemantic: sem_check_block: ns='main'
[1;36mdebug: [0msemantic: sem_check_block: ns='main'
[1;36mdebug: [0msemantic: sem_check_block: ns='main'
[1;36mdebug: [0msemantic: sem_check_block: ns='main'
[1;36mdebug: [0msemantic: sem_check_block: ns='main'
[1;36mdebug: [0msemantic: sem_check_block: ns='main'
[1;36mdebug: [0msemantic: sem_check_block: ns='main'
[1;36mdebug: [0msemantic: sem_check_block: ns='main'
[1;36mdebug: [0msemantic: sem_check_block: ns='main'
[1;36mdebug: [0msemantic: sem_check_block: ns='main'
[1;36mdebug: [0msemantic: sem_check_block: ns='main'
[1;36mdebug: [0msemantic: sem_check_block: ns='main'
[1;36mdebug: [0msemantic: sem_check_block: ns='main'
[1;36mdebug: [0msemantic: sem_check_block: ns='main'
[1;36mdebug: [0msemantic: sem_check_block: ns='main'
[1;36mdebug: [0msemantic: sem_check_block: ns='main'
[1;36mdebug: [0msemantic: sem_check_block: ns='main'
[1;36mdebug: [0msemantic: sem_check_block: ns='main'
[1;36mdebug: [0msemantic: sem_check_block: ns='main'
[1;36mdebug: [0msemantic: sem_check_block: ns='main'
[1;36mdebug: [0msemantic: sem_check_block: ns='main'
[1;36mdebug: [0msemantic: sem_check_block: ns='main'
[1;36mdebug: [0msemantic: sem_check_block: ns='main'
[1;36mdebug: [0msemantic: sem_check_block: ns='main'
[1;36mdebug: [0msemantic: sem_check_block: ns='main'
[1;36mdebug: [0msemantic: sem_check_block: ns='main'
[1;36mdebug: [0msemantic: sem_check_block: ns='main'
[1;36mdebug: [0msemantic: sem_check_block: ns='main'
[1;36mdebug: [0msemantic: sem_check_block: ns='main'
[1;36mdebug: [0msemantic: sem_check_block: ns='main'
[1;36mdebug: [0msemantic: sem_check_block: ns='main'
[1;36mdebug: [0msemantic: sem_check_block: ns='main'
[1;36mdebug: [0msemantic: sem_check_block: ns='main'
[1;36mdebug: [0msemantic: sem_check_block: ns='main'
[1;36mdebug: [0msemantic: sem_check_block: ns='main'
[1;36mdebug: [0msemantic: sem_check_block: ns='main'
[1;36mdebug: [0msemantic: sem_check_block: ns='main'
[1;36mdebug: [0msemantic: sem_check_block: ns='main'
[1;36mdebug: [0msemantic: sem_check_block: ns='main'
[1;36mdebug: [0msemantic: sem_check_block: ns='main'
[1;36mdebug: [0msemantic: sem_check_block: ns='main'
[1;36mdebug: [0msemantic: sem_check_block: ns='main'
[1;36mdebug: [0msemantic: sem_check_block: ns='main'
[1;36mdebug: [0msemantic: sem_check_block: ns='main'
[1;36mdebug: [0msemantic: sem_check_block: ns='main'
[1;36mdebug: [0msemantic: sem_check_block: ns='main'
[1;36mdebug: [0msemantic: sem_check_block: ns='main'
[1;36mdebug: [0msemantic: sem_check_block: ns='main'
[1;36mdebug: [0msemantic: sem_check_block: ns='main'
[1;36mdebug: [0msemantic: sem_check_block: ns='main'
[1;36mdebug: [0msemantic: sem_check_block: ns='main'
[1;36mdebug: [0msemantic: sem_check_block: ns='main'
[1;36mdebug: [0msemantic: sem_check_block: ns='main'
[1;36mdebug: [0msemantic: sem_check_block: ns='main'
[1;36mdebug: [0msemantic: sem_check_block: ns='main'
[1;36mdebug: [0msemantic: sem_check_block: ns='main'
[1;36mdebug: [0msemantic: sem_check_block: ns='main'
[1;36mdebug: [0msemantic: sem_check_block: ns='main'
[1;36mdebug: [0msemantic: sem_check_block: ns='main'
[1;36mdebug: [0msemantic: sem_check_block: ns='main'
[1;36mdebug: [0msemantic: sem_check_block: ns='main'
[1;36mdebug: [0msemantic: sem_check_block: ns='main'
[1;36mdebug: [0msemantic: sem_check_block: ns='main'
[1;36mdebug: [0msemantic: sem_check_block: ns='main'
[1;36mdebug: [0msemantic: sem_check_block: ns='main'
[1;36mdebug: [0msemantic: sem_check_block: ns='main'
[1;36mdebug: [0msemantic: sem_check_block: ns='main'
[1;36mdebug: [0msemantic: sem_check_block: ns='main'
[1;36mdebug: [0msemantic: sem_check_block: ns='main'
[1;36mdebug: [0msemantic: sem_check_block: ns='main'
[1;36mdebug: [0msemantic: sem_check_block: ns='main'
[1;36mdebug: [0msemantic: sem_check_block: ns='main'
[1;36mdebug: [0msemantic: sem_check_block: ns='main'
[1;36mdebug: [0msemantic: sem_check_block: ns='main'
[1;36mdebug: [0msemantic: sem_check_block: ns='main'
[1;36mdebug: [0msemantic: sem_check_block: ns='main'
[1;36mdebug: [0msemantic: sem_check_block: ns='main'
[1;36mdebug: [0msemantic: sem_check_block: ns='main'
[1;36mdebug: [0msemantic: sem_check_block: ns='main'
[1;36mdebug: [0msemantic: sem_check_block: ns='main'
[1;36mdebug: [0msemantic: sem_check_block: ns='main'
[1;36mdebug: [0msemantic: sem_check_block: ns='main'
[1;36mdebug: [0msemantic: sem_check_block: ns='main'
[1;36mdebug: [0msemantic: sem_check_block: ns='main'
[1;36mdebug: [0msemantic: sem_check_block: ns='main'
[1;36mdebug: [0msemantic: sem_check_block: ns='main'
[1;36mdebug: [0msemantic: sem_check_block: ns='main'
[1;36mdebug: [0msemantic: sem_check_block: ns='main'
[1;36mdebug: [0msemantic: sem_check_block: ns='main'
[1;36mdebug: [0msemantic: sem_check_block: ns='main'
[1;36mdebug: [0msemantic: sem_check_block: ns='main'
[1;36mdebug: [0msemantic: sem_check_block: ns='main'
[1;36mdebug: [0msemantic: sem_check_block: ns='main'
[1;36mdebug: [0msemantic: sem_check_block: ns='main'
[1;36mdebug: [0msemantic: sem_check_block: ns='main'
[1;36mdebug: [0msemantic: sem_check_block: ns='main'
[1;36mdebug: [0msemantic: sem_check_block: ns='main'
[1;36mdebug: [0msemantic: sem_check_block: ns='main'
[1;36mdebug: [0msemantic: sem_check_block: ns='main'
[1;36mdebug: [0msemantic: sem_check_block: ns='main'
[1;36mdebug: [0msemantic: sem_check_block: ns='main'
[1;36mdebug: [0msemantic: sem_check_block: ns='main'
[1;36mdebug: [0msemantic: sem_check_block: ns='main'
[1;36mdebug: [0msemantic: sem_check_block: ns='main'
[1;36mdebug: [0msemantic: sem_check_block: ns='main'
[1;36mdebug: [0msemantic: sem_check_block: ns='main'
[1;36mdebug: [0msemantic: sem_check_block: ns='main'
[1;36mdebug: [0msemantic: sem_check_block: ns='main'
[1;36mdebug: [0msemantic: sem_check_block: ns='main'
[1;36mdebug: [0msemantic: sem_check_block: ns='main'
[1;36mdebug: [0msemantic: sem_check_block: ns='main'
[1;36mdebug: [0msemantic: sem_check_block: ns='main'
[1;36mdebug: [0msemantic: sem_check_block: ns='main'
[1;36mdebug: [0msemantic: sem_check_block: ns='main'
[1;36mdebug: [0msemantic: sem_check_block: ns='main'
[1;36mdebug: [0msemantic: sem_check_block: ns='main'
[1;36mdebug: [0msemantic: sem_check_block: ns='main'
[1;36mdebug: [0msemantic: sem_check_block: ns='main'
[1;36mdebug: [0msemantic: sem_check_block: ns='main'
[1;36mdebug: [0msemantic: sem_check_block: ns='main'
[1;36mdebug: [0msemantic: sem_check_block: ns='main'
[1;36mdebug: [0msemantic: sem_check_block: ns='main'
[1;36mdebug: [0msemantic: sem_check_block: ns='main'
[1;36mdebug: [0msemantic: sem_check_block: ns='main'
[1;36mdebug: [0msemantic: sem_check_block: ns='main'
[1;36mdebug: [0msemantic: sem_check_block: ns='main'
[1;36mdebug: [0msemantic: sem_check_block: ns='main'
[1;36mdebug: [0msemantic: sem_check_block: ns='main'
[1;36mdebug: [0msemantic: sem_check_block: ns='main'
[1;36mdebug: [0msemantic: sem_check_block: ns='main'
[1;36mdebug: [0msemantic: sem_check_block: ns='main'
[1;36mdebug: [0msemantic: sem_check_block: ns='main'
[1;36mdebug: [0msemantic: sem_check_block: ns='main'
[1;36mdebug: [0msemantic: sem_check_block: ns='main'
[1;36mdebug: [0msemantic: sem_check_block: ns='main'
[1;36mdebug: [0msemantic: sem_check_block: ns='main'
[1;36mdebug: [0msemantic: sem_check_block: ns='main'
[1;36mdebug: [0msemantic: sem_check_block: ns='main'
[1;36mdebug: [0msemantic: sem_check_block: ns='main'
[1;36mdebug: [0msemantic: sem_check_block: ns='main'
[1;36mdebug: [0msemantic: sem_check_block: ns='main'
[1;36mdebug: [0msemantic: sem_check_block: ns='main'
[1;36mdebug: [0msemantic: sem_check_block: ns='main'
[1;36mdebug: [0msemantic: sem_check_block: ns='main'
[1;36mdebug: [0msemantic: sem_check_block: ns='main'
[1;36mdebug: [0msemantic: sem_check_block: ns='main'
[1;36mdebug: [0msemantic: sem_check_block: ns='main'
[1;36mdebug: [0msemantic: sem_check_block: ns='main'
[1;36mdebug: [0msemantic: sem_check_block: ns='main'
[1;36mdebug: [0msemantic: sem_check_block: ns='main'
[1;36mdebug: [0msemantic: sem_check_block: ns='main'
[1;36mdebug: [0msemantic: sem_check_block: ns='main'
[1;36mdebug: [0msemantic: sem_check_block: ns='main'
[1;36mdebug: [0msemantic: sem_check_block: ns='main'
[1;36mdebug: [0msemantic: sem_check_block: ns='main'
[1;36mdebug: [0msemantic: sem_check_block: ns='main'
[1;36mdebug: [0msemantic: sem_check_block: ns='main'
[1;36mdebug: [0msemantic: sem_check_block: ns='main'
[1;36mdebug: [0msemantic: sem_check_block: ns='main'
[1;36mdebug: [0msemantic: sem_check_block: ns='main'
[1;36mdebug: [0msemantic: sem_check_block: ns='main'
[1;36mdebug: [0msemantic: sem_check_block: ns='main'
[1;36mdebug: [0msemantic: sem_check_block: ns='main'
[1;36mdebug: [0msemantic: sem_check_block: ns='main'
[1;36mdebug: [0msemantic: sem_check_block: ns='main'
[1;36mdebug: [0msemantic: sem_check_block: ns='main'
[1;36mdebug: [0msemantic: sem_check_block: ns='main'
[1;36mdebug: [0msemantic: sem_check_block: ns='main'
[1;36mdebug: [0msemantic: sem_check_block: ns='main'
[1;36mdebug: [0msemantic: sem_check_block: ns='main'
[1;36mdebug: [0msemantic: sem_check_block: ns='main'
[1;36mdebug: [0msemantic: sem_check_block: ns='main'
[1;36mdebug: [0msemantic: sem_check_block: ns='main'
[1;36mdebug: [0msemantic: sem_check_block: ns='main'
[1;36mdebug: [0msemantic: sem_check_block: ns='main'
[1;36mdebug: [0msemantic: sem_check_block: ns='main'
[1;36mdebug: [0msemantic: sem_check_block: ns='main'
[1;36mdebug: [0msemantic: sem_check_block: ns='main'
[1;36mdebug: [0msemantic: sem_check_block: ns='main'
[1;36mdebug: [0msemantic: sem_check_block: ns='main'
[1;36mdebug: [0msemantic: sem_check_block: ns='main'
[1;36mdebug: [0msemantic: sem_check_block: ns='main'
[1;36mdebug: [0msemantic: sem_check_block: ns='main'
[1;36mdebug: [0msemantic: sem_check_block: ns='main'
[1;36mdebug: [0msemantic: sem_check_block: ns='main'
[1;36mdebug: [0msemantic: sem_check_block: ns='main'
[1;36mdebug: [0msemantic: sem_check_block: ns='main'
[1;36mdebug: [0msemantic: sem_check_block: ns='main'
[1;36mdebug: [0msemantic: sem_check_block: ns='main'
[1;36mdebug: [0msemantic: sem_check_block: ns='main'
[1;36mdebug: [0msemantic: sem_check_block: ns='main'
[1;36mdebug: [0msemantic: sem_check_block: ns='main'
[1;36mdebug: [0msemantic: sem_check_block: ns='main'
[1;36mdebug: [0msemantic: sem_check_block: ns='main'
[1;36mdebug: [0msemantic: sem_check_block: ns='main'
[1;36mdebug: [0msemantic: sem_check_block: ns='main'
[1;36mdebug: [0msemantic: sem_check_block: ns='main'
[1;36mdebug: [0msemantic: sem_check_block: ns='main'
[1;36mdebug: [0msemantic: sem_check_block: ns='main'
[1;36mdebug: [0msemantic: sem_check_block: ns='main'
[1;36mdebug: [0msemantic: sem_check_block: ns='main'
[1;36mdebug: [0msemantic: sem_check_block: ns='main'
[1;36mdebug: [0msemantic: sem_check_block: ns='main'
[1;36mdebug: [0msemantic: sem_check_block: ns='main'
[1;36mdebug: [0msemantic: sem_check_block: ns='main'
[1;36mdebug: [0msemantic: sem_check_block: ns='main'
[1;36mdebug: [0msemantic: sem_check_block: ns='main'
[1;36mdebug: [0msemantic: sem_check_block: ns='main'
[1;36mdebug: [0msemantic: sem_check_block: ns='main'
[1;36mdebug: [0msemantic: sem_check_block: ns='main'
[1;36mdebug: [0msemantic: sem_check_block: ns='main'
[1;36mdebug: [0msemantic: sem_check_block: ns='main'
[1;36mdebug: [0msemantic: sem_check_block: ns='main'
[1;36mdebug: [0msemantic: sem_check_block: ns='main'
[1;36mdebug: [0msemantic: sem_check_block: ns='main'
[1;36mdebug: [0msemantic: sem_check_block: ns='main'
[1;36mdebug: [0msemantic: sem_check_block: ns='main'
[1;36mdebug: [0msemantic: sem_check_block: ns='main'
[1;36mdebug: [0msemantic: sem_check_block: ns='main'
[1;36mdebug: [0msemantic: sem_check_block: ns='main'
[1;36mdebug: [0msemantic: sem_check_block: ns='main'
[1;36mdebug: [0msemantic: sem_check_block: ns='main'
[1;36mdebug: [0msemantic: sem_check_block: ns='main'
[1;36mdebug: [0msemantic: sem_check_block: ns='main'
[1;36mdebug: [0msemantic: sem_check_block: ns='main'
[1;36mdebug: [0msemantic: sem_check_block: ns='main'
[1;36mdebug: [0msemantic: sem_check_block: ns='main'
[1;36mdebug: [0msemantic: sem_check_block: ns='main'
[1;36mdebug: [0msemantic: sem_check_block: ns='main'
[1;36mdebug: [0msemantic: sem_check_block: ns='main'
[1;36mdebug: [0msemantic: sem_check_block: ns='main'
[1;36mdebug: [0msemantic: sem_check_block: ns='main'
[1;36mdebug: [0msemantic: sem_check_block: ns='main'
[1;36mdebug: [0msemantic: sem_check_block: ns='main'
[1;36mdebug: [0msemantic: sem_check_block: ns='main'
[1;36mdebug: [0msemantic: sem_check_block: ns='main'
[1;36mdebug: [0msemantic: sem_check_block: ns='main'
[1;36mdebug: [0msemantic: sem_check_block: ns='main'
[1;36mdebug: [0msemantic: sem_check_block: ns='main'
[1;36mdebug: [0msemantic: sem_check_block: ns='main'
[1;36mdebug: [0msemantic: sem_check_block: ns='main'
[1;36mdebug: [0msemantic: sem_check_block: ns='main'
[1;36mdebug: [0msemantic: sem_check_block: ns='main'
[1;36mdebug: [0msemantic: sem_check_block: ns='main'
[1;36mdebug: [0msemantic: sem_check_block: ns='main'
[1;36mdebug: [0msemantic: sem_check_block: ns='main'
[1;36mdebug: [0msemantic: sem_check_block: ns='main'
[1;36mdebug: [0msemantic: sem_check_block: ns='main'
[1;36mdebug: [0msemantic: sem_check_block: ns='main'
[1;36mdebug: [0msemantic: sem_check_block: ns='main'
[1;36mdebug: [0msemantic: sem_check_block: ns='main'
[1;36mdebug: [0msemantic: sem_check_block: ns='main'
[1;36mdebug: [0msemantic: sem_check_block: ns='main'
[1;36mdebug: [0msemantic: sem_check_block: ns='main'
[1;36mdebug: [0msemantic: sem_check_block: ns='main'
[1;36mdebug: [0msemantic: sem_check_block: ns='main'
[1;36mdebug: [0msemantic: sem_check_block: ns='main'
[1;36mdebug: [0msemantic: sem_check_block: ns='main'
[1;36mdebug: [0msemantic: sem_check_block: ns='main'
[1;36mdebug: [0msemantic: sem_check_block: ns='main'
[1;36mdebug: [0msemantic: sem_check_block: ns='main'
[1;36mdebug: [0msemantic: sem_check_block: ns='main'
[1;36mdebug: [0msemantic: sem_check_block: ns='main'
[1;36mdebug: [0msemantic: sem_check_block: ns='main'
[1;36mdebug: [0msemantic: sem_check_block: ns='main'
[1;36mdebug: [0msemantic: sem_check_block: ns='main'
[1;36mdebug: [0msemantic: sem_check_block: ns='main'
[1;36mdebug: [0msemantic: sem_check_block: ns='main'
[1;36mdebug: [0msemantic: sem_check_block: ns='main'
[1;36mdebug: [0msemantic: sem_check_block: ns='main'
[1;36mdebug: [0msemantic: sem_check_block: ns='main'
[1;36mdebug: [0msemantic: sem_check_block: ns='main'
[1;36mdebug: [0msemantic: sem_check_block: ns='main'
[1;36mdebug: [0msemantic: sem_check_block: ns='main'
[1;36mdebug: [0msemantic: sem_check_block: ns='main'
[1;36mdebug: [0msemantic: sem_check_block: ns='main'
[1;36mdebug: [0msemantic: sem_check_block: ns='main'
[1;36mdebug: [0msemantic: sem_check_block: ns='main'
[1;36mdebug: [0msemantic: sem_check_block: ns='main'
[1;36mdebug: [0msemantic: sem_check_block: ns='main'
[1;36mdebug: [0msemantic: sem_check_block: ns='main'
[1;36mdebug: [0msemantic: sem_check_block: ns='main'
[1;36mdebug: [0msemantic: sem_check_block: ns='main'
[1;36mdebug: [0msemantic: sem_check_block: ns='main'
[1;36mdebug: [0msemantic: sem_check_block: ns='main'
[1;36mdebug: [0msemantic: sem_check_block: ns='main'
[1;36mdebug: [0msemantic: sem_check_block: ns='main'
[1;36mdebug: [0msemantic: sem_check_block: ns='main'
[1;36mdebug: [0msemantic: sem_check_block: ns='main'
[1;36mdebug: [0msemantic: sem_check_block: ns='main'
[1;36mdebug: [0msemantic: sem_check_block: ns='main'
[1;36mdebug: [0msemantic: sem_check_block: ns='main'
[1;36mdebug: [0msemantic: sem_check_block: ns='main'
[1;36mdebug: [0msemantic: sem_check_block: ns='main'
[1;36mdebug: [0msemantic: sem_check_block: ns='main'
[1;36mdebug: [0msemantic: sem_check_block: ns='main'
[1;36mdebug: [0msemantic: sem_check_block: ns='main'
[1;36mdebug: [0msemantic: sem_check_block: ns='main'
[1;36mdebug: [0msemantic: sem_check_block: ns='main'
[1;36mdebug: [0msemantic: sem_check_block: ns='main'
[1;36mdebug: [0msemantic: sem_check_block: ns='main'
[1;36mdebug: [0msemantic: sem_check_block: ns='main'
[1;36mdebug: [0msemantic: sem_check_block: ns='main'
[1;36mdebug: [0msemantic: sem_check_block: ns='main'
[1;36mdebug: [0msemantic: sem_check_block: ns='main'
[1;36mdebug: [0msemantic: sem_check_block: ns='main'
[1;36mdebug: [0msemantic: sem_check_block: ns='main'
[1;36mdebug: [0msemantic: sem_check_block: ns='main'
[1;36mdebug: [0msemantic: sem_check_block: ns='main'
[1;36mdebug: [0msemantic: sem_check_block: ns='main'
[1;36mdebug: [0msemantic: sem_check_block: ns='main'
[1;36mdebug: [0msemantic: sem_check_block: ns='main'
[1;36mdebug: [0msemantic: sem_check_block: ns='main'
[1;36mdebug: [0msemantic: sem_check_block: ns='main'
[1;36mdebug: [0msemantic: sem_check_block: ns='main'
[1;36mdebug: [0msemantic: sem_check_block: ns='main'
[1;36mdebug: [0msemantic: sem_check_block: ns='main'
[1;36mdebug: [0msemantic: sem_check_block: ns='main'
[1;36mdebug: [0msemantic: sem_check_block: ns='main'
[1;36mdebug: [0msemantic: sem_check_block: ns='main'
[1;36mdebug: [0msemantic: sem_check_block: ns='main'
[1;36mdebug: [0msemantic: sem_check_block: ns='main'
[1;36mdebug: [0msemantic: sem_check_block: ns='main'
[1;36mdebug: [0msemantic: sem_check_block: ns='main'
[1;36mdebug: [0msemantic: sem_check_block: ns='main'
[1;36mdebug: [0msemantic: sem_check_block: ns='main'
[1;36mdebug: [0msemantic: sem_check_block: ns='main'
[1;36mdebug: [0msemantic: sem_check_block: ns='main'
[1;36mdebug: [0msemantic: sem_check_block: ns='main'
[1;36mdebug: [0msemantic: sem_check_block: ns='main'
[1;36mdebug: [0msemantic: sem_check_block: ns='main'
[1;36mdebug: [0msemantic: sem_check_block: ns='main'
[1;36mdebug: [0msemantic: sem_check_block: ns='main'
[1;36mdebug: [0msemantic: sem_check_block: ns='main'
[1;36mdebug: [0msemantic: sem_check_block: ns='main'
[1;36mdebug: [0msemantic: sem_check_block: ns='main'
[1;36mdebug: [0msemantic: sem_check_block: ns='main'
[1;36mdebug: [0msemantic: sem_check_block: ns='main'
[1;36mdebug: [0msemantic: sem_check_block: ns='main'
[1;36mdebug: [0msemantic: sem_check_block: ns='main'
[1;36mdebug: [0msemantic: sem_check_block: ns='main'
[1;36mdebug: [0msemantic: sem_check_block: ns='main'
[1;36mdebug: [0msemantic: sem_check_block: ns='main'
[1;36mdebug: [0msemantic: sem_check_block: ns='main'
[1;36mdebug: [0msemantic: sem_check_block: ns='main'
[1;36mdebug: [0msemantic: sem_check_block: ns='main'
[1;36mdebug: [0msemantic: sem_check_block: ns='main'
[1;36mdebug: [0msemantic: sem_check_block: ns='main'
[1;36mdebug: [0msemantic: sem_check_block: ns='main'
[1;36mdebug: [0msemantic: sem_check_block: ns='main'
[1;36mdebug: [0msemantic: sem_check_block: ns='main'
[1;36mdebug: [0msemantic: sem_check_block: ns='main'
[1;36mdebug: [0msemantic: sem_check_block: ns='main'
[1;36mdebug: [0msemantic: sem_check_block: ns='main'
[1;36mdebug: [0msemantic: sem_check_block: ns='main'
[1;36mdebug: [0msemantic: sem_check_block: ns='main'
[1;36mdebug: [0msemantic: sem_check_block: ns='main'
[1;36mdebug: [0msemantic: sem_check_block: ns='main'
[1;36mdebug: [0msemantic: sem_check_block: ns='main'
[1;36mdebug: [0msemantic: sem_check_block: ns='main'
[1;36mdebug: [0msemantic: sem_check_block: ns='main'
[1;36mdebug: [0msemantic: sem_check_block: ns='main'
[1;36mdebug: [0msemantic: sem_check_block: ns='main'
[1;36mdebug: [0msemantic: sem_check_block: ns='main'
[1;36mdebug: [0msemantic: sem_check_block: ns='main'
[1;36mdebug: [0msemantic: sem_check_block: ns='main'
[1;36mdebug: [0msemantic: sem_check_block: ns='main'
[1;36mdebug: [0msemantic: sem_check_block: ns='main'
[1;36mdebug: [0msemantic: sem_check_block: ns='main'
[1;36mdebug: [0msemantic: sem_check_block: ns='main'
[1;36mdebug: [0msemantic: sem_check_block: ns='main'
[1;36mdebug: [0msemantic: sem_check_block: ns='main'
[1;36mdebug: [0msemantic: sem_check_block: ns='main'
[1;36mdebug: [0msemantic: sem_check_block: ns='main'
[1;36mdebug: [0msemantic: sem_check_block: ns='main'
[1;36mdebug: [0msemantic: sem_check_block: ns='main'
[1;36mdebug: [0msemantic: sem_check_block: ns='main'
[1;36mdebug: [0msemantic: sem_check_block: ns='main'
[1;36mdebug: [0msemantic: sem_check_block: ns='main'
[1;36mdebug: [0msemantic: sem_check_block: ns='main'
[1;36mdebug: [0msemantic: sem_check_block: ns='main'
[1;36mdebug: [0msemantic: sem_check_block: ns='main'
[1;36mdebug: [0msemantic: sem_check_block: ns='main'
[1;36mdebug: [0msemantic: sem_check_block: ns='main'
[1;36mdebug: [0msemantic: sem_check_block: ns='main'
[1;36mdebug: [0msemantic: sem_check_block: ns='main'
[1;36mdebug: [0msemantic: sem_check_block: ns='main'
[1;36mdebug: [0msemantic: sem_check_block: ns='main'
[1;36mdebug: [0msemantic: sem_check_block: ns='main'
[1;36mdebug: [0msemantic: sem_check_block: ns='main'
[1;36mdebug: [0msemantic: sem_check_block: ns='main'
[1;36mdebug: [0msemantic: sem_check_block: ns='main'
[1;36mdebug: [0msemantic: sem_check_block: ns='main'
[1;36mdebug: [0msemantic: sem_check_block: ns='main'
[1;36mdebug: [0msemantic: sem_check_block: ns='main'
[1;36mdebug: [0msemantic: sem_check_block: ns='main'
[1;36mdebug: [0msemantic: sem_check_block: ns='main'
[1;36mdebug: [0msemantic: sem_check_block: ns='main'
[1;36mdebug: [0msemantic: sem_check_block: ns='main'
[1;36mdebug: [0msemantic: sem_check_block: ns='main'
[1;36mdebug: [0msemantic: sem_check_block: ns='main'
[1;36mdebug: [0msemantic: sem_check_block: ns='main'
[1;36mdebug: [0msemantic: sem_check_block: ns='main'
[1;36mdebug: [0msemantic: sem_check_block: ns='main'
[1;36mdebug: [0msemantic: sem_check_block: ns='main'
[1;36mdebug: [0msemantic: sem_check_block: ns='main'
[1;36mdebug: [0msemantic: sem_check_block: ns='main'
[1;36mdebug: [0msemantic: sem_check_block: ns='main'
[1;36mdebug: [0msemantic: sem_check_block: ns='main'
[1;36mdebug: [0msemantic: sem_check_block: ns='main'
[1;36mdebug: [0msemantic: sem_check_block: ns='main'
[1;36mdebug: [0msemantic: sem_check_block: ns='main'
[1;36mdebug: [0msemantic: sem_check_block: ns='main'
[1;36mdebug: [0msemantic: sem_check_block: ns='main'
[1;36mdebug: [0msemantic: sem_check_block: ns='main'
[1;36mdebug: [0msemantic: sem_check_block: ns='main'
[1;36mdebug: [0msemantic: sem_check_block: ns='main'
[1;36mdebug: [0msemantic: sem_check_block: ns='main'
[1;36mdebug: [0msemantic: sem_check_block: ns='main'
[1;36mdebug: [0msemantic: sem_check_block: ns='main'
[1;36mdebug: [0msemantic: sem_check_block: ns='main'
[1;36mdebug: [0msemantic: sem_check_block: ns='main'
[1;36mdebug: [0msemantic: sem_check_block: ns='main'
[1;36mdebug: [0msemantic: sem_check_block: ns='main'
[1;36mdebug: [0msemantic: sem_check_block: ns='main'
[1;36mdebug: [0msemantic: sem_check_block: ns='main'
[1;36mdebug: [0msemantic: sem_check_block: ns='main'
[1;36mdebug: [0msemantic: sem_check_block: ns='main'
[1;36mdebug: [0msemantic: sem_check_block: ns='main'
[1;36mdebug: [0msemantic: sem_check_block: ns='main'
[1;36mdebug: [0msemantic: sem_check_block: ns='main'
[1;36mdebug: [0msemantic: sem_check_block: ns='main'
[1;36mdebug: [0msemantic: sem_check_block: ns='main'
[1;36mdebug: [0msemantic: sem_check_block: ns='main'
[1;36mdebug: [0msemantic: sem_check_block: ns='main'
[1;36mdebug: [0msemantic: sem_check_block: ns='main'
[1;36mdebug: [0msemantic: sem_check_block: ns='main'
[1;36mdebug: [0msemantic: sem_check_block: ns='main'
[1;36mdebug: [0msemantic: sem_check_block: ns='main'
[1;36mdebug: [0msemantic: sem_check_block: ns='main'
[1;36mdebug: [0msemantic: sem_check_block: ns='main'
[1;36mdebug: [0msemantic: sem_check_block: ns='main'
[1;36mdebug: [0msemantic: sem_check_block: ns='main'
[1;36mdebug: [0msemantic: sem_check_block: ns='main'
[1;36mdebug: [0msemantic: sem_check_block: ns='main'
[1;36mdebug: [0msemantic: sem_check_block: ns='main'
[1;36mdebug: [0msemantic: sem_check_block: ns='main'
[1;36mdebug: [0msemantic: sem_check_block: ns='main'
[1;36mdebug: [0msemantic: sem_check_block: ns='main'
[1;36mdebug: [0msemantic: sem_check_block: ns='main'
[1;36mdebug: [0msemantic: sem_check_block: ns='main'
[1;36mdebug: [0msemantic: sem_check_block: ns='main'
[1;36mdebug: [0msemantic: sem_check_block: ns='main'
[1;36mdebug: [0msemantic: sem_check_block: ns='main'
[1;36mdebug: [0msemantic: sem_check_block: ns='main'
[1;36mdebug: [0msemantic: sem_check_block: ns='main'
[1;36mdebug: [0msemantic: sem_check_block: ns='main'
[1;36mdebug: [0msemantic: sem_check_block: ns='main'
[1;36mdebug: [0msemantic: sem_check_block: ns='main'
[1;36mdebug: [0msemantic: sem_check_block: ns='main'
[1;36mdebug: [0msemantic: sem_check_block: ns='main'
[1;36mdebug: [0msemantic: sem_check_block: ns='main'
[1;36mdebug: [0msemantic: sem_check_block: ns='main'
[1;36mdebug: [0msemantic: sem_check_block: ns='main'
[1;36mdebug: [0msemantic: sem_check_block: ns='main'
[1;36mdebug: [0msemantic: sem_check_block: ns='main'
[1;36mdebug: [0msemantic: sem_check_block: ns='main'
[1;36mdebug: [0msemantic: sem_check_block: ns='main'
[1;36mdebug: [0msemantic: sem_check_block: ns='main'
[1;36mdebug: [0msemantic: sem_check_block: ns='main'
[1;36mdebug: [0msemantic: sem_check_block: ns='main'
[1;36mdebug: [0msemantic: sem_check_block: ns='main'
[1;36mdebug: [0msemantic: sem_check_block: ns='main'
[1;36mdebug: [0msemantic: sem_check_block: ns='main'
[1;36mdebug: [0msemantic: sem_check_block: ns='main'
[1;36mdebug: [0msemantic: sem_check_block: ns='main'
[1;36mdebug: [0msemantic: sem_check_block: ns='main'
[1;36mdebug: [0msemantic: sem_check_block: ns='main'
[1;36mdebug: [0msemantic: sem_check_block: ns='main'
[1;36mdebug: [0msemantic: sem_check_block: ns='main'
[1;36mdebug: [0msemantic: sem_check_block: ns='main'
[1;36mdebug: [0msemantic: sem_check_block: ns='main'
[1;36mdebug: [0msemantic: sem_check_block: ns='main'
[1;36mdebug: [0msemantic: sem_check_block: ns='main'
[1;36mdebug: [0msemantic: sem_check_block: ns='main'
[1;36mdebug: [0msemantic: sem_check_block: ns='main'
[1;36mdebug: [0msemantic: sem_check_block: ns='main'
[1;36mdebug: [0msemantic: sem_check_block: ns='main'
[1;36mdebug: [0msemantic: sem_check_block: ns='main'
[1;36mdebug: [0msemantic: sem_check_block: ns='main'
[1;36mdebug: [0msemantic: sem_check_block: ns='main'
[1;36mdebug: [0msemantic: sem_check_block: ns='main'
[1;36mdebug: [0msemantic: sem_check_block: ns='main'
[1;36mdebug: [0msemantic: sem_check_block: ns='main'
[1;36mdebug: [0msemantic: sem_check_block: ns='main'
[1;36mdebug: [0msemantic: sem_check_block: ns='main'
[1;36mdebug: [0msemantic: sem_check_block: ns='main'
[1;36mdebug: [0msemantic: sem_check_block: ns='main'
[1;36mdebug: [0msemantic: sem_check_block: ns='main'
[1;36mdebug: [0msemantic: sem_check_block: ns='main'
[1;36mdebug: [0msemantic: sem_check_block: ns='main'
[1;36mdebug: [0msemantic: sem_check_block: ns='main'
[1;36mdebug: [0msemantic: sem_check_block: ns='main'
[1;36mdebug: [0msemantic: sem_check_block: ns='main'
[1;36mdebug: [0msemantic: sem_check_block: ns='main'
[1;36mdebug: [0msemantic: sem_check_block: ns='main'
[1;36mdebug: [0msemantic: sem_check_block: ns='main'
[1;36mdebug: [0msemantic: sem_check_block: ns='main'
[1;36mdebug: [0msemantic: sem_check_block: ns='main'
[1;36mdebug: [0msemantic: sem_check_block: ns='main'
[1;36mdebug: [0msemantic: sem_check_block: ns='main'
[1;36mdebug: [0msemantic: sem_check_block: ns='main'
[1;36mdebug: [0msemantic: sem_check_block: ns='main'
[1;36mdebug: [0msemantic: sem_check_block: ns='main'
[1;36mdebug: [0msemantic: sem_check_block: ns='main'
[1;36mdebug: [0msemantic: sem_check_block: ns='main'
[1;36mdebug: [0msemantic: sem_check_block: ns='main'
[1;36mdebug: [0msemantic: sem_check_block: ns='main'
[1;36mdebug: [0msemantic: sem_check_block: ns='main'
[1;36mdebug: [0msemantic: sem_check_block: ns='main'
[1;36mdebug: [0msemantic: sem_check_block: ns='main'
[1;36mdebug: [0msemantic: sem_check_block: ns='main'
[1;36mdebug: [0msemantic: sem_check_block: ns='main'
[1;36mdebug: [0msemantic: sem_check_block: ns='main'
[1;36mdebug: [0msemantic: sem_check_block: ns='main'
[1;36mdebug: [0msemantic: sem_check_block: ns='main'
[1;36mdebug: [0msemantic: sem_check_block: ns='main'
[1;36mdebug: [0msemantic: sem_check_block: ns='main'
[1;36mdebug: [0msemantic: sem_check_block: ns='main'
[1;36mdebug: [0msemantic: sem_check_block: ns='main'
[1;36mdebug: [0msemantic: sem_check_block: ns='main'
[1;36mdebug: [0msemantic: sem_check_block: ns='main'
[1;36mdebug: [0msemantic: sem_check_block: ns='main'
[1;36mdebug: [0msemantic: sem_check_block: ns='main'
[1;36mdebug: [0msemantic: sem_check_block: ns='main'
[1;36mdebug: [0msemantic: sem_check_block: ns='main'
[1;36mdebug: [0msemantic: sem_check_block: ns='main'
[1;36mdebug: [0msemantic: sem_check_block: ns='main'
[1;36mdebug: [0msemantic: sem_check_block: ns='main'
[1;36mdebug: [0msemantic: sem_check_block: ns='main'
[1;36mdebug: [0msemantic: sem_check_block: ns='main'
[1;36mdebug: [0msemantic: sem_check_block: ns='main'
[1;36mdebug: [0msemantic: sem_check_block: ns='main'
[1;36mdebug: [0msemantic: sem_check_block: ns='main'
[1;36mdebug: [0msemantic: sem_check_block: ns='main'
[1;36mdebug: [0msemantic: sem_check_block: ns='main'
[1;36mdebug: [0msemantic: sem_check_block: ns='main'
[1;36mdebug: [0msemantic: sem_check_block: ns='main'
[1;36mdebug: [0msemantic: sem_check_block: ns='main'
[1;36mdebug: [0msemantic: sem_check_block: ns='main'
[1;36mdebug: [0msemantic: sem_check_block: ns='main'
[1;36mdebug: [0msemantic: sem_check_block: ns='main'
[1;36mdebug: [0msemantic: sem_check_block: ns='main'
[1;36mdebug: [0msemantic: sem_check_block: ns='main'
[1;36mdebug: [0msemantic: sem_check_block: ns='main'
[1;36mdebug: [0msemantic: sem_check_block: ns='main'
[1;36mdebug: [0msemantic: sem_check_block: ns='main'
[1;36mdebug: [0msemantic: sem_check_block: ns='main'
[1;36mdebug: [0msemantic: sem_check_block: ns='main'
[1;36mdebug: [0msemantic: sem_check_block: ns='main'
[1;36mdebug: [0msemantic: sem_check_block: ns='main'
[1;36mdebug: [0msemantic: sem_check_block: ns='main'
[1;36mdebug: [0msemantic: sem_check_block: ns='main'
[1;36mdebug: [0msemantic: sem_check_block: ns='main'
[1;36mdebug: [0msemantic: sem_check_block: ns='main'
[1;36mdebug: [0msemantic: sem_check_block: ns='main'
[1;36mdebug: [0msemantic: sem_check_block: ns='main'
[1;36mdebug: [0msemantic: sem_check_block: ns='main'
[1;36mdebug: [0msemantic: sem_check_block: ns='main'
[1;36mdebug: [0msemantic: sem_check_block: ns='main'
[1;36mdebug: [0msemantic: sem_check_block: ns='main'
[1;36mdebug: [0msemantic: sem_check_block: ns='main'
[1;36mdebug: [0msemantic: sem_check_block: ns='main'
[1;36mdebug: [0msemantic: sem_check_block: ns='main'
[1;36mdebug: [0msemantic: sem_check_block: ns='main'
[1;36mdebug: [0msemantic: sem_check_block: ns='main'
[1;36mdebug: [0msemantic: sem_check_block: ns='main'
[1;36mdebug: [0msemantic: sem_check_block: ns='main'
[1;36mdebug: [0msemantic: sem_check_block: ns='main'
[1;36mdebug: [0msemantic: sem_check_block: ns='main'
[1;36mdebug: [0msemantic: sem_check_block: ns='main'
[1;36mdebug: [0msemantic: sem_check_block: ns='main'
[1;36mdebug: [0msemantic: sem_check_block: ns='main'
[1;36mdebug: [0msemantic: sem_check_block: ns='main'
[1;36mdebug: [0msemantic: sem_check_block: ns='main'
[1;36mdebug: [0msemantic: sem_check_block: ns='main'
[1;36mdebug: [0msemantic: sem_check_block: ns='main'
[1;36mdebug: [0msemantic: sem_check_block: ns='main'
[1;36mdebug: [0msemantic: sem_check_block: ns='main'
[1;36mdebug: [0msemantic: sem_check_block: ns='main'
[1;36mdebug: [0msemantic: sem_check_block: ns='main'
[1;36mdebug: [0msemantic: sem_check_block: ns='main'
[1;36mdebug: [0msemantic: sem_check_block: ns='main'
[1;36mdebug: [0msemantic: sem_check_block: ns='main'
[1;36mdebug: [0msemantic: sem_check_block: ns='main'
[1;36mdebug: [0msemantic: sem_check_block: ns='main'
[1;36mdebug: [0msemantic: sem_check_block: ns='main'
[1;36mdebug: [0msemantic: sem_check_block: ns='main'
[1;36mdebug: [0msemantic: sem_check_block: ns='main'
[1;36mdebug: [0msemantic: sem_check_block: ns='main'
[1;36mdebug: [0msemantic: sem_check_block: ns='main'
[1;36mdebug: [0msemantic: sem_check_block: ns='main'
[1;36mdebug: [0msemantic: sem_check_block: ns='main'
[1;36mdebug: [0msemantic: sem_check_block: ns='main'
[1;36mdebug: [0msemantic: sem_check_block: ns='main'
[1;36mdebug: [0msemantic: sem_check_block: ns='main'
[1;36mdebug: [0msemantic: sem_check_block: ns='main'
[1;36mdebug: [0msemantic: sem_check_block: ns='main'
[1;36mdebug: [0msemantic: sem_check_block: ns='main'
[1;36mdebug: [0msemantic: sem_check_block: ns='main'
[1;36mdebug: [0msemantic: sem_check_block: ns='main'
[1;36mdebug: [0msemantic: sem_check_block: ns='main'
[1;36mdebug: [0msemantic: sem_check_block: ns='main'
[1;36mdebug: [0msemantic: sem_check_block: ns='main'
[1;36mdebug: [0msemantic: sem_check_block: ns='main'
[1;36mdebug: [0msemantic: sem_check_block: ns='main'
[1;36mdebug: [0msemantic: sem_check_block: ns='main'
[1;36mdebug: [0msemantic: sem_check_block: ns='main'
[1;36mdebug: [0msemantic: sem_check_block: ns='main'
[1;36mdebug: [0msemantic: sem_check_block: ns='main'
[1;36mdebug: [0msemantic: sem_check_block: ns='main'
[1;36mdebug: [0msemantic: sem_check_block: ns='main'
[1;36mdebug: [0msemantic: sem_check_block: ns='main'
[1;36mdebug: [0msemantic: sem_check_block: ns='main'
[1;36mdebug: [0msemantic: sem_check_block: ns='main'
[1;36mdebug: [0msemantic: sem_check_block: ns='main'
[1;36mdebug: [0msemantic: sem_check_block: ns='main'
[1;36mdebug: [0msemantic: sem_check_block: ns='main'
[1;36mdebug: [0msemantic: sem_check_block: ns='main'
[1;36mdebug: [0msemantic: sem_check_block: ns='main'
[1;36mdebug: [0msemantic: sem_check_block: ns='main'
[1;36mdebug: [0msemantic: sem_check_block: ns='main'
[1;36mdebug: [0msemantic: sem_check_block: ns='main'
[1;36mdebug: [0msemantic: sem_check_block: ns='main'
[1;36mdebug: [0msemantic: sem_check_block: ns='main'
[1;36mdebug: [0msemantic: sem_check_block: ns='main'
[1;36mdebug: [0msemantic: sem_check_block: ns='main'
[1;36mdebug: [0msemantic: sem_check_block: ns='main'
[1;36mdebug: [0msemantic: sem_check_block: ns='main'
[1;36mdebug: [0msemantic: sem_check_block: ns='main'
[1;36mdebug: [0msemantic: sem_check_block: ns='main'
[1;36mdebug: [0msemantic: sem_check_block: ns='main'
[1;36mdebug: [0msemantic: sem_check_block: ns='main'
[1;36mdebug: [0msemantic: sem_check_block: ns='main'
[1;36mdebug: [0msemantic: sem_check_block: ns='main'
[1;36mdebug: [0msemantic: sem_check_block: ns='main'
[1;36mdebug: [0msemantic: sem_check_block: ns='main'
[1;36mdebug: [0msemantic: sem_check_block: ns='main'
[1;36mdebug: [0msemantic: sem_check_block: ns='main'
[1;36mdebug: [0msemantic: sem_check_block: ns='main'
[1;36mdebug: [0msemantic: sem_check_block: ns='main'
[1;36mdebug: [0msemantic: sem_check_block: ns='main'
[1;36mdebug: [0msemantic: sem_check_block: ns='main'
[1;36mdebug: [0msemantic: sem_check_block: ns='main'
[1;36mdebug: [0msemantic: sem_check_block: ns='main'
[1;36mdebug: [0msemantic: sem_check_block: ns='main'
[1;36mdebug: [0msemantic: sem_check_block: ns='main'
[1;36mdebug: [0msemantic: sem_check_block: ns='main'
[1;36mdebug: [0msemantic: sem_check_block: ns='main'
[1;36mdebug: [0msemantic: sem_check_block: ns='main'
[1;36mdebug: [0msemantic: sem_check_block: ns='main'
[1;36mdebug: [0msemantic: sem_check_block: ns='main'
[1;36mdebug: [0msemantic: sem_check_block: ns='main'
[1;36mdebug: [0msemantic: sem_check_block: ns='main'
[1;36mdebug: [0msemantic: sem_check_block: ns='main'
[1;36mdebug: [0msemantic: sem_check_block: ns='main'
[1;36mdebug: [0msemantic: sem_check_block: ns='main'
[1;36mdebug: [0msemantic: sem_check_block: ns='main'
[1;36mdebug: [0msemantic: sem_check_block: ns='main'
[1;36mdebug: [0msemantic: sem_check_block: ns='main'
[1;36mdebug: [0msemantic: sem_check_block: ns='main'
[1;36mdebug: [0msemantic: sem_check_block: ns='main'
[1;36mdebug: [0msemantic: sem_check_block: ns='main'
[1;36mdebug: [0msemantic: sem_check_block: ns='main'
[1;36mdebug: [0msemantic: sem_check_block: ns='main'
[1;36mdebug: [0msemantic: sem_check_block: ns='main'
[1;36mdebug: [0msemantic: sem_check_block: ns='main'
[1;36mdebug: [0msemantic: sem_check_block: ns='main'
[1;36mdebug: [0msemantic: sem_check_block: ns='main'
[1;36mdebug: [0msemantic: sem_check_block: ns='main'
[1;36mdebug: [0msemantic: sem_check_block: ns='main'
[1;36mdebug: [0msemantic: sem_check_block: ns='main'
[1;36mdebug: [0msemantic: sem_check_block: ns='main'
[1;36mdebug: [0msemantic: sem_check_block: ns='main'
[1;36mdebug: [0msemantic: sem_check_block: ns='main'
[1;36mdebug: [0msemantic: sem_check_block: ns='main'
[1;36mdebug: [0msemantic: sem_check_block: ns='main'
[1;36mdebug: [0msemantic: sem_check_block: ns='main'
[1;36mdebug: [0msemantic: sem_check_block: ns='main'
[1;36mdebug: [0msemantic: sem_check_block: ns='main'
[1;36mdebug: [0msemantic: sem_check_block: ns='main'
[1;36mdebug: [0msemantic: sem_check_block: ns='main'
[1;36mdebug: [0msemantic: sem_check_block: ns='main'
[1;36mdebug: [0msemantic: sem_check_block: ns='main'
[1;36mdebug: [0msemantic: sem_check_block: ns='main'
[1;36mdebug: [0msemantic: sem_check_block: ns='main'
[1;36mdebug: [0msemantic: sem_check_block: ns='main'
[1;36mdebug: [0msemantic: sem_check_block: ns='main'
[1;36mdebug: [0msemantic: sem_check_block: ns='main'
[1;36mdebug: [0msemantic: sem_check_block: ns='main'
[1;36mdebug: [0msemantic: sem_check_block: ns='main'
[1;36mdebug: [0msemantic: sem_check_block: ns='main'
[1;36mdebug: [0msemantic: sem_check_block: ns='main'
[1;36mdebug: [0msemantic: sem_check_block: ns='main'
[1;36mdebug: [0msemantic: sem_check_block: ns='main'
[1;36mdebug: [0msemantic: sem_check_block: ns='main'
[1;36mdebug: [0msemantic: sem_check_block: ns='main'
[1;36mdebug: [0msemantic: sem_check_block: ns='main'
[1;36mdebug: [0msemantic: sem_check_block: ns='main'
[1;36mdebug: [0msemantic: sem_check_block: ns='main'
[1;36mdebug: [0msemantic: sem_check_block: ns='main'
[1;36mdebug: [0msemantic: sem_check_block: ns='main'
[1;36mdebug: [0msemantic: sem_check_block: ns='main'
[1;36mdebug: [0msemantic: sem_check_block: ns='main'
[1;36mdebug: [0msemantic: sem_check_block: ns='main'
[1;36mdebug: [0msemantic: sem_check_block: ns='main'
[1;36mdebug: [0msemantic: sem_check_block: ns='main'
[1;36mdebug: [0msemantic: sem_check_block: ns='main'
[1;36mdebug: [0msemantic: sem_check_block: ns='main'
[1;36mdebug: [0msemantic: sem_check_block: ns='main'
[1;36mdebug: [0msemantic: sem_check_block: ns='main'
[1;36mdebug: [0msemantic: sem_check_block: ns='main'
[1;36mdebug: [0msemantic: sem_check_block: ns='main'
[1;36mdebug: [0msemantic: sem_check_block: ns='main'
[1;36mdebug: [0msemantic: sem_check_block: ns='main'
[1;36mdebug: [0msemantic: sem_check_block: ns='main'
[1;36mdebug: [0msemantic: sem_check_block: ns='main'
[1;36mdebug: [0msemantic: sem_check_block: ns='main'
[1;36mdebug: [0msemantic: sem_check_block: ns='main'
[1;36mdebug: [0msemantic: sem_check_block: ns='main'
[1;36mdebug: [0msemantic: sem_check_block: ns='main'
[1;36mdebug: [0msemantic: sem_check_block: ns='main'
[1;36mdebug: [0msemantic: sem_check_block: ns='main'
[1;36mdebug: [0msemantic: sem_check_block: ns='main'
[1;36mdebug: [0msemantic: sem_check_block: ns='main'
[1;36mdebug: [0msemantic: sem_check_block: ns='main'
[1;36mdebug: [0msemantic: sem_check_block: ns='main'
[1;36mdebug: [0msemantic: sem_check_block: ns='main'
[1;36mdebug: [0msemantic: sem_check_block: ns='main'
[1;36mdebug: [0msemantic: sem_check_block: ns='main'
[1;36mdebug: [0msemantic: sem_check_block: ns='main'
[1;36mdebug: [0msemantic: sem_check_block: ns='main'
[1;36mdebug: [0msemantic: sem_check_block: ns='main'
[1;36mdebug: [0msemantic: sem_check_block: ns='main'
[1;36mdebug: [0msemantic: sem_check_block: ns='main'
[1;36mdebug: [0msemantic: sem_check_block: ns='main'
[1;36mdebug: [0msemantic: sem_check_block: ns='main'
[1;36mdebug: [0msemantic: sem_check_block: ns='main'
[1;36mdebug: [0msemantic: sem_check_block: ns='main'
[1;36mdebug: [0msemantic: sem_check_block: ns='main'
[1;36mdebug: [0msemantic: sem_check_block: ns='main'
[1;36mdebug: [0msemantic: sem_check_block: ns='main'
[1;36mdebug: [0msemantic: sem_check_block: ns='main'
[1;36mdebug: [0msemantic: sem_check_block: ns='main'
[1;36mdebug: [0msemantic: sem_check_block: ns='main'
[1;36mdebug: [0msemantic: sem_check_block: ns='main'
[1;36mdebug: [0msemantic: sem_check_block: ns='main'
[1;36mdebug: [0msemantic: sem_check_block: ns='main'
[1;36mdebug: [0msemantic: sem_check_block: ns='main'
[1;36mdebug: [0msemantic: sem_check_block: ns='main'
[1;36mdebug: [0msemantic: sem_check_block: ns='main'
[1;36mdebug: [0msemantic: sem_check_block: ns='main'
[1;36mdebug: [0msemantic: sem_check_block: ns='main'
[1;36mdebug: [0msemantic: sem_check_block: ns='main'
[1;36mdebug: [0msemantic: sem_check_block: ns='main'
[1;36mdebug: [0msemantic: sem_check_block: ns='main'
[1;36mdebug: [0msemantic: sem_check_block: ns='main'
[1;36mdebug: [0msemantic: sem_check_block: ns='main'
[1;36mdebug: [0msemantic: sem_check_block: ns='main'
[1;36mdebug: [0msemantic: sem_check_block: ns='main'
[1;36mdebug: [0msemantic: sem_check_block: ns='main'
[1;36mdebug: [0msemantic: sem_check_block: ns='main'
[1;36mdebug: [0msemantic: sem_check_block: ns='main'
[1;36mdebug: [0msemantic: sem_check_block: ns='main'
[1;36mdebug: [0msemantic: sem_check_block: ns='main'
[1;36mdebug: [0msemantic: sem_check_block: ns='main'
[1;36mdebug: [0msemantic: sem_check_block: ns='main'
[1;36mdebug: [0msemantic: sem_check_block: ns='main'
[1;36mdebug: [0msemantic: sem_check_block: ns='main'
[1;36mdebug: [0msemantic: sem_check_block: ns='main'
[1;36mdebug: [0msemantic: sem_check_block: ns='main'
[1;36mdebug: [0msemantic: sem_check_block: ns='main'
[1;36mdebug: [0msemantic: sem_check_block: ns='main'
[1;36mdebug: [0msemantic: sem_check_block: ns='main'
[1;36mdebug: [0msemantic: sem_check_block: ns='main'
[1;36mdebug: [0msemantic: sem_check_block: ns='main'
[1;36mdebug: [0msemantic: sem_check_block: ns='main'
[1;36mdebug: [0msemantic: sem_check_block: ns='main'
[1;36mdebug: [0msemantic: sem_check_block: ns='main'
[1;36mdebug: [0msemantic: sem_check_block: ns='main'
[1;36mdebug: [0msemantic: sem_check_block: ns='main'
[1;36mdebug: [0msemantic: sem_check_block: ns='main'
[1;36mdebug: [0msemantic: sem_check_block: ns='main'
[1;36mdebug: [0msemantic: sem_check_block: ns='main'
[1;36mdebug: [0msemantic: sem_check_block: ns='main'
[1;36mdebug: [0msemantic: sem_check_block: ns='main'
[1;36mdebug: [0msemantic: sem_check_block: ns='main'
[1;36mdebug: [0msemantic: sem_check_block: ns='main'
[1;36mdebug: [0msemantic: sem_check_block: ns='main'
[1;36mdebug: [0msemantic: sem_check_block: ns='main'
[1;36mdebug: [0msemantic: sem_check_block: ns='main'
[1;36mdebug: [0msemantic: sem_check_block: ns='main'
[1;36mdebug: [0msemantic: sem_check_block: ns='main'
[1;36mdebug: [0msemantic: sem_check_block: ns='main'
[1;36mdebug: [0msemantic: sem_check_block: ns='main'
[1;36mdebug: [0msemantic: sem_check_block: ns='main'
[1;36mdebug: [0msemantic: sem_check_block: ns='main'
[1;36mdebug: [0msemantic: sem_check_block: ns='main'
[1;36mdebug: [0msemantic: sem_check_block: ns='main'
[1;36mdebug: [0msemantic: sem_check_block: ns='main'
[1;36mdebug: [0msemantic: sem_check_block: ns='main'
[1;36mdebug: [0msemantic: sem_check_block: ns='main'
[1;36mdebug: [0msemantic: sem_check_block: ns='main'
[1;36mdebug: [0msemantic: sem_check_block: ns='main'
[1;36mdebug: [0msemantic: sem_check_block: ns='main'
[1;36mdebug: [0msemantic: sem_check_block: ns='main'
[1;36mdebug: [0msemantic: sem_check_block: ns='main'
[1;36mdebug: [0msemantic: sem_check_block: ns='main'
[1;36mdebug: [0msemantic: sem_check_block: ns='main'
[1;36mdebug: [0msemantic: sem_check_block: ns='main'
[1;36mdebug: [0msemantic: sem_check_block: ns='main'
[1;36mdebug: [0msemantic: sem_check_block: ns='main'
[1;36mdebug: [0msemantic: sem_check_block: ns='main'
[1;36mdebug: [0msemantic: sem_check_block: ns='main'
[1;36mdebug: [0msemantic: sem_check_block: ns='main'
[1;36mdebug: [0msemantic: sem_check_block: ns='main'
[1;36mdebug: [0msemantic: sem_check_block: ns='main'
[1;36mdebug: [0msemantic: sem_check_block: ns='main'
[1;36mdebug: [0msemantic: sem_check_block: ns='main'
[1;36mdebug: [0msemantic: sem_check_block: ns='main'
[1;36mdebug: [0msemantic: sem_check_block: ns='main'
[1;36mdebug: [0msemantic: sem_check_block: ns='main'
[1;36mdebug: [0msemantic: sem_check_block: ns='main'
[1;36mdebug: [0msemantic: sem_check_block: ns='main'
[1;36mdebug: [0msemantic: sem_check_block: ns='main'
[1;36mdebug: [0msemantic: sem_check_block: ns='main'
[1;36mdebug: [0msemantic: sem_check_block: ns='main'
[1;36mdebug: [0msemantic: sem_check_block: ns='main'
[1;36mdebug: [0msemantic: sem_check_block: ns='main'
[1;36mdebug: [0msemantic: sem_check_block: ns='main'
[1;36mdebug: [0msemantic: sem_check_block: ns='main'
[1;36mdebug: [0msemantic: sem_check_block: ns='main'
[1;36mdebug: [0msemantic: sem_check_block: ns='main'
[1;36mdebug: [0msemantic: sem_check_block: ns='main'
[1;36mdebug: [0msemantic: sem_check_block: ns='main'
[1;36mdebug: [0msemantic: sem_check_block: ns='main'
[1;36mdebug: [0msemantic: sem_check_block: ns='main'
[1;36mdebug: [0msemantic: sem_check_block: ns='main'
[1;36mdebug: [0msemantic: sem_check_block: ns='main'
[1;36mdebug: [0msemantic: sem_check_block: ns='main'
[1;36mdebug: [0msemantic: sem_check_block: ns='main'
[1;36mdebug: [0msemantic: sem_check_block: ns='main'
[1;36mdebug: [0msemantic: sem_check_block: ns='main'
[1;36mdebug: [0msemantic: sem_check_block: ns='main'
[1;36mdebug: [0msemantic: sem_check_block: ns='main'
[1;36mdebug: [0msemantic: sem_check_block: ns='main'
[1;36mdebug: [0msemantic: sem_check_block: ns='main'
[1;36mdebug: [0msemantic: sem_check_block: ns='main'
[1;36mdebug: [0msemantic: sem_check_block: ns='main'
[1;36mdebug: [0msemantic: sem_check_block: ns='main'
[1;36mdebug: [0msemantic: sem_check_block: ns='main'
[1;36mdebug: [0msemantic: sem_check_block: ns='main'
[1;36mdebug: [0msemantic: sem_check_block: ns='main'
[1;36mdebug: [0msemantic: sem_check_block: ns='main'
[1;36mdebug: [0msemantic: sem_check_block: ns='main'
[1;36mdebug: [0msemantic: sem_check_block: ns='main'
[1;36mdebug: [0msemantic: sem_check_block: ns='main'
[1;36mdebug: [0msemantic: sem_check_block: ns='main'
[1;36mdebug: [0msemantic: sem_check_block: ns='main'
[1;36mdebug: [0msemantic: sem_check_block: ns='main'
[1;36mdebug: [0msemantic: sem_check_block: ns='main'
[1;36mdebug: [0msemantic: sem_check_block: ns='main'
[1;36mdebug: [0msemantic: sem_check_block: ns='main'
[1;36mdebug: [0msemantic: sem_check_block: ns='main'
[1;36mdebug: [0msemantic: sem_check_block: ns='main'
[1;36mdebug: [0msemantic: sem_check_block: ns='main'
[1;36mdebug: [0msemantic: sem_check_block: ns='main'
[1;36mdebug: [0msemantic: sem_check_block: ns='main'
[1;36mdebug: [0msemantic: sem_check_block: ns='main'
[1;36mdebug: [0msemantic: sem_check_block: ns='main'
[1;36mdebug: [0msemantic: sem_check_block: ns='main'
[1;36mdebug: [0msemantic: sem_check_block: ns='main'
[1;36mdebug: [0msemantic: sem_check_block: ns='main'
[1;36mdebug: [0msemantic: sem_check_block: ns='main'
[1;36mdebug: [0msemantic: sem_check_block: ns='main'
[1;36mdebug: [0msemantic: sem_check_block: ns='main'
[1;36mdebug: [0msemantic: sem_check_block: ns='main'
[1;36mdebug: [0msemantic: sem_check_block: ns='main'
[1;36mdebug: [0msemantic: sem_check_block: ns='main'
[1;36mdebug: [0msemantic: sem_check_block: ns='main'
[1;36mdebug: [0msemantic: sem_check_block: ns='main'
[1;36mdebug: [0msemantic: sem_check_block: ns='main'
[1;36mdebug: [0msemantic: sem_check_block: ns='main'
[1;36mdebug: [0msemantic: sem_check_block: ns='main'
[1;36mdebug: [0msemantic: sem_check_block: ns='main'
[1;36mdebug: [0msemantic: sem_check_block: ns='main'
[1;36mdebug: [0msemantic: sem_check_block: ns='main'
[1;36mdebug: [0msemantic: sem_check_block: ns='main'
[1;36mdebug: [0msemantic: sem_check_block: ns='main'
[1;36mdebug: [0msemantic: sem_check_block: ns='main'
[1;36mdebug: [0msemantic: sem_check_block: ns='main'
[1;36mdebug: [0msemantic: sem_check_block: ns='main'
[1;36mdebug: [0msemantic: sem_check_block: ns='main'
[1;36mdebug: [0msemantic: sem_check_block: ns='main'
[1;36mdebug: [0msemantic: sem_check_block: ns='main'
[1;36mdebug: [0msemantic: sem_check_block: ns='main'
[1;36mdebug: [0msemantic: sem_check_block: ns='main'
[1;36mdebug: [0msemantic: sem_check_block: ns='main'
[1;36mdebug: [0msemantic: sem_check_block: ns='main'
[1;36mdebug: [0msemantic: sem_check_block: ns='main'
[1;36mdebug: [0msemantic: sem_check_block: ns='main'
[1;36mdebug: [0msemantic: sem_check_block: ns='main'
[1;36mdebug: [0msemantic: sem_check_block: ns='main'
[1;36mdebug: [0msemantic: sem_check_block: ns='main'
[1;36mdebug: [0msemantic: sem_check_block: ns='main'
[1;36mdebug: [0msemantic: sem_check_block: ns='main'
[1;36mdebug: [0msemantic: sem_check_block: ns='main'
[1;36mdebug: [0msemantic: sem_check_block: ns='main'
[1;36mdebug: [0msemantic: sem_check_block: ns='main'
[1;36mdebug: [0msemantic: sem_check_block: ns='main'
[1;36mdebug: [0msemantic: sem_check_block: ns='main'
[1;36mdebug: [0msemantic: sem_check_block: ns='main'
[1;36mdebug: [0msemantic: sem_check_block: ns='main'
[1;36mdebug: [0msemantic: sem_check_block: ns='main'
[1;36mdebug: [0msemantic: sem_check_block: ns='main'
[1;36mdebug: [0msemantic: sem_check_block: ns='main'
[1;36mdebug: [0msemantic: sem_check_block: ns='main'
[1;36mdebug: [0msemantic: sem_check_block: ns='main'
[1;36mdebug: [0msemantic: sem_check_block: ns='main'
[1;36mdebug: [0msemantic: sem_check_block: ns='main'
[1;36mdebug: [0msemantic: sem_check_block: ns='main'
[1;36mdebug: [0msemantic: sem_check_block: ns='main'
[1;36mdebug: [0msemantic: sem_check_block: ns='main'
[1;36mdebug: [0msemantic: sem_check_block: ns='main'
[1;36mdebug: [0msemantic: sem_check_block: ns='main'
[1;36mdebug: [0msemantic: sem_check_block: ns='main'
[1;36mdebug: [0msemantic: sem_check_block: ns='main'
[1;36mdebug: [0msemantic: sem_check_block: ns='main'
[1;36mdebug: [0msemantic: sem_check_block: ns='main'
[1;36mdebug: [0msemantic: sem_check_block: ns='main'
[1;36mdebug: [0msemantic: sem_check_block: ns='main'
[1;36mdebug: [0msemantic: sem_check_block: ns='main'
[1;36mdebug: [0msemantic: sem_check_block: ns='main'
[1;36mdebug: [0msemantic: sem_check_block: ns='main'
[1;36mdebug: [0msemantic: sem_check_block: ns='main'
[1;36mdebug: [0msemantic: sem_check_block: ns='main'
[1;36mdebug: [0msemantic: sem_check_block: ns='main'
[1;36mdebug: [0msemantic: sem_check_block: ns='main'
[1;36mdebug: [0msemantic: sem_check_block: ns='main'
[1;36mdebug: [0msemantic: sem_check_block: ns='main'
[1;36mdebug: [0msemantic: sem_check_block: ns='main'
[1;36mdebug: [0msemantic: sem_check_block: ns='main'
[1;36mdebug: [0msemantic: sem_check_block: ns='main'
[1;36mdebug: [0msemantic: sem_check_block: ns='main'
[1;36mdebug: [0msemantic: sem_check_block: ns='main'
[1;36mdebug: [0msemantic: sem_check_block: ns='main'
[1;36mdebug: [0msemantic: sem_check_block: ns='main'
[1;36mdebug: [0msemantic: sem_check_block: ns='main'
[1;36mdebug: [0msemantic: sem_check_block: ns='main'
[1;36mdebug: [0msemantic: sem_check_block: ns='main'
[1;36mdebug: [0msemantic: sem_check_block: ns='main'
[1;36mdebug: [0msemantic: sem_check_block: ns='main'
[1;36mdebug: [0msemantic: sem_check_block: ns='main'
[1;36mdebug: [0msemantic: sem_check_block: ns='main'
[1;36mdebug: [0msemantic: sem_check_block: ns='main'
[1;36mdebug: [0msemantic: sem_check_block: ns='main'
[1;36mdebug: [0msemantic: sem_check_block: ns='main'
[1;36mdebug: [0msemantic: sem_check_block: ns='main'
[1;36mdebug: [0msemantic: sem_check_block: ns='main'
[1;36mdebug: [0msemantic: sem_check_block: ns='main'
[1;36mdebug: [0msemantic: sem_check_block: ns='main'
[1;36mdebug: [0msemantic: sem_check_block: ns='main'
[1;36mdebug: [0msemantic: sem_check_block: ns='main'
[1;36mdebug: [0msemantic: sem_check_block: ns='main'
[1;36mdebug: [0msemantic: sem_check_block: ns='main'
[1;36mdebug: [0msemantic: sem_check_block: ns='main'
[1;36mdebug: [0msemantic: sem_check_block: ns='main'
[1;36mdebug: [0msemantic: sem_check_block: ns='main'
[1;36mdebug: [0msemantic: sem_check_block: ns='main'
[1;36mdebug: [0msemantic: sem_check_block: ns='main'
[1;36mdebug: [0msemantic: sem_check_block: ns='main'
[1;36mdebug: [0msemantic: sem_check_block: ns='main'
[1;36mdebug: [0msemantic: sem_check_block: ns='main'
[1;36mdebug: [0msemantic: sem_check_block: ns='main'
[1;36mdebug: [0msemantic: sem_check_block: ns='main'
[1;36mdebug: [0msemantic: sem_check_block: ns='main'
[1;36mdebug: [0msemantic: sem_check_block: ns='main'
[1;36mdebug: [0msemantic: sem_check_block: ns='main'
[1;36mdebug: [0msemantic: sem_check_block: ns='main'
[1;36mdebug: [0msemantic: sem_check_block: ns='main'
[1;36mdebug: [0msemantic: sem_check_block: ns='main'
[1;36mdebug: [0msemantic: sem_check_block: ns='main'
[1;36mdebug: [0msemantic: sem_check_block: ns='main'
[1;36mdebug: [0msemantic: sem_check_block: ns='main'
[1;36mdebug: [0msemantic: sem_check_block: ns='main'
[1;36mdebug: [0msemantic: sem_check_block: ns='main'
[1;36mdebug: [0msemantic: sem_check_block: ns='main'
[1;36mdebug: [0msemantic: sem_check_block: ns='main'
[1;36mdebug: [0msemantic: sem_check_block: ns='main'
[1;36mdebug: [0msemantic: sem_check_block: ns='main'
[1;36mdebug: [0msemantic: sem_check_block: ns='main'
[1;36mdebug: [0msemantic: sem_check_block: ns='main'
[1;36mdebug: [0msemantic: sem_check_block: ns='main'
[1;36mdebug: [0msemantic: sem_check_block: ns='main'
[1;36mdebug: [0msemantic: sem_check_block: ns='main'
[1;36mdebug: [0msemantic: sem_check_block: ns='main'
[1;36mdebug: [0msemantic: sem_check_block: ns='main'
[1;36mdebug: [0msemantic: sem_check_block: ns='main'
[1;36mdebug: [0msemantic: sem_check_block: ns='main'
[1;36mdebug: [0msemantic: sem_check_block: ns='main'
[1;36mdebug: [0msemantic: sem_check_block: ns='main'
[1;36mdebug: [0msemantic: sem_check_block: ns='main'
[1;36mdebug: [0msemantic: sem_check_block: ns='main'
[1;36mdebug: [0msemantic: sem_check_block: ns='main'
[1;36mdebug: [0msemantic: sem_check_block: ns='main'
[1;36mdebug: [0msemantic: sem_check_block: ns='main'
[1;36mdebug: [0msemantic: sem_check_block: ns='main'
[1;36mdebug: [0msemantic: sem_check_block: ns='main'
[1;36mdebug: [0msemantic: sem_check_block: ns='main'
[1;36mdebug: [0msemantic: sem_check_block: ns='main'
[1;36mdebug: [0msemantic: sem_check_block: ns='main'
[1;36mdebug: [0msemantic: sem_check_block: ns='main'
[1;36mdebug: [0msemantic: sem_check_block: ns='main'
[1;36mdebug: [0msemantic: sem_check_block: ns='main'
[1;36mdebug: [0msemantic: sem_check_block: ns='main'
[1;36mdebug: [0msemantic: sem_check_block: ns='main'
[1;36mdebug: [0msemantic: sem_check_block: ns='main'
[1;36mdebug: [0msemantic: sem_check_block: ns='main'
[1;36mdebug: [0msemantic: sem_check_block: ns='main'
[1;36mdebug: [0msemantic: sem_check_block: ns='main'
[1;36mdebug: [0msemantic: sem_check_block: ns='main'
[1;36mdebug: [0msemantic: sem_check_block: ns='main'
[1;36mdebug: [0msemantic: sem_check_block: ns='main'
[1;36mdebug: [0msemantic: sem_check_block: ns='main'
[1;36mdebug: [0msemantic: sem_check_block: ns='main'
[1;36mdebug: [0msemantic: sem_check_block: visiting node type=27
[1;36mdebug: [0msemantic: sem_check_expr: type=27 line=18 col=9 node=0x5654b0368a80
[1;36mdebug: [0msemantic: sem_check_expr: type=13 line=18 col=5 node=0x5654b0368960
[1;36mdebug: [0msemantic: sem_check_method_call: method='printf', obj_base=18, obj_class='clib'
[1;36mdebug: [0msemantic: sem_check_expr: type=16 line=18 col=17 node=0x5654b03689e0
[1;36mdebug: [0msemantic: sem_check_expr: type=16 line=18 col=17 node=0x5654b03689e0
[1;36mdebug: [0msemantic: sem_check_block: visiting node type=11
[1;36mdebug: [0msemantic: sem_check_expr: type=2 line=21 col=36 node=0x5654b0368b98
[1;36mdebug: [0msemantic: sem_check_call: name='wl_display_create', ns='main'
[1;36mdebug: [0msemantic: sem_check_expr: type=13 line=21 col=19 node=0x5654b0368b18
[1;36mdebug: [0mparser: inferring type for display, init_type.base=16
[1;36mdebug: [0mparser: debug: inferred type wl_display* for display
[1;36mdebug: [0msemantic: sem_check_block: visiting node type=8
[1;36mdebug: [0msemantic: sem_check_expr: type=14 line=22 col=17 node=0x5654b0368eb8
[1;36mdebug: [0msemantic: sem_check_expr: type=13 line=22 col=9 node=0x5654b0368cf0
[1;36mdebug: [0msemantic: sem_check_expr: type=31 line=22 col=22 node=0x5654b0368e10
[1;36mdebug: [0msemantic: sem_check_expr: type=16 line=22 col=20 node=0x5654b0368d70
[1;36mdebug: [0msemantic: sem_check_block: ns='main'
[1;36mdebug: [0msemantic: sem_check_block: visiting node type=27
[1;36mdebug: [0msemantic: sem_check_expr: type=27 line=23 col=13 node=0x5654b0369080
[1;36mdebug: [0msemantic: sem_check_expr: type=13 line=23 col=9 node=0x5654b0368f60
[1;36mdebug: [0msemantic: sem_check_method_call: method='printf', obj_base=18, obj_class='clib'
[1;36mdebug: [0msemantic: sem_check_expr: type=16 line=23 col=21 node=0x5654b0368fe0
[1;36mdebug: [0msemantic: sem_check_expr: type=16 line=23 col=21 node=0x5654b0368fe0
[1;36mdebug: [0msemantic: sem_check_block: visiting node type=3
[1;36mdebug: [0msemantic: sem_check_expr: type=16 line=24 col=16 node=0x5654b0369118
[1;36mdebug: [0msemantic: sem_check_block: visiting node type=11
[1;36mdebug: [0msemantic: sem_check_expr: type=2 line=28 col=41 node=0x5654b03694f0
[1;36mdebug: [0msemantic: sem_check_call: name='wlr_backend_autocreate', ns='main'
[1;36mdebug: [0msemantic: sem_check_expr: type=13 line=28 col=19 node=0x5654b03692a8
at namespace [1mmain[0m:
in [1;35mproject/wmyl/wmyl.kyl[0m:
28:19: [1;31merror[0m: Undefined variable 'wlr_backend_autocreate'
  [0;90m|[0m     let backend = wlr_backend_autocreate(display, 0 as void**);
  [0;90m|[0m                   [1m^[0m
28:41: [1;31merror[0m: Undefined function or class 'wlr_backend_autocreate'
  [0;90m|[0m     let backend = wlr_backend_autocreate(display, 0 as void**);
  [0;90m|[0m                                         [1m^[0m
[1;36mdebug: [0mparser: inferring type for backend, init_type.base=20
28:5: [1;31merror[0m: Cannot infer type for variable 'backend' (unknown initializer type)
  [0;90m|[0m     let backend = wlr_backend_autocreate(display, 0 as void**);
  [0;90m|[0m     [1m^[0m
[1;36mdebug: [0msemantic: sem_check_block: visiting node type=8
[1;36mdebug: [0msemantic: sem_check_expr: type=14 line=29 col=17 node=0x5654b0369810
[1;36mdebug: [0msemantic: sem_check_expr: type=13 line=29 col=9 node=0x5654b0369648
[1;36mdebug: [0msemantic: sem_check_expr: type=31 line=29 col=22 node=0x5654b0369768
[1;36mdebug: [0msemantic: sem_check_expr: type=16 line=29 col=20 node=0x5654b03696c8
[1;36mdebug: [0msemantic: sem_check_block: ns='main'
[1;36mdebug: [0msemantic: sem_check_block: visiting node type=27
[1;36mdebug: [0msemantic: sem_check_expr: type=27 line=30 col=13 node=0x5654b03699d8
[1;36mdebug: [0msemantic: sem_check_expr: type=13 line=30 col=9 node=0x5654b03698b8
[1;36mdebug: [0msemantic: sem_check_method_call: method='printf', obj_base=18, obj_class='clib'
[1;36mdebug: [0msemantic: sem_check_expr: type=16 line=30 col=21 node=0x5654b0369938
[1;36mdebug: [0msemantic: sem_check_expr: type=16 line=30 col=21 node=0x5654b0369938
[1;36mdebug: [0msemantic: sem_check_block: visiting node type=2
[1;36mdebug: [0msemantic: sem_check_block: Call line=31 col=27 name=wl_display_destroy target_type=13 node=0x5654b0369bb8
[1;36mdebug: [0msemantic: sem_check_expr: type=2 line=31 col=27 node=0x5654b0369bb8
[1;36mdebug: [0msemantic: sem_check_call: name='wl_display_destroy', ns='main'
[1;36mdebug: [0msemantic: sem_check_expr: type=13 line=31 col=9 node=0x5654b0369a70
[1;36mdebug: [0msemantic: sem_check_expr: type=13 line=31 col=28 node=0x5654b0369b38
[1;36mdebug: [0msemantic: sem_check_expr: type=13 line=31 col=28 node=0x5654b0369b38
[1;36mdebug: [0msemantic: sem_check_expr: type=13 line=31 col=28 node=0x5654b0369b38
[1;36mdebug: [0msemantic: sem_check_expr: type=13 line=31 col=28 node=0x5654b0369b38
[1;36mdebug: [0msemantic: sem_check_expr: type=13 line=31 col=28 node=0x5654b0369b38
[1;36mdebug: [0msemantic: sem_check_expr: type=13 line=31 col=28 node=0x5654b0369b38
31:27: [1;31merror[0m: No matching overload found for function 'wl_display_destroy(wl_display*)'
  [0;90m|[0m         wl_display_destroy(display);
  [0;90m|[0m                           [1m^[0m
[1;36mdebug: [0msemantic: sem_check_block: visiting node type=3
[1;36mdebug: [0msemantic: sem_check_expr: type=16 line=32 col=16 node=0x5654b0369c50
[1;36mdebug: [0msemantic: sem_check_block: visiting node type=11
[1;36mdebug: [0msemantic: sem_check_expr: type=2 line=36 col=43 node=0x5654b0369ee0
[1;36mdebug: [0msemantic: sem_check_call: name='wlr_renderer_autocreate', ns='main'
[1;36mdebug: [0msemantic: sem_check_expr: type=13 line=36 col=20 node=0x5654b0369de0
36:20: [1;31merror[0m: Undefined variable 'wlr_renderer_autocreate'
  [0;90m|[0m     let renderer = wlr_renderer_autocreate(backend);
  [0;90m|[0m                    [1m^[0m
36:43: [1;31merror[0m: Undefined function or class 'wlr_renderer_autocreate'
  [0;90m|[0m     let renderer = wlr_renderer_autocreate(backend);
  [0;90m|[0m                                           [1m^[0m
[1;36mdebug: [0mparser: inferring type for renderer, init_type.base=20
36:5: [1;31merror[0m: Cannot infer type for variable 'renderer' (unknown initializer type)
  [0;90m|[0m     let renderer = wlr_renderer_autocreate(backend);
  [0;90m|[0m     [1m^[0m
[1;36mdebug: [0msemantic: sem_check_block: visiting node type=8
[1;36mdebug: [0msemantic: sem_check_expr: type=14 line=37 col=18 node=0x5654b036a200
[1;36mdebug: [0msemantic: sem_check_expr: type=13 line=37 col=9 node=0x5654b036a038
[1;36mdebug: [0msemantic: sem_check_expr: type=31 line=37 col=23 node=0x5654b036a158
[1;36mdebug: [0msemantic: sem_check_expr: type=16 line=37 col=21 node=0x5654b036a0b8
[1;36mdebug: [0msemantic: sem_check_block: ns='main'
[1;36mdebug: [0msemantic: sem_check_block: visiting node type=27
[1;36mdebug: [0msemantic: sem_check_expr: type=27 line=38 col=13 node=0x5654b036a3c8
[1;36mdebug: [0msemantic: sem_check_expr: type=13 line=38 col=9 node=0x5654b036a2a8
[1;36mdebug: [0msemantic: sem_check_method_call: method='printf', obj_base=18, obj_class='clib'
[1;36mdebug: [0msemantic: sem_check_expr: type=16 line=38 col=21 node=0x5654b036a328
[1;36mdebug: [0msemantic: sem_check_expr: type=16 line=38 col=21 node=0x5654b036a328
[1;36mdebug: [0msemantic: sem_check_block: visiting node type=2
[1;36mdebug: [0msemantic: sem_check_block: Call line=39 col=28 name=wlr_backend_destroy target_type=13 node=0x5654b036a560
[1;36mdebug: [0msemantic: sem_check_expr: type=2 line=39 col=28 node=0x5654b036a560
[1;36mdebug: [0msemantic: sem_check_call: name='wlr_backend_destroy', ns='main'
[1;36mdebug: [0msemantic: sem_check_expr: type=13 line=39 col=9 node=0x5654b036a460
39:9: [1;31merror[0m: Undefined variable 'wlr_backend_destroy'
  [0;90m|[0m         wlr_backend_destroy(backend);
  [0;90m|[0m         [1m^[0m
39:28: [1;31merror[0m: Undefined function or class 'wlr_backend_destroy'
  [0;90m|[0m         wlr_backend_destroy(backend);
  [0;90m|[0m                            [1m^[0m
[1;36mdebug: [0msemantic: sem_check_block: visiting node type=2
[1;36mdebug: [0msemantic: sem_check_block: Call line=40 col=27 name=wl_display_destroy target_type=13 node=0x5654b036a6f8
[1;36mdebug: [0msemantic: sem_check_expr: type=2 line=40 col=27 node=0x5654b036a6f8
[1;36mdebug: [0msemantic: sem_check_call: name='wl_display_destroy', ns='main'
[1;36mdebug: [0msemantic: sem_check_expr: type=13 line=40 col=9 node=0x5654b036a5f8
[1;36mdebug: [0msemantic: sem_check_expr: type=13 line=40 col=28 node=0x5654b036a678
[1;36mdebug: [0msemantic: sem_check_expr: type=13 line=40 col=28 node=0x5654b036a678
[1;36mdebug: [0msemantic: sem_check_expr: type=13 line=40 col=28 node=0x5654b036a678
[1;36mdebug: [0msemantic: sem_check_expr: type=13 line=40 col=28 node=0x5654b036a678
[1;36mdebug: [0msemantic: sem_check_expr: type=13 line=40 col=28 node=0x5654b036a678
[1;36mdebug: [0msemantic: sem_check_expr: type=13 line=40 col=28 node=0x5654b036a678
40:27: [1;31merror[0m: No matching overload found for function 'wl_display_destroy(wl_display*)'
  [0;90m|[0m         wl_display_destroy(display);
  [0;90m|[0m                           [1m^[0m
[1;36mdebug: [0msemantic: sem_check_block: visiting node type=3
[1;36mdebug: [0msemantic: sem_check_expr: type=16 line=41 col=16 node=0x5654b036a790
[1;36mdebug: [0msemantic: sem_check_block: visiting node type=2
[1;36mdebug: [0msemantic: sem_check_block: Call line=45 col=33 name=wlr_renderer_init_wl_display target_type=13 node=0x5654b036aaa0
[1;36mdebug: [0msemantic: sem_check_expr: type=2 line=45 col=33 node=0x5654b036aaa0
[1;36mdebug: [0msemantic: sem_check_call: name='wlr_renderer_init_wl_display', ns='main'
[1;36mdebug: [0msemantic: sem_check_expr: type=13 line=45 col=5 node=0x5654b036a920
45:5: [1;31merror[0m: Undefined variable 'wlr_renderer_init_wl_display'
  [0;90m|[0m     wlr_renderer_init_wl_display(renderer, display);
  [0;90m|[0m     [1m^[0m
45:33: [1;31merror[0m: Undefined function or class 'wlr_renderer_init_wl_display'
  [0;90m|[0m     wlr_renderer_init_wl_display(renderer, display);
  [0;90m|[0m                                 [1m^[0m
[1;36mdebug: [0msemantic: sem_check_block: visiting node type=11
[1;36mdebug: [0msemantic: sem_check_expr: type=2 line=48 col=45 node=0x5654b036acb8
[1;36mdebug: [0msemantic: sem_check_call: name='wlr_allocator_autocreate', ns='main'
[1;36mdebug: [0msemantic: sem_check_expr: type=13 line=48 col=21 node=0x5654b036ab38
[1;36mdebug: [0msemantic: sem_check_expr: type=13 line=48 col=46 node=0x5654b036abb8
[1;36mdebug: [0msemantic: sem_check_expr: type=13 line=48 col=55 node=0x5654b036ac38
[1;36mdebug: [0msemantic: sem_check_expr: type=13 line=48 col=46 node=0x5654b036abb8
48:45: [1;31merror[0m: No matching overload found for function 'wlr_allocator_autocreate(let, let)'
  [0;90m|[0m     let allocator = wlr_allocator_autocreate(backend, renderer);
  [0;90m|[0m                                             [1m^[0m
[1;36mdebug: [0mparser: inferring type for allocator, init_type.base=16
[1;36mdebug: [0mparser: debug: inferred type wlr_allocator* for allocator
[1;36mdebug: [0msemantic: sem_check_block: visiting node type=8
[1;36mdebug: [0msemantic: sem_check_expr: type=14 line=49 col=19 node=0x5654b036afd8
[1;36mdebug: [0msemantic: sem_check_expr: type=13 line=49 col=9 node=0x5654b036ae10
[1;36mdebug: [0msemantic: sem_check_expr: type=31 line=49 col=24 node=0x5654b036af30
[1;36mdebug: [0msemantic: sem_check_expr: type=16 line=49 col=22 node=0x5654b036ae90
[1;36mdebug: [0msemantic: sem_check_block: ns='main'
[1;36mdebug: [0msemantic: sem_check_block: visiting node type=27
[1;36mdebug: [0msemantic: sem_check_expr: type=27 line=50 col=13 node=0x5654b036b1a0
[1;36mdebug: [0msemantic: sem_check_expr: type=13 line=50 col=9 node=0x5654b036b080
[1;36mdebug: [0msemantic: sem_check_method_call: method='printf', obj_base=18, obj_class='clib'
[1;36mdebug: [0msemantic: sem_check_expr: type=16 line=50 col=21 node=0x5654b036b100
[1;36mdebug: [0msemantic: sem_check_expr: type=16 line=50 col=21 node=0x5654b036b100
[1;36mdebug: [0msemantic: sem_check_block: visiting node type=2
[1;36mdebug: [0msemantic: sem_check_block: Call line=51 col=28 name=wlr_backend_destroy target_type=13 node=0x5654b036b338
[1;36mdebug: [0msemantic: sem_check_expr: type=2 line=51 col=28 node=0x5654b036b338
[1;36mdebug: [0msemantic: sem_check_call: name='wlr_backend_destroy', ns='main'
[1;36mdebug: [0msemantic: sem_check_expr: type=13 line=51 col=9 node=0x5654b036b238
51:9: [1;31merror[0m: Undefined variable 'wlr_backend_destroy'
  [0;90m|[0m         wlr_backend_destroy(backend);
  [0;90m|[0m         [1m^[0m
51:28: [1;31merror[0m: Undefined function or class 'wlr_backend_destroy'
  [0;90m|[0m         wlr_backend_destroy(backend);
  [0;90m|[0m                            [1m^[0m
[1;36mdebug: [0msemantic: sem_check_block: visiting node type=2
[1;36mdebug: [0msemantic: sem_check_block: Call line=52 col=27 name=wl_display_destroy target_type=13 node=0x5654b036b4d0
[1;36mdebug: [0msemantic: sem_check_expr: type=2 line=52 col=27 node=0x5654b036b4d0
[1;36mdebug: [0msemantic: sem_check_call: name='wl_display_destroy', ns='main'
[1;36mdebug: [0msemantic: sem_check_expr: type=13 line=52 col=9 node=0x5654b036b3d0
[1;36mdebug: [0msemantic: sem_check_expr: type=13 line=52 col=28 node=0x5654b036b450
[1;36mdebug: [0msemantic: sem_check_expr: type=13 line=52 col=28 node=0x5654b036b450
[1;36mdebug: [0msemantic: sem_check_expr: type=13 line=52 col=28 node=0x5654b036b450
[1;36mdebug: [0msemantic: sem_check_expr: type=13 line=52 col=28 node=0x5654b036b450
[1;36mdebug: [0msemantic: sem_check_expr: type=13 line=52 col=28 node=0x5654b036b450
[1;36mdebug: [0msemantic: sem_check_expr: type=13 line=52 col=28 node=0x5654b036b450
52:27: [1;31merror[0m: No matching overload found for function 'wl_display_destroy(wl_display*)'
  [0;90m|[0m         wl_display_destroy(display);
  [0;90m|[0m                           [1m^[0m
[1;36mdebug: [0msemantic: sem_check_block: visiting node type=3
[1;36mdebug: [0msemantic: sem_check_expr: type=16 line=53 col=16 node=0x5654b036b568
[1;36mdebug: [0msemantic: sem_check_block: visiting node type=2
[1;36mdebug: [0msemantic: sem_check_block: Call line=57 col=26 name=wlr_compositor_create target_type=13 node=0x5654b036b918
[1;36mdebug: [0msemantic: sem_check_expr: type=2 line=57 col=26 node=0x5654b036b918
[1;36mdebug: [0msemantic: sem_check_call: name='wlr_compositor_create', ns='main'
[1;36mdebug: [0msemantic: sem_check_expr: type=13 line=57 col=5 node=0x5654b036b6f8
57:5: [1;31merror[0m: Undefined variable 'wlr_compositor_create'
  [0;90m|[0m     wlr_compositor_create(display, 5, renderer);
  [0;90m|[0m     [1m^[0m
57:26: [1;31merror[0m: Undefined function or class 'wlr_compositor_create'
  [0;90m|[0m     wlr_compositor_create(display, 5, renderer);
  [0;90m|[0m                          [1m^[0m
[1;36mdebug: [0msemantic: sem_check_block: visiting node type=2
[1;36mdebug: [0msemantic: sem_check_block: Call line=58 col=35 name=wlr_data_device_manager_create target_type=13 node=0x5654b036bab0
[1;36mdebug: [0msemantic: sem_check_expr: type=2 line=58 col=35 node=0x5654b036bab0
[1;36mdebug: [0msemantic: sem_check_call: name='wlr_data_device_manager_create', ns='main'
[1;36mdebug: [0msemantic: sem_check_expr: type=13 line=58 col=5 node=0x5654b036b9b0
58:5: [1;31merror[0m: Undefined variable 'wlr_data_device_manager_create'
  [0;90m|[0m     wlr_data_device_manager_create(display);
  [0;90m|[0m     [1m^[0m
58:35: [1;31merror[0m: Undefined function or class 'wlr_data_device_manager_create'
  [0;90m|[0m     wlr_data_device_manager_create(display);
  [0;90m|[0m                                   [1m^[0m
[1;36mdebug: [0msemantic: sem_check_block: visiting node type=11
[1;36mdebug: [0msemantic: sem_check_expr: type=2 line=61 col=49 node=0x5654b036bc48
[1;36mdebug: [0msemantic: sem_check_call: name='wlr_output_layout_create', ns='main'
[1;36mdebug: [0msemantic: sem_check_expr: type=13 line=61 col=25 node=0x5654b036bb48
61:25: [1;31merror[0m: Undefined variable 'wlr_output_layout_create'
  [0;90m|[0m     let output_layout = wlr_output_layout_create(display);
  [0;90m|[0m                         [1m^[0m
61:49: [1;31merror[0m: Undefined function or class 'wlr_output_layout_create'
  [0;90m|[0m     let output_layout = wlr_output_layout_create(display);
  [0;90m|[0m                                                 [1m^[0m
[1;36mdebug: [0mparser: inferring type for output_layout, init_type.base=20
61:5: [1;31merror[0m: Cannot infer type for variable 'output_layout' (unknown initializer type)
  [0;90m|[0m     let output_layout = wlr_output_layout_create(display);
  [0;90m|[0m     [1m^[0m
[1;36mdebug: [0msemantic: sem_check_block: visiting node type=27
[1;36mdebug: [0msemantic: sem_check_expr: type=27 line=63 col=9 node=0x5654b036bec0
[1;36mdebug: [0msemantic: sem_check_expr: type=13 line=63 col=5 node=0x5654b036bda0
[1;36mdebug: [0msemantic: sem_check_method_call: method='printf', obj_base=18, obj_class='clib'
[1;36mdebug: [0msemantic: sem_check_expr: type=16 line=63 col=17 node=0x5654b036be20
[1;36mdebug: [0msemantic: sem_check_expr: type=16 line=63 col=17 node=0x5654b036be20
[1;36mdebug: [0msemantic: sem_check_block: visiting node type=8
[1;36mdebug: [0msemantic: sem_check_expr: type=14 line=66 col=36 node=0x5654b036c190
[1;36mdebug: [0msemantic: sem_check_expr: type=2 line=66 col=26 node=0x5654b036c058
[1;36mdebug: [0msemantic: sem_check_call: name='wlr_backend_start', ns='main'
[1;36mdebug: [0msemantic: sem_check_expr: type=13 line=66 col=9 node=0x5654b036bf58
66:9: [1;31merror[0m: Undefined variable 'wlr_backend_start'
  [0;90m|[0m     if (wlr_backend_start(backend) == false) {
  [0;90m|[0m         [1m^[0m
66:26: [1;31merror[0m: Undefined function or class 'wlr_backend_start'
  [0;90m|[0m     if (wlr_backend_start(backend) == false) {
  [0;90m|[0m                          [1m^[0m
[1;36mdebug: [0msemantic: sem_check_expr: type=16 line=66 col=39 node=0x5654b036c0f0
[1;36mdebug: [0msemantic: sem_check_block: ns='main'
[1;36mdebug: [0msemantic: sem_check_block: visiting node type=27
[1;36mdebug: [0msemantic: sem_check_expr: type=27 line=67 col=13 node=0x5654b036c358
[1;36mdebug: [0msemantic: sem_check_expr: type=13 line=67 col=9 node=0x5654b036c238
[1;36mdebug: [0msemantic: sem_check_method_call: method='printf', obj_base=18, obj_class='clib'
[1;36mdebug: [0msemantic: sem_check_expr: type=16 line=67 col=21 node=0x5654b036c2b8
[1;36mdebug: [0msemantic: sem_check_expr: type=16 line=67 col=21 node=0x5654b036c2b8
[1;36mdebug: [0msemantic: sem_check_block: visiting node type=2
[1;36mdebug: [0msemantic: sem_check_block: Call line=68 col=28 name=wlr_backend_destroy target_type=13 node=0x5654b036c4f0
[1;36mdebug: [0msemantic: sem_check_expr: type=2 line=68 col=28 node=0x5654b036c4f0
[1;36mdebug: [0msemantic: sem_check_call: name='wlr_backend_destroy', ns='main'
[1;36mdebug: [0msemantic: sem_check_expr: type=13 line=68 col=9 node=0x5654b036c3f0
68:9: [1;31merror[0m: Undefined variable 'wlr_backend_destroy'
  [0;90m|[0m         wlr_backend_destroy(backend);
  [0;90m|[0m         [1m^[0m
68:28: [1;31merror[0m: Undefined function or class 'wlr_backend_destroy'
  [0;90m|[0m         wlr_backend_destroy(backend);
  [0;90m|[0m                            [1m^[0m
[1;36mdebug: [0msemantic: sem_check_block: visiting node type=2
[1;36mdebug: [0msemantic: sem_check_block: Call line=69 col=27 name=wl_display_destroy target_type=13 node=0x5654b036c688
[1;36mdebug: [0msemantic: sem_check_expr: type=2 line=69 col=27 node=0x5654b036c688
[1;36mdebug: [0msemantic: sem_check_call: name='wl_display_destroy', ns='main'
[1;36mdebug: [0msemantic: sem_check_expr: type=13 line=69 col=9 node=0x5654b036c588
[1;36mdebug: [0msemantic: sem_check_expr: type=13 line=69 col=28 node=0x5654b036c608
[1;36mdebug: [0msemantic: sem_check_expr: type=13 line=69 col=28 node=0x5654b036c608
[1;36mdebug: [0msemantic: sem_check_expr: type=13 line=69 col=28 node=0x5654b036c608
[1;36mdebug: [0msemantic: sem_check_expr: type=13 line=69 col=28 node=0x5654b036c608
[1;36mdebug: [0msemantic: sem_check_expr: type=13 line=69 col=28 node=0x5654b036c608
[1;36mdebug: [0msemantic: sem_check_expr: type=13 line=69 col=28 node=0x5654b036c608
69:27: [1;31merror[0m: No matching overload found for function 'wl_display_destroy(wl_display*)'
  [0;90m|[0m         wl_display_destroy(display);
  [0;90m|[0m                           [1m^[0m
[1;36mdebug: [0msemantic: sem_check_block: visiting node type=3
[1;36mdebug: [0msemantic: sem_check_expr: type=16 line=70 col=16 node=0x5654b036c720
[1;36mdebug: [0msemantic: sem_check_block: visiting node type=27
[1;36mdebug: [0msemantic: sem_check_expr: type=27 line=73 col=9 node=0x5654b036c9d0
[1;36mdebug: [0msemantic: sem_check_expr: type=13 line=73 col=5 node=0x5654b036c8b0
[1;36mdebug: [0msemantic: sem_check_method_call: method='printf', obj_base=18, obj_class='clib'
[1;36mdebug: [0msemantic: sem_check_expr: type=16 line=73 col=17 node=0x5654b036c930
[1;36mdebug: [0msemantic: sem_check_expr: type=16 line=73 col=17 node=0x5654b036c930
[1;36mdebug: [0msemantic: sem_check_block: visiting node type=2
[1;36mdebug: [0msemantic: sem_check_block: Call line=76 col=19 name=wl_display_run target_type=13 node=0x5654b036cb68
[1;36mdebug: [0msemantic: sem_check_expr: type=2 line=76 col=19 node=0x5654b036cb68
[1;36mdebug: [0msemantic: sem_check_call: name='wl_display_run', ns='main'
[1;36mdebug: [0msemantic: sem_check_expr: type=13 line=76 col=5 node=0x5654b036ca68
[1;36mdebug: [0msemantic: sem_check_expr: type=13 line=76 col=20 node=0x5654b036cae8
[1;36mdebug: [0msemantic: sem_check_expr: type=13 line=76 col=20 node=0x5654b036cae8
[1;36mdebug: [0msemantic: sem_check_expr: type=13 line=76 col=20 node=0x5654b036cae8
[1;36mdebug: [0msemantic: sem_check_expr: type=13 line=76 col=20 node=0x5654b036cae8
[1;36mdebug: [0msemantic: sem_check_expr: type=13 line=76 col=20 node=0x5654b036cae8
[1;36mdebug: [0msemantic: sem_check_expr: type=13 line=76 col=20 node=0x5654b036cae8
76:19: [1;31merror[0m: No matching overload found for function 'wl_display_run(wl_display*)'
  [0;90m|[0m     wl_display_run(display);
  [0;90m|[0m                   [1m^[0m
[1;36mdebug: [0msemantic: sem_check_block: visiting node type=2
[1;36mdebug: [0msemantic: sem_check_block: Call line=79 col=31 name=wl_display_destroy_clients target_type=13 node=0x5654b036cd00
[1;36mdebug: [0msemantic: sem_check_expr: type=2 line=79 col=31 node=0x5654b036cd00
[1;36mdebug: [0msemantic: sem_check_call: name='wl_display_destroy_clients', ns='main'
[1;36mdebug: [0msemantic: sem_check_expr: type=13 line=79 col=5 node=0x5654b036cc00
[1;36mdebug: [0msemantic: sem_check_expr: type=13 line=79 col=32 node=0x5654b036cc80
[1;36mdebug: [0msemantic: sem_check_expr: type=13 line=79 col=32 node=0x5654b036cc80
[1;36mdebug: [0msemantic: sem_check_expr: type=13 line=79 col=32 node=0x5654b036cc80
[1;36mdebug: [0msemantic: sem_check_expr: type=13 line=79 col=32 node=0x5654b036cc80
[1;36mdebug: [0msemantic: sem_check_expr: type=13 line=79 col=32 node=0x5654b036cc80
[1;36mdebug: [0msemantic: sem_check_expr: type=13 line=79 col=32 node=0x5654b036cc80
79:31: [1;31merror[0m: No matching overload found for function 'wl_display_destroy_clients(wl_display*)'
  [0;90m|[0m     wl_display_destroy_clients(display);
  [0;90m|[0m                               [1m^[0m
[1;36mdebug: [0msemantic: sem_check_block: visiting node type=2
[1;36mdebug: [0msemantic: sem_check_block: Call line=80 col=23 name=wl_display_destroy target_type=13 node=0x5654b036ce98
[1;36mdebug: [0msemantic: sem_check_expr: type=2 line=80 col=23 node=0x5654b036ce98
[1;36mdebug: [0msemantic: sem_check_call: name='wl_display_destroy', ns='main'
[1;36mdebug: [0msemantic: sem_check_expr: type=13 line=80 col=5 node=0x5654b036cd98
[1;36mdebug: [0msemantic: sem_check_expr: type=13 line=80 col=24 node=0x5654b036ce18
[1;36mdebug: [0msemantic: sem_check_expr: type=13 line=80 col=24 node=0x5654b036ce18
[1;36mdebug: [0msemantic: sem_check_expr: type=13 line=80 col=24 node=0x5654b036ce18
[1;36mdebug: [0msemantic: sem_check_expr: type=13 line=80 col=24 node=0x5654b036ce18
[1;36mdebug: [0msemantic: sem_check_expr: type=13 line=80 col=24 node=0x5654b036ce18
[1;36mdebug: [0msemantic: sem_check_expr: type=13 line=80 col=24 node=0x5654b036ce18
80:23: [1;31merror[0m: No matching overload found for function 'wl_display_destroy(wl_display*)'
  [0;90m|[0m     wl_display_destroy(display);
  [0;90m|[0m                       [1m^[0m
[1;36mdebug: [0msemantic: sem_check_block: visiting node type=27
[1;36mdebug: [0msemantic: sem_check_expr: type=27 line=82 col=9 node=0x5654b036d050
[1;36mdebug: [0msemantic: sem_check_expr: type=13 line=82 col=5 node=0x5654b036cf30
[1;36mdebug: [0msemantic: sem_check_method_call: method='printf', obj_base=18, obj_class='clib'
[1;36mdebug: [0msemantic: sem_check_expr: type=16 line=82 col=17 node=0x5654b036cfb0
[1;36mdebug: [0msemantic: sem_check_expr: type=16 line=82 col=17 node=0x5654b036cfb0
[1;36mdebug: [0msemantic: sem_check_block: visiting node type=3
[1;36mdebug: [0msemantic: sem_check_expr: type=16 line=83 col=12 node=0x5654b036d0e8
Semantic analysis failed with 31 errors.
