DEBUG C_PARSER: parsed function __bswap_16 with 1 params (varargs=0) at line 328
DEBUG C_PARSER: parsed function __bswap_32 with 1 params (varargs=0) at line 343
DEBUG C_PARSER: parsed function __bswap_64 with 1 params (varargs=0) at line 353
DEBUG C_PARSER: parsed function __uint16_identity with 1 params (varargs=0) at line 365
DEBUG C_PARSER: parsed function __uint32_identity with 1 params (varargs=0) at line 371
DEBUG C_PARSER: parsed function __uint64_identity with 1 params (varargs=0) at line 377
DEBUG C_PARSER: parsed function select with 5 params (varargs=0) at line 483
DEBUG C_PARSER: parsed function pselect with 6 params (varargs=0) at line 489
DEBUG C_PARSER: parsed function __fpclassify with 1 params (varargs=0) at line 860
DEBUG C_PARSER: parsed function __signbit with 1 params (varargs=0) at line 864
DEBUG C_PARSER: parsed function __isinf with 1 params (varargs=0) at line 869
DEBUG C_PARSER: parsed function __finite with 1 params (varargs=0) at line 873
DEBUG C_PARSER: parsed function __isnan with 1 params (varargs=0) at line 877
DEBUG C_PARSER: parsed function __iseqsig with 2 params (varargs=0) at line 881
DEBUG C_PARSER: parsed function __issignaling with 1 params (varargs=0) at line 884
DEBUG C_PARSER: parsed function acos with 1 params (varargs=0) at line 889
DEBUG C_PARSER: parsed function __acos with 1 params (varargs=0) at line 889
DEBUG C_PARSER: parsed function asin with 1 params (varargs=0) at line 891
DEBUG C_PARSER: parsed function __asin with 1 params (varargs=0) at line 891
DEBUG C_PARSER: parsed function atan with 1 params (varargs=0) at line 893
DEBUG C_PARSER: parsed function __atan with 1 params (varargs=0) at line 893
DEBUG C_PARSER: parsed function atan2 with 2 params (varargs=0) at line 895
DEBUG C_PARSER: parsed function __atan2 with 2 params (varargs=0) at line 895
DEBUG C_PARSER: parsed function cos with 1 params (varargs=0) at line 898
DEBUG C_PARSER: parsed function __cos with 1 params (varargs=0) at line 898
DEBUG C_PARSER: parsed function sin with 1 params (varargs=0) at line 900
DEBUG C_PARSER: parsed function __sin with 1 params (varargs=0) at line 900
DEBUG C_PARSER: parsed function tan with 1 params (varargs=0) at line 902
DEBUG C_PARSER: parsed function __tan with 1 params (varargs=0) at line 902
DEBUG C_PARSER: parsed function acospi with 1 params (varargs=0) at line 906
DEBUG C_PARSER: parsed function __acospi with 1 params (varargs=0) at line 906
DEBUG C_PARSER: parsed function acospi with 1 params (varargs=0) at line 907
DEBUG C_PARSER: parsed function __acospi with 1 params (varargs=0) at line 907
DEBUG C_PARSER: parsed function asinpi with 1 params (varargs=0) at line 909
DEBUG C_PARSER: parsed function __asinpi with 1 params (varargs=0) at line 909
DEBUG C_PARSER: parsed function asinpi with 1 params (varargs=0) at line 910
DEBUG C_PARSER: parsed function __asinpi with 1 params (varargs=0) at line 910
DEBUG C_PARSER: parsed function atanpi with 1 params (varargs=0) at line 912
DEBUG C_PARSER: parsed function __atanpi with 1 params (varargs=0) at line 912
DEBUG C_PARSER: parsed function atanpi with 1 params (varargs=0) at line 913
DEBUG C_PARSER: parsed function __atanpi with 1 params (varargs=0) at line 913
DEBUG C_PARSER: parsed function atan2pi with 2 params (varargs=0) at line 915
DEBUG C_PARSER: parsed function __atan2pi with 2 params (varargs=0) at line 915
DEBUG C_PARSER: parsed function atan2pi with 2 params (varargs=0) at line 916
DEBUG C_PARSER: parsed function __atan2pi with 2 params (varargs=0) at line 916
DEBUG C_PARSER: parsed function cospi with 1 params (varargs=0) at line 919
DEBUG C_PARSER: parsed function __cospi with 1 params (varargs=0) at line 919
DEBUG C_PARSER: parsed function sinpi with 1 params (varargs=0) at line 921
DEBUG C_PARSER: parsed function __sinpi with 1 params (varargs=0) at line 921
DEBUG C_PARSER: parsed function tanpi with 1 params (varargs=0) at line 923
DEBUG C_PARSER: parsed function __tanpi with 1 params (varargs=0) at line 923
DEBUG C_PARSER: parsed function cosh with 1 params (varargs=0) at line 929
DEBUG C_PARSER: parsed function __cosh with 1 params (varargs=0) at line 929
DEBUG C_PARSER: parsed function sinh with 1 params (varargs=0) at line 931
DEBUG C_PARSER: parsed function __sinh with 1 params (varargs=0) at line 931
DEBUG C_PARSER: parsed function tanh with 1 params (varargs=0) at line 933
DEBUG C_PARSER: parsed function __tanh with 1 params (varargs=0) at line 933
DEBUG C_PARSER: parsed function acosh with 1 params (varargs=0) at line 935
DEBUG C_PARSER: parsed function __acosh with 1 params (varargs=0) at line 935
DEBUG C_PARSER: parsed function asinh with 1 params (varargs=0) at line 937
DEBUG C_PARSER: parsed function __asinh with 1 params (varargs=0) at line 937
DEBUG C_PARSER: parsed function atanh with 1 params (varargs=0) at line 939
DEBUG C_PARSER: parsed function __atanh with 1 params (varargs=0) at line 939
DEBUG C_PARSER: parsed function exp with 1 params (varargs=0) at line 945
DEBUG C_PARSER: parsed function __exp with 1 params (varargs=0) at line 945
DEBUG C_PARSER: parsed function frexp with 2 params (varargs=0) at line 948
DEBUG C_PARSER: parsed function __frexp with 2 params (varargs=0) at line 948
DEBUG C_PARSER: parsed function ldexp with 2 params (varargs=0) at line 951
DEBUG C_PARSER: parsed function __ldexp with 2 params (varargs=0) at line 951
DEBUG C_PARSER: parsed function log with 1 params (varargs=0) at line 954
DEBUG C_PARSER: parsed function __log with 1 params (varargs=0) at line 954
DEBUG C_PARSER: parsed function log10 with 1 params (varargs=0) at line 957
DEBUG C_PARSER: parsed function __log10 with 1 params (varargs=0) at line 957
DEBUG C_PARSER: parsed function modf with 2 params (varargs=0) at line 960
DEBUG C_PARSER: parsed function __modf with 2 params (varargs=0) at line 960
DEBUG C_PARSER: parsed function exp10 with 1 params (varargs=0) at line 964
DEBUG C_PARSER: parsed function __exp10 with 1 params (varargs=0) at line 964
DEBUG C_PARSER: parsed function exp2m1 with 1 params (varargs=0) at line 967
DEBUG C_PARSER: parsed function __exp2m1 with 1 params (varargs=0) at line 967
DEBUG C_PARSER: parsed function exp10m1 with 1 params (varargs=0) at line 970
DEBUG C_PARSER: parsed function __exp10m1 with 1 params (varargs=0) at line 970
DEBUG C_PARSER: parsed function log2p1 with 1 params (varargs=0) at line 973
DEBUG C_PARSER: parsed function __log2p1 with 1 params (varargs=0) at line 973
DEBUG C_PARSER: parsed function log10p1 with 1 params (varargs=0) at line 976
DEBUG C_PARSER: parsed function __log10p1 with 1 params (varargs=0) at line 976
DEBUG C_PARSER: parsed function logp1 with 1 params (varargs=0) at line 979
DEBUG C_PARSER: parsed function __logp1 with 1 params (varargs=0) at line 979
DEBUG C_PARSER: parsed function expm1 with 1 params (varargs=0) at line 984
DEBUG C_PARSER: parsed function __expm1 with 1 params (varargs=0) at line 984
DEBUG C_PARSER: parsed function log1p with 1 params (varargs=0) at line 987
DEBUG C_PARSER: parsed function __log1p with 1 params (varargs=0) at line 987
DEBUG C_PARSER: parsed function logb with 1 params (varargs=0) at line 990
DEBUG C_PARSER: parsed function __logb with 1 params (varargs=0) at line 990
DEBUG C_PARSER: parsed function exp2 with 1 params (varargs=0) at line 995
DEBUG C_PARSER: parsed function __exp2 with 1 params (varargs=0) at line 995
DEBUG C_PARSER: parsed function log2 with 1 params (varargs=0) at line 998
DEBUG C_PARSER: parsed function __log2 with 1 params (varargs=0) at line 998
DEBUG C_PARSER: parsed function pow with 2 params (varargs=0) at line 1005
DEBUG C_PARSER: parsed function __pow with 2 params (varargs=0) at line 1005
DEBUG C_PARSER: parsed function sqrt with 1 params (varargs=0) at line 1008
DEBUG C_PARSER: parsed function __sqrt with 1 params (varargs=0) at line 1008
DEBUG C_PARSER: parsed function hypot with 2 params (varargs=0) at line 1012
DEBUG C_PARSER: parsed function __hypot with 2 params (varargs=0) at line 1012
DEBUG C_PARSER: parsed function cbrt with 1 params (varargs=0) at line 1017
DEBUG C_PARSER: parsed function __cbrt with 1 params (varargs=0) at line 1017
DEBUG C_PARSER: parsed function compoundn with 2 params (varargs=0) at line 1022
DEBUG C_PARSER: parsed function __compoundn with 2 params (varargs=0) at line 1022
DEBUG C_PARSER: parsed function pown with 2 params (varargs=0) at line 1025
DEBUG C_PARSER: parsed function __pown with 2 params (varargs=0) at line 1025
DEBUG C_PARSER: parsed function powr with 2 params (varargs=0) at line 1028
DEBUG C_PARSER: parsed function __powr with 2 params (varargs=0) at line 1028
DEBUG C_PARSER: parsed function powr with 2 params (varargs=0) at line 1029
DEBUG C_PARSER: parsed function __powr with 2 params (varargs=0) at line 1029
DEBUG C_PARSER: parsed function rootn with 2 params (varargs=0) at line 1032
DEBUG C_PARSER: parsed function __rootn with 2 params (varargs=0) at line 1032
DEBUG C_PARSER: parsed function rsqrt with 1 params (varargs=0) at line 1035
DEBUG C_PARSER: parsed function __rsqrt with 1 params (varargs=0) at line 1035
DEBUG C_PARSER: parsed function ceil with 1 params (varargs=0) at line 1042
DEBUG C_PARSER: parsed function fabs with 1 params (varargs=0) at line 1045
DEBUG C_PARSER: parsed function floor with 1 params (varargs=0) at line 1048
DEBUG C_PARSER: parsed function fmod with 2 params (varargs=0) at line 1051
DEBUG C_PARSER: parsed function __fmod with 2 params (varargs=0) at line 1051
DEBUG C_PARSER: parsed function isinf with 1 params (varargs=0) at line 1053
DEBUG C_PARSER: parsed function finite with 1 params (varargs=0) at line 1059
DEBUG C_PARSER: parsed function drem with 2 params (varargs=0) at line 1063
DEBUG C_PARSER: parsed function __drem with 2 params (varargs=0) at line 1063
DEBUG C_PARSER: parsed function significand with 1 params (varargs=0) at line 1067
DEBUG C_PARSER: parsed function __significand with 1 params (varargs=0) at line 1067
DEBUG C_PARSER: parsed function copysign with 2 params (varargs=0) at line 1074
DEBUG C_PARSER: parsed function nan with 1 params (varargs=0) at line 1079
DEBUG C_PARSER: parsed function __nan with 1 params (varargs=0) at line 1079
DEBUG C_PARSER: parsed function isnan with 1 params (varargs=0) at line 1081
DEBUG C_PARSER: parsed function j0 with 1 params (varargs=0) at line 1088
DEBUG C_PARSER: parsed function __j0 with 1 params (varargs=0) at line 1088
DEBUG C_PARSER: parsed function j1 with 1 params (varargs=0) at line 1089
DEBUG C_PARSER: parsed function __j1 with 1 params (varargs=0) at line 1089
DEBUG C_PARSER: parsed function jn with 2 params (varargs=0) at line 1090
DEBUG C_PARSER: parsed function __jn with 2 params (varargs=0) at line 1090
DEBUG C_PARSER: parsed function y0 with 1 params (varargs=0) at line 1091
DEBUG C_PARSER: parsed function __y0 with 1 params (varargs=0) at line 1091
DEBUG C_PARSER: parsed function y1 with 1 params (varargs=0) at line 1092
DEBUG C_PARSER: parsed function __y1 with 1 params (varargs=0) at line 1092
DEBUG C_PARSER: parsed function yn with 2 params (varargs=0) at line 1093
DEBUG C_PARSER: parsed function __yn with 2 params (varargs=0) at line 1093
DEBUG C_PARSER: parsed function erf with 1 params (varargs=0) at line 1099
DEBUG C_PARSER: parsed function __erf with 1 params (varargs=0) at line 1099
DEBUG C_PARSER: parsed function erfc with 1 params (varargs=0) at line 1100
DEBUG C_PARSER: parsed function __erfc with 1 params (varargs=0) at line 1100
DEBUG C_PARSER: parsed function lgamma with 1 params (varargs=0) at line 1101
DEBUG C_PARSER: parsed function __lgamma with 1 params (varargs=0) at line 1101
DEBUG C_PARSER: parsed function tgamma with 1 params (varargs=0) at line 1106
DEBUG C_PARSER: parsed function __tgamma with 1 params (varargs=0) at line 1106
DEBUG C_PARSER: parsed function gamma with 1 params (varargs=0) at line 1112
DEBUG C_PARSER: parsed function __gamma with 1 params (varargs=0) at line 1112
DEBUG C_PARSER: parsed function lgamma_r with 2 params (varargs=0) at line 1120
DEBUG C_PARSER: parsed function __lgamma_r with 2 params (varargs=0) at line 1120
DEBUG C_PARSER: parsed function rint with 1 params (varargs=0) at line 1127
DEBUG C_PARSER: parsed function __rint with 1 params (varargs=0) at line 1127
DEBUG C_PARSER: parsed function nextafter with 2 params (varargs=0) at line 1130
DEBUG C_PARSER: parsed function __nextafter with 2 params (varargs=0) at line 1130
DEBUG C_PARSER: parsed function nexttoward with 2 params (varargs=0) at line 1132
DEBUG C_PARSER: parsed function __nexttoward with 2 params (varargs=0) at line 1132
DEBUG C_PARSER: parsed function nextdown with 1 params (varargs=0) at line 1137
DEBUG C_PARSER: parsed function __nextdown with 1 params (varargs=0) at line 1137
DEBUG C_PARSER: parsed function nextup with 1 params (varargs=0) at line 1139
DEBUG C_PARSER: parsed function __nextup with 1 params (varargs=0) at line 1139
DEBUG C_PARSER: parsed function remainder with 2 params (varargs=0) at line 1143
DEBUG C_PARSER: parsed function __remainder with 2 params (varargs=0) at line 1143
DEBUG C_PARSER: parsed function scalbn with 2 params (varargs=0) at line 1147
DEBUG C_PARSER: parsed function __scalbn with 2 params (varargs=0) at line 1147
DEBUG C_PARSER: parsed function ilogb with 1 params (varargs=0) at line 1151
DEBUG C_PARSER: parsed function __ilogb with 1 params (varargs=0) at line 1151
DEBUG C_PARSER: parsed function llogb with 1 params (varargs=0) at line 1156
DEBUG C_PARSER: parsed function __llogb with 1 params (varargs=0) at line 1156
DEBUG C_PARSER: parsed function scalbln with 2 params (varargs=0) at line 1161
DEBUG C_PARSER: parsed function __scalbln with 2 params (varargs=0) at line 1161
DEBUG C_PARSER: parsed function nearbyint with 1 params (varargs=0) at line 1165
DEBUG C_PARSER: parsed function __nearbyint with 1 params (varargs=0) at line 1165
DEBUG C_PARSER: parsed function round with 1 params (varargs=0) at line 1169
DEBUG C_PARSER: parsed function trunc with 1 params (varargs=0) at line 1173
DEBUG C_PARSER: parsed function remquo with 3 params (varargs=0) at line 1178
DEBUG C_PARSER: parsed function __remquo with 3 params (varargs=0) at line 1178
DEBUG C_PARSER: parsed function lrint with 1 params (varargs=0) at line 1185
DEBUG C_PARSER: parsed function __lrint with 1 params (varargs=0) at line 1185
DEBUG C_PARSER: parsed function llrint with 1 params (varargs=0) at line 1187
DEBUG C_PARSER: parsed function __llrint with 1 params (varargs=0) at line 1187
DEBUG C_PARSER: parsed function lround with 1 params (varargs=0) at line 1191
DEBUG C_PARSER: parsed function __lround with 1 params (varargs=0) at line 1191
DEBUG C_PARSER: parsed function llround with 1 params (varargs=0) at line 1193
DEBUG C_PARSER: parsed function __llround with 1 params (varargs=0) at line 1193
DEBUG C_PARSER: parsed function fdim with 2 params (varargs=0) at line 1197
DEBUG C_PARSER: parsed function __fdim with 2 params (varargs=0) at line 1197
DEBUG C_PARSER: parsed function fmax with 2 params (varargs=0) at line 1201
DEBUG C_PARSER: parsed function fmin with 2 params (varargs=0) at line 1204
DEBUG C_PARSER: parsed function fma with 3 params (varargs=0) at line 1208
DEBUG C_PARSER: parsed function __fma with 3 params (varargs=0) at line 1208
DEBUG C_PARSER: parsed function roundeven with 1 params (varargs=0) at line 1213
DEBUG C_PARSER: parsed function fromfp with 3 params (varargs=0) at line 1217
DEBUG C_PARSER: parsed function __fromfp with 3 params (varargs=0) at line 1217
DEBUG C_PARSER: parsed function ufromfp with 3 params (varargs=0) at line 1221
DEBUG C_PARSER: parsed function __ufromfp with 3 params (varargs=0) at line 1221
DEBUG C_PARSER: parsed function fromfpx with 3 params (varargs=0) at line 1226
DEBUG C_PARSER: parsed function __fromfpx with 3 params (varargs=0) at line 1226
DEBUG C_PARSER: parsed function ufromfpx with 3 params (varargs=0) at line 1231
DEBUG C_PARSER: parsed function __ufromfpx with 3 params (varargs=0) at line 1231
DEBUG C_PARSER: parsed function canonicalize with 2 params (varargs=0) at line 1234
DEBUG C_PARSER: parsed function fmaximum with 2 params (varargs=0) at line 1236
DEBUG C_PARSER: parsed function fminimum with 2 params (varargs=0) at line 1239
DEBUG C_PARSER: parsed function fmaximum_num with 2 params (varargs=0) at line 1242
DEBUG C_PARSER: parsed function fminimum_num with 2 params (varargs=0) at line 1245
DEBUG C_PARSER: parsed function fmaximum_mag with 2 params (varargs=0) at line 1248
DEBUG C_PARSER: parsed function fminimum_mag with 2 params (varargs=0) at line 1251
DEBUG C_PARSER: parsed function fmaximum_mag_num with 2 params (varargs=0) at line 1254
DEBUG C_PARSER: parsed function fminimum_mag_num with 2 params (varargs=0) at line 1257
DEBUG C_PARSER: parsed function scalb with 2 params (varargs=0) at line 1259
DEBUG C_PARSER: parsed function __scalb with 2 params (varargs=0) at line 1259
DEBUG C_PARSER: parsed function __fpclassifyf with 1 params (varargs=0) at line 1264
DEBUG C_PARSER: parsed function __signbitf with 1 params (varargs=0) at line 1268
DEBUG C_PARSER: parsed function __isinff with 1 params (varargs=0) at line 1273
DEBUG C_PARSER: parsed function __finitef with 1 params (varargs=0) at line 1277
DEBUG C_PARSER: parsed function __isnanf with 1 params (varargs=0) at line 1281
DEBUG C_PARSER: parsed function __iseqsigf with 2 params (varargs=0) at line 1285
DEBUG C_PARSER: parsed function __issignalingf with 1 params (varargs=0) at line 1288
DEBUG C_PARSER: parsed function acosf with 1 params (varargs=0) at line 1293
DEBUG C_PARSER: parsed function __acosf with 1 params (varargs=0) at line 1293
DEBUG C_PARSER: parsed function asinf with 1 params (varargs=0) at line 1295
DEBUG C_PARSER: parsed function __asinf with 1 params (varargs=0) at line 1295
DEBUG C_PARSER: parsed function atanf with 1 params (varargs=0) at line 1297
DEBUG C_PARSER: parsed function __atanf with 1 params (varargs=0) at line 1297
DEBUG C_PARSER: parsed function atan2f with 2 params (varargs=0) at line 1299
DEBUG C_PARSER: parsed function __atan2f with 2 params (varargs=0) at line 1299
DEBUG C_PARSER: parsed function cosf with 1 params (varargs=0) at line 1302
DEBUG C_PARSER: parsed function __cosf with 1 params (varargs=0) at line 1302
DEBUG C_PARSER: parsed function sinf with 1 params (varargs=0) at line 1304
DEBUG C_PARSER: parsed function __sinf with 1 params (varargs=0) at line 1304
DEBUG C_PARSER: parsed function tanf with 1 params (varargs=0) at line 1306
DEBUG C_PARSER: parsed function __tanf with 1 params (varargs=0) at line 1306
DEBUG C_PARSER: parsed function acospif with 1 params (varargs=0) at line 1310
DEBUG C_PARSER: parsed function __acospif with 1 params (varargs=0) at line 1310
DEBUG C_PARSER: parsed function acospif with 1 params (varargs=0) at line 1311
DEBUG C_PARSER: parsed function __acospif with 1 params (varargs=0) at line 1311
DEBUG C_PARSER: parsed function asinpif with 1 params (varargs=0) at line 1313
DEBUG C_PARSER: parsed function __asinpif with 1 params (varargs=0) at line 1313
DEBUG C_PARSER: parsed function asinpif with 1 params (varargs=0) at line 1314
DEBUG C_PARSER: parsed function __asinpif with 1 params (varargs=0) at line 1314
DEBUG C_PARSER: parsed function atanpif with 1 params (varargs=0) at line 1316
DEBUG C_PARSER: parsed function __atanpif with 1 params (varargs=0) at line 1316
DEBUG C_PARSER: parsed function atanpif with 1 params (varargs=0) at line 1317
DEBUG C_PARSER: parsed function __atanpif with 1 params (varargs=0) at line 1317
DEBUG C_PARSER: parsed function atan2pif with 2 params (varargs=0) at line 1319
DEBUG C_PARSER: parsed function __atan2pif with 2 params (varargs=0) at line 1319
DEBUG C_PARSER: parsed function atan2pif with 2 params (varargs=0) at line 1320
DEBUG C_PARSER: parsed function __atan2pif with 2 params (varargs=0) at line 1320
DEBUG C_PARSER: parsed function cospif with 1 params (varargs=0) at line 1323
DEBUG C_PARSER: parsed function __cospif with 1 params (varargs=0) at line 1323
DEBUG C_PARSER: parsed function sinpif with 1 params (varargs=0) at line 1325
DEBUG C_PARSER: parsed function __sinpif with 1 params (varargs=0) at line 1325
DEBUG C_PARSER: parsed function tanpif with 1 params (varargs=0) at line 1327
DEBUG C_PARSER: parsed function __tanpif with 1 params (varargs=0) at line 1327
DEBUG C_PARSER: parsed function coshf with 1 params (varargs=0) at line 1333
DEBUG C_PARSER: parsed function __coshf with 1 params (varargs=0) at line 1333
DEBUG C_PARSER: parsed function sinhf with 1 params (varargs=0) at line 1335
DEBUG C_PARSER: parsed function __sinhf with 1 params (varargs=0) at line 1335
DEBUG C_PARSER: parsed function tanhf with 1 params (varargs=0) at line 1337
DEBUG C_PARSER: parsed function __tanhf with 1 params (varargs=0) at line 1337
DEBUG C_PARSER: parsed function acoshf with 1 params (varargs=0) at line 1339
DEBUG C_PARSER: parsed function __acoshf with 1 params (varargs=0) at line 1339
DEBUG C_PARSER: parsed function asinhf with 1 params (varargs=0) at line 1341
DEBUG C_PARSER: parsed function __asinhf with 1 params (varargs=0) at line 1341
DEBUG C_PARSER: parsed function atanhf with 1 params (varargs=0) at line 1343
DEBUG C_PARSER: parsed function __atanhf with 1 params (varargs=0) at line 1343
DEBUG C_PARSER: parsed function expf with 1 params (varargs=0) at line 1349
DEBUG C_PARSER: parsed function __expf with 1 params (varargs=0) at line 1349
DEBUG C_PARSER: parsed function frexpf with 2 params (varargs=0) at line 1352
DEBUG C_PARSER: parsed function __frexpf with 2 params (varargs=0) at line 1352
DEBUG C_PARSER: parsed function ldexpf with 2 params (varargs=0) at line 1355
DEBUG C_PARSER: parsed function __ldexpf with 2 params (varargs=0) at line 1355
DEBUG C_PARSER: parsed function logf with 1 params (varargs=0) at line 1358
DEBUG C_PARSER: parsed function __logf with 1 params (varargs=0) at line 1358
DEBUG C_PARSER: parsed function log10f with 1 params (varargs=0) at line 1361
DEBUG C_PARSER: parsed function __log10f with 1 params (varargs=0) at line 1361
DEBUG C_PARSER: parsed function modff with 2 params (varargs=0) at line 1364
DEBUG C_PARSER: parsed function __modff with 2 params (varargs=0) at line 1364
DEBUG C_PARSER: parsed function exp10f with 1 params (varargs=0) at line 1368
DEBUG C_PARSER: parsed function __exp10f with 1 params (varargs=0) at line 1368
DEBUG C_PARSER: parsed function exp2m1f with 1 params (varargs=0) at line 1371
DEBUG C_PARSER: parsed function __exp2m1f with 1 params (varargs=0) at line 1371
DEBUG C_PARSER: parsed function exp10m1f with 1 params (varargs=0) at line 1374
DEBUG C_PARSER: parsed function __exp10m1f with 1 params (varargs=0) at line 1374
DEBUG C_PARSER: parsed function log2p1f with 1 params (varargs=0) at line 1377
DEBUG C_PARSER: parsed function __log2p1f with 1 params (varargs=0) at line 1377
DEBUG C_PARSER: parsed function log10p1f with 1 params (varargs=0) at line 1380
DEBUG C_PARSER: parsed function __log10p1f with 1 params (varargs=0) at line 1380
DEBUG C_PARSER: parsed function logp1f with 1 params (varargs=0) at line 1383
DEBUG C_PARSER: parsed function __logp1f with 1 params (varargs=0) at line 1383
DEBUG C_PARSER: parsed function expm1f with 1 params (varargs=0) at line 1388
DEBUG C_PARSER: parsed function __expm1f with 1 params (varargs=0) at line 1388
DEBUG C_PARSER: parsed function log1pf with 1 params (varargs=0) at line 1391
DEBUG C_PARSER: parsed function __log1pf with 1 params (varargs=0) at line 1391
DEBUG C_PARSER: parsed function logbf with 1 params (varargs=0) at line 1394
DEBUG C_PARSER: parsed function __logbf with 1 params (varargs=0) at line 1394
DEBUG C_PARSER: parsed function exp2f with 1 params (varargs=0) at line 1399
DEBUG C_PARSER: parsed function __exp2f with 1 params (varargs=0) at line 1399
DEBUG C_PARSER: parsed function log2f with 1 params (varargs=0) at line 1402
DEBUG C_PARSER: parsed function __log2f with 1 params (varargs=0) at line 1402
DEBUG C_PARSER: parsed function powf with 2 params (varargs=0) at line 1409
DEBUG C_PARSER: parsed function __powf with 2 params (varargs=0) at line 1409
DEBUG C_PARSER: parsed function sqrtf with 1 params (varargs=0) at line 1412
DEBUG C_PARSER: parsed function __sqrtf with 1 params (varargs=0) at line 1412
DEBUG C_PARSER: parsed function hypotf with 2 params (varargs=0) at line 1416
DEBUG C_PARSER: parsed function __hypotf with 2 params (varargs=0) at line 1416
DEBUG C_PARSER: parsed function cbrtf with 1 params (varargs=0) at line 1421
DEBUG C_PARSER: parsed function __cbrtf with 1 params (varargs=0) at line 1421
DEBUG C_PARSER: parsed function compoundnf with 2 params (varargs=0) at line 1426
DEBUG C_PARSER: parsed function __compoundnf with 2 params (varargs=0) at line 1426
DEBUG C_PARSER: parsed function pownf with 2 params (varargs=0) at line 1429
DEBUG C_PARSER: parsed function __pownf with 2 params (varargs=0) at line 1429
DEBUG C_PARSER: parsed function powrf with 2 params (varargs=0) at line 1432
DEBUG C_PARSER: parsed function __powrf with 2 params (varargs=0) at line 1432
DEBUG C_PARSER: parsed function powrf with 2 params (varargs=0) at line 1433
DEBUG C_PARSER: parsed function __powrf with 2 params (varargs=0) at line 1433
DEBUG C_PARSER: parsed function rootnf with 2 params (varargs=0) at line 1436
DEBUG C_PARSER: parsed function __rootnf with 2 params (varargs=0) at line 1436
DEBUG C_PARSER: parsed function rsqrtf with 1 params (varargs=0) at line 1439
DEBUG C_PARSER: parsed function __rsqrtf with 1 params (varargs=0) at line 1439
DEBUG C_PARSER: parsed function ceilf with 1 params (varargs=0) at line 1446
DEBUG C_PARSER: parsed function fabsf with 1 params (varargs=0) at line 1449
DEBUG C_PARSER: parsed function floorf with 1 params (varargs=0) at line 1452
DEBUG C_PARSER: parsed function fmodf with 2 params (varargs=0) at line 1455
DEBUG C_PARSER: parsed function __fmodf with 2 params (varargs=0) at line 1455
DEBUG C_PARSER: parsed function isinff with 1 params (varargs=0) at line 1457
DEBUG C_PARSER: parsed function finitef with 1 params (varargs=0) at line 1463
DEBUG C_PARSER: parsed function dremf with 2 params (varargs=0) at line 1467
DEBUG C_PARSER: parsed function __dremf with 2 params (varargs=0) at line 1467
DEBUG C_PARSER: parsed function significandf with 1 params (varargs=0) at line 1471
DEBUG C_PARSER: parsed function __significandf with 1 params (varargs=0) at line 1471
DEBUG C_PARSER: parsed function copysignf with 2 params (varargs=0) at line 1478
DEBUG C_PARSER: parsed function nanf with 1 params (varargs=0) at line 1483
DEBUG C_PARSER: parsed function __nanf with 1 params (varargs=0) at line 1483
DEBUG C_PARSER: parsed function isnanf with 1 params (varargs=0) at line 1485
DEBUG C_PARSER: parsed function j0f with 1 params (varargs=0) at line 1492
DEBUG C_PARSER: parsed function __j0f with 1 params (varargs=0) at line 1492
DEBUG C_PARSER: parsed function j1f with 1 params (varargs=0) at line 1493
DEBUG C_PARSER: parsed function __j1f with 1 params (varargs=0) at line 1493
DEBUG C_PARSER: parsed function jnf with 2 params (varargs=0) at line 1494
DEBUG C_PARSER: parsed function __jnf with 2 params (varargs=0) at line 1494
DEBUG C_PARSER: parsed function y0f with 1 params (varargs=0) at line 1495
DEBUG C_PARSER: parsed function __y0f with 1 params (varargs=0) at line 1495
DEBUG C_PARSER: parsed function y1f with 1 params (varargs=0) at line 1496
DEBUG C_PARSER: parsed function __y1f with 1 params (varargs=0) at line 1496
DEBUG C_PARSER: parsed function ynf with 2 params (varargs=0) at line 1497
DEBUG C_PARSER: parsed function __ynf with 2 params (varargs=0) at line 1497
DEBUG C_PARSER: parsed function erff with 1 params (varargs=0) at line 1503
DEBUG C_PARSER: parsed function __erff with 1 params (varargs=0) at line 1503
DEBUG C_PARSER: parsed function erfcf with 1 params (varargs=0) at line 1504
DEBUG C_PARSER: parsed function __erfcf with 1 params (varargs=0) at line 1504
DEBUG C_PARSER: parsed function lgammaf with 1 params (varargs=0) at line 1505
DEBUG C_PARSER: parsed function __lgammaf with 1 params (varargs=0) at line 1505
DEBUG C_PARSER: parsed function tgammaf with 1 params (varargs=0) at line 1510
DEBUG C_PARSER: parsed function __tgammaf with 1 params (varargs=0) at line 1510
DEBUG C_PARSER: parsed function gammaf with 1 params (varargs=0) at line 1516
DEBUG C_PARSER: parsed function __gammaf with 1 params (varargs=0) at line 1516
DEBUG C_PARSER: parsed function lgammaf_r with 2 params (varargs=0) at line 1524
DEBUG C_PARSER: parsed function __lgammaf_r with 2 params (varargs=0) at line 1524
DEBUG C_PARSER: parsed function rintf with 1 params (varargs=0) at line 1531
DEBUG C_PARSER: parsed function __rintf with 1 params (varargs=0) at line 1531
DEBUG C_PARSER: parsed function nextafterf with 2 params (varargs=0) at line 1534
DEBUG C_PARSER: parsed function __nextafterf with 2 params (varargs=0) at line 1534
DEBUG C_PARSER: parsed function nexttowardf with 2 params (varargs=0) at line 1536
DEBUG C_PARSER: parsed function __nexttowardf with 2 params (varargs=0) at line 1536
DEBUG C_PARSER: parsed function nextdownf with 1 params (varargs=0) at line 1541
DEBUG C_PARSER: parsed function __nextdownf with 1 params (varargs=0) at line 1541
DEBUG C_PARSER: parsed function nextupf with 1 params (varargs=0) at line 1543
DEBUG C_PARSER: parsed function __nextupf with 1 params (varargs=0) at line 1543
DEBUG C_PARSER: parsed function remainderf with 2 params (varargs=0) at line 1547
DEBUG C_PARSER: parsed function __remainderf with 2 params (varargs=0) at line 1547
DEBUG C_PARSER: parsed function scalbnf with 2 params (varargs=0) at line 1551
DEBUG C_PARSER: parsed function __scalbnf with 2 params (varargs=0) at line 1551
DEBUG C_PARSER: parsed function ilogbf with 1 params (varargs=0) at line 1555
DEBUG C_PARSER: parsed function __ilogbf with 1 params (varargs=0) at line 1555
DEBUG C_PARSER: parsed function llogbf with 1 params (varargs=0) at line 1560
DEBUG C_PARSER: parsed function __llogbf with 1 params (varargs=0) at line 1560
DEBUG C_PARSER: parsed function scalblnf with 2 params (varargs=0) at line 1565
DEBUG C_PARSER: parsed function __scalblnf with 2 params (varargs=0) at line 1565
DEBUG C_PARSER: parsed function nearbyintf with 1 params (varargs=0) at line 1569
DEBUG C_PARSER: parsed function __nearbyintf with 1 params (varargs=0) at line 1569
DEBUG C_PARSER: parsed function roundf with 1 params (varargs=0) at line 1573
DEBUG C_PARSER: parsed function truncf with 1 params (varargs=0) at line 1577
DEBUG C_PARSER: parsed function remquof with 3 params (varargs=0) at line 1582
DEBUG C_PARSER: parsed function __remquof with 3 params (varargs=0) at line 1582
DEBUG C_PARSER: parsed function lrintf with 1 params (varargs=0) at line 1589
DEBUG C_PARSER: parsed function __lrintf with 1 params (varargs=0) at line 1589
DEBUG C_PARSER: parsed function llrintf with 1 params (varargs=0) at line 1591
DEBUG C_PARSER: parsed function __llrintf with 1 params (varargs=0) at line 1591
DEBUG C_PARSER: parsed function lroundf with 1 params (varargs=0) at line 1595
DEBUG C_PARSER: parsed function __lroundf with 1 params (varargs=0) at line 1595
DEBUG C_PARSER: parsed function llroundf with 1 params (varargs=0) at line 1597
DEBUG C_PARSER: parsed function __llroundf with 1 params (varargs=0) at line 1597
DEBUG C_PARSER: parsed function fdimf with 2 params (varargs=0) at line 1601
DEBUG C_PARSER: parsed function __fdimf with 2 params (varargs=0) at line 1601
DEBUG C_PARSER: parsed function fmaxf with 2 params (varargs=0) at line 1605
DEBUG C_PARSER: parsed function fminf with 2 params (varargs=0) at line 1608
DEBUG C_PARSER: parsed function fmaf with 3 params (varargs=0) at line 1612
DEBUG C_PARSER: parsed function __fmaf with 3 params (varargs=0) at line 1612
DEBUG C_PARSER: parsed function roundevenf with 1 params (varargs=0) at line 1617
DEBUG C_PARSER: parsed function fromfpf with 3 params (varargs=0) at line 1621
DEBUG C_PARSER: parsed function __fromfpf with 3 params (varargs=0) at line 1621
DEBUG C_PARSER: parsed function ufromfpf with 3 params (varargs=0) at line 1625
DEBUG C_PARSER: parsed function __ufromfpf with 3 params (varargs=0) at line 1625
DEBUG C_PARSER: parsed function fromfpxf with 3 params (varargs=0) at line 1630
DEBUG C_PARSER: parsed function __fromfpxf with 3 params (varargs=0) at line 1630
DEBUG C_PARSER: parsed function ufromfpxf with 3 params (varargs=0) at line 1635
DEBUG C_PARSER: parsed function __ufromfpxf with 3 params (varargs=0) at line 1635
DEBUG C_PARSER: parsed function canonicalizef with 2 params (varargs=0) at line 1638
DEBUG C_PARSER: parsed function fmaximumf with 2 params (varargs=0) at line 1640
DEBUG C_PARSER: parsed function fminimumf with 2 params (varargs=0) at line 1643
DEBUG C_PARSER: parsed function fmaximum_numf with 2 params (varargs=0) at line 1646
DEBUG C_PARSER: parsed function fminimum_numf with 2 params (varargs=0) at line 1649
DEBUG C_PARSER: parsed function fmaximum_magf with 2 params (varargs=0) at line 1652
DEBUG C_PARSER: parsed function fminimum_magf with 2 params (varargs=0) at line 1655
DEBUG C_PARSER: parsed function fmaximum_mag_numf with 2 params (varargs=0) at line 1658
DEBUG C_PARSER: parsed function fminimum_mag_numf with 2 params (varargs=0) at line 1661
DEBUG C_PARSER: parsed function scalbf with 2 params (varargs=0) at line 1663
DEBUG C_PARSER: parsed function __scalbf with 2 params (varargs=0) at line 1663
DEBUG C_PARSER: parsed function __fpclassifyl with 1 params (varargs=0) at line 1668
DEBUG C_PARSER: parsed function __signbitl with 1 params (varargs=0) at line 1672
DEBUG C_PARSER: parsed function __isinfl with 1 params (varargs=0) at line 1677
DEBUG C_PARSER: parsed function __finitel with 1 params (varargs=0) at line 1681
DEBUG C_PARSER: parsed function __isnanl with 1 params (varargs=0) at line 1685
DEBUG C_PARSER: parsed function __iseqsigl with 2 params (varargs=0) at line 1689
DEBUG C_PARSER: parsed function __issignalingl with 1 params (varargs=0) at line 1692
DEBUG C_PARSER: parsed function acosl with 1 params (varargs=0) at line 1697
DEBUG C_PARSER: parsed function __acosl with 1 params (varargs=0) at line 1697
DEBUG C_PARSER: parsed function asinl with 1 params (varargs=0) at line 1699
DEBUG C_PARSER: parsed function __asinl with 1 params (varargs=0) at line 1699
DEBUG C_PARSER: parsed function atanl with 1 params (varargs=0) at line 1701
DEBUG C_PARSER: parsed function __atanl with 1 params (varargs=0) at line 1701
DEBUG C_PARSER: parsed function atan2l with 2 params (varargs=0) at line 1703
DEBUG C_PARSER: parsed function __atan2l with 2 params (varargs=0) at line 1703
DEBUG C_PARSER: parsed function cosl with 1 params (varargs=0) at line 1706
DEBUG C_PARSER: parsed function __cosl with 1 params (varargs=0) at line 1706
DEBUG C_PARSER: parsed function sinl with 1 params (varargs=0) at line 1708
DEBUG C_PARSER: parsed function __sinl with 1 params (varargs=0) at line 1708
DEBUG C_PARSER: parsed function tanl with 1 params (varargs=0) at line 1710
DEBUG C_PARSER: parsed function __tanl with 1 params (varargs=0) at line 1710
DEBUG C_PARSER: parsed function acospil with 1 params (varargs=0) at line 1714
DEBUG C_PARSER: parsed function __acospil with 1 params (varargs=0) at line 1714
DEBUG C_PARSER: parsed function acospil with 1 params (varargs=0) at line 1715
DEBUG C_PARSER: parsed function __acospil with 1 params (varargs=0) at line 1715
DEBUG C_PARSER: parsed function asinpil with 1 params (varargs=0) at line 1717
DEBUG C_PARSER: parsed function __asinpil with 1 params (varargs=0) at line 1717
DEBUG C_PARSER: parsed function asinpil with 1 params (varargs=0) at line 1718
DEBUG C_PARSER: parsed function __asinpil with 1 params (varargs=0) at line 1718
DEBUG C_PARSER: parsed function atanpil with 1 params (varargs=0) at line 1720
DEBUG C_PARSER: parsed function __atanpil with 1 params (varargs=0) at line 1720
DEBUG C_PARSER: parsed function atanpil with 1 params (varargs=0) at line 1721
DEBUG C_PARSER: parsed function __atanpil with 1 params (varargs=0) at line 1721
DEBUG C_PARSER: parsed function atan2pil with 2 params (varargs=0) at line 1723
DEBUG C_PARSER: parsed function __atan2pil with 2 params (varargs=0) at line 1723
DEBUG C_PARSER: parsed function atan2pil with 2 params (varargs=0) at line 1724
DEBUG C_PARSER: parsed function __atan2pil with 2 params (varargs=0) at line 1724
DEBUG C_PARSER: parsed function cospil with 1 params (varargs=0) at line 1727
DEBUG C_PARSER: parsed function __cospil with 1 params (varargs=0) at line 1727
DEBUG C_PARSER: parsed function sinpil with 1 params (varargs=0) at line 1729
DEBUG C_PARSER: parsed function __sinpil with 1 params (varargs=0) at line 1729
DEBUG C_PARSER: parsed function tanpil with 1 params (varargs=0) at line 1731
DEBUG C_PARSER: parsed function __tanpil with 1 params (varargs=0) at line 1731
DEBUG C_PARSER: parsed function coshl with 1 params (varargs=0) at line 1737
DEBUG C_PARSER: parsed function __coshl with 1 params (varargs=0) at line 1737
DEBUG C_PARSER: parsed function sinhl with 1 params (varargs=0) at line 1739
DEBUG C_PARSER: parsed function __sinhl with 1 params (varargs=0) at line 1739
DEBUG C_PARSER: parsed function tanhl with 1 params (varargs=0) at line 1741
DEBUG C_PARSER: parsed function __tanhl with 1 params (varargs=0) at line 1741
DEBUG C_PARSER: parsed function acoshl with 1 params (varargs=0) at line 1743
DEBUG C_PARSER: parsed function __acoshl with 1 params (varargs=0) at line 1743
DEBUG C_PARSER: parsed function asinhl with 1 params (varargs=0) at line 1745
DEBUG C_PARSER: parsed function __asinhl with 1 params (varargs=0) at line 1745
DEBUG C_PARSER: parsed function atanhl with 1 params (varargs=0) at line 1747
DEBUG C_PARSER: parsed function __atanhl with 1 params (varargs=0) at line 1747
DEBUG C_PARSER: parsed function expl with 1 params (varargs=0) at line 1753
DEBUG C_PARSER: parsed function __expl with 1 params (varargs=0) at line 1753
DEBUG C_PARSER: parsed function frexpl with 2 params (varargs=0) at line 1756
DEBUG C_PARSER: parsed function __frexpl with 2 params (varargs=0) at line 1756
DEBUG C_PARSER: parsed function ldexpl with 2 params (varargs=0) at line 1759
DEBUG C_PARSER: parsed function __ldexpl with 2 params (varargs=0) at line 1759
DEBUG C_PARSER: parsed function logl with 1 params (varargs=0) at line 1762
DEBUG C_PARSER: parsed function __logl with 1 params (varargs=0) at line 1762
DEBUG C_PARSER: parsed function log10l with 1 params (varargs=0) at line 1765
DEBUG C_PARSER: parsed function __log10l with 1 params (varargs=0) at line 1765
DEBUG C_PARSER: parsed function modfl with 2 params (varargs=0) at line 1768
DEBUG C_PARSER: parsed function __modfl with 2 params (varargs=0) at line 1768
DEBUG C_PARSER: parsed function exp10l with 1 params (varargs=0) at line 1772
DEBUG C_PARSER: parsed function __exp10l with 1 params (varargs=0) at line 1772
DEBUG C_PARSER: parsed function exp2m1l with 1 params (varargs=0) at line 1775
DEBUG C_PARSER: parsed function __exp2m1l with 1 params (varargs=0) at line 1775
DEBUG C_PARSER: parsed function exp10m1l with 1 params (varargs=0) at line 1778
DEBUG C_PARSER: parsed function __exp10m1l with 1 params (varargs=0) at line 1778
DEBUG C_PARSER: parsed function log2p1l with 1 params (varargs=0) at line 1781
DEBUG C_PARSER: parsed function __log2p1l with 1 params (varargs=0) at line 1781
DEBUG C_PARSER: parsed function log10p1l with 1 params (varargs=0) at line 1784
DEBUG C_PARSER: parsed function __log10p1l with 1 params (varargs=0) at line 1784
DEBUG C_PARSER: parsed function logp1l with 1 params (varargs=0) at line 1787
DEBUG C_PARSER: parsed function __logp1l with 1 params (varargs=0) at line 1787
DEBUG C_PARSER: parsed function expm1l with 1 params (varargs=0) at line 1792
DEBUG C_PARSER: parsed function __expm1l with 1 params (varargs=0) at line 1792
DEBUG C_PARSER: parsed function log1pl with 1 params (varargs=0) at line 1795
DEBUG C_PARSER: parsed function __log1pl with 1 params (varargs=0) at line 1795
DEBUG C_PARSER: parsed function logbl with 1 params (varargs=0) at line 1798
DEBUG C_PARSER: parsed function __logbl with 1 params (varargs=0) at line 1798
DEBUG C_PARSER: parsed function exp2l with 1 params (varargs=0) at line 1803
DEBUG C_PARSER: parsed function __exp2l with 1 params (varargs=0) at line 1803
DEBUG C_PARSER: parsed function log2l with 1 params (varargs=0) at line 1806
DEBUG C_PARSER: parsed function __log2l with 1 params (varargs=0) at line 1806
DEBUG C_PARSER: parsed function powl with 2 params (varargs=0) at line 1813
DEBUG C_PARSER: parsed function __powl with 2 params (varargs=0) at line 1813
DEBUG C_PARSER: parsed function sqrtl with 1 params (varargs=0) at line 1816
DEBUG C_PARSER: parsed function __sqrtl with 1 params (varargs=0) at line 1816
DEBUG C_PARSER: parsed function hypotl with 2 params (varargs=0) at line 1820
DEBUG C_PARSER: parsed function __hypotl with 2 params (varargs=0) at line 1820
DEBUG C_PARSER: parsed function cbrtl with 1 params (varargs=0) at line 1825
DEBUG C_PARSER: parsed function __cbrtl with 1 params (varargs=0) at line 1825
DEBUG C_PARSER: parsed function compoundnl with 2 params (varargs=0) at line 1830
DEBUG C_PARSER: parsed function __compoundnl with 2 params (varargs=0) at line 1830
DEBUG C_PARSER: parsed function pownl with 2 params (varargs=0) at line 1833
DEBUG C_PARSER: parsed function __pownl with 2 params (varargs=0) at line 1833
DEBUG C_PARSER: parsed function powrl with 2 params (varargs=0) at line 1836
DEBUG C_PARSER: parsed function __powrl with 2 params (varargs=0) at line 1836
DEBUG C_PARSER: parsed function powrl with 2 params (varargs=0) at line 1837
DEBUG C_PARSER: parsed function __powrl with 2 params (varargs=0) at line 1837
DEBUG C_PARSER: parsed function rootnl with 2 params (varargs=0) at line 1840
DEBUG C_PARSER: parsed function __rootnl with 2 params (varargs=0) at line 1840
DEBUG C_PARSER: parsed function rsqrtl with 1 params (varargs=0) at line 1843
DEBUG C_PARSER: parsed function __rsqrtl with 1 params (varargs=0) at line 1843
DEBUG C_PARSER: parsed function ceill with 1 params (varargs=0) at line 1850
DEBUG C_PARSER: parsed function fabsl with 1 params (varargs=0) at line 1853
DEBUG C_PARSER: parsed function floorl with 1 params (varargs=0) at line 1856
DEBUG C_PARSER: parsed function fmodl with 2 params (varargs=0) at line 1859
DEBUG C_PARSER: parsed function __fmodl with 2 params (varargs=0) at line 1859
DEBUG C_PARSER: parsed function isinfl with 1 params (varargs=0) at line 1861
DEBUG C_PARSER: parsed function finitel with 1 params (varargs=0) at line 1867
DEBUG C_PARSER: parsed function dreml with 2 params (varargs=0) at line 1871
DEBUG C_PARSER: parsed function __dreml with 2 params (varargs=0) at line 1871
DEBUG C_PARSER: parsed function significandl with 1 params (varargs=0) at line 1875
DEBUG C_PARSER: parsed function __significandl with 1 params (varargs=0) at line 1875
DEBUG C_PARSER: parsed function copysignl with 2 params (varargs=0) at line 1882
DEBUG C_PARSER: parsed function nanl with 1 params (varargs=0) at line 1887
DEBUG C_PARSER: parsed function __nanl with 1 params (varargs=0) at line 1887
DEBUG C_PARSER: parsed function isnanl with 1 params (varargs=0) at line 1889
DEBUG C_PARSER: parsed function j0l with 1 params (varargs=0) at line 1896
DEBUG C_PARSER: parsed function __j0l with 1 params (varargs=0) at line 1896
DEBUG C_PARSER: parsed function j1l with 1 params (varargs=0) at line 1897
DEBUG C_PARSER: parsed function __j1l with 1 params (varargs=0) at line 1897
DEBUG C_PARSER: parsed function jnl with 2 params (varargs=0) at line 1898
DEBUG C_PARSER: parsed function __jnl with 2 params (varargs=0) at line 1898
DEBUG C_PARSER: parsed function y0l with 1 params (varargs=0) at line 1899
DEBUG C_PARSER: parsed function __y0l with 1 params (varargs=0) at line 1899
DEBUG C_PARSER: parsed function y1l with 1 params (varargs=0) at line 1900
DEBUG C_PARSER: parsed function __y1l with 1 params (varargs=0) at line 1900
DEBUG C_PARSER: parsed function ynl with 2 params (varargs=0) at line 1901
DEBUG C_PARSER: parsed function __ynl with 2 params (varargs=0) at line 1901
DEBUG C_PARSER: parsed function erfl with 1 params (varargs=0) at line 1907
DEBUG C_PARSER: parsed function __erfl with 1 params (varargs=0) at line 1907
DEBUG C_PARSER: parsed function erfcl with 1 params (varargs=0) at line 1908
DEBUG C_PARSER: parsed function __erfcl with 1 params (varargs=0) at line 1908
DEBUG C_PARSER: parsed function lgammal with 1 params (varargs=0) at line 1909
DEBUG C_PARSER: parsed function __lgammal with 1 params (varargs=0) at line 1909
DEBUG C_PARSER: parsed function tgammal with 1 params (varargs=0) at line 1914
DEBUG C_PARSER: parsed function __tgammal with 1 params (varargs=0) at line 1914
DEBUG C_PARSER: parsed function gammal with 1 params (varargs=0) at line 1920
DEBUG C_PARSER: parsed function __gammal with 1 params (varargs=0) at line 1920
DEBUG C_PARSER: parsed function lgammal_r with 2 params (varargs=0) at line 1928
DEBUG C_PARSER: parsed function __lgammal_r with 2 params (varargs=0) at line 1928
DEBUG C_PARSER: parsed function rintl with 1 params (varargs=0) at line 1935
DEBUG C_PARSER: parsed function __rintl with 1 params (varargs=0) at line 1935
DEBUG C_PARSER: parsed function nextafterl with 2 params (varargs=0) at line 1938
DEBUG C_PARSER: parsed function __nextafterl with 2 params (varargs=0) at line 1938
DEBUG C_PARSER: parsed function nexttowardl with 2 params (varargs=0) at line 1940
DEBUG C_PARSER: parsed function __nexttowardl with 2 params (varargs=0) at line 1940
DEBUG C_PARSER: parsed function nextdownl with 1 params (varargs=0) at line 1945
DEBUG C_PARSER: parsed function __nextdownl with 1 params (varargs=0) at line 1945
DEBUG C_PARSER: parsed function nextupl with 1 params (varargs=0) at line 1947
DEBUG C_PARSER: parsed function __nextupl with 1 params (varargs=0) at line 1947
DEBUG C_PARSER: parsed function remainderl with 2 params (varargs=0) at line 1951
DEBUG C_PARSER: parsed function __remainderl with 2 params (varargs=0) at line 1951
DEBUG C_PARSER: parsed function scalbnl with 2 params (varargs=0) at line 1955
DEBUG C_PARSER: parsed function __scalbnl with 2 params (varargs=0) at line 1955
DEBUG C_PARSER: parsed function ilogbl with 1 params (varargs=0) at line 1959
DEBUG C_PARSER: parsed function __ilogbl with 1 params (varargs=0) at line 1959
DEBUG C_PARSER: parsed function llogbl with 1 params (varargs=0) at line 1964
DEBUG C_PARSER: parsed function __llogbl with 1 params (varargs=0) at line 1964
DEBUG C_PARSER: parsed function scalblnl with 2 params (varargs=0) at line 1969
DEBUG C_PARSER: parsed function __scalblnl with 2 params (varargs=0) at line 1969
DEBUG C_PARSER: parsed function nearbyintl with 1 params (varargs=0) at line 1973
DEBUG C_PARSER: parsed function __nearbyintl with 1 params (varargs=0) at line 1973
DEBUG C_PARSER: parsed function roundl with 1 params (varargs=0) at line 1977
DEBUG C_PARSER: parsed function truncl with 1 params (varargs=0) at line 1981
DEBUG C_PARSER: parsed function remquol with 3 params (varargs=0) at line 1986
DEBUG C_PARSER: parsed function __remquol with 3 params (varargs=0) at line 1986
DEBUG C_PARSER: parsed function lrintl with 1 params (varargs=0) at line 1993
DEBUG C_PARSER: parsed function __lrintl with 1 params (varargs=0) at line 1993
DEBUG C_PARSER: parsed function llrintl with 1 params (varargs=0) at line 1995
DEBUG C_PARSER: parsed function __llrintl with 1 params (varargs=0) at line 1995
DEBUG C_PARSER: parsed function lroundl with 1 params (varargs=0) at line 1999
DEBUG C_PARSER: parsed function __lroundl with 1 params (varargs=0) at line 1999
DEBUG C_PARSER: parsed function llroundl with 1 params (varargs=0) at line 2001
DEBUG C_PARSER: parsed function __llroundl with 1 params (varargs=0) at line 2001
DEBUG C_PARSER: parsed function fdiml with 2 params (varargs=0) at line 2005
DEBUG C_PARSER: parsed function __fdiml with 2 params (varargs=0) at line 2005
DEBUG C_PARSER: parsed function fmaxl with 2 params (varargs=0) at line 2009
DEBUG C_PARSER: parsed function fminl with 2 params (varargs=0) at line 2012
DEBUG C_PARSER: parsed function fmal with 3 params (varargs=0) at line 2016
DEBUG C_PARSER: parsed function __fmal with 3 params (varargs=0) at line 2016
DEBUG C_PARSER: parsed function roundevenl with 1 params (varargs=0) at line 2021
DEBUG C_PARSER: parsed function fromfpl with 3 params (varargs=0) at line 2025
DEBUG C_PARSER: parsed function __fromfpl with 3 params (varargs=0) at line 2025
DEBUG C_PARSER: parsed function ufromfpl with 3 params (varargs=0) at line 2029
DEBUG C_PARSER: parsed function __ufromfpl with 3 params (varargs=0) at line 2029
DEBUG C_PARSER: parsed function fromfpxl with 3 params (varargs=0) at line 2034
DEBUG C_PARSER: parsed function __fromfpxl with 3 params (varargs=0) at line 2034
DEBUG C_PARSER: parsed function ufromfpxl with 3 params (varargs=0) at line 2039
DEBUG C_PARSER: parsed function __ufromfpxl with 3 params (varargs=0) at line 2039
DEBUG C_PARSER: parsed function canonicalizel with 2 params (varargs=0) at line 2042
DEBUG C_PARSER: parsed function fmaximuml with 2 params (varargs=0) at line 2044
DEBUG C_PARSER: parsed function fminimuml with 2 params (varargs=0) at line 2047
DEBUG C_PARSER: parsed function fmaximum_numl with 2 params (varargs=0) at line 2050
DEBUG C_PARSER: parsed function fminimum_numl with 2 params (varargs=0) at line 2053
DEBUG C_PARSER: parsed function fmaximum_magl with 2 params (varargs=0) at line 2056
DEBUG C_PARSER: parsed function fminimum_magl with 2 params (varargs=0) at line 2059
DEBUG C_PARSER: parsed function fmaximum_mag_numl with 2 params (varargs=0) at line 2062
DEBUG C_PARSER: parsed function fminimum_mag_numl with 2 params (varargs=0) at line 2065
DEBUG C_PARSER: parsed function scalbl with 2 params (varargs=0) at line 2067
DEBUG C_PARSER: parsed function __scalbl with 2 params (varargs=0) at line 2067
DEBUG C_PARSER: parsed function __fpclassifyf128 with 1 params (varargs=0) at line 2072
DEBUG C_PARSER: parsed function __signbitf128 with 1 params (varargs=0) at line 2076
DEBUG C_PARSER: parsed function __isinff128 with 1 params (varargs=0) at line 2081
DEBUG C_PARSER: parsed function __finitef128 with 1 params (varargs=0) at line 2085
DEBUG C_PARSER: parsed function __isnanf128 with 1 params (varargs=0) at line 2089
DEBUG C_PARSER: parsed function __iseqsigf128 with 2 params (varargs=0) at line 2093
DEBUG C_PARSER: parsed function __issignalingf128 with 1 params (varargs=0) at line 2096
DEBUG C_PARSER: parsed function fadd with 2 params (varargs=0) at line 2102
DEBUG C_PARSER: parsed function fdiv with 2 params (varargs=0) at line 2105
DEBUG C_PARSER: parsed function ffma with 3 params (varargs=0) at line 2108
DEBUG C_PARSER: parsed function fmul with 2 params (varargs=0) at line 2111
DEBUG C_PARSER: parsed function fsqrt with 1 params (varargs=0) at line 2114
DEBUG C_PARSER: parsed function fsub with 2 params (varargs=0) at line 2117
DEBUG C_PARSER: parsed function faddl with 2 params (varargs=0) at line 2122
DEBUG C_PARSER: parsed function fdivl with 2 params (varargs=0) at line 2125
DEBUG C_PARSER: parsed function ffmal with 3 params (varargs=0) at line 2128
DEBUG C_PARSER: parsed function fmull with 2 params (varargs=0) at line 2131
DEBUG C_PARSER: parsed function fsqrtl with 1 params (varargs=0) at line 2134
DEBUG C_PARSER: parsed function fsubl with 2 params (varargs=0) at line 2137
DEBUG C_PARSER: parsed function daddl with 2 params (varargs=0) at line 2142
DEBUG C_PARSER: parsed function ddivl with 2 params (varargs=0) at line 2145
DEBUG C_PARSER: parsed function dfmal with 3 params (varargs=0) at line 2148
DEBUG C_PARSER: parsed function dmull with 2 params (varargs=0) at line 2151
DEBUG C_PARSER: parsed function dsqrtl with 1 params (varargs=0) at line 2154
DEBUG C_PARSER: parsed function dsubl with 2 params (varargs=0) at line 2157
DEBUG C_PARSER: parsed function __iscanonicall with 1 params (varargs=0) at line 2184
DEBUG C_PARSER: parsed function imaxabs with 1 params (varargs=0) at line 2218
DEBUG C_PARSER: parsed function imaxdiv with 2 params (varargs=0) at line 2227
DEBUG C_PARSER: parsed function strtoimax with 3 params (varargs=0) at line 2231
DEBUG C_PARSER: parsed function strtoumax with 3 params (varargs=0) at line 2235
DEBUG C_PARSER: parsed function wcstoimax with 3 params (varargs=0) at line 2240
DEBUG C_PARSER: parsed function wcstoumax with 3 params (varargs=0) at line 2245
DEBUG C_PARSER: parsed function strtoimax with 3 params (varargs=0) at line 2251
DEBUG C_PARSER: parsed function strtoumax with 3 params (varargs=0) at line 2254
DEBUG C_PARSER: parsed function wcstoimax with 3 params (varargs=0) at line 2257
DEBUG C_PARSER: parsed function wcstoumax with 3 params (varargs=0) at line 2261
DEBUG C_PARSER: parsed function wl_list_init with 1 params (varargs=0) at line 2311
DEBUG C_PARSER: parsed function wl_list_insert with 2 params (varargs=0) at line 2314
DEBUG C_PARSER: parsed function wl_list_remove with 1 params (varargs=0) at line 2317
DEBUG C_PARSER: parsed function wl_list_length with 1 params (varargs=0) at line 2320
DEBUG C_PARSER: parsed function wl_list_empty with 1 params (varargs=0) at line 2323
DEBUG C_PARSER: parsed function wl_list_insert_list with 2 params (varargs=0) at line 2326
DEBUG C_PARSER: parsed function wl_array_init with 1 params (varargs=0) at line 2338
DEBUG C_PARSER: parsed function wl_array_release with 1 params (varargs=0) at line 2341
DEBUG C_PARSER: parsed function wl_array_add with 2 params (varargs=0) at line 2344
DEBUG C_PARSER: parsed function wl_array_copy with 2 params (varargs=0) at line 2347
DEBUG C_PARSER: parsed function wl_fixed_to_double with 1 params (varargs=0) at line 2353
DEBUG C_PARSER: parsed function wl_fixed_from_double with 1 params (varargs=0) at line 2359
DEBUG C_PARSER: parsed function wl_fixed_to_int with 1 params (varargs=0) at line 2365
DEBUG C_PARSER: parsed function wl_fixed_from_int with 1 params (varargs=0) at line 2371
DEBUG C_PARSER: parsed function wl_event_loop_create with 0 params (varargs=0) at line 2428
DEBUG C_PARSER: parsed function wl_event_loop_destroy with 1 params (varargs=0) at line 2431
DEBUG C_PARSER: parsed function wl_event_loop_add_fd with 5 params (varargs=0) at line 2437
DEBUG C_PARSER: parsed function wl_event_source_fd_update with 2 params (varargs=0) at line 2440
DEBUG C_PARSER: parsed function wl_event_loop_add_timer with 3 params (varargs=0) at line 2445
DEBUG C_PARSER: parsed function wl_event_loop_add_signal with 4 params (varargs=0) at line 2451
DEBUG C_PARSER: parsed function wl_event_source_timer_update with 2 params (varargs=0) at line 2455
DEBUG C_PARSER: parsed function wl_event_source_remove with 1 params (varargs=0) at line 2458
DEBUG C_PARSER: parsed function wl_event_source_check with 1 params (varargs=0) at line 2461
DEBUG C_PARSER: parsed function wl_event_loop_dispatch with 2 params (varargs=0) at line 2464
DEBUG C_PARSER: parsed function wl_event_loop_dispatch_idle with 1 params (varargs=0) at line 2467
DEBUG C_PARSER: parsed function wl_event_loop_add_idle with 3 params (varargs=0) at line 2472
DEBUG C_PARSER: parsed function wl_event_loop_get_fd with 1 params (varargs=0) at line 2475
DEBUG C_PARSER: parsed function wl_event_loop_add_destroy_listener with 2 params (varargs=0) at line 2483
DEBUG C_PARSER: parsed function wl_event_loop_get_destroy_listener with 2 params (varargs=0) at line 2487
DEBUG C_PARSER: parsed function wl_display_create with 0 params (varargs=0) at line 2490
DEBUG C_PARSER: parsed function wl_display_destroy with 1 params (varargs=0) at line 2493
DEBUG C_PARSER: parsed function wl_display_get_event_loop with 1 params (varargs=0) at line 2496
DEBUG C_PARSER: parsed function wl_display_add_socket with 2 params (varargs=0) at line 2499
DEBUG C_PARSER: parsed function wl_display_add_socket_auto with 1 params (varargs=0) at line 2502
DEBUG C_PARSER: parsed function wl_display_add_socket_fd with 2 params (varargs=0) at line 2505
DEBUG C_PARSER: parsed function wl_display_terminate with 1 params (varargs=0) at line 2508
DEBUG C_PARSER: parsed function wl_display_run with 1 params (varargs=0) at line 2511
DEBUG C_PARSER: parsed function wl_display_flush_clients with 1 params (varargs=0) at line 2514
DEBUG C_PARSER: parsed function wl_display_destroy_clients with 1 params (varargs=0) at line 2517
DEBUG C_PARSER: parsed function wl_display_set_default_max_buffer_size with 2 params (varargs=0) at line 2521
DEBUG C_PARSER: parsed function wl_display_get_serial with 1 params (varargs=0) at line 2529
DEBUG C_PARSER: parsed function wl_display_next_serial with 1 params (varargs=0) at line 2532
DEBUG C_PARSER: parsed function wl_display_add_destroy_listener with 2 params (varargs=0) at line 2536
DEBUG C_PARSER: parsed function wl_display_add_client_created_listener with 2 params (varargs=0) at line 2540
DEBUG C_PARSER: parsed function wl_display_get_destroy_listener with 2 params (varargs=0) at line 2544
DEBUG C_PARSER: parsed function wl_global_create with 5 params (varargs=0) at line 2550
DEBUG C_PARSER: parsed function wl_global_remove with 1 params (varargs=0) at line 2553
DEBUG C_PARSER: parsed function wl_global_destroy with 1 params (varargs=0) at line 2556
DEBUG C_PARSER: parsed function wl_display_set_global_filter with 3 params (varargs=0) at line 2565
DEBUG C_PARSER: parsed function wl_global_get_interface with 1 params (varargs=0) at line 2568
DEBUG C_PARSER: parsed function wl_global_get_name with 2 params (varargs=0) at line 2572
DEBUG C_PARSER: parsed function wl_global_get_version with 1 params (varargs=0) at line 2575
DEBUG C_PARSER: parsed function wl_global_get_display with 1 params (varargs=0) at line 2578
DEBUG C_PARSER: parsed function wl_global_get_user_data with 1 params (varargs=0) at line 2581
DEBUG C_PARSER: parsed function wl_global_set_user_data with 2 params (varargs=0) at line 2584
DEBUG C_PARSER: parsed function wl_client_create with 2 params (varargs=0) at line 2587
DEBUG C_PARSER: parsed function wl_display_get_client_list with 1 params (varargs=0) at line 2590
DEBUG C_PARSER: parsed function wl_client_get_link with 1 params (varargs=0) at line 2593
DEBUG C_PARSER: parsed function wl_client_from_link with 1 params (varargs=0) at line 2596
DEBUG C_PARSER: parsed function wl_client_destroy with 1 params (varargs=0) at line 2605
DEBUG C_PARSER: parsed function wl_client_flush with 1 params (varargs=0) at line 2608
DEBUG C_PARSER: parsed function wl_client_get_credentials with 4 params (varargs=0) at line 2612
DEBUG C_PARSER: parsed function wl_client_get_fd with 1 params (varargs=0) at line 2615
DEBUG C_PARSER: parsed function wl_client_add_destroy_listener with 2 params (varargs=0) at line 2619
DEBUG C_PARSER: parsed function wl_client_get_destroy_listener with 2 params (varargs=0) at line 2623
DEBUG C_PARSER: parsed function wl_client_add_destroy_late_listener with 2 params (varargs=0) at line 2627
DEBUG C_PARSER: parsed function wl_client_get_destroy_late_listener with 2 params (varargs=0) at line 2631
DEBUG C_PARSER: parsed function wl_client_get_object with 2 params (varargs=0) at line 2634
DEBUG C_PARSER: parsed function wl_client_post_no_memory with 1 params (varargs=0) at line 2637
DEBUG C_PARSER: parsed function wl_client_post_implementation_error with 2 params (varargs=1) at line 2641
DEBUG C_PARSER: parsed function wl_client_add_resource_created_listener with 2 params (varargs=0) at line 2645
DEBUG C_PARSER: parsed function wl_client_for_each_resource with 3 params (varargs=0) at line 2655
DEBUG C_PARSER: parsed function wl_client_set_user_data with 3 params (varargs=0) at line 2662
DEBUG C_PARSER: parsed function wl_client_get_user_data with 1 params (varargs=0) at line 2665
DEBUG C_PARSER: parsed function wl_client_set_max_buffer_size with 2 params (varargs=0) at line 2668
DEBUG C_PARSER: parsed function wl_signal_init with 1 params (varargs=0) at line 2690
DEBUG C_PARSER: parsed function wl_signal_add with 2 params (varargs=0) at line 2696
DEBUG C_PARSER: parsed function wl_signal_get with 2 params (varargs=0) at line 2702
DEBUG C_PARSER: parsed function wl_signal_emit with 2 params (varargs=0) at line 2742
DEBUG C_PARSER: parsed function wl_signal_emit_mutable with 2 params (varargs=0) at line 2786
DEBUG C_PARSER: parsed function wl_resource_post_event with 2 params (varargs=1) at line 2792
DEBUG C_PARSER: parsed function wl_resource_post_event_array with 3 params (varargs=0) at line 2796
DEBUG C_PARSER: parsed function wl_resource_queue_event with 2 params (varargs=1) at line 2800
DEBUG C_PARSER: parsed function wl_resource_queue_event_array with 3 params (varargs=0) at line 2804
DEBUG C_PARSER: parsed function wl_resource_post_error_vargs with 4 params (varargs=0) at line 2808
DEBUG C_PARSER: parsed function wl_resource_post_error with 3 params (varargs=1) at line 2812
DEBUG C_PARSER: parsed function wl_resource_post_no_memory with 1 params (varargs=0) at line 2815
DEBUG C_PARSER: parsed function wl_client_get_display with 1 params (varargs=0) at line 2818
DEBUG C_PARSER: parsed function wl_resource_create with 4 params (varargs=0) at line 2823
DEBUG C_PARSER: parsed function wl_resource_set_implementation with 4 params (varargs=0) at line 2829
DEBUG C_PARSER: parsed function wl_resource_set_dispatcher with 5 params (varargs=0) at line 2836
DEBUG C_PARSER: parsed function wl_resource_destroy with 1 params (varargs=0) at line 2839
DEBUG C_PARSER: parsed function wl_resource_get_id with 1 params (varargs=0) at line 2842
DEBUG C_PARSER: parsed function wl_resource_get_link with 1 params (varargs=0) at line 2845
DEBUG C_PARSER: parsed function wl_resource_from_link with 1 params (varargs=0) at line 2848
DEBUG C_PARSER: parsed function wl_resource_find_for_client with 2 params (varargs=0) at line 2851
DEBUG C_PARSER: parsed function wl_resource_get_client with 1 params (varargs=0) at line 2854
DEBUG C_PARSER: parsed function wl_resource_set_user_data with 2 params (varargs=0) at line 2857
DEBUG C_PARSER: parsed function wl_resource_get_user_data with 1 params (varargs=0) at line 2860
DEBUG C_PARSER: parsed function wl_resource_get_version with 1 params (varargs=0) at line 2863
DEBUG C_PARSER: parsed function wl_resource_set_destructor with 2 params (varargs=0) at line 2867
DEBUG C_PARSER: parsed function wl_resource_instance_of with 3 params (varargs=0) at line 2872
DEBUG C_PARSER: parsed function wl_resource_get_class with 1 params (varargs=0) at line 2875
DEBUG C_PARSER: parsed function wl_resource_get_interface with 1 params (varargs=0) at line 2878
DEBUG C_PARSER: parsed function wl_resource_add_destroy_listener with 2 params (varargs=0) at line 2882
DEBUG C_PARSER: parsed function wl_resource_get_destroy_listener with 2 params (varargs=0) at line 2886
DEBUG C_PARSER: parsed function wl_shm_buffer_get with 1 params (varargs=0) at line 2889
DEBUG C_PARSER: parsed function wl_shm_buffer_begin_access with 1 params (varargs=0) at line 2892
DEBUG C_PARSER: parsed function wl_shm_buffer_end_access with 1 params (varargs=0) at line 2895
DEBUG C_PARSER: parsed function wl_shm_buffer_get_data with 1 params (varargs=0) at line 2898
DEBUG C_PARSER: parsed function wl_shm_buffer_get_stride with 1 params (varargs=0) at line 2901
DEBUG C_PARSER: parsed function wl_shm_buffer_get_format with 1 params (varargs=0) at line 2904
DEBUG C_PARSER: parsed function wl_shm_buffer_get_width with 1 params (varargs=0) at line 2907
DEBUG C_PARSER: parsed function wl_shm_buffer_get_height with 1 params (varargs=0) at line 2910
DEBUG C_PARSER: parsed function wl_shm_buffer_ref with 1 params (varargs=0) at line 2913
DEBUG C_PARSER: parsed function wl_shm_buffer_unref with 1 params (varargs=0) at line 2916
DEBUG C_PARSER: parsed function wl_shm_buffer_ref_pool with 1 params (varargs=0) at line 2919
DEBUG C_PARSER: parsed function wl_shm_pool_unref with 1 params (varargs=0) at line 2922
DEBUG C_PARSER: parsed function wl_display_init_shm with 1 params (varargs=0) at line 2925
DEBUG C_PARSER: parsed function wl_display_add_shm_format with 2 params (varargs=0) at line 2928
DEBUG C_PARSER: parsed function wl_log_set_handler_server with 1 params (varargs=0) at line 2937
DEBUG C_PARSER: parsed function wl_display_add_protocol_logger with 3 params (varargs=0) at line 2959
DEBUG C_PARSER: parsed function wl_protocol_logger_destroy with 1 params (varargs=0) at line 2962
DEBUG C_PARSER: parsed function __bswap_16 with 1 params (varargs=0) at line 330
DEBUG C_PARSER: parsed function __bswap_32 with 1 params (varargs=0) at line 345
DEBUG C_PARSER: parsed function __bswap_64 with 1 params (varargs=0) at line 355
DEBUG C_PARSER: parsed function __uint16_identity with 1 params (varargs=0) at line 367
DEBUG C_PARSER: parsed function __uint32_identity with 1 params (varargs=0) at line 373
DEBUG C_PARSER: parsed function __uint64_identity with 1 params (varargs=0) at line 379
DEBUG C_PARSER: parsed function select with 5 params (varargs=0) at line 485
DEBUG C_PARSER: parsed function pselect with 6 params (varargs=0) at line 491
DEBUG C_PARSER: parsed function __fpclassify with 1 params (varargs=0) at line 862
DEBUG C_PARSER: parsed function __signbit with 1 params (varargs=0) at line 866
DEBUG C_PARSER: parsed function __isinf with 1 params (varargs=0) at line 871
DEBUG C_PARSER: parsed function __finite with 1 params (varargs=0) at line 875
DEBUG C_PARSER: parsed function __isnan with 1 params (varargs=0) at line 879
DEBUG C_PARSER: parsed function __iseqsig with 2 params (varargs=0) at line 883
DEBUG C_PARSER: parsed function __issignaling with 1 params (varargs=0) at line 886
DEBUG C_PARSER: parsed function acos with 1 params (varargs=0) at line 891
DEBUG C_PARSER: parsed function __acos with 1 params (varargs=0) at line 891
DEBUG C_PARSER: parsed function asin with 1 params (varargs=0) at line 893
DEBUG C_PARSER: parsed function __asin with 1 params (varargs=0) at line 893
DEBUG C_PARSER: parsed function atan with 1 params (varargs=0) at line 895
DEBUG C_PARSER: parsed function __atan with 1 params (varargs=0) at line 895
DEBUG C_PARSER: parsed function atan2 with 2 params (varargs=0) at line 897
DEBUG C_PARSER: parsed function __atan2 with 2 params (varargs=0) at line 897
DEBUG C_PARSER: parsed function cos with 1 params (varargs=0) at line 900
DEBUG C_PARSER: parsed function __cos with 1 params (varargs=0) at line 900
DEBUG C_PARSER: parsed function sin with 1 params (varargs=0) at line 902
DEBUG C_PARSER: parsed function __sin with 1 params (varargs=0) at line 902
DEBUG C_PARSER: parsed function tan with 1 params (varargs=0) at line 904
DEBUG C_PARSER: parsed function __tan with 1 params (varargs=0) at line 904
DEBUG C_PARSER: parsed function acospi with 1 params (varargs=0) at line 908
DEBUG C_PARSER: parsed function __acospi with 1 params (varargs=0) at line 908
DEBUG C_PARSER: parsed function acospi with 1 params (varargs=0) at line 909
DEBUG C_PARSER: parsed function __acospi with 1 params (varargs=0) at line 909
DEBUG C_PARSER: parsed function asinpi with 1 params (varargs=0) at line 911
DEBUG C_PARSER: parsed function __asinpi with 1 params (varargs=0) at line 911
DEBUG C_PARSER: parsed function asinpi with 1 params (varargs=0) at line 912
DEBUG C_PARSER: parsed function __asinpi with 1 params (varargs=0) at line 912
DEBUG C_PARSER: parsed function atanpi with 1 params (varargs=0) at line 914
DEBUG C_PARSER: parsed function __atanpi with 1 params (varargs=0) at line 914
DEBUG C_PARSER: parsed function atanpi with 1 params (varargs=0) at line 915
DEBUG C_PARSER: parsed function __atanpi with 1 params (varargs=0) at line 915
DEBUG C_PARSER: parsed function atan2pi with 2 params (varargs=0) at line 917
DEBUG C_PARSER: parsed function __atan2pi with 2 params (varargs=0) at line 917
DEBUG C_PARSER: parsed function atan2pi with 2 params (varargs=0) at line 918
DEBUG C_PARSER: parsed function __atan2pi with 2 params (varargs=0) at line 918
DEBUG C_PARSER: parsed function cospi with 1 params (varargs=0) at line 921
DEBUG C_PARSER: parsed function __cospi with 1 params (varargs=0) at line 921
DEBUG C_PARSER: parsed function sinpi with 1 params (varargs=0) at line 923
DEBUG C_PARSER: parsed function __sinpi with 1 params (varargs=0) at line 923
DEBUG C_PARSER: parsed function tanpi with 1 params (varargs=0) at line 925
DEBUG C_PARSER: parsed function __tanpi with 1 params (varargs=0) at line 925
DEBUG C_PARSER: parsed function cosh with 1 params (varargs=0) at line 931
DEBUG C_PARSER: parsed function __cosh with 1 params (varargs=0) at line 931
DEBUG C_PARSER: parsed function sinh with 1 params (varargs=0) at line 933
DEBUG C_PARSER: parsed function __sinh with 1 params (varargs=0) at line 933
DEBUG C_PARSER: parsed function tanh with 1 params (varargs=0) at line 935
DEBUG C_PARSER: parsed function __tanh with 1 params (varargs=0) at line 935
DEBUG C_PARSER: parsed function acosh with 1 params (varargs=0) at line 937
DEBUG C_PARSER: parsed function __acosh with 1 params (varargs=0) at line 937
DEBUG C_PARSER: parsed function asinh with 1 params (varargs=0) at line 939
DEBUG C_PARSER: parsed function __asinh with 1 params (varargs=0) at line 939
DEBUG C_PARSER: parsed function atanh with 1 params (varargs=0) at line 941
DEBUG C_PARSER: parsed function __atanh with 1 params (varargs=0) at line 941
DEBUG C_PARSER: parsed function exp with 1 params (varargs=0) at line 947
DEBUG C_PARSER: parsed function __exp with 1 params (varargs=0) at line 947
DEBUG C_PARSER: parsed function frexp with 2 params (varargs=0) at line 950
DEBUG C_PARSER: parsed function __frexp with 2 params (varargs=0) at line 950
DEBUG C_PARSER: parsed function ldexp with 2 params (varargs=0) at line 953
DEBUG C_PARSER: parsed function __ldexp with 2 params (varargs=0) at line 953
DEBUG C_PARSER: parsed function log with 1 params (varargs=0) at line 956
DEBUG C_PARSER: parsed function __log with 1 params (varargs=0) at line 956
DEBUG C_PARSER: parsed function log10 with 1 params (varargs=0) at line 959
DEBUG C_PARSER: parsed function __log10 with 1 params (varargs=0) at line 959
DEBUG C_PARSER: parsed function modf with 2 params (varargs=0) at line 962
DEBUG C_PARSER: parsed function __modf with 2 params (varargs=0) at line 962
DEBUG C_PARSER: parsed function exp10 with 1 params (varargs=0) at line 966
DEBUG C_PARSER: parsed function __exp10 with 1 params (varargs=0) at line 966
DEBUG C_PARSER: parsed function exp2m1 with 1 params (varargs=0) at line 969
DEBUG C_PARSER: parsed function __exp2m1 with 1 params (varargs=0) at line 969
DEBUG C_PARSER: parsed function exp10m1 with 1 params (varargs=0) at line 972
DEBUG C_PARSER: parsed function __exp10m1 with 1 params (varargs=0) at line 972
DEBUG C_PARSER: parsed function log2p1 with 1 params (varargs=0) at line 975
DEBUG C_PARSER: parsed function __log2p1 with 1 params (varargs=0) at line 975
DEBUG C_PARSER: parsed function log10p1 with 1 params (varargs=0) at line 978
DEBUG C_PARSER: parsed function __log10p1 with 1 params (varargs=0) at line 978
DEBUG C_PARSER: parsed function logp1 with 1 params (varargs=0) at line 981
DEBUG C_PARSER: parsed function __logp1 with 1 params (varargs=0) at line 981
DEBUG C_PARSER: parsed function expm1 with 1 params (varargs=0) at line 986
DEBUG C_PARSER: parsed function __expm1 with 1 params (varargs=0) at line 986
DEBUG C_PARSER: parsed function log1p with 1 params (varargs=0) at line 989
DEBUG C_PARSER: parsed function __log1p with 1 params (varargs=0) at line 989
DEBUG C_PARSER: parsed function logb with 1 params (varargs=0) at line 992
DEBUG C_PARSER: parsed function __logb with 1 params (varargs=0) at line 992
DEBUG C_PARSER: parsed function exp2 with 1 params (varargs=0) at line 997
DEBUG C_PARSER: parsed function __exp2 with 1 params (varargs=0) at line 997
DEBUG C_PARSER: parsed function log2 with 1 params (varargs=0) at line 1000
DEBUG C_PARSER: parsed function __log2 with 1 params (varargs=0) at line 1000
DEBUG C_PARSER: parsed function pow with 2 params (varargs=0) at line 1007
DEBUG C_PARSER: parsed function __pow with 2 params (varargs=0) at line 1007
DEBUG C_PARSER: parsed function sqrt with 1 params (varargs=0) at line 1010
DEBUG C_PARSER: parsed function __sqrt with 1 params (varargs=0) at line 1010
DEBUG C_PARSER: parsed function hypot with 2 params (varargs=0) at line 1014
DEBUG C_PARSER: parsed function __hypot with 2 params (varargs=0) at line 1014
DEBUG C_PARSER: parsed function cbrt with 1 params (varargs=0) at line 1019
DEBUG C_PARSER: parsed function __cbrt with 1 params (varargs=0) at line 1019
DEBUG C_PARSER: parsed function compoundn with 2 params (varargs=0) at line 1024
DEBUG C_PARSER: parsed function __compoundn with 2 params (varargs=0) at line 1024
DEBUG C_PARSER: parsed function pown with 2 params (varargs=0) at line 1027
DEBUG C_PARSER: parsed function __pown with 2 params (varargs=0) at line 1027
DEBUG C_PARSER: parsed function powr with 2 params (varargs=0) at line 1030
DEBUG C_PARSER: parsed function __powr with 2 params (varargs=0) at line 1030
DEBUG C_PARSER: parsed function powr with 2 params (varargs=0) at line 1031
DEBUG C_PARSER: parsed function __powr with 2 params (varargs=0) at line 1031
DEBUG C_PARSER: parsed function rootn with 2 params (varargs=0) at line 1034
DEBUG C_PARSER: parsed function __rootn with 2 params (varargs=0) at line 1034
DEBUG C_PARSER: parsed function rsqrt with 1 params (varargs=0) at line 1037
DEBUG C_PARSER: parsed function __rsqrt with 1 params (varargs=0) at line 1037
DEBUG C_PARSER: parsed function ceil with 1 params (varargs=0) at line 1044
DEBUG C_PARSER: parsed function fabs with 1 params (varargs=0) at line 1047
DEBUG C_PARSER: parsed function floor with 1 params (varargs=0) at line 1050
DEBUG C_PARSER: parsed function fmod with 2 params (varargs=0) at line 1053
DEBUG C_PARSER: parsed function __fmod with 2 params (varargs=0) at line 1053
DEBUG C_PARSER: parsed function isinf with 1 params (varargs=0) at line 1055
DEBUG C_PARSER: parsed function finite with 1 params (varargs=0) at line 1061
DEBUG C_PARSER: parsed function drem with 2 params (varargs=0) at line 1065
DEBUG C_PARSER: parsed function __drem with 2 params (varargs=0) at line 1065
DEBUG C_PARSER: parsed function significand with 1 params (varargs=0) at line 1069
DEBUG C_PARSER: parsed function __significand with 1 params (varargs=0) at line 1069
DEBUG C_PARSER: parsed function copysign with 2 params (varargs=0) at line 1076
DEBUG C_PARSER: parsed function nan with 1 params (varargs=0) at line 1081
DEBUG C_PARSER: parsed function __nan with 1 params (varargs=0) at line 1081
DEBUG C_PARSER: parsed function isnan with 1 params (varargs=0) at line 1083
DEBUG C_PARSER: parsed function j0 with 1 params (varargs=0) at line 1090
DEBUG C_PARSER: parsed function __j0 with 1 params (varargs=0) at line 1090
DEBUG C_PARSER: parsed function j1 with 1 params (varargs=0) at line 1091
DEBUG C_PARSER: parsed function __j1 with 1 params (varargs=0) at line 1091
DEBUG C_PARSER: parsed function jn with 2 params (varargs=0) at line 1092
DEBUG C_PARSER: parsed function __jn with 2 params (varargs=0) at line 1092
DEBUG C_PARSER: parsed function y0 with 1 params (varargs=0) at line 1093
DEBUG C_PARSER: parsed function __y0 with 1 params (varargs=0) at line 1093
DEBUG C_PARSER: parsed function y1 with 1 params (varargs=0) at line 1094
DEBUG C_PARSER: parsed function __y1 with 1 params (varargs=0) at line 1094
DEBUG C_PARSER: parsed function yn with 2 params (varargs=0) at line 1095
DEBUG C_PARSER: parsed function __yn with 2 params (varargs=0) at line 1095
DEBUG C_PARSER: parsed function erf with 1 params (varargs=0) at line 1101
DEBUG C_PARSER: parsed function __erf with 1 params (varargs=0) at line 1101
DEBUG C_PARSER: parsed function erfc with 1 params (varargs=0) at line 1102
DEBUG C_PARSER: parsed function __erfc with 1 params (varargs=0) at line 1102
DEBUG C_PARSER: parsed function lgamma with 1 params (varargs=0) at line 1103
DEBUG C_PARSER: parsed function __lgamma with 1 params (varargs=0) at line 1103
DEBUG C_PARSER: parsed function tgamma with 1 params (varargs=0) at line 1108
DEBUG C_PARSER: parsed function __tgamma with 1 params (varargs=0) at line 1108
DEBUG C_PARSER: parsed function gamma with 1 params (varargs=0) at line 1114
DEBUG C_PARSER: parsed function __gamma with 1 params (varargs=0) at line 1114
DEBUG C_PARSER: parsed function lgamma_r with 2 params (varargs=0) at line 1122
DEBUG C_PARSER: parsed function __lgamma_r with 2 params (varargs=0) at line 1122
DEBUG C_PARSER: parsed function rint with 1 params (varargs=0) at line 1129
DEBUG C_PARSER: parsed function __rint with 1 params (varargs=0) at line 1129
DEBUG C_PARSER: parsed function nextafter with 2 params (varargs=0) at line 1132
DEBUG C_PARSER: parsed function __nextafter with 2 params (varargs=0) at line 1132
DEBUG C_PARSER: parsed function nexttoward with 2 params (varargs=0) at line 1134
DEBUG C_PARSER: parsed function __nexttoward with 2 params (varargs=0) at line 1134
DEBUG C_PARSER: parsed function nextdown with 1 params (varargs=0) at line 1139
DEBUG C_PARSER: parsed function __nextdown with 1 params (varargs=0) at line 1139
DEBUG C_PARSER: parsed function nextup with 1 params (varargs=0) at line 1141
DEBUG C_PARSER: parsed function __nextup with 1 params (varargs=0) at line 1141
DEBUG C_PARSER: parsed function remainder with 2 params (varargs=0) at line 1145
DEBUG C_PARSER: parsed function __remainder with 2 params (varargs=0) at line 1145
DEBUG C_PARSER: parsed function scalbn with 2 params (varargs=0) at line 1149
DEBUG C_PARSER: parsed function __scalbn with 2 params (varargs=0) at line 1149
DEBUG C_PARSER: parsed function ilogb with 1 params (varargs=0) at line 1153
DEBUG C_PARSER: parsed function __ilogb with 1 params (varargs=0) at line 1153
DEBUG C_PARSER: parsed function llogb with 1 params (varargs=0) at line 1158
DEBUG C_PARSER: parsed function __llogb with 1 params (varargs=0) at line 1158
DEBUG C_PARSER: parsed function scalbln with 2 params (varargs=0) at line 1163
DEBUG C_PARSER: parsed function __scalbln with 2 params (varargs=0) at line 1163
DEBUG C_PARSER: parsed function nearbyint with 1 params (varargs=0) at line 1167
DEBUG C_PARSER: parsed function __nearbyint with 1 params (varargs=0) at line 1167
DEBUG C_PARSER: parsed function round with 1 params (varargs=0) at line 1171
DEBUG C_PARSER: parsed function trunc with 1 params (varargs=0) at line 1175
DEBUG C_PARSER: parsed function remquo with 3 params (varargs=0) at line 1180
DEBUG C_PARSER: parsed function __remquo with 3 params (varargs=0) at line 1180
DEBUG C_PARSER: parsed function lrint with 1 params (varargs=0) at line 1187
DEBUG C_PARSER: parsed function __lrint with 1 params (varargs=0) at line 1187
DEBUG C_PARSER: parsed function llrint with 1 params (varargs=0) at line 1189
DEBUG C_PARSER: parsed function __llrint with 1 params (varargs=0) at line 1189
DEBUG C_PARSER: parsed function lround with 1 params (varargs=0) at line 1193
DEBUG C_PARSER: parsed function __lround with 1 params (varargs=0) at line 1193
DEBUG C_PARSER: parsed function llround with 1 params (varargs=0) at line 1195
DEBUG C_PARSER: parsed function __llround with 1 params (varargs=0) at line 1195
DEBUG C_PARSER: parsed function fdim with 2 params (varargs=0) at line 1199
DEBUG C_PARSER: parsed function __fdim with 2 params (varargs=0) at line 1199
DEBUG C_PARSER: parsed function fmax with 2 params (varargs=0) at line 1203
DEBUG C_PARSER: parsed function fmin with 2 params (varargs=0) at line 1206
DEBUG C_PARSER: parsed function fma with 3 params (varargs=0) at line 1210
DEBUG C_PARSER: parsed function __fma with 3 params (varargs=0) at line 1210
DEBUG C_PARSER: parsed function roundeven with 1 params (varargs=0) at line 1215
DEBUG C_PARSER: parsed function fromfp with 3 params (varargs=0) at line 1219
DEBUG C_PARSER: parsed function __fromfp with 3 params (varargs=0) at line 1219
DEBUG C_PARSER: parsed function ufromfp with 3 params (varargs=0) at line 1223
DEBUG C_PARSER: parsed function __ufromfp with 3 params (varargs=0) at line 1223
DEBUG C_PARSER: parsed function fromfpx with 3 params (varargs=0) at line 1228
DEBUG C_PARSER: parsed function __fromfpx with 3 params (varargs=0) at line 1228
DEBUG C_PARSER: parsed function ufromfpx with 3 params (varargs=0) at line 1233
DEBUG C_PARSER: parsed function __ufromfpx with 3 params (varargs=0) at line 1233
DEBUG C_PARSER: parsed function canonicalize with 2 params (varargs=0) at line 1236
DEBUG C_PARSER: parsed function fmaximum with 2 params (varargs=0) at line 1238
DEBUG C_PARSER: parsed function fminimum with 2 params (varargs=0) at line 1241
DEBUG C_PARSER: parsed function fmaximum_num with 2 params (varargs=0) at line 1244
DEBUG C_PARSER: parsed function fminimum_num with 2 params (varargs=0) at line 1247
DEBUG C_PARSER: parsed function fmaximum_mag with 2 params (varargs=0) at line 1250
DEBUG C_PARSER: parsed function fminimum_mag with 2 params (varargs=0) at line 1253
DEBUG C_PARSER: parsed function fmaximum_mag_num with 2 params (varargs=0) at line 1256
DEBUG C_PARSER: parsed function fminimum_mag_num with 2 params (varargs=0) at line 1259
DEBUG C_PARSER: parsed function scalb with 2 params (varargs=0) at line 1261
DEBUG C_PARSER: parsed function __scalb with 2 params (varargs=0) at line 1261
DEBUG C_PARSER: parsed function __fpclassifyf with 1 params (varargs=0) at line 1266
DEBUG C_PARSER: parsed function __signbitf with 1 params (varargs=0) at line 1270
DEBUG C_PARSER: parsed function __isinff with 1 params (varargs=0) at line 1275
DEBUG C_PARSER: parsed function __finitef with 1 params (varargs=0) at line 1279
DEBUG C_PARSER: parsed function __isnanf with 1 params (varargs=0) at line 1283
DEBUG C_PARSER: parsed function __iseqsigf with 2 params (varargs=0) at line 1287
DEBUG C_PARSER: parsed function __issignalingf with 1 params (varargs=0) at line 1290
DEBUG C_PARSER: parsed function acosf with 1 params (varargs=0) at line 1295
DEBUG C_PARSER: parsed function __acosf with 1 params (varargs=0) at line 1295
DEBUG C_PARSER: parsed function asinf with 1 params (varargs=0) at line 1297
DEBUG C_PARSER: parsed function __asinf with 1 params (varargs=0) at line 1297
DEBUG C_PARSER: parsed function atanf with 1 params (varargs=0) at line 1299
DEBUG C_PARSER: parsed function __atanf with 1 params (varargs=0) at line 1299
DEBUG C_PARSER: parsed function atan2f with 2 params (varargs=0) at line 1301
DEBUG C_PARSER: parsed function __atan2f with 2 params (varargs=0) at line 1301
DEBUG C_PARSER: parsed function cosf with 1 params (varargs=0) at line 1304
DEBUG C_PARSER: parsed function __cosf with 1 params (varargs=0) at line 1304
DEBUG C_PARSER: parsed function sinf with 1 params (varargs=0) at line 1306
DEBUG C_PARSER: parsed function __sinf with 1 params (varargs=0) at line 1306
DEBUG C_PARSER: parsed function tanf with 1 params (varargs=0) at line 1308
DEBUG C_PARSER: parsed function __tanf with 1 params (varargs=0) at line 1308
DEBUG C_PARSER: parsed function acospif with 1 params (varargs=0) at line 1312
DEBUG C_PARSER: parsed function __acospif with 1 params (varargs=0) at line 1312
DEBUG C_PARSER: parsed function acospif with 1 params (varargs=0) at line 1313
DEBUG C_PARSER: parsed function __acospif with 1 params (varargs=0) at line 1313
DEBUG C_PARSER: parsed function asinpif with 1 params (varargs=0) at line 1315
DEBUG C_PARSER: parsed function __asinpif with 1 params (varargs=0) at line 1315
DEBUG C_PARSER: parsed function asinpif with 1 params (varargs=0) at line 1316
DEBUG C_PARSER: parsed function __asinpif with 1 params (varargs=0) at line 1316
DEBUG C_PARSER: parsed function atanpif with 1 params (varargs=0) at line 1318
DEBUG C_PARSER: parsed function __atanpif with 1 params (varargs=0) at line 1318
DEBUG C_PARSER: parsed function atanpif with 1 params (varargs=0) at line 1319
DEBUG C_PARSER: parsed function __atanpif with 1 params (varargs=0) at line 1319
DEBUG C_PARSER: parsed function atan2pif with 2 params (varargs=0) at line 1321
DEBUG C_PARSER: parsed function __atan2pif with 2 params (varargs=0) at line 1321
DEBUG C_PARSER: parsed function atan2pif with 2 params (varargs=0) at line 1322
DEBUG C_PARSER: parsed function __atan2pif with 2 params (varargs=0) at line 1322
DEBUG C_PARSER: parsed function cospif with 1 params (varargs=0) at line 1325
DEBUG C_PARSER: parsed function __cospif with 1 params (varargs=0) at line 1325
DEBUG C_PARSER: parsed function sinpif with 1 params (varargs=0) at line 1327
DEBUG C_PARSER: parsed function __sinpif with 1 params (varargs=0) at line 1327
DEBUG C_PARSER: parsed function tanpif with 1 params (varargs=0) at line 1329
DEBUG C_PARSER: parsed function __tanpif with 1 params (varargs=0) at line 1329
DEBUG C_PARSER: parsed function coshf with 1 params (varargs=0) at line 1335
DEBUG C_PARSER: parsed function __coshf with 1 params (varargs=0) at line 1335
DEBUG C_PARSER: parsed function sinhf with 1 params (varargs=0) at line 1337
DEBUG C_PARSER: parsed function __sinhf with 1 params (varargs=0) at line 1337
DEBUG C_PARSER: parsed function tanhf with 1 params (varargs=0) at line 1339
DEBUG C_PARSER: parsed function __tanhf with 1 params (varargs=0) at line 1339
DEBUG C_PARSER: parsed function acoshf with 1 params (varargs=0) at line 1341
DEBUG C_PARSER: parsed function __acoshf with 1 params (varargs=0) at line 1341
DEBUG C_PARSER: parsed function asinhf with 1 params (varargs=0) at line 1343
DEBUG C_PARSER: parsed function __asinhf with 1 params (varargs=0) at line 1343
DEBUG C_PARSER: parsed function atanhf with 1 params (varargs=0) at line 1345
DEBUG C_PARSER: parsed function __atanhf with 1 params (varargs=0) at line 1345
DEBUG C_PARSER: parsed function expf with 1 params (varargs=0) at line 1351
DEBUG C_PARSER: parsed function __expf with 1 params (varargs=0) at line 1351
DEBUG C_PARSER: parsed function frexpf with 2 params (varargs=0) at line 1354
DEBUG C_PARSER: parsed function __frexpf with 2 params (varargs=0) at line 1354
DEBUG C_PARSER: parsed function ldexpf with 2 params (varargs=0) at line 1357
DEBUG C_PARSER: parsed function __ldexpf with 2 params (varargs=0) at line 1357
DEBUG C_PARSER: parsed function logf with 1 params (varargs=0) at line 1360
DEBUG C_PARSER: parsed function __logf with 1 params (varargs=0) at line 1360
DEBUG C_PARSER: parsed function log10f with 1 params (varargs=0) at line 1363
DEBUG C_PARSER: parsed function __log10f with 1 params (varargs=0) at line 1363
DEBUG C_PARSER: parsed function modff with 2 params (varargs=0) at line 1366
DEBUG C_PARSER: parsed function __modff with 2 params (varargs=0) at line 1366
DEBUG C_PARSER: parsed function exp10f with 1 params (varargs=0) at line 1370
DEBUG C_PARSER: parsed function __exp10f with 1 params (varargs=0) at line 1370
DEBUG C_PARSER: parsed function exp2m1f with 1 params (varargs=0) at line 1373
DEBUG C_PARSER: parsed function __exp2m1f with 1 params (varargs=0) at line 1373
DEBUG C_PARSER: parsed function exp10m1f with 1 params (varargs=0) at line 1376
DEBUG C_PARSER: parsed function __exp10m1f with 1 params (varargs=0) at line 1376
DEBUG C_PARSER: parsed function log2p1f with 1 params (varargs=0) at line 1379
DEBUG C_PARSER: parsed function __log2p1f with 1 params (varargs=0) at line 1379
DEBUG C_PARSER: parsed function log10p1f with 1 params (varargs=0) at line 1382
DEBUG C_PARSER: parsed function __log10p1f with 1 params (varargs=0) at line 1382
DEBUG C_PARSER: parsed function logp1f with 1 params (varargs=0) at line 1385
DEBUG C_PARSER: parsed function __logp1f with 1 params (varargs=0) at line 1385
DEBUG C_PARSER: parsed function expm1f with 1 params (varargs=0) at line 1390
DEBUG C_PARSER: parsed function __expm1f with 1 params (varargs=0) at line 1390
DEBUG C_PARSER: parsed function log1pf with 1 params (varargs=0) at line 1393
DEBUG C_PARSER: parsed function __log1pf with 1 params (varargs=0) at line 1393
DEBUG C_PARSER: parsed function logbf with 1 params (varargs=0) at line 1396
DEBUG C_PARSER: parsed function __logbf with 1 params (varargs=0) at line 1396
DEBUG C_PARSER: parsed function exp2f with 1 params (varargs=0) at line 1401
DEBUG C_PARSER: parsed function __exp2f with 1 params (varargs=0) at line 1401
DEBUG C_PARSER: parsed function log2f with 1 params (varargs=0) at line 1404
DEBUG C_PARSER: parsed function __log2f with 1 params (varargs=0) at line 1404
DEBUG C_PARSER: parsed function powf with 2 params (varargs=0) at line 1411
DEBUG C_PARSER: parsed function __powf with 2 params (varargs=0) at line 1411
DEBUG C_PARSER: parsed function sqrtf with 1 params (varargs=0) at line 1414
DEBUG C_PARSER: parsed function __sqrtf with 1 params (varargs=0) at line 1414
DEBUG C_PARSER: parsed function hypotf with 2 params (varargs=0) at line 1418
DEBUG C_PARSER: parsed function __hypotf with 2 params (varargs=0) at line 1418
DEBUG C_PARSER: parsed function cbrtf with 1 params (varargs=0) at line 1423
DEBUG C_PARSER: parsed function __cbrtf with 1 params (varargs=0) at line 1423
DEBUG C_PARSER: parsed function compoundnf with 2 params (varargs=0) at line 1428
DEBUG C_PARSER: parsed function __compoundnf with 2 params (varargs=0) at line 1428
DEBUG C_PARSER: parsed function pownf with 2 params (varargs=0) at line 1431
DEBUG C_PARSER: parsed function __pownf with 2 params (varargs=0) at line 1431
DEBUG C_PARSER: parsed function powrf with 2 params (varargs=0) at line 1434
DEBUG C_PARSER: parsed function __powrf with 2 params (varargs=0) at line 1434
DEBUG C_PARSER: parsed function powrf with 2 params (varargs=0) at line 1435
DEBUG C_PARSER: parsed function __powrf with 2 params (varargs=0) at line 1435
DEBUG C_PARSER: parsed function rootnf with 2 params (varargs=0) at line 1438
DEBUG C_PARSER: parsed function __rootnf with 2 params (varargs=0) at line 1438
DEBUG C_PARSER: parsed function rsqrtf with 1 params (varargs=0) at line 1441
DEBUG C_PARSER: parsed function __rsqrtf with 1 params (varargs=0) at line 1441
DEBUG C_PARSER: parsed function ceilf with 1 params (varargs=0) at line 1448
DEBUG C_PARSER: parsed function fabsf with 1 params (varargs=0) at line 1451
DEBUG C_PARSER: parsed function floorf with 1 params (varargs=0) at line 1454
DEBUG C_PARSER: parsed function fmodf with 2 params (varargs=0) at line 1457
DEBUG C_PARSER: parsed function __fmodf with 2 params (varargs=0) at line 1457
DEBUG C_PARSER: parsed function isinff with 1 params (varargs=0) at line 1459
DEBUG C_PARSER: parsed function finitef with 1 params (varargs=0) at line 1465
DEBUG C_PARSER: parsed function dremf with 2 params (varargs=0) at line 1469
DEBUG C_PARSER: parsed function __dremf with 2 params (varargs=0) at line 1469
DEBUG C_PARSER: parsed function significandf with 1 params (varargs=0) at line 1473
DEBUG C_PARSER: parsed function __significandf with 1 params (varargs=0) at line 1473
DEBUG C_PARSER: parsed function copysignf with 2 params (varargs=0) at line 1480
DEBUG C_PARSER: parsed function nanf with 1 params (varargs=0) at line 1485
DEBUG C_PARSER: parsed function __nanf with 1 params (varargs=0) at line 1485
DEBUG C_PARSER: parsed function isnanf with 1 params (varargs=0) at line 1487
DEBUG C_PARSER: parsed function j0f with 1 params (varargs=0) at line 1494
DEBUG C_PARSER: parsed function __j0f with 1 params (varargs=0) at line 1494
DEBUG C_PARSER: parsed function j1f with 1 params (varargs=0) at line 1495
DEBUG C_PARSER: parsed function __j1f with 1 params (varargs=0) at line 1495
DEBUG C_PARSER: parsed function jnf with 2 params (varargs=0) at line 1496
DEBUG C_PARSER: parsed function __jnf with 2 params (varargs=0) at line 1496
DEBUG C_PARSER: parsed function y0f with 1 params (varargs=0) at line 1497
DEBUG C_PARSER: parsed function __y0f with 1 params (varargs=0) at line 1497
DEBUG C_PARSER: parsed function y1f with 1 params (varargs=0) at line 1498
DEBUG C_PARSER: parsed function __y1f with 1 params (varargs=0) at line 1498
DEBUG C_PARSER: parsed function ynf with 2 params (varargs=0) at line 1499
DEBUG C_PARSER: parsed function __ynf with 2 params (varargs=0) at line 1499
DEBUG C_PARSER: parsed function erff with 1 params (varargs=0) at line 1505
DEBUG C_PARSER: parsed function __erff with 1 params (varargs=0) at line 1505
DEBUG C_PARSER: parsed function erfcf with 1 params (varargs=0) at line 1506
DEBUG C_PARSER: parsed function __erfcf with 1 params (varargs=0) at line 1506
DEBUG C_PARSER: parsed function lgammaf with 1 params (varargs=0) at line 1507
DEBUG C_PARSER: parsed function __lgammaf with 1 params (varargs=0) at line 1507
DEBUG C_PARSER: parsed function tgammaf with 1 params (varargs=0) at line 1512
DEBUG C_PARSER: parsed function __tgammaf with 1 params (varargs=0) at line 1512
DEBUG C_PARSER: parsed function gammaf with 1 params (varargs=0) at line 1518
DEBUG C_PARSER: parsed function __gammaf with 1 params (varargs=0) at line 1518
DEBUG C_PARSER: parsed function lgammaf_r with 2 params (varargs=0) at line 1526
DEBUG C_PARSER: parsed function __lgammaf_r with 2 params (varargs=0) at line 1526
DEBUG C_PARSER: parsed function rintf with 1 params (varargs=0) at line 1533
DEBUG C_PARSER: parsed function __rintf with 1 params (varargs=0) at line 1533
DEBUG C_PARSER: parsed function nextafterf with 2 params (varargs=0) at line 1536
DEBUG C_PARSER: parsed function __nextafterf with 2 params (varargs=0) at line 1536
DEBUG C_PARSER: parsed function nexttowardf with 2 params (varargs=0) at line 1538
DEBUG C_PARSER: parsed function __nexttowardf with 2 params (varargs=0) at line 1538
DEBUG C_PARSER: parsed function nextdownf with 1 params (varargs=0) at line 1543
DEBUG C_PARSER: parsed function __nextdownf with 1 params (varargs=0) at line 1543
DEBUG C_PARSER: parsed function nextupf with 1 params (varargs=0) at line 1545
DEBUG C_PARSER: parsed function __nextupf with 1 params (varargs=0) at line 1545
DEBUG C_PARSER: parsed function remainderf with 2 params (varargs=0) at line 1549
DEBUG C_PARSER: parsed function __remainderf with 2 params (varargs=0) at line 1549
DEBUG C_PARSER: parsed function scalbnf with 2 params (varargs=0) at line 1553
DEBUG C_PARSER: parsed function __scalbnf with 2 params (varargs=0) at line 1553
DEBUG C_PARSER: parsed function ilogbf with 1 params (varargs=0) at line 1557
DEBUG C_PARSER: parsed function __ilogbf with 1 params (varargs=0) at line 1557
DEBUG C_PARSER: parsed function llogbf with 1 params (varargs=0) at line 1562
DEBUG C_PARSER: parsed function __llogbf with 1 params (varargs=0) at line 1562
DEBUG C_PARSER: parsed function scalblnf with 2 params (varargs=0) at line 1567
DEBUG C_PARSER: parsed function __scalblnf with 2 params (varargs=0) at line 1567
DEBUG C_PARSER: parsed function nearbyintf with 1 params (varargs=0) at line 1571
DEBUG C_PARSER: parsed function __nearbyintf with 1 params (varargs=0) at line 1571
DEBUG C_PARSER: parsed function roundf with 1 params (varargs=0) at line 1575
DEBUG C_PARSER: parsed function truncf with 1 params (varargs=0) at line 1579
DEBUG C_PARSER: parsed function remquof with 3 params (varargs=0) at line 1584
DEBUG C_PARSER: parsed function __remquof with 3 params (varargs=0) at line 1584
DEBUG C_PARSER: parsed function lrintf with 1 params (varargs=0) at line 1591
DEBUG C_PARSER: parsed function __lrintf with 1 params (varargs=0) at line 1591
DEBUG C_PARSER: parsed function llrintf with 1 params (varargs=0) at line 1593
DEBUG C_PARSER: parsed function __llrintf with 1 params (varargs=0) at line 1593
DEBUG C_PARSER: parsed function lroundf with 1 params (varargs=0) at line 1597
DEBUG C_PARSER: parsed function __lroundf with 1 params (varargs=0) at line 1597
DEBUG C_PARSER: parsed function llroundf with 1 params (varargs=0) at line 1599
DEBUG C_PARSER: parsed function __llroundf with 1 params (varargs=0) at line 1599
DEBUG C_PARSER: parsed function fdimf with 2 params (varargs=0) at line 1603
DEBUG C_PARSER: parsed function __fdimf with 2 params (varargs=0) at line 1603
DEBUG C_PARSER: parsed function fmaxf with 2 params (varargs=0) at line 1607
DEBUG C_PARSER: parsed function fminf with 2 params (varargs=0) at line 1610
DEBUG C_PARSER: parsed function fmaf with 3 params (varargs=0) at line 1614
DEBUG C_PARSER: parsed function __fmaf with 3 params (varargs=0) at line 1614
DEBUG C_PARSER: parsed function roundevenf with 1 params (varargs=0) at line 1619
DEBUG C_PARSER: parsed function fromfpf with 3 params (varargs=0) at line 1623
DEBUG C_PARSER: parsed function __fromfpf with 3 params (varargs=0) at line 1623
DEBUG C_PARSER: parsed function ufromfpf with 3 params (varargs=0) at line 1627
DEBUG C_PARSER: parsed function __ufromfpf with 3 params (varargs=0) at line 1627
DEBUG C_PARSER: parsed function fromfpxf with 3 params (varargs=0) at line 1632
DEBUG C_PARSER: parsed function __fromfpxf with 3 params (varargs=0) at line 1632
DEBUG C_PARSER: parsed function ufromfpxf with 3 params (varargs=0) at line 1637
DEBUG C_PARSER: parsed function __ufromfpxf with 3 params (varargs=0) at line 1637
DEBUG C_PARSER: parsed function canonicalizef with 2 params (varargs=0) at line 1640
DEBUG C_PARSER: parsed function fmaximumf with 2 params (varargs=0) at line 1642
DEBUG C_PARSER: parsed function fminimumf with 2 params (varargs=0) at line 1645
DEBUG C_PARSER: parsed function fmaximum_numf with 2 params (varargs=0) at line 1648
DEBUG C_PARSER: parsed function fminimum_numf with 2 params (varargs=0) at line 1651
DEBUG C_PARSER: parsed function fmaximum_magf with 2 params (varargs=0) at line 1654
DEBUG C_PARSER: parsed function fminimum_magf with 2 params (varargs=0) at line 1657
DEBUG C_PARSER: parsed function fmaximum_mag_numf with 2 params (varargs=0) at line 1660
DEBUG C_PARSER: parsed function fminimum_mag_numf with 2 params (varargs=0) at line 1663
DEBUG C_PARSER: parsed function scalbf with 2 params (varargs=0) at line 1665
DEBUG C_PARSER: parsed function __scalbf with 2 params (varargs=0) at line 1665
DEBUG C_PARSER: parsed function __fpclassifyl with 1 params (varargs=0) at line 1670
DEBUG C_PARSER: parsed function __signbitl with 1 params (varargs=0) at line 1674
DEBUG C_PARSER: parsed function __isinfl with 1 params (varargs=0) at line 1679
DEBUG C_PARSER: parsed function __finitel with 1 params (varargs=0) at line 1683
DEBUG C_PARSER: parsed function __isnanl with 1 params (varargs=0) at line 1687
DEBUG C_PARSER: parsed function __iseqsigl with 2 params (varargs=0) at line 1691
DEBUG C_PARSER: parsed function __issignalingl with 1 params (varargs=0) at line 1694
DEBUG C_PARSER: parsed function acosl with 1 params (varargs=0) at line 1699
DEBUG C_PARSER: parsed function __acosl with 1 params (varargs=0) at line 1699
DEBUG C_PARSER: parsed function asinl with 1 params (varargs=0) at line 1701
DEBUG C_PARSER: parsed function __asinl with 1 params (varargs=0) at line 1701
DEBUG C_PARSER: parsed function atanl with 1 params (varargs=0) at line 1703
DEBUG C_PARSER: parsed function __atanl with 1 params (varargs=0) at line 1703
DEBUG C_PARSER: parsed function atan2l with 2 params (varargs=0) at line 1705
DEBUG C_PARSER: parsed function __atan2l with 2 params (varargs=0) at line 1705
DEBUG C_PARSER: parsed function cosl with 1 params (varargs=0) at line 1708
DEBUG C_PARSER: parsed function __cosl with 1 params (varargs=0) at line 1708
DEBUG C_PARSER: parsed function sinl with 1 params (varargs=0) at line 1710
DEBUG C_PARSER: parsed function __sinl with 1 params (varargs=0) at line 1710
DEBUG C_PARSER: parsed function tanl with 1 params (varargs=0) at line 1712
DEBUG C_PARSER: parsed function __tanl with 1 params (varargs=0) at line 1712
DEBUG C_PARSER: parsed function acospil with 1 params (varargs=0) at line 1716
DEBUG C_PARSER: parsed function __acospil with 1 params (varargs=0) at line 1716
DEBUG C_PARSER: parsed function acospil with 1 params (varargs=0) at line 1717
DEBUG C_PARSER: parsed function __acospil with 1 params (varargs=0) at line 1717
DEBUG C_PARSER: parsed function asinpil with 1 params (varargs=0) at line 1719
DEBUG C_PARSER: parsed function __asinpil with 1 params (varargs=0) at line 1719
DEBUG C_PARSER: parsed function asinpil with 1 params (varargs=0) at line 1720
DEBUG C_PARSER: parsed function __asinpil with 1 params (varargs=0) at line 1720
DEBUG C_PARSER: parsed function atanpil with 1 params (varargs=0) at line 1722
DEBUG C_PARSER: parsed function __atanpil with 1 params (varargs=0) at line 1722
DEBUG C_PARSER: parsed function atanpil with 1 params (varargs=0) at line 1723
DEBUG C_PARSER: parsed function __atanpil with 1 params (varargs=0) at line 1723
DEBUG C_PARSER: parsed function atan2pil with 2 params (varargs=0) at line 1725
DEBUG C_PARSER: parsed function __atan2pil with 2 params (varargs=0) at line 1725
DEBUG C_PARSER: parsed function atan2pil with 2 params (varargs=0) at line 1726
DEBUG C_PARSER: parsed function __atan2pil with 2 params (varargs=0) at line 1726
DEBUG C_PARSER: parsed function cospil with 1 params (varargs=0) at line 1729
DEBUG C_PARSER: parsed function __cospil with 1 params (varargs=0) at line 1729
DEBUG C_PARSER: parsed function sinpil with 1 params (varargs=0) at line 1731
DEBUG C_PARSER: parsed function __sinpil with 1 params (varargs=0) at line 1731
DEBUG C_PARSER: parsed function tanpil with 1 params (varargs=0) at line 1733
DEBUG C_PARSER: parsed function __tanpil with 1 params (varargs=0) at line 1733
DEBUG C_PARSER: parsed function coshl with 1 params (varargs=0) at line 1739
DEBUG C_PARSER: parsed function __coshl with 1 params (varargs=0) at line 1739
DEBUG C_PARSER: parsed function sinhl with 1 params (varargs=0) at line 1741
DEBUG C_PARSER: parsed function __sinhl with 1 params (varargs=0) at line 1741
DEBUG C_PARSER: parsed function tanhl with 1 params (varargs=0) at line 1743
DEBUG C_PARSER: parsed function __tanhl with 1 params (varargs=0) at line 1743
DEBUG C_PARSER: parsed function acoshl with 1 params (varargs=0) at line 1745
DEBUG C_PARSER: parsed function __acoshl with 1 params (varargs=0) at line 1745
DEBUG C_PARSER: parsed function asinhl with 1 params (varargs=0) at line 1747
DEBUG C_PARSER: parsed function __asinhl with 1 params (varargs=0) at line 1747
DEBUG C_PARSER: parsed function atanhl with 1 params (varargs=0) at line 1749
DEBUG C_PARSER: parsed function __atanhl with 1 params (varargs=0) at line 1749
DEBUG C_PARSER: parsed function expl with 1 params (varargs=0) at line 1755
DEBUG C_PARSER: parsed function __expl with 1 params (varargs=0) at line 1755
DEBUG C_PARSER: parsed function frexpl with 2 params (varargs=0) at line 1758
DEBUG C_PARSER: parsed function __frexpl with 2 params (varargs=0) at line 1758
DEBUG C_PARSER: parsed function ldexpl with 2 params (varargs=0) at line 1761
DEBUG C_PARSER: parsed function __ldexpl with 2 params (varargs=0) at line 1761
DEBUG C_PARSER: parsed function logl with 1 params (varargs=0) at line 1764
DEBUG C_PARSER: parsed function __logl with 1 params (varargs=0) at line 1764
DEBUG C_PARSER: parsed function log10l with 1 params (varargs=0) at line 1767
DEBUG C_PARSER: parsed function __log10l with 1 params (varargs=0) at line 1767
DEBUG C_PARSER: parsed function modfl with 2 params (varargs=0) at line 1770
DEBUG C_PARSER: parsed function __modfl with 2 params (varargs=0) at line 1770
DEBUG C_PARSER: parsed function exp10l with 1 params (varargs=0) at line 1774
DEBUG C_PARSER: parsed function __exp10l with 1 params (varargs=0) at line 1774
DEBUG C_PARSER: parsed function exp2m1l with 1 params (varargs=0) at line 1777
DEBUG C_PARSER: parsed function __exp2m1l with 1 params (varargs=0) at line 1777
DEBUG C_PARSER: parsed function exp10m1l with 1 params (varargs=0) at line 1780
DEBUG C_PARSER: parsed function __exp10m1l with 1 params (varargs=0) at line 1780
DEBUG C_PARSER: parsed function log2p1l with 1 params (varargs=0) at line 1783
DEBUG C_PARSER: parsed function __log2p1l with 1 params (varargs=0) at line 1783
DEBUG C_PARSER: parsed function log10p1l with 1 params (varargs=0) at line 1786
DEBUG C_PARSER: parsed function __log10p1l with 1 params (varargs=0) at line 1786
DEBUG C_PARSER: parsed function logp1l with 1 params (varargs=0) at line 1789
DEBUG C_PARSER: parsed function __logp1l with 1 params (varargs=0) at line 1789
DEBUG C_PARSER: parsed function expm1l with 1 params (varargs=0) at line 1794
DEBUG C_PARSER: parsed function __expm1l with 1 params (varargs=0) at line 1794
DEBUG C_PARSER: parsed function log1pl with 1 params (varargs=0) at line 1797
DEBUG C_PARSER: parsed function __log1pl with 1 params (varargs=0) at line 1797
DEBUG C_PARSER: parsed function logbl with 1 params (varargs=0) at line 1800
DEBUG C_PARSER: parsed function __logbl with 1 params (varargs=0) at line 1800
DEBUG C_PARSER: parsed function exp2l with 1 params (varargs=0) at line 1805
DEBUG C_PARSER: parsed function __exp2l with 1 params (varargs=0) at line 1805
DEBUG C_PARSER: parsed function log2l with 1 params (varargs=0) at line 1808
DEBUG C_PARSER: parsed function __log2l with 1 params (varargs=0) at line 1808
DEBUG C_PARSER: parsed function powl with 2 params (varargs=0) at line 1815
DEBUG C_PARSER: parsed function __powl with 2 params (varargs=0) at line 1815
DEBUG C_PARSER: parsed function sqrtl with 1 params (varargs=0) at line 1818
DEBUG C_PARSER: parsed function __sqrtl with 1 params (varargs=0) at line 1818
DEBUG C_PARSER: parsed function hypotl with 2 params (varargs=0) at line 1822
DEBUG C_PARSER: parsed function __hypotl with 2 params (varargs=0) at line 1822
DEBUG C_PARSER: parsed function cbrtl with 1 params (varargs=0) at line 1827
DEBUG C_PARSER: parsed function __cbrtl with 1 params (varargs=0) at line 1827
DEBUG C_PARSER: parsed function compoundnl with 2 params (varargs=0) at line 1832
DEBUG C_PARSER: parsed function __compoundnl with 2 params (varargs=0) at line 1832
DEBUG C_PARSER: parsed function pownl with 2 params (varargs=0) at line 1835
DEBUG C_PARSER: parsed function __pownl with 2 params (varargs=0) at line 1835
DEBUG C_PARSER: parsed function powrl with 2 params (varargs=0) at line 1838
DEBUG C_PARSER: parsed function __powrl with 2 params (varargs=0) at line 1838
DEBUG C_PARSER: parsed function powrl with 2 params (varargs=0) at line 1839
DEBUG C_PARSER: parsed function __powrl with 2 params (varargs=0) at line 1839
DEBUG C_PARSER: parsed function rootnl with 2 params (varargs=0) at line 1842
DEBUG C_PARSER: parsed function __rootnl with 2 params (varargs=0) at line 1842
DEBUG C_PARSER: parsed function rsqrtl with 1 params (varargs=0) at line 1845
DEBUG C_PARSER: parsed function __rsqrtl with 1 params (varargs=0) at line 1845
DEBUG C_PARSER: parsed function ceill with 1 params (varargs=0) at line 1852
DEBUG C_PARSER: parsed function fabsl with 1 params (varargs=0) at line 1855
DEBUG C_PARSER: parsed function floorl with 1 params (varargs=0) at line 1858
DEBUG C_PARSER: parsed function fmodl with 2 params (varargs=0) at line 1861
DEBUG C_PARSER: parsed function __fmodl with 2 params (varargs=0) at line 1861
DEBUG C_PARSER: parsed function isinfl with 1 params (varargs=0) at line 1863
DEBUG C_PARSER: parsed function finitel with 1 params (varargs=0) at line 1869
DEBUG C_PARSER: parsed function dreml with 2 params (varargs=0) at line 1873
DEBUG C_PARSER: parsed function __dreml with 2 params (varargs=0) at line 1873
DEBUG C_PARSER: parsed function significandl with 1 params (varargs=0) at line 1877
DEBUG C_PARSER: parsed function __significandl with 1 params (varargs=0) at line 1877
DEBUG C_PARSER: parsed function copysignl with 2 params (varargs=0) at line 1884
DEBUG C_PARSER: parsed function nanl with 1 params (varargs=0) at line 1889
DEBUG C_PARSER: parsed function __nanl with 1 params (varargs=0) at line 1889
DEBUG C_PARSER: parsed function isnanl with 1 params (varargs=0) at line 1891
DEBUG C_PARSER: parsed function j0l with 1 params (varargs=0) at line 1898
DEBUG C_PARSER: parsed function __j0l with 1 params (varargs=0) at line 1898
DEBUG C_PARSER: parsed function j1l with 1 params (varargs=0) at line 1899
DEBUG C_PARSER: parsed function __j1l with 1 params (varargs=0) at line 1899
DEBUG C_PARSER: parsed function jnl with 2 params (varargs=0) at line 1900
DEBUG C_PARSER: parsed function __jnl with 2 params (varargs=0) at line 1900
DEBUG C_PARSER: parsed function y0l with 1 params (varargs=0) at line 1901
DEBUG C_PARSER: parsed function __y0l with 1 params (varargs=0) at line 1901
DEBUG C_PARSER: parsed function y1l with 1 params (varargs=0) at line 1902
DEBUG C_PARSER: parsed function __y1l with 1 params (varargs=0) at line 1902
DEBUG C_PARSER: parsed function ynl with 2 params (varargs=0) at line 1903
DEBUG C_PARSER: parsed function __ynl with 2 params (varargs=0) at line 1903
DEBUG C_PARSER: parsed function erfl with 1 params (varargs=0) at line 1909
DEBUG C_PARSER: parsed function __erfl with 1 params (varargs=0) at line 1909
DEBUG C_PARSER: parsed function erfcl with 1 params (varargs=0) at line 1910
DEBUG C_PARSER: parsed function __erfcl with 1 params (varargs=0) at line 1910
DEBUG C_PARSER: parsed function lgammal with 1 params (varargs=0) at line 1911
DEBUG C_PARSER: parsed function __lgammal with 1 params (varargs=0) at line 1911
DEBUG C_PARSER: parsed function tgammal with 1 params (varargs=0) at line 1916
DEBUG C_PARSER: parsed function __tgammal with 1 params (varargs=0) at line 1916
DEBUG C_PARSER: parsed function gammal with 1 params (varargs=0) at line 1922
DEBUG C_PARSER: parsed function __gammal with 1 params (varargs=0) at line 1922
DEBUG C_PARSER: parsed function lgammal_r with 2 params (varargs=0) at line 1930
DEBUG C_PARSER: parsed function __lgammal_r with 2 params (varargs=0) at line 1930
DEBUG C_PARSER: parsed function rintl with 1 params (varargs=0) at line 1937
DEBUG C_PARSER: parsed function __rintl with 1 params (varargs=0) at line 1937
DEBUG C_PARSER: parsed function nextafterl with 2 params (varargs=0) at line 1940
DEBUG C_PARSER: parsed function __nextafterl with 2 params (varargs=0) at line 1940
DEBUG C_PARSER: parsed function nexttowardl with 2 params (varargs=0) at line 1942
DEBUG C_PARSER: parsed function __nexttowardl with 2 params (varargs=0) at line 1942
DEBUG C_PARSER: parsed function nextdownl with 1 params (varargs=0) at line 1947
DEBUG C_PARSER: parsed function __nextdownl with 1 params (varargs=0) at line 1947
DEBUG C_PARSER: parsed function nextupl with 1 params (varargs=0) at line 1949
DEBUG C_PARSER: parsed function __nextupl with 1 params (varargs=0) at line 1949
DEBUG C_PARSER: parsed function remainderl with 2 params (varargs=0) at line 1953
DEBUG C_PARSER: parsed function __remainderl with 2 params (varargs=0) at line 1953
DEBUG C_PARSER: parsed function scalbnl with 2 params (varargs=0) at line 1957
DEBUG C_PARSER: parsed function __scalbnl with 2 params (varargs=0) at line 1957
DEBUG C_PARSER: parsed function ilogbl with 1 params (varargs=0) at line 1961
DEBUG C_PARSER: parsed function __ilogbl with 1 params (varargs=0) at line 1961
DEBUG C_PARSER: parsed function llogbl with 1 params (varargs=0) at line 1966
DEBUG C_PARSER: parsed function __llogbl with 1 params (varargs=0) at line 1966
DEBUG C_PARSER: parsed function scalblnl with 2 params (varargs=0) at line 1971
DEBUG C_PARSER: parsed function __scalblnl with 2 params (varargs=0) at line 1971
DEBUG C_PARSER: parsed function nearbyintl with 1 params (varargs=0) at line 1975
DEBUG C_PARSER: parsed function __nearbyintl with 1 params (varargs=0) at line 1975
DEBUG C_PARSER: parsed function roundl with 1 params (varargs=0) at line 1979
DEBUG C_PARSER: parsed function truncl with 1 params (varargs=0) at line 1983
DEBUG C_PARSER: parsed function remquol with 3 params (varargs=0) at line 1988
DEBUG C_PARSER: parsed function __remquol with 3 params (varargs=0) at line 1988
DEBUG C_PARSER: parsed function lrintl with 1 params (varargs=0) at line 1995
DEBUG C_PARSER: parsed function __lrintl with 1 params (varargs=0) at line 1995
DEBUG C_PARSER: parsed function llrintl with 1 params (varargs=0) at line 1997
DEBUG C_PARSER: parsed function __llrintl with 1 params (varargs=0) at line 1997
DEBUG C_PARSER: parsed function lroundl with 1 params (varargs=0) at line 2001
DEBUG C_PARSER: parsed function __lroundl with 1 params (varargs=0) at line 2001
DEBUG C_PARSER: parsed function llroundl with 1 params (varargs=0) at line 2003
DEBUG C_PARSER: parsed function __llroundl with 1 params (varargs=0) at line 2003
DEBUG C_PARSER: parsed function fdiml with 2 params (varargs=0) at line 2007
DEBUG C_PARSER: parsed function __fdiml with 2 params (varargs=0) at line 2007
DEBUG C_PARSER: parsed function fmaxl with 2 params (varargs=0) at line 2011
DEBUG C_PARSER: parsed function fminl with 2 params (varargs=0) at line 2014
DEBUG C_PARSER: parsed function fmal with 3 params (varargs=0) at line 2018
DEBUG C_PARSER: parsed function __fmal with 3 params (varargs=0) at line 2018
DEBUG C_PARSER: parsed function roundevenl with 1 params (varargs=0) at line 2023
DEBUG C_PARSER: parsed function fromfpl with 3 params (varargs=0) at line 2027
DEBUG C_PARSER: parsed function __fromfpl with 3 params (varargs=0) at line 2027
DEBUG C_PARSER: parsed function ufromfpl with 3 params (varargs=0) at line 2031
DEBUG C_PARSER: parsed function __ufromfpl with 3 params (varargs=0) at line 2031
DEBUG C_PARSER: parsed function fromfpxl with 3 params (varargs=0) at line 2036
DEBUG C_PARSER: parsed function __fromfpxl with 3 params (varargs=0) at line 2036
DEBUG C_PARSER: parsed function ufromfpxl with 3 params (varargs=0) at line 2041
DEBUG C_PARSER: parsed function __ufromfpxl with 3 params (varargs=0) at line 2041
DEBUG C_PARSER: parsed function canonicalizel with 2 params (varargs=0) at line 2044
DEBUG C_PARSER: parsed function fmaximuml with 2 params (varargs=0) at line 2046
DEBUG C_PARSER: parsed function fminimuml with 2 params (varargs=0) at line 2049
DEBUG C_PARSER: parsed function fmaximum_numl with 2 params (varargs=0) at line 2052
DEBUG C_PARSER: parsed function fminimum_numl with 2 params (varargs=0) at line 2055
DEBUG C_PARSER: parsed function fmaximum_magl with 2 params (varargs=0) at line 2058
DEBUG C_PARSER: parsed function fminimum_magl with 2 params (varargs=0) at line 2061
DEBUG C_PARSER: parsed function fmaximum_mag_numl with 2 params (varargs=0) at line 2064
DEBUG C_PARSER: parsed function fminimum_mag_numl with 2 params (varargs=0) at line 2067
DEBUG C_PARSER: parsed function scalbl with 2 params (varargs=0) at line 2069
DEBUG C_PARSER: parsed function __scalbl with 2 params (varargs=0) at line 2069
DEBUG C_PARSER: parsed function __fpclassifyf128 with 1 params (varargs=0) at line 2074
DEBUG C_PARSER: parsed function __signbitf128 with 1 params (varargs=0) at line 2078
DEBUG C_PARSER: parsed function __isinff128 with 1 params (varargs=0) at line 2083
DEBUG C_PARSER: parsed function __finitef128 with 1 params (varargs=0) at line 2087
DEBUG C_PARSER: parsed function __isnanf128 with 1 params (varargs=0) at line 2091
DEBUG C_PARSER: parsed function __iseqsigf128 with 2 params (varargs=0) at line 2095
DEBUG C_PARSER: parsed function __issignalingf128 with 1 params (varargs=0) at line 2098
DEBUG C_PARSER: parsed function fadd with 2 params (varargs=0) at line 2104
DEBUG C_PARSER: parsed function fdiv with 2 params (varargs=0) at line 2107
DEBUG C_PARSER: parsed function ffma with 3 params (varargs=0) at line 2110
DEBUG C_PARSER: parsed function fmul with 2 params (varargs=0) at line 2113
DEBUG C_PARSER: parsed function fsqrt with 1 params (varargs=0) at line 2116
DEBUG C_PARSER: parsed function fsub with 2 params (varargs=0) at line 2119
DEBUG C_PARSER: parsed function faddl with 2 params (varargs=0) at line 2124
DEBUG C_PARSER: parsed function fdivl with 2 params (varargs=0) at line 2127
DEBUG C_PARSER: parsed function ffmal with 3 params (varargs=0) at line 2130
DEBUG C_PARSER: parsed function fmull with 2 params (varargs=0) at line 2133
DEBUG C_PARSER: parsed function fsqrtl with 1 params (varargs=0) at line 2136
DEBUG C_PARSER: parsed function fsubl with 2 params (varargs=0) at line 2139
DEBUG C_PARSER: parsed function daddl with 2 params (varargs=0) at line 2144
DEBUG C_PARSER: parsed function ddivl with 2 params (varargs=0) at line 2147
DEBUG C_PARSER: parsed function dfmal with 3 params (varargs=0) at line 2150
DEBUG C_PARSER: parsed function dmull with 2 params (varargs=0) at line 2153
DEBUG C_PARSER: parsed function dsqrtl with 1 params (varargs=0) at line 2156
DEBUG C_PARSER: parsed function dsubl with 2 params (varargs=0) at line 2159
DEBUG C_PARSER: parsed function __iscanonicall with 1 params (varargs=0) at line 2186
DEBUG C_PARSER: parsed function imaxabs with 1 params (varargs=0) at line 2220
DEBUG C_PARSER: parsed function imaxdiv with 2 params (varargs=0) at line 2229
DEBUG C_PARSER: parsed function strtoimax with 3 params (varargs=0) at line 2233
DEBUG C_PARSER: parsed function strtoumax with 3 params (varargs=0) at line 2237
DEBUG C_PARSER: parsed function wcstoimax with 3 params (varargs=0) at line 2242
DEBUG C_PARSER: parsed function wcstoumax with 3 params (varargs=0) at line 2247
DEBUG C_PARSER: parsed function strtoimax with 3 params (varargs=0) at line 2253
DEBUG C_PARSER: parsed function strtoumax with 3 params (varargs=0) at line 2256
DEBUG C_PARSER: parsed function wcstoimax with 3 params (varargs=0) at line 2259
DEBUG C_PARSER: parsed function wcstoumax with 3 params (varargs=0) at line 2263
DEBUG C_PARSER: parsed function wl_list_init with 1 params (varargs=0) at line 2311
DEBUG C_PARSER: parsed function wl_list_insert with 2 params (varargs=0) at line 2314
DEBUG C_PARSER: parsed function wl_list_remove with 1 params (varargs=0) at line 2317
DEBUG C_PARSER: parsed function wl_list_length with 1 params (varargs=0) at line 2320
DEBUG C_PARSER: parsed function wl_list_empty with 1 params (varargs=0) at line 2323
DEBUG C_PARSER: parsed function wl_list_insert_list with 2 params (varargs=0) at line 2326
DEBUG C_PARSER: parsed function wl_array_init with 1 params (varargs=0) at line 2338
DEBUG C_PARSER: parsed function wl_array_release with 1 params (varargs=0) at line 2341
DEBUG C_PARSER: parsed function wl_array_add with 2 params (varargs=0) at line 2344
DEBUG C_PARSER: parsed function wl_array_copy with 2 params (varargs=0) at line 2347
DEBUG C_PARSER: parsed function wl_fixed_to_double with 1 params (varargs=0) at line 2353
DEBUG C_PARSER: parsed function wl_fixed_from_double with 1 params (varargs=0) at line 2359
DEBUG C_PARSER: parsed function wl_fixed_to_int with 1 params (varargs=0) at line 2365
DEBUG C_PARSER: parsed function wl_fixed_from_int with 1 params (varargs=0) at line 2371
DEBUG C_PARSER: parsed function wl_event_loop_create with 0 params (varargs=0) at line 2428
DEBUG C_PARSER: parsed function wl_event_loop_destroy with 1 params (varargs=0) at line 2431
DEBUG C_PARSER: parsed function wl_event_loop_add_fd with 5 params (varargs=0) at line 2437
DEBUG C_PARSER: parsed function wl_event_source_fd_update with 2 params (varargs=0) at line 2440
DEBUG C_PARSER: parsed function wl_event_loop_add_timer with 3 params (varargs=0) at line 2445
DEBUG C_PARSER: parsed function wl_event_loop_add_signal with 4 params (varargs=0) at line 2451
DEBUG C_PARSER: parsed function wl_event_source_timer_update with 2 params (varargs=0) at line 2455
DEBUG C_PARSER: parsed function wl_event_source_remove with 1 params (varargs=0) at line 2458
DEBUG C_PARSER: parsed function wl_event_source_check with 1 params (varargs=0) at line 2461
DEBUG C_PARSER: parsed function wl_event_loop_dispatch with 2 params (varargs=0) at line 2464
DEBUG C_PARSER: parsed function wl_event_loop_dispatch_idle with 1 params (varargs=0) at line 2467
DEBUG C_PARSER: parsed function wl_event_loop_add_idle with 3 params (varargs=0) at line 2472
DEBUG C_PARSER: parsed function wl_event_loop_get_fd with 1 params (varargs=0) at line 2475
DEBUG C_PARSER: parsed function wl_event_loop_add_destroy_listener with 2 params (varargs=0) at line 2483
DEBUG C_PARSER: parsed function wl_event_loop_get_destroy_listener with 2 params (varargs=0) at line 2487
DEBUG C_PARSER: parsed function wl_display_create with 0 params (varargs=0) at line 2490
DEBUG C_PARSER: parsed function wl_display_destroy with 1 params (varargs=0) at line 2493
DEBUG C_PARSER: parsed function wl_display_get_event_loop with 1 params (varargs=0) at line 2496
DEBUG C_PARSER: parsed function wl_display_add_socket with 2 params (varargs=0) at line 2499
DEBUG C_PARSER: parsed function wl_display_add_socket_auto with 1 params (varargs=0) at line 2502
DEBUG C_PARSER: parsed function wl_display_add_socket_fd with 2 params (varargs=0) at line 2505
DEBUG C_PARSER: parsed function wl_display_terminate with 1 params (varargs=0) at line 2508
DEBUG C_PARSER: parsed function wl_display_run with 1 params (varargs=0) at line 2511
DEBUG C_PARSER: parsed function wl_display_flush_clients with 1 params (varargs=0) at line 2514
DEBUG C_PARSER: parsed function wl_display_destroy_clients with 1 params (varargs=0) at line 2517
DEBUG C_PARSER: parsed function wl_display_set_default_max_buffer_size with 2 params (varargs=0) at line 2521
DEBUG C_PARSER: parsed function wl_display_get_serial with 1 params (varargs=0) at line 2529
DEBUG C_PARSER: parsed function wl_display_next_serial with 1 params (varargs=0) at line 2532
DEBUG C_PARSER: parsed function wl_display_add_destroy_listener with 2 params (varargs=0) at line 2536
DEBUG C_PARSER: parsed function wl_display_add_client_created_listener with 2 params (varargs=0) at line 2540
DEBUG C_PARSER: parsed function wl_display_get_destroy_listener with 2 params (varargs=0) at line 2544
DEBUG C_PARSER: parsed function wl_global_create with 5 params (varargs=0) at line 2550
DEBUG C_PARSER: parsed function wl_global_remove with 1 params (varargs=0) at line 2553
DEBUG C_PARSER: parsed function wl_global_destroy with 1 params (varargs=0) at line 2556
DEBUG C_PARSER: parsed function wl_display_set_global_filter with 3 params (varargs=0) at line 2565
DEBUG C_PARSER: parsed function wl_global_get_interface with 1 params (varargs=0) at line 2568
DEBUG C_PARSER: parsed function wl_global_get_name with 2 params (varargs=0) at line 2572
DEBUG C_PARSER: parsed function wl_global_get_version with 1 params (varargs=0) at line 2575
DEBUG C_PARSER: parsed function wl_global_get_display with 1 params (varargs=0) at line 2578
DEBUG C_PARSER: parsed function wl_global_get_user_data with 1 params (varargs=0) at line 2581
DEBUG C_PARSER: parsed function wl_global_set_user_data with 2 params (varargs=0) at line 2584
DEBUG C_PARSER: parsed function wl_client_create with 2 params (varargs=0) at line 2587
DEBUG C_PARSER: parsed function wl_display_get_client_list with 1 params (varargs=0) at line 2590
DEBUG C_PARSER: parsed function wl_client_get_link with 1 params (varargs=0) at line 2593
DEBUG C_PARSER: parsed function wl_client_from_link with 1 params (varargs=0) at line 2596
DEBUG C_PARSER: parsed function wl_client_destroy with 1 params (varargs=0) at line 2605
DEBUG C_PARSER: parsed function wl_client_flush with 1 params (varargs=0) at line 2608
DEBUG C_PARSER: parsed function wl_client_get_credentials with 4 params (varargs=0) at line 2612
DEBUG C_PARSER: parsed function wl_client_get_fd with 1 params (varargs=0) at line 2615
DEBUG C_PARSER: parsed function wl_client_add_destroy_listener with 2 params (varargs=0) at line 2619
DEBUG C_PARSER: parsed function wl_client_get_destroy_listener with 2 params (varargs=0) at line 2623
DEBUG C_PARSER: parsed function wl_client_add_destroy_late_listener with 2 params (varargs=0) at line 2627
DEBUG C_PARSER: parsed function wl_client_get_destroy_late_listener with 2 params (varargs=0) at line 2631
DEBUG C_PARSER: parsed function wl_client_get_object with 2 params (varargs=0) at line 2634
DEBUG C_PARSER: parsed function wl_client_post_no_memory with 1 params (varargs=0) at line 2637
DEBUG C_PARSER: parsed function wl_client_post_implementation_error with 2 params (varargs=1) at line 2641
DEBUG C_PARSER: parsed function wl_client_add_resource_created_listener with 2 params (varargs=0) at line 2645
DEBUG C_PARSER: parsed function wl_client_for_each_resource with 3 params (varargs=0) at line 2655
DEBUG C_PARSER: parsed function wl_client_set_user_data with 3 params (varargs=0) at line 2662
DEBUG C_PARSER: parsed function wl_client_get_user_data with 1 params (varargs=0) at line 2665
DEBUG C_PARSER: parsed function wl_client_set_max_buffer_size with 2 params (varargs=0) at line 2668
DEBUG C_PARSER: parsed function wl_signal_init with 1 params (varargs=0) at line 2690
DEBUG C_PARSER: parsed function wl_signal_add with 2 params (varargs=0) at line 2696
DEBUG C_PARSER: parsed function wl_signal_get with 2 params (varargs=0) at line 2702
DEBUG C_PARSER: parsed function wl_signal_emit with 2 params (varargs=0) at line 2714
DEBUG C_PARSER: parsed function wl_signal_emit_mutable with 2 params (varargs=0) at line 2722
DEBUG C_PARSER: parsed function wl_resource_post_event with 2 params (varargs=1) at line 2728
DEBUG C_PARSER: parsed function wl_resource_post_event_array with 3 params (varargs=0) at line 2732
DEBUG C_PARSER: parsed function wl_resource_queue_event with 2 params (varargs=1) at line 2736
DEBUG C_PARSER: parsed function wl_resource_queue_event_array with 3 params (varargs=0) at line 2740
DEBUG C_PARSER: parsed function wl_resource_post_error_vargs with 4 params (varargs=0) at line 2744
DEBUG C_PARSER: parsed function wl_resource_post_error with 3 params (varargs=1) at line 2748
DEBUG C_PARSER: parsed function wl_resource_post_no_memory with 1 params (varargs=0) at line 2751
DEBUG C_PARSER: parsed function wl_client_get_display with 1 params (varargs=0) at line 2754
DEBUG C_PARSER: parsed function wl_resource_create with 4 params (varargs=0) at line 2759
DEBUG C_PARSER: parsed function wl_resource_set_implementation with 4 params (varargs=0) at line 2765
DEBUG C_PARSER: parsed function wl_resource_set_dispatcher with 5 params (varargs=0) at line 2772
DEBUG C_PARSER: parsed function wl_resource_destroy with 1 params (varargs=0) at line 2775
DEBUG C_PARSER: parsed function wl_resource_get_id with 1 params (varargs=0) at line 2778
DEBUG C_PARSER: parsed function wl_resource_get_link with 1 params (varargs=0) at line 2781
DEBUG C_PARSER: parsed function wl_resource_from_link with 1 params (varargs=0) at line 2784
DEBUG C_PARSER: parsed function wl_resource_find_for_client with 2 params (varargs=0) at line 2787
DEBUG C_PARSER: parsed function wl_resource_get_client with 1 params (varargs=0) at line 2790
DEBUG C_PARSER: parsed function wl_resource_set_user_data with 2 params (varargs=0) at line 2793
DEBUG C_PARSER: parsed function wl_resource_get_user_data with 1 params (varargs=0) at line 2796
DEBUG C_PARSER: parsed function wl_resource_get_version with 1 params (varargs=0) at line 2799
DEBUG C_PARSER: parsed function wl_resource_set_destructor with 2 params (varargs=0) at line 2803
DEBUG C_PARSER: parsed function wl_resource_instance_of with 3 params (varargs=0) at line 2808
DEBUG C_PARSER: parsed function wl_resource_get_class with 1 params (varargs=0) at line 2811
DEBUG C_PARSER: parsed function wl_resource_get_interface with 1 params (varargs=0) at line 2814
DEBUG C_PARSER: parsed function wl_resource_add_destroy_listener with 2 params (varargs=0) at line 2818
DEBUG C_PARSER: parsed function wl_resource_get_destroy_listener with 2 params (varargs=0) at line 2822
DEBUG C_PARSER: parsed function wl_shm_buffer_get with 1 params (varargs=0) at line 2825
DEBUG C_PARSER: parsed function wl_shm_buffer_begin_access with 1 params (varargs=0) at line 2828
DEBUG C_PARSER: parsed function wl_shm_buffer_end_access with 1 params (varargs=0) at line 2831
DEBUG C_PARSER: parsed function wl_shm_buffer_get_data with 1 params (varargs=0) at line 2834
DEBUG C_PARSER: parsed function wl_shm_buffer_get_stride with 1 params (varargs=0) at line 2837
DEBUG C_PARSER: parsed function wl_shm_buffer_get_format with 1 params (varargs=0) at line 2840
DEBUG C_PARSER: parsed function wl_shm_buffer_get_width with 1 params (varargs=0) at line 2843
DEBUG C_PARSER: parsed function wl_shm_buffer_get_height with 1 params (varargs=0) at line 2846
DEBUG C_PARSER: parsed function wl_shm_buffer_ref with 1 params (varargs=0) at line 2849
DEBUG C_PARSER: parsed function wl_shm_buffer_unref with 1 params (varargs=0) at line 2852
DEBUG C_PARSER: parsed function wl_shm_buffer_ref_pool with 1 params (varargs=0) at line 2855
DEBUG C_PARSER: parsed function wl_shm_pool_unref with 1 params (varargs=0) at line 2858
DEBUG C_PARSER: parsed function wl_display_init_shm with 1 params (varargs=0) at line 2861
DEBUG C_PARSER: parsed function wl_display_add_shm_format with 2 params (varargs=0) at line 2864
DEBUG C_PARSER: parsed function wl_log_set_handler_server with 1 params (varargs=0) at line 2873
DEBUG C_PARSER: parsed function wl_display_add_protocol_logger with 3 params (varargs=0) at line 2895
DEBUG C_PARSER: parsed function wl_protocol_logger_destroy with 1 params (varargs=0) at line 2898
DEBUG C_PARSER: parsed function __bswap_16 with 1 params (varargs=0) at line 395
DEBUG C_PARSER: parsed function __bswap_32 with 1 params (varargs=0) at line 410
DEBUG C_PARSER: parsed function __bswap_64 with 1 params (varargs=0) at line 420
DEBUG C_PARSER: parsed function __uint16_identity with 1 params (varargs=0) at line 432
DEBUG C_PARSER: parsed function __uint32_identity with 1 params (varargs=0) at line 438
DEBUG C_PARSER: parsed function __uint64_identity with 1 params (varargs=0) at line 444
DEBUG C_PARSER: parsed function select with 5 params (varargs=0) at line 550
DEBUG C_PARSER: parsed function pselect with 6 params (varargs=0) at line 556
DEBUG C_PARSER: parsed function __fpclassify with 1 params (varargs=0) at line 862
DEBUG C_PARSER: parsed function __signbit with 1 params (varargs=0) at line 866
DEBUG C_PARSER: parsed function __isinf with 1 params (varargs=0) at line 871
DEBUG C_PARSER: parsed function __finite with 1 params (varargs=0) at line 875
DEBUG C_PARSER: parsed function __isnan with 1 params (varargs=0) at line 879
DEBUG C_PARSER: parsed function __iseqsig with 2 params (varargs=0) at line 883
DEBUG C_PARSER: parsed function __issignaling with 1 params (varargs=0) at line 886
DEBUG C_PARSER: parsed function acos with 1 params (varargs=0) at line 891
DEBUG C_PARSER: parsed function __acos with 1 params (varargs=0) at line 891
DEBUG C_PARSER: parsed function asin with 1 params (varargs=0) at line 893
DEBUG C_PARSER: parsed function __asin with 1 params (varargs=0) at line 893
DEBUG C_PARSER: parsed function atan with 1 params (varargs=0) at line 895
DEBUG C_PARSER: parsed function __atan with 1 params (varargs=0) at line 895
DEBUG C_PARSER: parsed function atan2 with 2 params (varargs=0) at line 897
DEBUG C_PARSER: parsed function __atan2 with 2 params (varargs=0) at line 897
DEBUG C_PARSER: parsed function cos with 1 params (varargs=0) at line 900
DEBUG C_PARSER: parsed function __cos with 1 params (varargs=0) at line 900
DEBUG C_PARSER: parsed function sin with 1 params (varargs=0) at line 902
DEBUG C_PARSER: parsed function __sin with 1 params (varargs=0) at line 902
DEBUG C_PARSER: parsed function tan with 1 params (varargs=0) at line 904
DEBUG C_PARSER: parsed function __tan with 1 params (varargs=0) at line 904
DEBUG C_PARSER: parsed function acospi with 1 params (varargs=0) at line 908
DEBUG C_PARSER: parsed function __acospi with 1 params (varargs=0) at line 908
DEBUG C_PARSER: parsed function acospi with 1 params (varargs=0) at line 909
DEBUG C_PARSER: parsed function __acospi with 1 params (varargs=0) at line 909
DEBUG C_PARSER: parsed function asinpi with 1 params (varargs=0) at line 911
DEBUG C_PARSER: parsed function __asinpi with 1 params (varargs=0) at line 911
DEBUG C_PARSER: parsed function asinpi with 1 params (varargs=0) at line 912
DEBUG C_PARSER: parsed function __asinpi with 1 params (varargs=0) at line 912
DEBUG C_PARSER: parsed function atanpi with 1 params (varargs=0) at line 914
DEBUG C_PARSER: parsed function __atanpi with 1 params (varargs=0) at line 914
DEBUG C_PARSER: parsed function atanpi with 1 params (varargs=0) at line 915
DEBUG C_PARSER: parsed function __atanpi with 1 params (varargs=0) at line 915
DEBUG C_PARSER: parsed function atan2pi with 2 params (varargs=0) at line 917
DEBUG C_PARSER: parsed function __atan2pi with 2 params (varargs=0) at line 917
DEBUG C_PARSER: parsed function atan2pi with 2 params (varargs=0) at line 918
DEBUG C_PARSER: parsed function __atan2pi with 2 params (varargs=0) at line 918
DEBUG C_PARSER: parsed function cospi with 1 params (varargs=0) at line 921
DEBUG C_PARSER: parsed function __cospi with 1 params (varargs=0) at line 921
DEBUG C_PARSER: parsed function sinpi with 1 params (varargs=0) at line 923
DEBUG C_PARSER: parsed function __sinpi with 1 params (varargs=0) at line 923
DEBUG C_PARSER: parsed function tanpi with 1 params (varargs=0) at line 925
DEBUG C_PARSER: parsed function __tanpi with 1 params (varargs=0) at line 925
DEBUG C_PARSER: parsed function cosh with 1 params (varargs=0) at line 931
DEBUG C_PARSER: parsed function __cosh with 1 params (varargs=0) at line 931
DEBUG C_PARSER: parsed function sinh with 1 params (varargs=0) at line 933
DEBUG C_PARSER: parsed function __sinh with 1 params (varargs=0) at line 933
DEBUG C_PARSER: parsed function tanh with 1 params (varargs=0) at line 935
DEBUG C_PARSER: parsed function __tanh with 1 params (varargs=0) at line 935
DEBUG C_PARSER: parsed function acosh with 1 params (varargs=0) at line 937
DEBUG C_PARSER: parsed function __acosh with 1 params (varargs=0) at line 937
DEBUG C_PARSER: parsed function asinh with 1 params (varargs=0) at line 939
DEBUG C_PARSER: parsed function __asinh with 1 params (varargs=0) at line 939
DEBUG C_PARSER: parsed function atanh with 1 params (varargs=0) at line 941
DEBUG C_PARSER: parsed function __atanh with 1 params (varargs=0) at line 941
DEBUG C_PARSER: parsed function exp with 1 params (varargs=0) at line 947
DEBUG C_PARSER: parsed function __exp with 1 params (varargs=0) at line 947
DEBUG C_PARSER: parsed function frexp with 2 params (varargs=0) at line 950
DEBUG C_PARSER: parsed function __frexp with 2 params (varargs=0) at line 950
DEBUG C_PARSER: parsed function ldexp with 2 params (varargs=0) at line 953
DEBUG C_PARSER: parsed function __ldexp with 2 params (varargs=0) at line 953
DEBUG C_PARSER: parsed function log with 1 params (varargs=0) at line 956
DEBUG C_PARSER: parsed function __log with 1 params (varargs=0) at line 956
DEBUG C_PARSER: parsed function log10 with 1 params (varargs=0) at line 959
DEBUG C_PARSER: parsed function __log10 with 1 params (varargs=0) at line 959
DEBUG C_PARSER: parsed function modf with 2 params (varargs=0) at line 962
DEBUG C_PARSER: parsed function __modf with 2 params (varargs=0) at line 962
DEBUG C_PARSER: parsed function exp10 with 1 params (varargs=0) at line 966
DEBUG C_PARSER: parsed function __exp10 with 1 params (varargs=0) at line 966
DEBUG C_PARSER: parsed function exp2m1 with 1 params (varargs=0) at line 969
DEBUG C_PARSER: parsed function __exp2m1 with 1 params (varargs=0) at line 969
DEBUG C_PARSER: parsed function exp10m1 with 1 params (varargs=0) at line 972
DEBUG C_PARSER: parsed function __exp10m1 with 1 params (varargs=0) at line 972
DEBUG C_PARSER: parsed function log2p1 with 1 params (varargs=0) at line 975
DEBUG C_PARSER: parsed function __log2p1 with 1 params (varargs=0) at line 975
DEBUG C_PARSER: parsed function log10p1 with 1 params (varargs=0) at line 978
DEBUG C_PARSER: parsed function __log10p1 with 1 params (varargs=0) at line 978
DEBUG C_PARSER: parsed function logp1 with 1 params (varargs=0) at line 981
DEBUG C_PARSER: parsed function __logp1 with 1 params (varargs=0) at line 981
DEBUG C_PARSER: parsed function expm1 with 1 params (varargs=0) at line 986
DEBUG C_PARSER: parsed function __expm1 with 1 params (varargs=0) at line 986
DEBUG C_PARSER: parsed function log1p with 1 params (varargs=0) at line 989
DEBUG C_PARSER: parsed function __log1p with 1 params (varargs=0) at line 989
DEBUG C_PARSER: parsed function logb with 1 params (varargs=0) at line 992
DEBUG C_PARSER: parsed function __logb with 1 params (varargs=0) at line 992
DEBUG C_PARSER: parsed function exp2 with 1 params (varargs=0) at line 997
DEBUG C_PARSER: parsed function __exp2 with 1 params (varargs=0) at line 997
DEBUG C_PARSER: parsed function log2 with 1 params (varargs=0) at line 1000
DEBUG C_PARSER: parsed function __log2 with 1 params (varargs=0) at line 1000
DEBUG C_PARSER: parsed function pow with 2 params (varargs=0) at line 1007
DEBUG C_PARSER: parsed function __pow with 2 params (varargs=0) at line 1007
DEBUG C_PARSER: parsed function sqrt with 1 params (varargs=0) at line 1010
DEBUG C_PARSER: parsed function __sqrt with 1 params (varargs=0) at line 1010
DEBUG C_PARSER: parsed function hypot with 2 params (varargs=0) at line 1014
DEBUG C_PARSER: parsed function __hypot with 2 params (varargs=0) at line 1014
DEBUG C_PARSER: parsed function cbrt with 1 params (varargs=0) at line 1019
DEBUG C_PARSER: parsed function __cbrt with 1 params (varargs=0) at line 1019
DEBUG C_PARSER: parsed function compoundn with 2 params (varargs=0) at line 1024
DEBUG C_PARSER: parsed function __compoundn with 2 params (varargs=0) at line 1024
DEBUG C_PARSER: parsed function pown with 2 params (varargs=0) at line 1027
DEBUG C_PARSER: parsed function __pown with 2 params (varargs=0) at line 1027
DEBUG C_PARSER: parsed function powr with 2 params (varargs=0) at line 1030
DEBUG C_PARSER: parsed function __powr with 2 params (varargs=0) at line 1030
DEBUG C_PARSER: parsed function powr with 2 params (varargs=0) at line 1031
DEBUG C_PARSER: parsed function __powr with 2 params (varargs=0) at line 1031
DEBUG C_PARSER: parsed function rootn with 2 params (varargs=0) at line 1034
DEBUG C_PARSER: parsed function __rootn with 2 params (varargs=0) at line 1034
DEBUG C_PARSER: parsed function rsqrt with 1 params (varargs=0) at line 1037
DEBUG C_PARSER: parsed function __rsqrt with 1 params (varargs=0) at line 1037
DEBUG C_PARSER: parsed function ceil with 1 params (varargs=0) at line 1044
DEBUG C_PARSER: parsed function fabs with 1 params (varargs=0) at line 1047
DEBUG C_PARSER: parsed function floor with 1 params (varargs=0) at line 1050
DEBUG C_PARSER: parsed function fmod with 2 params (varargs=0) at line 1053
DEBUG C_PARSER: parsed function __fmod with 2 params (varargs=0) at line 1053
DEBUG C_PARSER: parsed function isinf with 1 params (varargs=0) at line 1055
DEBUG C_PARSER: parsed function finite with 1 params (varargs=0) at line 1061
DEBUG C_PARSER: parsed function drem with 2 params (varargs=0) at line 1065
DEBUG C_PARSER: parsed function __drem with 2 params (varargs=0) at line 1065
DEBUG C_PARSER: parsed function significand with 1 params (varargs=0) at line 1069
DEBUG C_PARSER: parsed function __significand with 1 params (varargs=0) at line 1069
DEBUG C_PARSER: parsed function copysign with 2 params (varargs=0) at line 1076
DEBUG C_PARSER: parsed function nan with 1 params (varargs=0) at line 1081
DEBUG C_PARSER: parsed function __nan with 1 params (varargs=0) at line 1081
DEBUG C_PARSER: parsed function isnan with 1 params (varargs=0) at line 1083
DEBUG C_PARSER: parsed function j0 with 1 params (varargs=0) at line 1090
DEBUG C_PARSER: parsed function __j0 with 1 params (varargs=0) at line 1090
DEBUG C_PARSER: parsed function j1 with 1 params (varargs=0) at line 1091
DEBUG C_PARSER: parsed function __j1 with 1 params (varargs=0) at line 1091
DEBUG C_PARSER: parsed function jn with 2 params (varargs=0) at line 1092
DEBUG C_PARSER: parsed function __jn with 2 params (varargs=0) at line 1092
DEBUG C_PARSER: parsed function y0 with 1 params (varargs=0) at line 1093
DEBUG C_PARSER: parsed function __y0 with 1 params (varargs=0) at line 1093
DEBUG C_PARSER: parsed function y1 with 1 params (varargs=0) at line 1094
DEBUG C_PARSER: parsed function __y1 with 1 params (varargs=0) at line 1094
DEBUG C_PARSER: parsed function yn with 2 params (varargs=0) at line 1095
DEBUG C_PARSER: parsed function __yn with 2 params (varargs=0) at line 1095
DEBUG C_PARSER: parsed function erf with 1 params (varargs=0) at line 1101
DEBUG C_PARSER: parsed function __erf with 1 params (varargs=0) at line 1101
DEBUG C_PARSER: parsed function erfc with 1 params (varargs=0) at line 1102
DEBUG C_PARSER: parsed function __erfc with 1 params (varargs=0) at line 1102
DEBUG C_PARSER: parsed function lgamma with 1 params (varargs=0) at line 1103
DEBUG C_PARSER: parsed function __lgamma with 1 params (varargs=0) at line 1103
DEBUG C_PARSER: parsed function tgamma with 1 params (varargs=0) at line 1108
DEBUG C_PARSER: parsed function __tgamma with 1 params (varargs=0) at line 1108
DEBUG C_PARSER: parsed function gamma with 1 params (varargs=0) at line 1114
DEBUG C_PARSER: parsed function __gamma with 1 params (varargs=0) at line 1114
DEBUG C_PARSER: parsed function lgamma_r with 2 params (varargs=0) at line 1122
DEBUG C_PARSER: parsed function __lgamma_r with 2 params (varargs=0) at line 1122
DEBUG C_PARSER: parsed function rint with 1 params (varargs=0) at line 1129
DEBUG C_PARSER: parsed function __rint with 1 params (varargs=0) at line 1129
DEBUG C_PARSER: parsed function nextafter with 2 params (varargs=0) at line 1132
DEBUG C_PARSER: parsed function __nextafter with 2 params (varargs=0) at line 1132
DEBUG C_PARSER: parsed function nexttoward with 2 params (varargs=0) at line 1134
DEBUG C_PARSER: parsed function __nexttoward with 2 params (varargs=0) at line 1134
DEBUG C_PARSER: parsed function nextdown with 1 params (varargs=0) at line 1139
DEBUG C_PARSER: parsed function __nextdown with 1 params (varargs=0) at line 1139
DEBUG C_PARSER: parsed function nextup with 1 params (varargs=0) at line 1141
DEBUG C_PARSER: parsed function __nextup with 1 params (varargs=0) at line 1141
DEBUG C_PARSER: parsed function remainder with 2 params (varargs=0) at line 1145
DEBUG C_PARSER: parsed function __remainder with 2 params (varargs=0) at line 1145
DEBUG C_PARSER: parsed function scalbn with 2 params (varargs=0) at line 1149
DEBUG C_PARSER: parsed function __scalbn with 2 params (varargs=0) at line 1149
DEBUG C_PARSER: parsed function ilogb with 1 params (varargs=0) at line 1153
DEBUG C_PARSER: parsed function __ilogb with 1 params (varargs=0) at line 1153
DEBUG C_PARSER: parsed function llogb with 1 params (varargs=0) at line 1158
DEBUG C_PARSER: parsed function __llogb with 1 params (varargs=0) at line 1158
DEBUG C_PARSER: parsed function scalbln with 2 params (varargs=0) at line 1163
DEBUG C_PARSER: parsed function __scalbln with 2 params (varargs=0) at line 1163
DEBUG C_PARSER: parsed function nearbyint with 1 params (varargs=0) at line 1167
DEBUG C_PARSER: parsed function __nearbyint with 1 params (varargs=0) at line 1167
DEBUG C_PARSER: parsed function round with 1 params (varargs=0) at line 1171
DEBUG C_PARSER: parsed function trunc with 1 params (varargs=0) at line 1175
DEBUG C_PARSER: parsed function remquo with 3 params (varargs=0) at line 1180
DEBUG C_PARSER: parsed function __remquo with 3 params (varargs=0) at line 1180
DEBUG C_PARSER: parsed function lrint with 1 params (varargs=0) at line 1187
DEBUG C_PARSER: parsed function __lrint with 1 params (varargs=0) at line 1187
DEBUG C_PARSER: parsed function llrint with 1 params (varargs=0) at line 1189
DEBUG C_PARSER: parsed function __llrint with 1 params (varargs=0) at line 1189
DEBUG C_PARSER: parsed function lround with 1 params (varargs=0) at line 1193
DEBUG C_PARSER: parsed function __lround with 1 params (varargs=0) at line 1193
DEBUG C_PARSER: parsed function llround with 1 params (varargs=0) at line 1195
DEBUG C_PARSER: parsed function __llround with 1 params (varargs=0) at line 1195
DEBUG C_PARSER: parsed function fdim with 2 params (varargs=0) at line 1199
DEBUG C_PARSER: parsed function __fdim with 2 params (varargs=0) at line 1199
DEBUG C_PARSER: parsed function fmax with 2 params (varargs=0) at line 1203
DEBUG C_PARSER: parsed function fmin with 2 params (varargs=0) at line 1206
DEBUG C_PARSER: parsed function fma with 3 params (varargs=0) at line 1210
DEBUG C_PARSER: parsed function __fma with 3 params (varargs=0) at line 1210
DEBUG C_PARSER: parsed function roundeven with 1 params (varargs=0) at line 1215
DEBUG C_PARSER: parsed function fromfp with 3 params (varargs=0) at line 1219
DEBUG C_PARSER: parsed function __fromfp with 3 params (varargs=0) at line 1219
DEBUG C_PARSER: parsed function ufromfp with 3 params (varargs=0) at line 1223
DEBUG C_PARSER: parsed function __ufromfp with 3 params (varargs=0) at line 1223
DEBUG C_PARSER: parsed function fromfpx with 3 params (varargs=0) at line 1228
DEBUG C_PARSER: parsed function __fromfpx with 3 params (varargs=0) at line 1228
DEBUG C_PARSER: parsed function ufromfpx with 3 params (varargs=0) at line 1233
DEBUG C_PARSER: parsed function __ufromfpx with 3 params (varargs=0) at line 1233
DEBUG C_PARSER: parsed function canonicalize with 2 params (varargs=0) at line 1236
DEBUG C_PARSER: parsed function fmaximum with 2 params (varargs=0) at line 1238
DEBUG C_PARSER: parsed function fminimum with 2 params (varargs=0) at line 1241
DEBUG C_PARSER: parsed function fmaximum_num with 2 params (varargs=0) at line 1244
DEBUG C_PARSER: parsed function fminimum_num with 2 params (varargs=0) at line 1247
DEBUG C_PARSER: parsed function fmaximum_mag with 2 params (varargs=0) at line 1250
DEBUG C_PARSER: parsed function fminimum_mag with 2 params (varargs=0) at line 1253
DEBUG C_PARSER: parsed function fmaximum_mag_num with 2 params (varargs=0) at line 1256
DEBUG C_PARSER: parsed function fminimum_mag_num with 2 params (varargs=0) at line 1259
DEBUG C_PARSER: parsed function scalb with 2 params (varargs=0) at line 1261
DEBUG C_PARSER: parsed function __scalb with 2 params (varargs=0) at line 1261
DEBUG C_PARSER: parsed function __fpclassifyf with 1 params (varargs=0) at line 1266
DEBUG C_PARSER: parsed function __signbitf with 1 params (varargs=0) at line 1270
DEBUG C_PARSER: parsed function __isinff with 1 params (varargs=0) at line 1275
DEBUG C_PARSER: parsed function __finitef with 1 params (varargs=0) at line 1279
DEBUG C_PARSER: parsed function __isnanf with 1 params (varargs=0) at line 1283
DEBUG C_PARSER: parsed function __iseqsigf with 2 params (varargs=0) at line 1287
DEBUG C_PARSER: parsed function __issignalingf with 1 params (varargs=0) at line 1290
DEBUG C_PARSER: parsed function acosf with 1 params (varargs=0) at line 1295
DEBUG C_PARSER: parsed function __acosf with 1 params (varargs=0) at line 1295
DEBUG C_PARSER: parsed function asinf with 1 params (varargs=0) at line 1297
DEBUG C_PARSER: parsed function __asinf with 1 params (varargs=0) at line 1297
DEBUG C_PARSER: parsed function atanf with 1 params (varargs=0) at line 1299
DEBUG C_PARSER: parsed function __atanf with 1 params (varargs=0) at line 1299
DEBUG C_PARSER: parsed function atan2f with 2 params (varargs=0) at line 1301
DEBUG C_PARSER: parsed function __atan2f with 2 params (varargs=0) at line 1301
DEBUG C_PARSER: parsed function cosf with 1 params (varargs=0) at line 1304
DEBUG C_PARSER: parsed function __cosf with 1 params (varargs=0) at line 1304
DEBUG C_PARSER: parsed function sinf with 1 params (varargs=0) at line 1306
DEBUG C_PARSER: parsed function __sinf with 1 params (varargs=0) at line 1306
DEBUG C_PARSER: parsed function tanf with 1 params (varargs=0) at line 1308
DEBUG C_PARSER: parsed function __tanf with 1 params (varargs=0) at line 1308
DEBUG C_PARSER: parsed function acospif with 1 params (varargs=0) at line 1312
DEBUG C_PARSER: parsed function __acospif with 1 params (varargs=0) at line 1312
DEBUG C_PARSER: parsed function acospif with 1 params (varargs=0) at line 1313
DEBUG C_PARSER: parsed function __acospif with 1 params (varargs=0) at line 1313
DEBUG C_PARSER: parsed function asinpif with 1 params (varargs=0) at line 1315
DEBUG C_PARSER: parsed function __asinpif with 1 params (varargs=0) at line 1315
DEBUG C_PARSER: parsed function asinpif with 1 params (varargs=0) at line 1316
DEBUG C_PARSER: parsed function __asinpif with 1 params (varargs=0) at line 1316
DEBUG C_PARSER: parsed function atanpif with 1 params (varargs=0) at line 1318
DEBUG C_PARSER: parsed function __atanpif with 1 params (varargs=0) at line 1318
DEBUG C_PARSER: parsed function atanpif with 1 params (varargs=0) at line 1319
DEBUG C_PARSER: parsed function __atanpif with 1 params (varargs=0) at line 1319
DEBUG C_PARSER: parsed function atan2pif with 2 params (varargs=0) at line 1321
DEBUG C_PARSER: parsed function __atan2pif with 2 params (varargs=0) at line 1321
DEBUG C_PARSER: parsed function atan2pif with 2 params (varargs=0) at line 1322
DEBUG C_PARSER: parsed function __atan2pif with 2 params (varargs=0) at line 1322
DEBUG C_PARSER: parsed function cospif with 1 params (varargs=0) at line 1325
DEBUG C_PARSER: parsed function __cospif with 1 params (varargs=0) at line 1325
DEBUG C_PARSER: parsed function sinpif with 1 params (varargs=0) at line 1327
DEBUG C_PARSER: parsed function __sinpif with 1 params (varargs=0) at line 1327
DEBUG C_PARSER: parsed function tanpif with 1 params (varargs=0) at line 1329
DEBUG C_PARSER: parsed function __tanpif with 1 params (varargs=0) at line 1329
DEBUG C_PARSER: parsed function coshf with 1 params (varargs=0) at line 1335
DEBUG C_PARSER: parsed function __coshf with 1 params (varargs=0) at line 1335
DEBUG C_PARSER: parsed function sinhf with 1 params (varargs=0) at line 1337
DEBUG C_PARSER: parsed function __sinhf with 1 params (varargs=0) at line 1337
DEBUG C_PARSER: parsed function tanhf with 1 params (varargs=0) at line 1339
DEBUG C_PARSER: parsed function __tanhf with 1 params (varargs=0) at line 1339
DEBUG C_PARSER: parsed function acoshf with 1 params (varargs=0) at line 1341
DEBUG C_PARSER: parsed function __acoshf with 1 params (varargs=0) at line 1341
DEBUG C_PARSER: parsed function asinhf with 1 params (varargs=0) at line 1343
DEBUG C_PARSER: parsed function __asinhf with 1 params (varargs=0) at line 1343
DEBUG C_PARSER: parsed function atanhf with 1 params (varargs=0) at line 1345
DEBUG C_PARSER: parsed function __atanhf with 1 params (varargs=0) at line 1345
DEBUG C_PARSER: parsed function expf with 1 params (varargs=0) at line 1351
DEBUG C_PARSER: parsed function __expf with 1 params (varargs=0) at line 1351
DEBUG C_PARSER: parsed function frexpf with 2 params (varargs=0) at line 1354
DEBUG C_PARSER: parsed function __frexpf with 2 params (varargs=0) at line 1354
DEBUG C_PARSER: parsed function ldexpf with 2 params (varargs=0) at line 1357
DEBUG C_PARSER: parsed function __ldexpf with 2 params (varargs=0) at line 1357
DEBUG C_PARSER: parsed function logf with 1 params (varargs=0) at line 1360
DEBUG C_PARSER: parsed function __logf with 1 params (varargs=0) at line 1360
DEBUG C_PARSER: parsed function log10f with 1 params (varargs=0) at line 1363
DEBUG C_PARSER: parsed function __log10f with 1 params (varargs=0) at line 1363
DEBUG C_PARSER: parsed function modff with 2 params (varargs=0) at line 1366
DEBUG C_PARSER: parsed function __modff with 2 params (varargs=0) at line 1366
DEBUG C_PARSER: parsed function exp10f with 1 params (varargs=0) at line 1370
DEBUG C_PARSER: parsed function __exp10f with 1 params (varargs=0) at line 1370
DEBUG C_PARSER: parsed function exp2m1f with 1 params (varargs=0) at line 1373
DEBUG C_PARSER: parsed function __exp2m1f with 1 params (varargs=0) at line 1373
DEBUG C_PARSER: parsed function exp10m1f with 1 params (varargs=0) at line 1376
DEBUG C_PARSER: parsed function __exp10m1f with 1 params (varargs=0) at line 1376
DEBUG C_PARSER: parsed function log2p1f with 1 params (varargs=0) at line 1379
DEBUG C_PARSER: parsed function __log2p1f with 1 params (varargs=0) at line 1379
DEBUG C_PARSER: parsed function log10p1f with 1 params (varargs=0) at line 1382
DEBUG C_PARSER: parsed function __log10p1f with 1 params (varargs=0) at line 1382
DEBUG C_PARSER: parsed function logp1f with 1 params (varargs=0) at line 1385
DEBUG C_PARSER: parsed function __logp1f with 1 params (varargs=0) at line 1385
DEBUG C_PARSER: parsed function expm1f with 1 params (varargs=0) at line 1390
DEBUG C_PARSER: parsed function __expm1f with 1 params (varargs=0) at line 1390
DEBUG C_PARSER: parsed function log1pf with 1 params (varargs=0) at line 1393
DEBUG C_PARSER: parsed function __log1pf with 1 params (varargs=0) at line 1393
DEBUG C_PARSER: parsed function logbf with 1 params (varargs=0) at line 1396
DEBUG C_PARSER: parsed function __logbf with 1 params (varargs=0) at line 1396
DEBUG C_PARSER: parsed function exp2f with 1 params (varargs=0) at line 1401
DEBUG C_PARSER: parsed function __exp2f with 1 params (varargs=0) at line 1401
DEBUG C_PARSER: parsed function log2f with 1 params (varargs=0) at line 1404
DEBUG C_PARSER: parsed function __log2f with 1 params (varargs=0) at line 1404
DEBUG C_PARSER: parsed function powf with 2 params (varargs=0) at line 1411
DEBUG C_PARSER: parsed function __powf with 2 params (varargs=0) at line 1411
DEBUG C_PARSER: parsed function sqrtf with 1 params (varargs=0) at line 1414
DEBUG C_PARSER: parsed function __sqrtf with 1 params (varargs=0) at line 1414
DEBUG C_PARSER: parsed function hypotf with 2 params (varargs=0) at line 1418
DEBUG C_PARSER: parsed function __hypotf with 2 params (varargs=0) at line 1418
DEBUG C_PARSER: parsed function cbrtf with 1 params (varargs=0) at line 1423
DEBUG C_PARSER: parsed function __cbrtf with 1 params (varargs=0) at line 1423
DEBUG C_PARSER: parsed function compoundnf with 2 params (varargs=0) at line 1428
DEBUG C_PARSER: parsed function __compoundnf with 2 params (varargs=0) at line 1428
DEBUG C_PARSER: parsed function pownf with 2 params (varargs=0) at line 1431
DEBUG C_PARSER: parsed function __pownf with 2 params (varargs=0) at line 1431
DEBUG C_PARSER: parsed function powrf with 2 params (varargs=0) at line 1434
DEBUG C_PARSER: parsed function __powrf with 2 params (varargs=0) at line 1434
DEBUG C_PARSER: parsed function powrf with 2 params (varargs=0) at line 1435
DEBUG C_PARSER: parsed function __powrf with 2 params (varargs=0) at line 1435
DEBUG C_PARSER: parsed function rootnf with 2 params (varargs=0) at line 1438
DEBUG C_PARSER: parsed function __rootnf with 2 params (varargs=0) at line 1438
DEBUG C_PARSER: parsed function rsqrtf with 1 params (varargs=0) at line 1441
DEBUG C_PARSER: parsed function __rsqrtf with 1 params (varargs=0) at line 1441
DEBUG C_PARSER: parsed function ceilf with 1 params (varargs=0) at line 1448
DEBUG C_PARSER: parsed function fabsf with 1 params (varargs=0) at line 1451
DEBUG C_PARSER: parsed function floorf with 1 params (varargs=0) at line 1454
DEBUG C_PARSER: parsed function fmodf with 2 params (varargs=0) at line 1457
DEBUG C_PARSER: parsed function __fmodf with 2 params (varargs=0) at line 1457
DEBUG C_PARSER: parsed function isinff with 1 params (varargs=0) at line 1459
DEBUG C_PARSER: parsed function finitef with 1 params (varargs=0) at line 1465
DEBUG C_PARSER: parsed function dremf with 2 params (varargs=0) at line 1469
DEBUG C_PARSER: parsed function __dremf with 2 params (varargs=0) at line 1469
DEBUG C_PARSER: parsed function significandf with 1 params (varargs=0) at line 1473
DEBUG C_PARSER: parsed function __significandf with 1 params (varargs=0) at line 1473
DEBUG C_PARSER: parsed function copysignf with 2 params (varargs=0) at line 1480
DEBUG C_PARSER: parsed function nanf with 1 params (varargs=0) at line 1485
DEBUG C_PARSER: parsed function __nanf with 1 params (varargs=0) at line 1485
DEBUG C_PARSER: parsed function isnanf with 1 params (varargs=0) at line 1487
DEBUG C_PARSER: parsed function j0f with 1 params (varargs=0) at line 1494
DEBUG C_PARSER: parsed function __j0f with 1 params (varargs=0) at line 1494
DEBUG C_PARSER: parsed function j1f with 1 params (varargs=0) at line 1495
DEBUG C_PARSER: parsed function __j1f with 1 params (varargs=0) at line 1495
DEBUG C_PARSER: parsed function jnf with 2 params (varargs=0) at line 1496
DEBUG C_PARSER: parsed function __jnf with 2 params (varargs=0) at line 1496
DEBUG C_PARSER: parsed function y0f with 1 params (varargs=0) at line 1497
DEBUG C_PARSER: parsed function __y0f with 1 params (varargs=0) at line 1497
DEBUG C_PARSER: parsed function y1f with 1 params (varargs=0) at line 1498
DEBUG C_PARSER: parsed function __y1f with 1 params (varargs=0) at line 1498
DEBUG C_PARSER: parsed function ynf with 2 params (varargs=0) at line 1499
DEBUG C_PARSER: parsed function __ynf with 2 params (varargs=0) at line 1499
DEBUG C_PARSER: parsed function erff with 1 params (varargs=0) at line 1505
DEBUG C_PARSER: parsed function __erff with 1 params (varargs=0) at line 1505
DEBUG C_PARSER: parsed function erfcf with 1 params (varargs=0) at line 1506
DEBUG C_PARSER: parsed function __erfcf with 1 params (varargs=0) at line 1506
DEBUG C_PARSER: parsed function lgammaf with 1 params (varargs=0) at line 1507
DEBUG C_PARSER: parsed function __lgammaf with 1 params (varargs=0) at line 1507
DEBUG C_PARSER: parsed function tgammaf with 1 params (varargs=0) at line 1512
DEBUG C_PARSER: parsed function __tgammaf with 1 params (varargs=0) at line 1512
DEBUG C_PARSER: parsed function gammaf with 1 params (varargs=0) at line 1518
DEBUG C_PARSER: parsed function __gammaf with 1 params (varargs=0) at line 1518
DEBUG C_PARSER: parsed function lgammaf_r with 2 params (varargs=0) at line 1526
DEBUG C_PARSER: parsed function __lgammaf_r with 2 params (varargs=0) at line 1526
DEBUG C_PARSER: parsed function rintf with 1 params (varargs=0) at line 1533
DEBUG C_PARSER: parsed function __rintf with 1 params (varargs=0) at line 1533
DEBUG C_PARSER: parsed function nextafterf with 2 params (varargs=0) at line 1536
DEBUG C_PARSER: parsed function __nextafterf with 2 params (varargs=0) at line 1536
DEBUG C_PARSER: parsed function nexttowardf with 2 params (varargs=0) at line 1538
DEBUG C_PARSER: parsed function __nexttowardf with 2 params (varargs=0) at line 1538
DEBUG C_PARSER: parsed function nextdownf with 1 params (varargs=0) at line 1543
DEBUG C_PARSER: parsed function __nextdownf with 1 params (varargs=0) at line 1543
DEBUG C_PARSER: parsed function nextupf with 1 params (varargs=0) at line 1545
DEBUG C_PARSER: parsed function __nextupf with 1 params (varargs=0) at line 1545
DEBUG C_PARSER: parsed function remainderf with 2 params (varargs=0) at line 1549
DEBUG C_PARSER: parsed function __remainderf with 2 params (varargs=0) at line 1549
DEBUG C_PARSER: parsed function scalbnf with 2 params (varargs=0) at line 1553
DEBUG C_PARSER: parsed function __scalbnf with 2 params (varargs=0) at line 1553
DEBUG C_PARSER: parsed function ilogbf with 1 params (varargs=0) at line 1557
DEBUG C_PARSER: parsed function __ilogbf with 1 params (varargs=0) at line 1557
DEBUG C_PARSER: parsed function llogbf with 1 params (varargs=0) at line 1562
DEBUG C_PARSER: parsed function __llogbf with 1 params (varargs=0) at line 1562
DEBUG C_PARSER: parsed function scalblnf with 2 params (varargs=0) at line 1567
DEBUG C_PARSER: parsed function __scalblnf with 2 params (varargs=0) at line 1567
DEBUG C_PARSER: parsed function nearbyintf with 1 params (varargs=0) at line 1571
DEBUG C_PARSER: parsed function __nearbyintf with 1 params (varargs=0) at line 1571
DEBUG C_PARSER: parsed function roundf with 1 params (varargs=0) at line 1575
DEBUG C_PARSER: parsed function truncf with 1 params (varargs=0) at line 1579
DEBUG C_PARSER: parsed function remquof with 3 params (varargs=0) at line 1584
DEBUG C_PARSER: parsed function __remquof with 3 params (varargs=0) at line 1584
DEBUG C_PARSER: parsed function lrintf with 1 params (varargs=0) at line 1591
DEBUG C_PARSER: parsed function __lrintf with 1 params (varargs=0) at line 1591
DEBUG C_PARSER: parsed function llrintf with 1 params (varargs=0) at line 1593
DEBUG C_PARSER: parsed function __llrintf with 1 params (varargs=0) at line 1593
DEBUG C_PARSER: parsed function lroundf with 1 params (varargs=0) at line 1597
DEBUG C_PARSER: parsed function __lroundf with 1 params (varargs=0) at line 1597
DEBUG C_PARSER: parsed function llroundf with 1 params (varargs=0) at line 1599
DEBUG C_PARSER: parsed function __llroundf with 1 params (varargs=0) at line 1599
DEBUG C_PARSER: parsed function fdimf with 2 params (varargs=0) at line 1603
DEBUG C_PARSER: parsed function __fdimf with 2 params (varargs=0) at line 1603
DEBUG C_PARSER: parsed function fmaxf with 2 params (varargs=0) at line 1607
DEBUG C_PARSER: parsed function fminf with 2 params (varargs=0) at line 1610
DEBUG C_PARSER: parsed function fmaf with 3 params (varargs=0) at line 1614
DEBUG C_PARSER: parsed function __fmaf with 3 params (varargs=0) at line 1614
DEBUG C_PARSER: parsed function roundevenf with 1 params (varargs=0) at line 1619
DEBUG C_PARSER: parsed function fromfpf with 3 params (varargs=0) at line 1623
DEBUG C_PARSER: parsed function __fromfpf with 3 params (varargs=0) at line 1623
DEBUG C_PARSER: parsed function ufromfpf with 3 params (varargs=0) at line 1627
DEBUG C_PARSER: parsed function __ufromfpf with 3 params (varargs=0) at line 1627
DEBUG C_PARSER: parsed function fromfpxf with 3 params (varargs=0) at line 1632
DEBUG C_PARSER: parsed function __fromfpxf with 3 params (varargs=0) at line 1632
DEBUG C_PARSER: parsed function ufromfpxf with 3 params (varargs=0) at line 1637
DEBUG C_PARSER: parsed function __ufromfpxf with 3 params (varargs=0) at line 1637
DEBUG C_PARSER: parsed function canonicalizef with 2 params (varargs=0) at line 1640
DEBUG C_PARSER: parsed function fmaximumf with 2 params (varargs=0) at line 1642
DEBUG C_PARSER: parsed function fminimumf with 2 params (varargs=0) at line 1645
DEBUG C_PARSER: parsed function fmaximum_numf with 2 params (varargs=0) at line 1648
DEBUG C_PARSER: parsed function fminimum_numf with 2 params (varargs=0) at line 1651
DEBUG C_PARSER: parsed function fmaximum_magf with 2 params (varargs=0) at line 1654
DEBUG C_PARSER: parsed function fminimum_magf with 2 params (varargs=0) at line 1657
DEBUG C_PARSER: parsed function fmaximum_mag_numf with 2 params (varargs=0) at line 1660
DEBUG C_PARSER: parsed function fminimum_mag_numf with 2 params (varargs=0) at line 1663
DEBUG C_PARSER: parsed function scalbf with 2 params (varargs=0) at line 1665
DEBUG C_PARSER: parsed function __scalbf with 2 params (varargs=0) at line 1665
DEBUG C_PARSER: parsed function __fpclassifyl with 1 params (varargs=0) at line 1670
DEBUG C_PARSER: parsed function __signbitl with 1 params (varargs=0) at line 1674
DEBUG C_PARSER: parsed function __isinfl with 1 params (varargs=0) at line 1679
DEBUG C_PARSER: parsed function __finitel with 1 params (varargs=0) at line 1683
DEBUG C_PARSER: parsed function __isnanl with 1 params (varargs=0) at line 1687
DEBUG C_PARSER: parsed function __iseqsigl with 2 params (varargs=0) at line 1691
DEBUG C_PARSER: parsed function __issignalingl with 1 params (varargs=0) at line 1694
DEBUG C_PARSER: parsed function acosl with 1 params (varargs=0) at line 1699
DEBUG C_PARSER: parsed function __acosl with 1 params (varargs=0) at line 1699
DEBUG C_PARSER: parsed function asinl with 1 params (varargs=0) at line 1701
DEBUG C_PARSER: parsed function __asinl with 1 params (varargs=0) at line 1701
DEBUG C_PARSER: parsed function atanl with 1 params (varargs=0) at line 1703
DEBUG C_PARSER: parsed function __atanl with 1 params (varargs=0) at line 1703
DEBUG C_PARSER: parsed function atan2l with 2 params (varargs=0) at line 1705
DEBUG C_PARSER: parsed function __atan2l with 2 params (varargs=0) at line 1705
DEBUG C_PARSER: parsed function cosl with 1 params (varargs=0) at line 1708
DEBUG C_PARSER: parsed function __cosl with 1 params (varargs=0) at line 1708
DEBUG C_PARSER: parsed function sinl with 1 params (varargs=0) at line 1710
DEBUG C_PARSER: parsed function __sinl with 1 params (varargs=0) at line 1710
DEBUG C_PARSER: parsed function tanl with 1 params (varargs=0) at line 1712
DEBUG C_PARSER: parsed function __tanl with 1 params (varargs=0) at line 1712
DEBUG C_PARSER: parsed function acospil with 1 params (varargs=0) at line 1716
DEBUG C_PARSER: parsed function __acospil with 1 params (varargs=0) at line 1716
DEBUG C_PARSER: parsed function acospil with 1 params (varargs=0) at line 1717
DEBUG C_PARSER: parsed function __acospil with 1 params (varargs=0) at line 1717
DEBUG C_PARSER: parsed function asinpil with 1 params (varargs=0) at line 1719
DEBUG C_PARSER: parsed function __asinpil with 1 params (varargs=0) at line 1719
DEBUG C_PARSER: parsed function asinpil with 1 params (varargs=0) at line 1720
DEBUG C_PARSER: parsed function __asinpil with 1 params (varargs=0) at line 1720
DEBUG C_PARSER: parsed function atanpil with 1 params (varargs=0) at line 1722
DEBUG C_PARSER: parsed function __atanpil with 1 params (varargs=0) at line 1722
DEBUG C_PARSER: parsed function atanpil with 1 params (varargs=0) at line 1723
DEBUG C_PARSER: parsed function __atanpil with 1 params (varargs=0) at line 1723
DEBUG C_PARSER: parsed function atan2pil with 2 params (varargs=0) at line 1725
DEBUG C_PARSER: parsed function __atan2pil with 2 params (varargs=0) at line 1725
DEBUG C_PARSER: parsed function atan2pil with 2 params (varargs=0) at line 1726
DEBUG C_PARSER: parsed function __atan2pil with 2 params (varargs=0) at line 1726
DEBUG C_PARSER: parsed function cospil with 1 params (varargs=0) at line 1729
DEBUG C_PARSER: parsed function __cospil with 1 params (varargs=0) at line 1729
DEBUG C_PARSER: parsed function sinpil with 1 params (varargs=0) at line 1731
DEBUG C_PARSER: parsed function __sinpil with 1 params (varargs=0) at line 1731
DEBUG C_PARSER: parsed function tanpil with 1 params (varargs=0) at line 1733
DEBUG C_PARSER: parsed function __tanpil with 1 params (varargs=0) at line 1733
DEBUG C_PARSER: parsed function coshl with 1 params (varargs=0) at line 1739
DEBUG C_PARSER: parsed function __coshl with 1 params (varargs=0) at line 1739
DEBUG C_PARSER: parsed function sinhl with 1 params (varargs=0) at line 1741
DEBUG C_PARSER: parsed function __sinhl with 1 params (varargs=0) at line 1741
DEBUG C_PARSER: parsed function tanhl with 1 params (varargs=0) at line 1743
DEBUG C_PARSER: parsed function __tanhl with 1 params (varargs=0) at line 1743
DEBUG C_PARSER: parsed function acoshl with 1 params (varargs=0) at line 1745
DEBUG C_PARSER: parsed function __acoshl with 1 params (varargs=0) at line 1745
DEBUG C_PARSER: parsed function asinhl with 1 params (varargs=0) at line 1747
DEBUG C_PARSER: parsed function __asinhl with 1 params (varargs=0) at line 1747
DEBUG C_PARSER: parsed function atanhl with 1 params (varargs=0) at line 1749
DEBUG C_PARSER: parsed function __atanhl with 1 params (varargs=0) at line 1749
DEBUG C_PARSER: parsed function expl with 1 params (varargs=0) at line 1755
DEBUG C_PARSER: parsed function __expl with 1 params (varargs=0) at line 1755
DEBUG C_PARSER: parsed function frexpl with 2 params (varargs=0) at line 1758
DEBUG C_PARSER: parsed function __frexpl with 2 params (varargs=0) at line 1758
DEBUG C_PARSER: parsed function ldexpl with 2 params (varargs=0) at line 1761
DEBUG C_PARSER: parsed function __ldexpl with 2 params (varargs=0) at line 1761
DEBUG C_PARSER: parsed function logl with 1 params (varargs=0) at line 1764
DEBUG C_PARSER: parsed function __logl with 1 params (varargs=0) at line 1764
DEBUG C_PARSER: parsed function log10l with 1 params (varargs=0) at line 1767
DEBUG C_PARSER: parsed function __log10l with 1 params (varargs=0) at line 1767
DEBUG C_PARSER: parsed function modfl with 2 params (varargs=0) at line 1770
DEBUG C_PARSER: parsed function __modfl with 2 params (varargs=0) at line 1770
DEBUG C_PARSER: parsed function exp10l with 1 params (varargs=0) at line 1774
DEBUG C_PARSER: parsed function __exp10l with 1 params (varargs=0) at line 1774
DEBUG C_PARSER: parsed function exp2m1l with 1 params (varargs=0) at line 1777
DEBUG C_PARSER: parsed function __exp2m1l with 1 params (varargs=0) at line 1777
DEBUG C_PARSER: parsed function exp10m1l with 1 params (varargs=0) at line 1780
DEBUG C_PARSER: parsed function __exp10m1l with 1 params (varargs=0) at line 1780
DEBUG C_PARSER: parsed function log2p1l with 1 params (varargs=0) at line 1783
DEBUG C_PARSER: parsed function __log2p1l with 1 params (varargs=0) at line 1783
DEBUG C_PARSER: parsed function log10p1l with 1 params (varargs=0) at line 1786
DEBUG C_PARSER: parsed function __log10p1l with 1 params (varargs=0) at line 1786
DEBUG C_PARSER: parsed function logp1l with 1 params (varargs=0) at line 1789
DEBUG C_PARSER: parsed function __logp1l with 1 params (varargs=0) at line 1789
DEBUG C_PARSER: parsed function expm1l with 1 params (varargs=0) at line 1794
DEBUG C_PARSER: parsed function __expm1l with 1 params (varargs=0) at line 1794
DEBUG C_PARSER: parsed function log1pl with 1 params (varargs=0) at line 1797
DEBUG C_PARSER: parsed function __log1pl with 1 params (varargs=0) at line 1797
DEBUG C_PARSER: parsed function logbl with 1 params (varargs=0) at line 1800
DEBUG C_PARSER: parsed function __logbl with 1 params (varargs=0) at line 1800
DEBUG C_PARSER: parsed function exp2l with 1 params (varargs=0) at line 1805
DEBUG C_PARSER: parsed function __exp2l with 1 params (varargs=0) at line 1805
DEBUG C_PARSER: parsed function log2l with 1 params (varargs=0) at line 1808
DEBUG C_PARSER: parsed function __log2l with 1 params (varargs=0) at line 1808
DEBUG C_PARSER: parsed function powl with 2 params (varargs=0) at line 1815
DEBUG C_PARSER: parsed function __powl with 2 params (varargs=0) at line 1815
DEBUG C_PARSER: parsed function sqrtl with 1 params (varargs=0) at line 1818
DEBUG C_PARSER: parsed function __sqrtl with 1 params (varargs=0) at line 1818
DEBUG C_PARSER: parsed function hypotl with 2 params (varargs=0) at line 1822
DEBUG C_PARSER: parsed function __hypotl with 2 params (varargs=0) at line 1822
DEBUG C_PARSER: parsed function cbrtl with 1 params (varargs=0) at line 1827
DEBUG C_PARSER: parsed function __cbrtl with 1 params (varargs=0) at line 1827
DEBUG C_PARSER: parsed function compoundnl with 2 params (varargs=0) at line 1832
DEBUG C_PARSER: parsed function __compoundnl with 2 params (varargs=0) at line 1832
DEBUG C_PARSER: parsed function pownl with 2 params (varargs=0) at line 1835
DEBUG C_PARSER: parsed function __pownl with 2 params (varargs=0) at line 1835
DEBUG C_PARSER: parsed function powrl with 2 params (varargs=0) at line 1838
DEBUG C_PARSER: parsed function __powrl with 2 params (varargs=0) at line 1838
DEBUG C_PARSER: parsed function powrl with 2 params (varargs=0) at line 1839
DEBUG C_PARSER: parsed function __powrl with 2 params (varargs=0) at line 1839
DEBUG C_PARSER: parsed function rootnl with 2 params (varargs=0) at line 1842
DEBUG C_PARSER: parsed function __rootnl with 2 params (varargs=0) at line 1842
DEBUG C_PARSER: parsed function rsqrtl with 1 params (varargs=0) at line 1845
DEBUG C_PARSER: parsed function __rsqrtl with 1 params (varargs=0) at line 1845
DEBUG C_PARSER: parsed function ceill with 1 params (varargs=0) at line 1852
DEBUG C_PARSER: parsed function fabsl with 1 params (varargs=0) at line 1855
DEBUG C_PARSER: parsed function floorl with 1 params (varargs=0) at line 1858
DEBUG C_PARSER: parsed function fmodl with 2 params (varargs=0) at line 1861
DEBUG C_PARSER: parsed function __fmodl with 2 params (varargs=0) at line 1861
DEBUG C_PARSER: parsed function isinfl with 1 params (varargs=0) at line 1863
DEBUG C_PARSER: parsed function finitel with 1 params (varargs=0) at line 1869
DEBUG C_PARSER: parsed function dreml with 2 params (varargs=0) at line 1873
DEBUG C_PARSER: parsed function __dreml with 2 params (varargs=0) at line 1873
DEBUG C_PARSER: parsed function significandl with 1 params (varargs=0) at line 1877
DEBUG C_PARSER: parsed function __significandl with 1 params (varargs=0) at line 1877
DEBUG C_PARSER: parsed function copysignl with 2 params (varargs=0) at line 1884
DEBUG C_PARSER: parsed function nanl with 1 params (varargs=0) at line 1889
DEBUG C_PARSER: parsed function __nanl with 1 params (varargs=0) at line 1889
DEBUG C_PARSER: parsed function isnanl with 1 params (varargs=0) at line 1891
DEBUG C_PARSER: parsed function j0l with 1 params (varargs=0) at line 1898
DEBUG C_PARSER: parsed function __j0l with 1 params (varargs=0) at line 1898
DEBUG C_PARSER: parsed function j1l with 1 params (varargs=0) at line 1899
DEBUG C_PARSER: parsed function __j1l with 1 params (varargs=0) at line 1899
DEBUG C_PARSER: parsed function jnl with 2 params (varargs=0) at line 1900
DEBUG C_PARSER: parsed function __jnl with 2 params (varargs=0) at line 1900
DEBUG C_PARSER: parsed function y0l with 1 params (varargs=0) at line 1901
DEBUG C_PARSER: parsed function __y0l with 1 params (varargs=0) at line 1901
DEBUG C_PARSER: parsed function y1l with 1 params (varargs=0) at line 1902
DEBUG C_PARSER: parsed function __y1l with 1 params (varargs=0) at line 1902
DEBUG C_PARSER: parsed function ynl with 2 params (varargs=0) at line 1903
DEBUG C_PARSER: parsed function __ynl with 2 params (varargs=0) at line 1903
DEBUG C_PARSER: parsed function erfl with 1 params (varargs=0) at line 1909
DEBUG C_PARSER: parsed function __erfl with 1 params (varargs=0) at line 1909
DEBUG C_PARSER: parsed function erfcl with 1 params (varargs=0) at line 1910
DEBUG C_PARSER: parsed function __erfcl with 1 params (varargs=0) at line 1910
DEBUG C_PARSER: parsed function lgammal with 1 params (varargs=0) at line 1911
DEBUG C_PARSER: parsed function __lgammal with 1 params (varargs=0) at line 1911
DEBUG C_PARSER: parsed function tgammal with 1 params (varargs=0) at line 1916
DEBUG C_PARSER: parsed function __tgammal with 1 params (varargs=0) at line 1916
DEBUG C_PARSER: parsed function gammal with 1 params (varargs=0) at line 1922
DEBUG C_PARSER: parsed function __gammal with 1 params (varargs=0) at line 1922
DEBUG C_PARSER: parsed function lgammal_r with 2 params (varargs=0) at line 1930
DEBUG C_PARSER: parsed function __lgammal_r with 2 params (varargs=0) at line 1930
DEBUG C_PARSER: parsed function rintl with 1 params (varargs=0) at line 1937
DEBUG C_PARSER: parsed function __rintl with 1 params (varargs=0) at line 1937
DEBUG C_PARSER: parsed function nextafterl with 2 params (varargs=0) at line 1940
DEBUG C_PARSER: parsed function __nextafterl with 2 params (varargs=0) at line 1940
DEBUG C_PARSER: parsed function nexttowardl with 2 params (varargs=0) at line 1942
DEBUG C_PARSER: parsed function __nexttowardl with 2 params (varargs=0) at line 1942
DEBUG C_PARSER: parsed function nextdownl with 1 params (varargs=0) at line 1947
DEBUG C_PARSER: parsed function __nextdownl with 1 params (varargs=0) at line 1947
DEBUG C_PARSER: parsed function nextupl with 1 params (varargs=0) at line 1949
DEBUG C_PARSER: parsed function __nextupl with 1 params (varargs=0) at line 1949
DEBUG C_PARSER: parsed function remainderl with 2 params (varargs=0) at line 1953
DEBUG C_PARSER: parsed function __remainderl with 2 params (varargs=0) at line 1953
DEBUG C_PARSER: parsed function scalbnl with 2 params (varargs=0) at line 1957
DEBUG C_PARSER: parsed function __scalbnl with 2 params (varargs=0) at line 1957
DEBUG C_PARSER: parsed function ilogbl with 1 params (varargs=0) at line 1961
DEBUG C_PARSER: parsed function __ilogbl with 1 params (varargs=0) at line 1961
DEBUG C_PARSER: parsed function llogbl with 1 params (varargs=0) at line 1966
DEBUG C_PARSER: parsed function __llogbl with 1 params (varargs=0) at line 1966
DEBUG C_PARSER: parsed function scalblnl with 2 params (varargs=0) at line 1971
DEBUG C_PARSER: parsed function __scalblnl with 2 params (varargs=0) at line 1971
DEBUG C_PARSER: parsed function nearbyintl with 1 params (varargs=0) at line 1975
DEBUG C_PARSER: parsed function __nearbyintl with 1 params (varargs=0) at line 1975
DEBUG C_PARSER: parsed function roundl with 1 params (varargs=0) at line 1979
DEBUG C_PARSER: parsed function truncl with 1 params (varargs=0) at line 1983
DEBUG C_PARSER: parsed function remquol with 3 params (varargs=0) at line 1988
DEBUG C_PARSER: parsed function __remquol with 3 params (varargs=0) at line 1988
DEBUG C_PARSER: parsed function lrintl with 1 params (varargs=0) at line 1995
DEBUG C_PARSER: parsed function __lrintl with 1 params (varargs=0) at line 1995
DEBUG C_PARSER: parsed function llrintl with 1 params (varargs=0) at line 1997
DEBUG C_PARSER: parsed function __llrintl with 1 params (varargs=0) at line 1997
DEBUG C_PARSER: parsed function lroundl with 1 params (varargs=0) at line 2001
DEBUG C_PARSER: parsed function __lroundl with 1 params (varargs=0) at line 2001
DEBUG C_PARSER: parsed function llroundl with 1 params (varargs=0) at line 2003
DEBUG C_PARSER: parsed function __llroundl with 1 params (varargs=0) at line 2003
DEBUG C_PARSER: parsed function fdiml with 2 params (varargs=0) at line 2007
DEBUG C_PARSER: parsed function __fdiml with 2 params (varargs=0) at line 2007
DEBUG C_PARSER: parsed function fmaxl with 2 params (varargs=0) at line 2011
DEBUG C_PARSER: parsed function fminl with 2 params (varargs=0) at line 2014
DEBUG C_PARSER: parsed function fmal with 3 params (varargs=0) at line 2018
DEBUG C_PARSER: parsed function __fmal with 3 params (varargs=0) at line 2018
DEBUG C_PARSER: parsed function roundevenl with 1 params (varargs=0) at line 2023
DEBUG C_PARSER: parsed function fromfpl with 3 params (varargs=0) at line 2027
DEBUG C_PARSER: parsed function __fromfpl with 3 params (varargs=0) at line 2027
DEBUG C_PARSER: parsed function ufromfpl with 3 params (varargs=0) at line 2031
DEBUG C_PARSER: parsed function __ufromfpl with 3 params (varargs=0) at line 2031
DEBUG C_PARSER: parsed function fromfpxl with 3 params (varargs=0) at line 2036
DEBUG C_PARSER: parsed function __fromfpxl with 3 params (varargs=0) at line 2036
DEBUG C_PARSER: parsed function ufromfpxl with 3 params (varargs=0) at line 2041
DEBUG C_PARSER: parsed function __ufromfpxl with 3 params (varargs=0) at line 2041
DEBUG C_PARSER: parsed function canonicalizel with 2 params (varargs=0) at line 2044
DEBUG C_PARSER: parsed function fmaximuml with 2 params (varargs=0) at line 2046
DEBUG C_PARSER: parsed function fminimuml with 2 params (varargs=0) at line 2049
DEBUG C_PARSER: parsed function fmaximum_numl with 2 params (varargs=0) at line 2052
DEBUG C_PARSER: parsed function fminimum_numl with 2 params (varargs=0) at line 2055
DEBUG C_PARSER: parsed function fmaximum_magl with 2 params (varargs=0) at line 2058
DEBUG C_PARSER: parsed function fminimum_magl with 2 params (varargs=0) at line 2061
DEBUG C_PARSER: parsed function fmaximum_mag_numl with 2 params (varargs=0) at line 2064
DEBUG C_PARSER: parsed function fminimum_mag_numl with 2 params (varargs=0) at line 2067
DEBUG C_PARSER: parsed function scalbl with 2 params (varargs=0) at line 2069
DEBUG C_PARSER: parsed function __scalbl with 2 params (varargs=0) at line 2069
DEBUG C_PARSER: parsed function __fpclassifyf128 with 1 params (varargs=0) at line 2074
DEBUG C_PARSER: parsed function __signbitf128 with 1 params (varargs=0) at line 2078
DEBUG C_PARSER: parsed function __isinff128 with 1 params (varargs=0) at line 2083
DEBUG C_PARSER: parsed function __finitef128 with 1 params (varargs=0) at line 2087
DEBUG C_PARSER: parsed function __isnanf128 with 1 params (varargs=0) at line 2091
DEBUG C_PARSER: parsed function __iseqsigf128 with 2 params (varargs=0) at line 2095
DEBUG C_PARSER: parsed function __issignalingf128 with 1 params (varargs=0) at line 2098
DEBUG C_PARSER: parsed function fadd with 2 params (varargs=0) at line 2104
DEBUG C_PARSER: parsed function fdiv with 2 params (varargs=0) at line 2107
DEBUG C_PARSER: parsed function ffma with 3 params (varargs=0) at line 2110
DEBUG C_PARSER: parsed function fmul with 2 params (varargs=0) at line 2113
DEBUG C_PARSER: parsed function fsqrt with 1 params (varargs=0) at line 2116
DEBUG C_PARSER: parsed function fsub with 2 params (varargs=0) at line 2119
DEBUG C_PARSER: parsed function faddl with 2 params (varargs=0) at line 2124
DEBUG C_PARSER: parsed function fdivl with 2 params (varargs=0) at line 2127
DEBUG C_PARSER: parsed function ffmal with 3 params (varargs=0) at line 2130
DEBUG C_PARSER: parsed function fmull with 2 params (varargs=0) at line 2133
DEBUG C_PARSER: parsed function fsqrtl with 1 params (varargs=0) at line 2136
DEBUG C_PARSER: parsed function fsubl with 2 params (varargs=0) at line 2139
DEBUG C_PARSER: parsed function daddl with 2 params (varargs=0) at line 2144
DEBUG C_PARSER: parsed function ddivl with 2 params (varargs=0) at line 2147
DEBUG C_PARSER: parsed function dfmal with 3 params (varargs=0) at line 2150
DEBUG C_PARSER: parsed function dmull with 2 params (varargs=0) at line 2153
DEBUG C_PARSER: parsed function dsqrtl with 1 params (varargs=0) at line 2156
DEBUG C_PARSER: parsed function dsubl with 2 params (varargs=0) at line 2159
DEBUG C_PARSER: parsed function __iscanonicall with 1 params (varargs=0) at line 2186
DEBUG C_PARSER: parsed function imaxabs with 1 params (varargs=0) at line 2220
DEBUG C_PARSER: parsed function imaxdiv with 2 params (varargs=0) at line 2229
DEBUG C_PARSER: parsed function strtoimax with 3 params (varargs=0) at line 2233
DEBUG C_PARSER: parsed function strtoumax with 3 params (varargs=0) at line 2237
DEBUG C_PARSER: parsed function wcstoimax with 3 params (varargs=0) at line 2242
DEBUG C_PARSER: parsed function wcstoumax with 3 params (varargs=0) at line 2247
DEBUG C_PARSER: parsed function strtoimax with 3 params (varargs=0) at line 2253
DEBUG C_PARSER: parsed function strtoumax with 3 params (varargs=0) at line 2256
DEBUG C_PARSER: parsed function wcstoimax with 3 params (varargs=0) at line 2259
DEBUG C_PARSER: parsed function wcstoumax with 3 params (varargs=0) at line 2263
DEBUG C_PARSER: parsed function wl_list_init with 1 params (varargs=0) at line 2311
DEBUG C_PARSER: parsed function wl_list_insert with 2 params (varargs=0) at line 2314
DEBUG C_PARSER: parsed function wl_list_remove with 1 params (varargs=0) at line 2317
DEBUG C_PARSER: parsed function wl_list_length with 1 params (varargs=0) at line 2320
DEBUG C_PARSER: parsed function wl_list_empty with 1 params (varargs=0) at line 2323
DEBUG C_PARSER: parsed function wl_list_insert_list with 2 params (varargs=0) at line 2326
DEBUG C_PARSER: parsed function wl_array_init with 1 params (varargs=0) at line 2338
DEBUG C_PARSER: parsed function wl_array_release with 1 params (varargs=0) at line 2341
DEBUG C_PARSER: parsed function wl_array_add with 2 params (varargs=0) at line 2344
DEBUG C_PARSER: parsed function wl_array_copy with 2 params (varargs=0) at line 2347
DEBUG C_PARSER: parsed function wl_fixed_to_double with 1 params (varargs=0) at line 2353
DEBUG C_PARSER: parsed function wl_fixed_from_double with 1 params (varargs=0) at line 2359
DEBUG C_PARSER: parsed function wl_fixed_to_int with 1 params (varargs=0) at line 2365
DEBUG C_PARSER: parsed function wl_fixed_from_int with 1 params (varargs=0) at line 2371
DEBUG C_PARSER: parsed function wl_event_loop_create with 0 params (varargs=0) at line 2428
DEBUG C_PARSER: parsed function wl_event_loop_destroy with 1 params (varargs=0) at line 2431
DEBUG C_PARSER: parsed function wl_event_loop_add_fd with 5 params (varargs=0) at line 2437
DEBUG C_PARSER: parsed function wl_event_source_fd_update with 2 params (varargs=0) at line 2440
DEBUG C_PARSER: parsed function wl_event_loop_add_timer with 3 params (varargs=0) at line 2445
DEBUG C_PARSER: parsed function wl_event_loop_add_signal with 4 params (varargs=0) at line 2451
DEBUG C_PARSER: parsed function wl_event_source_timer_update with 2 params (varargs=0) at line 2455
DEBUG C_PARSER: parsed function wl_event_source_remove with 1 params (varargs=0) at line 2458
DEBUG C_PARSER: parsed function wl_event_source_check with 1 params (varargs=0) at line 2461
DEBUG C_PARSER: parsed function wl_event_loop_dispatch with 2 params (varargs=0) at line 2464
DEBUG C_PARSER: parsed function wl_event_loop_dispatch_idle with 1 params (varargs=0) at line 2467
DEBUG C_PARSER: parsed function wl_event_loop_add_idle with 3 params (varargs=0) at line 2472
DEBUG C_PARSER: parsed function wl_event_loop_get_fd with 1 params (varargs=0) at line 2475
DEBUG C_PARSER: parsed function wl_event_loop_add_destroy_listener with 2 params (varargs=0) at line 2483
DEBUG C_PARSER: parsed function wl_event_loop_get_destroy_listener with 2 params (varargs=0) at line 2487
DEBUG C_PARSER: parsed function wl_display_create with 0 params (varargs=0) at line 2490
DEBUG C_PARSER: parsed function wl_display_destroy with 1 params (varargs=0) at line 2493
DEBUG C_PARSER: parsed function wl_display_get_event_loop with 1 params (varargs=0) at line 2496
DEBUG C_PARSER: parsed function wl_display_add_socket with 2 params (varargs=0) at line 2499
DEBUG C_PARSER: parsed function wl_display_add_socket_auto with 1 params (varargs=0) at line 2502
DEBUG C_PARSER: parsed function wl_display_add_socket_fd with 2 params (varargs=0) at line 2505
DEBUG C_PARSER: parsed function wl_display_terminate with 1 params (varargs=0) at line 2508
DEBUG C_PARSER: parsed function wl_display_run with 1 params (varargs=0) at line 2511
DEBUG C_PARSER: parsed function wl_display_flush_clients with 1 params (varargs=0) at line 2514
DEBUG C_PARSER: parsed function wl_display_destroy_clients with 1 params (varargs=0) at line 2517
DEBUG C_PARSER: parsed function wl_display_set_default_max_buffer_size with 2 params (varargs=0) at line 2521
DEBUG C_PARSER: parsed function wl_display_get_serial with 1 params (varargs=0) at line 2529
DEBUG C_PARSER: parsed function wl_display_next_serial with 1 params (varargs=0) at line 2532
DEBUG C_PARSER: parsed function wl_display_add_destroy_listener with 2 params (varargs=0) at line 2536
DEBUG C_PARSER: parsed function wl_display_add_client_created_listener with 2 params (varargs=0) at line 2540
DEBUG C_PARSER: parsed function wl_display_get_destroy_listener with 2 params (varargs=0) at line 2544
DEBUG C_PARSER: parsed function wl_global_create with 5 params (varargs=0) at line 2550
DEBUG C_PARSER: parsed function wl_global_remove with 1 params (varargs=0) at line 2553
DEBUG C_PARSER: parsed function wl_global_destroy with 1 params (varargs=0) at line 2556
DEBUG C_PARSER: parsed function wl_display_set_global_filter with 3 params (varargs=0) at line 2565
DEBUG C_PARSER: parsed function wl_global_get_interface with 1 params (varargs=0) at line 2568
DEBUG C_PARSER: parsed function wl_global_get_name with 2 params (varargs=0) at line 2572
DEBUG C_PARSER: parsed function wl_global_get_version with 1 params (varargs=0) at line 2575
DEBUG C_PARSER: parsed function wl_global_get_display with 1 params (varargs=0) at line 2578
DEBUG C_PARSER: parsed function wl_global_get_user_data with 1 params (varargs=0) at line 2581
DEBUG C_PARSER: parsed function wl_global_set_user_data with 2 params (varargs=0) at line 2584
DEBUG C_PARSER: parsed function wl_client_create with 2 params (varargs=0) at line 2587
DEBUG C_PARSER: parsed function wl_display_get_client_list with 1 params (varargs=0) at line 2590
DEBUG C_PARSER: parsed function wl_client_get_link with 1 params (varargs=0) at line 2593
DEBUG C_PARSER: parsed function wl_client_from_link with 1 params (varargs=0) at line 2596
DEBUG C_PARSER: parsed function wl_client_destroy with 1 params (varargs=0) at line 2605
DEBUG C_PARSER: parsed function wl_client_flush with 1 params (varargs=0) at line 2608
DEBUG C_PARSER: parsed function wl_client_get_credentials with 4 params (varargs=0) at line 2612
DEBUG C_PARSER: parsed function wl_client_get_fd with 1 params (varargs=0) at line 2615
DEBUG C_PARSER: parsed function wl_client_add_destroy_listener with 2 params (varargs=0) at line 2619
DEBUG C_PARSER: parsed function wl_client_get_destroy_listener with 2 params (varargs=0) at line 2623
DEBUG C_PARSER: parsed function wl_client_add_destroy_late_listener with 2 params (varargs=0) at line 2627
DEBUG C_PARSER: parsed function wl_client_get_destroy_late_listener with 2 params (varargs=0) at line 2631
DEBUG C_PARSER: parsed function wl_client_get_object with 2 params (varargs=0) at line 2634
DEBUG C_PARSER: parsed function wl_client_post_no_memory with 1 params (varargs=0) at line 2637
DEBUG C_PARSER: parsed function wl_client_post_implementation_error with 2 params (varargs=1) at line 2641
DEBUG C_PARSER: parsed function wl_client_add_resource_created_listener with 2 params (varargs=0) at line 2645
DEBUG C_PARSER: parsed function wl_client_for_each_resource with 3 params (varargs=0) at line 2655
DEBUG C_PARSER: parsed function wl_client_set_user_data with 3 params (varargs=0) at line 2662
DEBUG C_PARSER: parsed function wl_client_get_user_data with 1 params (varargs=0) at line 2665
DEBUG C_PARSER: parsed function wl_client_set_max_buffer_size with 2 params (varargs=0) at line 2668
DEBUG C_PARSER: parsed function wl_signal_init with 1 params (varargs=0) at line 2690
DEBUG C_PARSER: parsed function wl_signal_add with 2 params (varargs=0) at line 2696
DEBUG C_PARSER: parsed function wl_signal_get with 2 params (varargs=0) at line 2702
DEBUG C_PARSER: parsed function wl_signal_emit with 2 params (varargs=0) at line 2714
DEBUG C_PARSER: parsed function wl_signal_emit_mutable with 2 params (varargs=0) at line 2722
DEBUG C_PARSER: parsed function wl_resource_post_event with 2 params (varargs=1) at line 2728
DEBUG C_PARSER: parsed function wl_resource_post_event_array with 3 params (varargs=0) at line 2732
DEBUG C_PARSER: parsed function wl_resource_queue_event with 2 params (varargs=1) at line 2736
DEBUG C_PARSER: parsed function wl_resource_queue_event_array with 3 params (varargs=0) at line 2740
DEBUG C_PARSER: parsed function wl_resource_post_error_vargs with 4 params (varargs=0) at line 2744
DEBUG C_PARSER: parsed function wl_resource_post_error with 3 params (varargs=1) at line 2748
DEBUG C_PARSER: parsed function wl_resource_post_no_memory with 1 params (varargs=0) at line 2751
DEBUG C_PARSER: parsed function wl_client_get_display with 1 params (varargs=0) at line 2754
DEBUG C_PARSER: parsed function wl_resource_create with 4 params (varargs=0) at line 2759
DEBUG C_PARSER: parsed function wl_resource_set_implementation with 4 params (varargs=0) at line 2765
DEBUG C_PARSER: parsed function wl_resource_set_dispatcher with 5 params (varargs=0) at line 2772
DEBUG C_PARSER: parsed function wl_resource_destroy with 1 params (varargs=0) at line 2775
DEBUG C_PARSER: parsed function wl_resource_get_id with 1 params (varargs=0) at line 2778
DEBUG C_PARSER: parsed function wl_resource_get_link with 1 params (varargs=0) at line 2781
DEBUG C_PARSER: parsed function wl_resource_from_link with 1 params (varargs=0) at line 2784
DEBUG C_PARSER: parsed function wl_resource_find_for_client with 2 params (varargs=0) at line 2787
DEBUG C_PARSER: parsed function wl_resource_get_client with 1 params (varargs=0) at line 2790
DEBUG C_PARSER: parsed function wl_resource_set_user_data with 2 params (varargs=0) at line 2793
DEBUG C_PARSER: parsed function wl_resource_get_user_data with 1 params (varargs=0) at line 2796
DEBUG C_PARSER: parsed function wl_resource_get_version with 1 params (varargs=0) at line 2799
DEBUG C_PARSER: parsed function wl_resource_set_destructor with 2 params (varargs=0) at line 2803
DEBUG C_PARSER: parsed function wl_resource_instance_of with 3 params (varargs=0) at line 2808
DEBUG C_PARSER: parsed function wl_resource_get_class with 1 params (varargs=0) at line 2811
DEBUG C_PARSER: parsed function wl_resource_get_interface with 1 params (varargs=0) at line 2814
DEBUG C_PARSER: parsed function wl_resource_add_destroy_listener with 2 params (varargs=0) at line 2818
DEBUG C_PARSER: parsed function wl_resource_get_destroy_listener with 2 params (varargs=0) at line 2822
DEBUG C_PARSER: parsed function wl_shm_buffer_get with 1 params (varargs=0) at line 2825
DEBUG C_PARSER: parsed function wl_shm_buffer_begin_access with 1 params (varargs=0) at line 2828
DEBUG C_PARSER: parsed function wl_shm_buffer_end_access with 1 params (varargs=0) at line 2831
DEBUG C_PARSER: parsed function wl_shm_buffer_get_data with 1 params (varargs=0) at line 2834
DEBUG C_PARSER: parsed function wl_shm_buffer_get_stride with 1 params (varargs=0) at line 2837
DEBUG C_PARSER: parsed function wl_shm_buffer_get_format with 1 params (varargs=0) at line 2840
DEBUG C_PARSER: parsed function wl_shm_buffer_get_width with 1 params (varargs=0) at line 2843
DEBUG C_PARSER: parsed function wl_shm_buffer_get_height with 1 params (varargs=0) at line 2846
DEBUG C_PARSER: parsed function wl_shm_buffer_ref with 1 params (varargs=0) at line 2849
DEBUG C_PARSER: parsed function wl_shm_buffer_unref with 1 params (varargs=0) at line 2852
DEBUG C_PARSER: parsed function wl_shm_buffer_ref_pool with 1 params (varargs=0) at line 2855
DEBUG C_PARSER: parsed function wl_shm_pool_unref with 1 params (varargs=0) at line 2858
DEBUG C_PARSER: parsed function wl_display_init_shm with 1 params (varargs=0) at line 2861
DEBUG C_PARSER: parsed function wl_display_add_shm_format with 2 params (varargs=0) at line 2864
DEBUG C_PARSER: parsed function wl_log_set_handler_server with 1 params (varargs=0) at line 2873
DEBUG C_PARSER: parsed function wl_display_add_protocol_logger with 3 params (varargs=0) at line 2895
DEBUG C_PARSER: parsed function wl_protocol_logger_destroy with 1 params (varargs=0) at line 2898
DEBUG C_PARSER: parsed function __bswap_16 with 1 params (varargs=0) at line 330
DEBUG C_PARSER: parsed function __bswap_32 with 1 params (varargs=0) at line 345
DEBUG C_PARSER: parsed function __bswap_64 with 1 params (varargs=0) at line 355
DEBUG C_PARSER: parsed function __uint16_identity with 1 params (varargs=0) at line 367
DEBUG C_PARSER: parsed function __uint32_identity with 1 params (varargs=0) at line 373
DEBUG C_PARSER: parsed function __uint64_identity with 1 params (varargs=0) at line 379
DEBUG C_PARSER: parsed function select with 5 params (varargs=0) at line 485
DEBUG C_PARSER: parsed function pselect with 6 params (varargs=0) at line 491
DEBUG C_PARSER: parsed function __fpclassify with 1 params (varargs=0) at line 862
DEBUG C_PARSER: parsed function __signbit with 1 params (varargs=0) at line 866
DEBUG C_PARSER: parsed function __isinf with 1 params (varargs=0) at line 871
DEBUG C_PARSER: parsed function __finite with 1 params (varargs=0) at line 875
DEBUG C_PARSER: parsed function __isnan with 1 params (varargs=0) at line 879
DEBUG C_PARSER: parsed function __iseqsig with 2 params (varargs=0) at line 883
DEBUG C_PARSER: parsed function __issignaling with 1 params (varargs=0) at line 886
DEBUG C_PARSER: parsed function acos with 1 params (varargs=0) at line 891
DEBUG C_PARSER: parsed function __acos with 1 params (varargs=0) at line 891
DEBUG C_PARSER: parsed function asin with 1 params (varargs=0) at line 893
DEBUG C_PARSER: parsed function __asin with 1 params (varargs=0) at line 893
DEBUG C_PARSER: parsed function atan with 1 params (varargs=0) at line 895
DEBUG C_PARSER: parsed function __atan with 1 params (varargs=0) at line 895
DEBUG C_PARSER: parsed function atan2 with 2 params (varargs=0) at line 897
DEBUG C_PARSER: parsed function __atan2 with 2 params (varargs=0) at line 897
DEBUG C_PARSER: parsed function cos with 1 params (varargs=0) at line 900
DEBUG C_PARSER: parsed function __cos with 1 params (varargs=0) at line 900
DEBUG C_PARSER: parsed function sin with 1 params (varargs=0) at line 902
DEBUG C_PARSER: parsed function __sin with 1 params (varargs=0) at line 902
DEBUG C_PARSER: parsed function tan with 1 params (varargs=0) at line 904
DEBUG C_PARSER: parsed function __tan with 1 params (varargs=0) at line 904
DEBUG C_PARSER: parsed function acospi with 1 params (varargs=0) at line 908
DEBUG C_PARSER: parsed function __acospi with 1 params (varargs=0) at line 908
DEBUG C_PARSER: parsed function acospi with 1 params (varargs=0) at line 909
DEBUG C_PARSER: parsed function __acospi with 1 params (varargs=0) at line 909
DEBUG C_PARSER: parsed function asinpi with 1 params (varargs=0) at line 911
DEBUG C_PARSER: parsed function __asinpi with 1 params (varargs=0) at line 911
DEBUG C_PARSER: parsed function asinpi with 1 params (varargs=0) at line 912
DEBUG C_PARSER: parsed function __asinpi with 1 params (varargs=0) at line 912
DEBUG C_PARSER: parsed function atanpi with 1 params (varargs=0) at line 914
DEBUG C_PARSER: parsed function __atanpi with 1 params (varargs=0) at line 914
DEBUG C_PARSER: parsed function atanpi with 1 params (varargs=0) at line 915
DEBUG C_PARSER: parsed function __atanpi with 1 params (varargs=0) at line 915
DEBUG C_PARSER: parsed function atan2pi with 2 params (varargs=0) at line 917
DEBUG C_PARSER: parsed function __atan2pi with 2 params (varargs=0) at line 917
DEBUG C_PARSER: parsed function atan2pi with 2 params (varargs=0) at line 918
DEBUG C_PARSER: parsed function __atan2pi with 2 params (varargs=0) at line 918
DEBUG C_PARSER: parsed function cospi with 1 params (varargs=0) at line 921
DEBUG C_PARSER: parsed function __cospi with 1 params (varargs=0) at line 921
DEBUG C_PARSER: parsed function sinpi with 1 params (varargs=0) at line 923
DEBUG C_PARSER: parsed function __sinpi with 1 params (varargs=0) at line 923
DEBUG C_PARSER: parsed function tanpi with 1 params (varargs=0) at line 925
DEBUG C_PARSER: parsed function __tanpi with 1 params (varargs=0) at line 925
DEBUG C_PARSER: parsed function cosh with 1 params (varargs=0) at line 931
DEBUG C_PARSER: parsed function __cosh with 1 params (varargs=0) at line 931
DEBUG C_PARSER: parsed function sinh with 1 params (varargs=0) at line 933
DEBUG C_PARSER: parsed function __sinh with 1 params (varargs=0) at line 933
DEBUG C_PARSER: parsed function tanh with 1 params (varargs=0) at line 935
DEBUG C_PARSER: parsed function __tanh with 1 params (varargs=0) at line 935
DEBUG C_PARSER: parsed function acosh with 1 params (varargs=0) at line 937
DEBUG C_PARSER: parsed function __acosh with 1 params (varargs=0) at line 937
DEBUG C_PARSER: parsed function asinh with 1 params (varargs=0) at line 939
DEBUG C_PARSER: parsed function __asinh with 1 params (varargs=0) at line 939
DEBUG C_PARSER: parsed function atanh with 1 params (varargs=0) at line 941
DEBUG C_PARSER: parsed function __atanh with 1 params (varargs=0) at line 941
DEBUG C_PARSER: parsed function exp with 1 params (varargs=0) at line 947
DEBUG C_PARSER: parsed function __exp with 1 params (varargs=0) at line 947
DEBUG C_PARSER: parsed function frexp with 2 params (varargs=0) at line 950
DEBUG C_PARSER: parsed function __frexp with 2 params (varargs=0) at line 950
DEBUG C_PARSER: parsed function ldexp with 2 params (varargs=0) at line 953
DEBUG C_PARSER: parsed function __ldexp with 2 params (varargs=0) at line 953
DEBUG C_PARSER: parsed function log with 1 params (varargs=0) at line 956
DEBUG C_PARSER: parsed function __log with 1 params (varargs=0) at line 956
DEBUG C_PARSER: parsed function log10 with 1 params (varargs=0) at line 959
DEBUG C_PARSER: parsed function __log10 with 1 params (varargs=0) at line 959
DEBUG C_PARSER: parsed function modf with 2 params (varargs=0) at line 962
DEBUG C_PARSER: parsed function __modf with 2 params (varargs=0) at line 962
DEBUG C_PARSER: parsed function exp10 with 1 params (varargs=0) at line 966
DEBUG C_PARSER: parsed function __exp10 with 1 params (varargs=0) at line 966
DEBUG C_PARSER: parsed function exp2m1 with 1 params (varargs=0) at line 969
DEBUG C_PARSER: parsed function __exp2m1 with 1 params (varargs=0) at line 969
DEBUG C_PARSER: parsed function exp10m1 with 1 params (varargs=0) at line 972
DEBUG C_PARSER: parsed function __exp10m1 with 1 params (varargs=0) at line 972
DEBUG C_PARSER: parsed function log2p1 with 1 params (varargs=0) at line 975
DEBUG C_PARSER: parsed function __log2p1 with 1 params (varargs=0) at line 975
DEBUG C_PARSER: parsed function log10p1 with 1 params (varargs=0) at line 978
DEBUG C_PARSER: parsed function __log10p1 with 1 params (varargs=0) at line 978
DEBUG C_PARSER: parsed function logp1 with 1 params (varargs=0) at line 981
DEBUG C_PARSER: parsed function __logp1 with 1 params (varargs=0) at line 981
DEBUG C_PARSER: parsed function expm1 with 1 params (varargs=0) at line 986
DEBUG C_PARSER: parsed function __expm1 with 1 params (varargs=0) at line 986
DEBUG C_PARSER: parsed function log1p with 1 params (varargs=0) at line 989
DEBUG C_PARSER: parsed function __log1p with 1 params (varargs=0) at line 989
DEBUG C_PARSER: parsed function logb with 1 params (varargs=0) at line 992
DEBUG C_PARSER: parsed function __logb with 1 params (varargs=0) at line 992
DEBUG C_PARSER: parsed function exp2 with 1 params (varargs=0) at line 997
DEBUG C_PARSER: parsed function __exp2 with 1 params (varargs=0) at line 997
DEBUG C_PARSER: parsed function log2 with 1 params (varargs=0) at line 1000
DEBUG C_PARSER: parsed function __log2 with 1 params (varargs=0) at line 1000
DEBUG C_PARSER: parsed function pow with 2 params (varargs=0) at line 1007
DEBUG C_PARSER: parsed function __pow with 2 params (varargs=0) at line 1007
DEBUG C_PARSER: parsed function sqrt with 1 params (varargs=0) at line 1010
DEBUG C_PARSER: parsed function __sqrt with 1 params (varargs=0) at line 1010
DEBUG C_PARSER: parsed function hypot with 2 params (varargs=0) at line 1014
DEBUG C_PARSER: parsed function __hypot with 2 params (varargs=0) at line 1014
DEBUG C_PARSER: parsed function cbrt with 1 params (varargs=0) at line 1019
DEBUG C_PARSER: parsed function __cbrt with 1 params (varargs=0) at line 1019
DEBUG C_PARSER: parsed function compoundn with 2 params (varargs=0) at line 1024
DEBUG C_PARSER: parsed function __compoundn with 2 params (varargs=0) at line 1024
DEBUG C_PARSER: parsed function pown with 2 params (varargs=0) at line 1027
DEBUG C_PARSER: parsed function __pown with 2 params (varargs=0) at line 1027
DEBUG C_PARSER: parsed function powr with 2 params (varargs=0) at line 1030
DEBUG C_PARSER: parsed function __powr with 2 params (varargs=0) at line 1030
DEBUG C_PARSER: parsed function powr with 2 params (varargs=0) at line 1031
DEBUG C_PARSER: parsed function __powr with 2 params (varargs=0) at line 1031
DEBUG C_PARSER: parsed function rootn with 2 params (varargs=0) at line 1034
DEBUG C_PARSER: parsed function __rootn with 2 params (varargs=0) at line 1034
DEBUG C_PARSER: parsed function rsqrt with 1 params (varargs=0) at line 1037
DEBUG C_PARSER: parsed function __rsqrt with 1 params (varargs=0) at line 1037
DEBUG C_PARSER: parsed function ceil with 1 params (varargs=0) at line 1044
DEBUG C_PARSER: parsed function fabs with 1 params (varargs=0) at line 1047
DEBUG C_PARSER: parsed function floor with 1 params (varargs=0) at line 1050
DEBUG C_PARSER: parsed function fmod with 2 params (varargs=0) at line 1053
DEBUG C_PARSER: parsed function __fmod with 2 params (varargs=0) at line 1053
DEBUG C_PARSER: parsed function isinf with 1 params (varargs=0) at line 1055
DEBUG C_PARSER: parsed function finite with 1 params (varargs=0) at line 1061
DEBUG C_PARSER: parsed function drem with 2 params (varargs=0) at line 1065
DEBUG C_PARSER: parsed function __drem with 2 params (varargs=0) at line 1065
DEBUG C_PARSER: parsed function significand with 1 params (varargs=0) at line 1069
DEBUG C_PARSER: parsed function __significand with 1 params (varargs=0) at line 1069
DEBUG C_PARSER: parsed function copysign with 2 params (varargs=0) at line 1076
DEBUG C_PARSER: parsed function nan with 1 params (varargs=0) at line 1081
DEBUG C_PARSER: parsed function __nan with 1 params (varargs=0) at line 1081
DEBUG C_PARSER: parsed function isnan with 1 params (varargs=0) at line 1083
DEBUG C_PARSER: parsed function j0 with 1 params (varargs=0) at line 1090
DEBUG C_PARSER: parsed function __j0 with 1 params (varargs=0) at line 1090
DEBUG C_PARSER: parsed function j1 with 1 params (varargs=0) at line 1091
DEBUG C_PARSER: parsed function __j1 with 1 params (varargs=0) at line 1091
DEBUG C_PARSER: parsed function jn with 2 params (varargs=0) at line 1092
DEBUG C_PARSER: parsed function __jn with 2 params (varargs=0) at line 1092
DEBUG C_PARSER: parsed function y0 with 1 params (varargs=0) at line 1093
DEBUG C_PARSER: parsed function __y0 with 1 params (varargs=0) at line 1093
DEBUG C_PARSER: parsed function y1 with 1 params (varargs=0) at line 1094
DEBUG C_PARSER: parsed function __y1 with 1 params (varargs=0) at line 1094
DEBUG C_PARSER: parsed function yn with 2 params (varargs=0) at line 1095
DEBUG C_PARSER: parsed function __yn with 2 params (varargs=0) at line 1095
DEBUG C_PARSER: parsed function erf with 1 params (varargs=0) at line 1101
DEBUG C_PARSER: parsed function __erf with 1 params (varargs=0) at line 1101
DEBUG C_PARSER: parsed function erfc with 1 params (varargs=0) at line 1102
DEBUG C_PARSER: parsed function __erfc with 1 params (varargs=0) at line 1102
DEBUG C_PARSER: parsed function lgamma with 1 params (varargs=0) at line 1103
DEBUG C_PARSER: parsed function __lgamma with 1 params (varargs=0) at line 1103
DEBUG C_PARSER: parsed function tgamma with 1 params (varargs=0) at line 1108
DEBUG C_PARSER: parsed function __tgamma with 1 params (varargs=0) at line 1108
DEBUG C_PARSER: parsed function gamma with 1 params (varargs=0) at line 1114
DEBUG C_PARSER: parsed function __gamma with 1 params (varargs=0) at line 1114
DEBUG C_PARSER: parsed function lgamma_r with 2 params (varargs=0) at line 1122
DEBUG C_PARSER: parsed function __lgamma_r with 2 params (varargs=0) at line 1122
DEBUG C_PARSER: parsed function rint with 1 params (varargs=0) at line 1129
DEBUG C_PARSER: parsed function __rint with 1 params (varargs=0) at line 1129
DEBUG C_PARSER: parsed function nextafter with 2 params (varargs=0) at line 1132
DEBUG C_PARSER: parsed function __nextafter with 2 params (varargs=0) at line 1132
DEBUG C_PARSER: parsed function nexttoward with 2 params (varargs=0) at line 1134
DEBUG C_PARSER: parsed function __nexttoward with 2 params (varargs=0) at line 1134
DEBUG C_PARSER: parsed function nextdown with 1 params (varargs=0) at line 1139
DEBUG C_PARSER: parsed function __nextdown with 1 params (varargs=0) at line 1139
DEBUG C_PARSER: parsed function nextup with 1 params (varargs=0) at line 1141
DEBUG C_PARSER: parsed function __nextup with 1 params (varargs=0) at line 1141
DEBUG C_PARSER: parsed function remainder with 2 params (varargs=0) at line 1145
DEBUG C_PARSER: parsed function __remainder with 2 params (varargs=0) at line 1145
DEBUG C_PARSER: parsed function scalbn with 2 params (varargs=0) at line 1149
DEBUG C_PARSER: parsed function __scalbn with 2 params (varargs=0) at line 1149
DEBUG C_PARSER: parsed function ilogb with 1 params (varargs=0) at line 1153
DEBUG C_PARSER: parsed function __ilogb with 1 params (varargs=0) at line 1153
DEBUG C_PARSER: parsed function llogb with 1 params (varargs=0) at line 1158
DEBUG C_PARSER: parsed function __llogb with 1 params (varargs=0) at line 1158
DEBUG C_PARSER: parsed function scalbln with 2 params (varargs=0) at line 1163
DEBUG C_PARSER: parsed function __scalbln with 2 params (varargs=0) at line 1163
DEBUG C_PARSER: parsed function nearbyint with 1 params (varargs=0) at line 1167
DEBUG C_PARSER: parsed function __nearbyint with 1 params (varargs=0) at line 1167
DEBUG C_PARSER: parsed function round with 1 params (varargs=0) at line 1171
DEBUG C_PARSER: parsed function trunc with 1 params (varargs=0) at line 1175
DEBUG C_PARSER: parsed function remquo with 3 params (varargs=0) at line 1180
DEBUG C_PARSER: parsed function __remquo with 3 params (varargs=0) at line 1180
DEBUG C_PARSER: parsed function lrint with 1 params (varargs=0) at line 1187
DEBUG C_PARSER: parsed function __lrint with 1 params (varargs=0) at line 1187
DEBUG C_PARSER: parsed function llrint with 1 params (varargs=0) at line 1189
DEBUG C_PARSER: parsed function __llrint with 1 params (varargs=0) at line 1189
DEBUG C_PARSER: parsed function lround with 1 params (varargs=0) at line 1193
DEBUG C_PARSER: parsed function __lround with 1 params (varargs=0) at line 1193
DEBUG C_PARSER: parsed function llround with 1 params (varargs=0) at line 1195
DEBUG C_PARSER: parsed function __llround with 1 params (varargs=0) at line 1195
DEBUG C_PARSER: parsed function fdim with 2 params (varargs=0) at line 1199
DEBUG C_PARSER: parsed function __fdim with 2 params (varargs=0) at line 1199
DEBUG C_PARSER: parsed function fmax with 2 params (varargs=0) at line 1203
DEBUG C_PARSER: parsed function fmin with 2 params (varargs=0) at line 1206
DEBUG C_PARSER: parsed function fma with 3 params (varargs=0) at line 1210
DEBUG C_PARSER: parsed function __fma with 3 params (varargs=0) at line 1210
DEBUG C_PARSER: parsed function roundeven with 1 params (varargs=0) at line 1215
DEBUG C_PARSER: parsed function fromfp with 3 params (varargs=0) at line 1219
DEBUG C_PARSER: parsed function __fromfp with 3 params (varargs=0) at line 1219
DEBUG C_PARSER: parsed function ufromfp with 3 params (varargs=0) at line 1223
DEBUG C_PARSER: parsed function __ufromfp with 3 params (varargs=0) at line 1223
DEBUG C_PARSER: parsed function fromfpx with 3 params (varargs=0) at line 1228
DEBUG C_PARSER: parsed function __fromfpx with 3 params (varargs=0) at line 1228
DEBUG C_PARSER: parsed function ufromfpx with 3 params (varargs=0) at line 1233
DEBUG C_PARSER: parsed function __ufromfpx with 3 params (varargs=0) at line 1233
DEBUG C_PARSER: parsed function canonicalize with 2 params (varargs=0) at line 1236
DEBUG C_PARSER: parsed function fmaximum with 2 params (varargs=0) at line 1238
DEBUG C_PARSER: parsed function fminimum with 2 params (varargs=0) at line 1241
DEBUG C_PARSER: parsed function fmaximum_num with 2 params (varargs=0) at line 1244
DEBUG C_PARSER: parsed function fminimum_num with 2 params (varargs=0) at line 1247
DEBUG C_PARSER: parsed function fmaximum_mag with 2 params (varargs=0) at line 1250
DEBUG C_PARSER: parsed function fminimum_mag with 2 params (varargs=0) at line 1253
DEBUG C_PARSER: parsed function fmaximum_mag_num with 2 params (varargs=0) at line 1256
DEBUG C_PARSER: parsed function fminimum_mag_num with 2 params (varargs=0) at line 1259
DEBUG C_PARSER: parsed function scalb with 2 params (varargs=0) at line 1261
DEBUG C_PARSER: parsed function __scalb with 2 params (varargs=0) at line 1261
DEBUG C_PARSER: parsed function __fpclassifyf with 1 params (varargs=0) at line 1266
DEBUG C_PARSER: parsed function __signbitf with 1 params (varargs=0) at line 1270
DEBUG C_PARSER: parsed function __isinff with 1 params (varargs=0) at line 1275
DEBUG C_PARSER: parsed function __finitef with 1 params (varargs=0) at line 1279
DEBUG C_PARSER: parsed function __isnanf with 1 params (varargs=0) at line 1283
DEBUG C_PARSER: parsed function __iseqsigf with 2 params (varargs=0) at line 1287
DEBUG C_PARSER: parsed function __issignalingf with 1 params (varargs=0) at line 1290
DEBUG C_PARSER: parsed function acosf with 1 params (varargs=0) at line 1295
DEBUG C_PARSER: parsed function __acosf with 1 params (varargs=0) at line 1295
DEBUG C_PARSER: parsed function asinf with 1 params (varargs=0) at line 1297
DEBUG C_PARSER: parsed function __asinf with 1 params (varargs=0) at line 1297
DEBUG C_PARSER: parsed function atanf with 1 params (varargs=0) at line 1299
DEBUG C_PARSER: parsed function __atanf with 1 params (varargs=0) at line 1299
DEBUG C_PARSER: parsed function atan2f with 2 params (varargs=0) at line 1301
DEBUG C_PARSER: parsed function __atan2f with 2 params (varargs=0) at line 1301
DEBUG C_PARSER: parsed function cosf with 1 params (varargs=0) at line 1304
DEBUG C_PARSER: parsed function __cosf with 1 params (varargs=0) at line 1304
DEBUG C_PARSER: parsed function sinf with 1 params (varargs=0) at line 1306
DEBUG C_PARSER: parsed function __sinf with 1 params (varargs=0) at line 1306
DEBUG C_PARSER: parsed function tanf with 1 params (varargs=0) at line 1308
DEBUG C_PARSER: parsed function __tanf with 1 params (varargs=0) at line 1308
DEBUG C_PARSER: parsed function acospif with 1 params (varargs=0) at line 1312
DEBUG C_PARSER: parsed function __acospif with 1 params (varargs=0) at line 1312
DEBUG C_PARSER: parsed function acospif with 1 params (varargs=0) at line 1313
DEBUG C_PARSER: parsed function __acospif with 1 params (varargs=0) at line 1313
DEBUG C_PARSER: parsed function asinpif with 1 params (varargs=0) at line 1315
DEBUG C_PARSER: parsed function __asinpif with 1 params (varargs=0) at line 1315
DEBUG C_PARSER: parsed function asinpif with 1 params (varargs=0) at line 1316
DEBUG C_PARSER: parsed function __asinpif with 1 params (varargs=0) at line 1316
DEBUG C_PARSER: parsed function atanpif with 1 params (varargs=0) at line 1318
DEBUG C_PARSER: parsed function __atanpif with 1 params (varargs=0) at line 1318
DEBUG C_PARSER: parsed function atanpif with 1 params (varargs=0) at line 1319
DEBUG C_PARSER: parsed function __atanpif with 1 params (varargs=0) at line 1319
DEBUG C_PARSER: parsed function atan2pif with 2 params (varargs=0) at line 1321
DEBUG C_PARSER: parsed function __atan2pif with 2 params (varargs=0) at line 1321
DEBUG C_PARSER: parsed function atan2pif with 2 params (varargs=0) at line 1322
DEBUG C_PARSER: parsed function __atan2pif with 2 params (varargs=0) at line 1322
DEBUG C_PARSER: parsed function cospif with 1 params (varargs=0) at line 1325
DEBUG C_PARSER: parsed function __cospif with 1 params (varargs=0) at line 1325
DEBUG C_PARSER: parsed function sinpif with 1 params (varargs=0) at line 1327
DEBUG C_PARSER: parsed function __sinpif with 1 params (varargs=0) at line 1327
DEBUG C_PARSER: parsed function tanpif with 1 params (varargs=0) at line 1329
DEBUG C_PARSER: parsed function __tanpif with 1 params (varargs=0) at line 1329
DEBUG C_PARSER: parsed function coshf with 1 params (varargs=0) at line 1335
DEBUG C_PARSER: parsed function __coshf with 1 params (varargs=0) at line 1335
DEBUG C_PARSER: parsed function sinhf with 1 params (varargs=0) at line 1337
DEBUG C_PARSER: parsed function __sinhf with 1 params (varargs=0) at line 1337
DEBUG C_PARSER: parsed function tanhf with 1 params (varargs=0) at line 1339
DEBUG C_PARSER: parsed function __tanhf with 1 params (varargs=0) at line 1339
DEBUG C_PARSER: parsed function acoshf with 1 params (varargs=0) at line 1341
DEBUG C_PARSER: parsed function __acoshf with 1 params (varargs=0) at line 1341
DEBUG C_PARSER: parsed function asinhf with 1 params (varargs=0) at line 1343
DEBUG C_PARSER: parsed function __asinhf with 1 params (varargs=0) at line 1343
DEBUG C_PARSER: parsed function atanhf with 1 params (varargs=0) at line 1345
DEBUG C_PARSER: parsed function __atanhf with 1 params (varargs=0) at line 1345
DEBUG C_PARSER: parsed function expf with 1 params (varargs=0) at line 1351
DEBUG C_PARSER: parsed function __expf with 1 params (varargs=0) at line 1351
DEBUG C_PARSER: parsed function frexpf with 2 params (varargs=0) at line 1354
DEBUG C_PARSER: parsed function __frexpf with 2 params (varargs=0) at line 1354
DEBUG C_PARSER: parsed function ldexpf with 2 params (varargs=0) at line 1357
DEBUG C_PARSER: parsed function __ldexpf with 2 params (varargs=0) at line 1357
DEBUG C_PARSER: parsed function logf with 1 params (varargs=0) at line 1360
DEBUG C_PARSER: parsed function __logf with 1 params (varargs=0) at line 1360
DEBUG C_PARSER: parsed function log10f with 1 params (varargs=0) at line 1363
DEBUG C_PARSER: parsed function __log10f with 1 params (varargs=0) at line 1363
DEBUG C_PARSER: parsed function modff with 2 params (varargs=0) at line 1366
DEBUG C_PARSER: parsed function __modff with 2 params (varargs=0) at line 1366
DEBUG C_PARSER: parsed function exp10f with 1 params (varargs=0) at line 1370
DEBUG C_PARSER: parsed function __exp10f with 1 params (varargs=0) at line 1370
DEBUG C_PARSER: parsed function exp2m1f with 1 params (varargs=0) at line 1373
DEBUG C_PARSER: parsed function __exp2m1f with 1 params (varargs=0) at line 1373
DEBUG C_PARSER: parsed function exp10m1f with 1 params (varargs=0) at line 1376
DEBUG C_PARSER: parsed function __exp10m1f with 1 params (varargs=0) at line 1376
DEBUG C_PARSER: parsed function log2p1f with 1 params (varargs=0) at line 1379
DEBUG C_PARSER: parsed function __log2p1f with 1 params (varargs=0) at line 1379
DEBUG C_PARSER: parsed function log10p1f with 1 params (varargs=0) at line 1382
DEBUG C_PARSER: parsed function __log10p1f with 1 params (varargs=0) at line 1382
DEBUG C_PARSER: parsed function logp1f with 1 params (varargs=0) at line 1385
DEBUG C_PARSER: parsed function __logp1f with 1 params (varargs=0) at line 1385
DEBUG C_PARSER: parsed function expm1f with 1 params (varargs=0) at line 1390
DEBUG C_PARSER: parsed function __expm1f with 1 params (varargs=0) at line 1390
DEBUG C_PARSER: parsed function log1pf with 1 params (varargs=0) at line 1393
DEBUG C_PARSER: parsed function __log1pf with 1 params (varargs=0) at line 1393
DEBUG C_PARSER: parsed function logbf with 1 params (varargs=0) at line 1396
DEBUG C_PARSER: parsed function __logbf with 1 params (varargs=0) at line 1396
DEBUG C_PARSER: parsed function exp2f with 1 params (varargs=0) at line 1401
DEBUG C_PARSER: parsed function __exp2f with 1 params (varargs=0) at line 1401
DEBUG C_PARSER: parsed function log2f with 1 params (varargs=0) at line 1404
DEBUG C_PARSER: parsed function __log2f with 1 params (varargs=0) at line 1404
DEBUG C_PARSER: parsed function powf with 2 params (varargs=0) at line 1411
DEBUG C_PARSER: parsed function __powf with 2 params (varargs=0) at line 1411
DEBUG C_PARSER: parsed function sqrtf with 1 params (varargs=0) at line 1414
DEBUG C_PARSER: parsed function __sqrtf with 1 params (varargs=0) at line 1414
DEBUG C_PARSER: parsed function hypotf with 2 params (varargs=0) at line 1418
DEBUG C_PARSER: parsed function __hypotf with 2 params (varargs=0) at line 1418
DEBUG C_PARSER: parsed function cbrtf with 1 params (varargs=0) at line 1423
DEBUG C_PARSER: parsed function __cbrtf with 1 params (varargs=0) at line 1423
DEBUG C_PARSER: parsed function compoundnf with 2 params (varargs=0) at line 1428
DEBUG C_PARSER: parsed function __compoundnf with 2 params (varargs=0) at line 1428
DEBUG C_PARSER: parsed function pownf with 2 params (varargs=0) at line 1431
DEBUG C_PARSER: parsed function __pownf with 2 params (varargs=0) at line 1431
DEBUG C_PARSER: parsed function powrf with 2 params (varargs=0) at line 1434
DEBUG C_PARSER: parsed function __powrf with 2 params (varargs=0) at line 1434
DEBUG C_PARSER: parsed function powrf with 2 params (varargs=0) at line 1435
DEBUG C_PARSER: parsed function __powrf with 2 params (varargs=0) at line 1435
DEBUG C_PARSER: parsed function rootnf with 2 params (varargs=0) at line 1438
DEBUG C_PARSER: parsed function __rootnf with 2 params (varargs=0) at line 1438
DEBUG C_PARSER: parsed function rsqrtf with 1 params (varargs=0) at line 1441
DEBUG C_PARSER: parsed function __rsqrtf with 1 params (varargs=0) at line 1441
DEBUG C_PARSER: parsed function ceilf with 1 params (varargs=0) at line 1448
DEBUG C_PARSER: parsed function fabsf with 1 params (varargs=0) at line 1451
DEBUG C_PARSER: parsed function floorf with 1 params (varargs=0) at line 1454
DEBUG C_PARSER: parsed function fmodf with 2 params (varargs=0) at line 1457
DEBUG C_PARSER: parsed function __fmodf with 2 params (varargs=0) at line 1457
DEBUG C_PARSER: parsed function isinff with 1 params (varargs=0) at line 1459
DEBUG C_PARSER: parsed function finitef with 1 params (varargs=0) at line 1465
DEBUG C_PARSER: parsed function dremf with 2 params (varargs=0) at line 1469
DEBUG C_PARSER: parsed function __dremf with 2 params (varargs=0) at line 1469
DEBUG C_PARSER: parsed function significandf with 1 params (varargs=0) at line 1473
DEBUG C_PARSER: parsed function __significandf with 1 params (varargs=0) at line 1473
DEBUG C_PARSER: parsed function copysignf with 2 params (varargs=0) at line 1480
DEBUG C_PARSER: parsed function nanf with 1 params (varargs=0) at line 1485
DEBUG C_PARSER: parsed function __nanf with 1 params (varargs=0) at line 1485
DEBUG C_PARSER: parsed function isnanf with 1 params (varargs=0) at line 1487
DEBUG C_PARSER: parsed function j0f with 1 params (varargs=0) at line 1494
DEBUG C_PARSER: parsed function __j0f with 1 params (varargs=0) at line 1494
DEBUG C_PARSER: parsed function j1f with 1 params (varargs=0) at line 1495
DEBUG C_PARSER: parsed function __j1f with 1 params (varargs=0) at line 1495
DEBUG C_PARSER: parsed function jnf with 2 params (varargs=0) at line 1496
DEBUG C_PARSER: parsed function __jnf with 2 params (varargs=0) at line 1496
DEBUG C_PARSER: parsed function y0f with 1 params (varargs=0) at line 1497
DEBUG C_PARSER: parsed function __y0f with 1 params (varargs=0) at line 1497
DEBUG C_PARSER: parsed function y1f with 1 params (varargs=0) at line 1498
DEBUG C_PARSER: parsed function __y1f with 1 params (varargs=0) at line 1498
DEBUG C_PARSER: parsed function ynf with 2 params (varargs=0) at line 1499
DEBUG C_PARSER: parsed function __ynf with 2 params (varargs=0) at line 1499
DEBUG C_PARSER: parsed function erff with 1 params (varargs=0) at line 1505
DEBUG C_PARSER: parsed function __erff with 1 params (varargs=0) at line 1505
DEBUG C_PARSER: parsed function erfcf with 1 params (varargs=0) at line 1506
DEBUG C_PARSER: parsed function __erfcf with 1 params (varargs=0) at line 1506
DEBUG C_PARSER: parsed function lgammaf with 1 params (varargs=0) at line 1507
DEBUG C_PARSER: parsed function __lgammaf with 1 params (varargs=0) at line 1507
DEBUG C_PARSER: parsed function tgammaf with 1 params (varargs=0) at line 1512
DEBUG C_PARSER: parsed function __tgammaf with 1 params (varargs=0) at line 1512
DEBUG C_PARSER: parsed function gammaf with 1 params (varargs=0) at line 1518
DEBUG C_PARSER: parsed function __gammaf with 1 params (varargs=0) at line 1518
DEBUG C_PARSER: parsed function lgammaf_r with 2 params (varargs=0) at line 1526
DEBUG C_PARSER: parsed function __lgammaf_r with 2 params (varargs=0) at line 1526
DEBUG C_PARSER: parsed function rintf with 1 params (varargs=0) at line 1533
DEBUG C_PARSER: parsed function __rintf with 1 params (varargs=0) at line 1533
DEBUG C_PARSER: parsed function nextafterf with 2 params (varargs=0) at line 1536
DEBUG C_PARSER: parsed function __nextafterf with 2 params (varargs=0) at line 1536
DEBUG C_PARSER: parsed function nexttowardf with 2 params (varargs=0) at line 1538
DEBUG C_PARSER: parsed function __nexttowardf with 2 params (varargs=0) at line 1538
DEBUG C_PARSER: parsed function nextdownf with 1 params (varargs=0) at line 1543
DEBUG C_PARSER: parsed function __nextdownf with 1 params (varargs=0) at line 1543
DEBUG C_PARSER: parsed function nextupf with 1 params (varargs=0) at line 1545
DEBUG C_PARSER: parsed function __nextupf with 1 params (varargs=0) at line 1545
DEBUG C_PARSER: parsed function remainderf with 2 params (varargs=0) at line 1549
DEBUG C_PARSER: parsed function __remainderf with 2 params (varargs=0) at line 1549
DEBUG C_PARSER: parsed function scalbnf with 2 params (varargs=0) at line 1553
DEBUG C_PARSER: parsed function __scalbnf with 2 params (varargs=0) at line 1553
DEBUG C_PARSER: parsed function ilogbf with 1 params (varargs=0) at line 1557
DEBUG C_PARSER: parsed function __ilogbf with 1 params (varargs=0) at line 1557
DEBUG C_PARSER: parsed function llogbf with 1 params (varargs=0) at line 1562
DEBUG C_PARSER: parsed function __llogbf with 1 params (varargs=0) at line 1562
DEBUG C_PARSER: parsed function scalblnf with 2 params (varargs=0) at line 1567
DEBUG C_PARSER: parsed function __scalblnf with 2 params (varargs=0) at line 1567
DEBUG C_PARSER: parsed function nearbyintf with 1 params (varargs=0) at line 1571
DEBUG C_PARSER: parsed function __nearbyintf with 1 params (varargs=0) at line 1571
DEBUG C_PARSER: parsed function roundf with 1 params (varargs=0) at line 1575
DEBUG C_PARSER: parsed function truncf with 1 params (varargs=0) at line 1579
DEBUG C_PARSER: parsed function remquof with 3 params (varargs=0) at line 1584
DEBUG C_PARSER: parsed function __remquof with 3 params (varargs=0) at line 1584
DEBUG C_PARSER: parsed function lrintf with 1 params (varargs=0) at line 1591
DEBUG C_PARSER: parsed function __lrintf with 1 params (varargs=0) at line 1591
DEBUG C_PARSER: parsed function llrintf with 1 params (varargs=0) at line 1593
DEBUG C_PARSER: parsed function __llrintf with 1 params (varargs=0) at line 1593
DEBUG C_PARSER: parsed function lroundf with 1 params (varargs=0) at line 1597
DEBUG C_PARSER: parsed function __lroundf with 1 params (varargs=0) at line 1597
DEBUG C_PARSER: parsed function llroundf with 1 params (varargs=0) at line 1599
DEBUG C_PARSER: parsed function __llroundf with 1 params (varargs=0) at line 1599
DEBUG C_PARSER: parsed function fdimf with 2 params (varargs=0) at line 1603
DEBUG C_PARSER: parsed function __fdimf with 2 params (varargs=0) at line 1603
DEBUG C_PARSER: parsed function fmaxf with 2 params (varargs=0) at line 1607
DEBUG C_PARSER: parsed function fminf with 2 params (varargs=0) at line 1610
DEBUG C_PARSER: parsed function fmaf with 3 params (varargs=0) at line 1614
DEBUG C_PARSER: parsed function __fmaf with 3 params (varargs=0) at line 1614
DEBUG C_PARSER: parsed function roundevenf with 1 params (varargs=0) at line 1619
DEBUG C_PARSER: parsed function fromfpf with 3 params (varargs=0) at line 1623
DEBUG C_PARSER: parsed function __fromfpf with 3 params (varargs=0) at line 1623
DEBUG C_PARSER: parsed function ufromfpf with 3 params (varargs=0) at line 1627
DEBUG C_PARSER: parsed function __ufromfpf with 3 params (varargs=0) at line 1627
DEBUG C_PARSER: parsed function fromfpxf with 3 params (varargs=0) at line 1632
DEBUG C_PARSER: parsed function __fromfpxf with 3 params (varargs=0) at line 1632
DEBUG C_PARSER: parsed function ufromfpxf with 3 params (varargs=0) at line 1637
DEBUG C_PARSER: parsed function __ufromfpxf with 3 params (varargs=0) at line 1637
DEBUG C_PARSER: parsed function canonicalizef with 2 params (varargs=0) at line 1640
DEBUG C_PARSER: parsed function fmaximumf with 2 params (varargs=0) at line 1642
DEBUG C_PARSER: parsed function fminimumf with 2 params (varargs=0) at line 1645
DEBUG C_PARSER: parsed function fmaximum_numf with 2 params (varargs=0) at line 1648
DEBUG C_PARSER: parsed function fminimum_numf with 2 params (varargs=0) at line 1651
DEBUG C_PARSER: parsed function fmaximum_magf with 2 params (varargs=0) at line 1654
DEBUG C_PARSER: parsed function fminimum_magf with 2 params (varargs=0) at line 1657
DEBUG C_PARSER: parsed function fmaximum_mag_numf with 2 params (varargs=0) at line 1660
DEBUG C_PARSER: parsed function fminimum_mag_numf with 2 params (varargs=0) at line 1663
DEBUG C_PARSER: parsed function scalbf with 2 params (varargs=0) at line 1665
DEBUG C_PARSER: parsed function __scalbf with 2 params (varargs=0) at line 1665
DEBUG C_PARSER: parsed function __fpclassifyl with 1 params (varargs=0) at line 1670
DEBUG C_PARSER: parsed function __signbitl with 1 params (varargs=0) at line 1674
DEBUG C_PARSER: parsed function __isinfl with 1 params (varargs=0) at line 1679
DEBUG C_PARSER: parsed function __finitel with 1 params (varargs=0) at line 1683
DEBUG C_PARSER: parsed function __isnanl with 1 params (varargs=0) at line 1687
DEBUG C_PARSER: parsed function __iseqsigl with 2 params (varargs=0) at line 1691
DEBUG C_PARSER: parsed function __issignalingl with 1 params (varargs=0) at line 1694
DEBUG C_PARSER: parsed function acosl with 1 params (varargs=0) at line 1699
DEBUG C_PARSER: parsed function __acosl with 1 params (varargs=0) at line 1699
DEBUG C_PARSER: parsed function asinl with 1 params (varargs=0) at line 1701
DEBUG C_PARSER: parsed function __asinl with 1 params (varargs=0) at line 1701
DEBUG C_PARSER: parsed function atanl with 1 params (varargs=0) at line 1703
DEBUG C_PARSER: parsed function __atanl with 1 params (varargs=0) at line 1703
DEBUG C_PARSER: parsed function atan2l with 2 params (varargs=0) at line 1705
DEBUG C_PARSER: parsed function __atan2l with 2 params (varargs=0) at line 1705
DEBUG C_PARSER: parsed function cosl with 1 params (varargs=0) at line 1708
DEBUG C_PARSER: parsed function __cosl with 1 params (varargs=0) at line 1708
DEBUG C_PARSER: parsed function sinl with 1 params (varargs=0) at line 1710
DEBUG C_PARSER: parsed function __sinl with 1 params (varargs=0) at line 1710
DEBUG C_PARSER: parsed function tanl with 1 params (varargs=0) at line 1712
DEBUG C_PARSER: parsed function __tanl with 1 params (varargs=0) at line 1712
DEBUG C_PARSER: parsed function acospil with 1 params (varargs=0) at line 1716
DEBUG C_PARSER: parsed function __acospil with 1 params (varargs=0) at line 1716
DEBUG C_PARSER: parsed function acospil with 1 params (varargs=0) at line 1717
DEBUG C_PARSER: parsed function __acospil with 1 params (varargs=0) at line 1717
DEBUG C_PARSER: parsed function asinpil with 1 params (varargs=0) at line 1719
DEBUG C_PARSER: parsed function __asinpil with 1 params (varargs=0) at line 1719
DEBUG C_PARSER: parsed function asinpil with 1 params (varargs=0) at line 1720
DEBUG C_PARSER: parsed function __asinpil with 1 params (varargs=0) at line 1720
DEBUG C_PARSER: parsed function atanpil with 1 params (varargs=0) at line 1722
DEBUG C_PARSER: parsed function __atanpil with 1 params (varargs=0) at line 1722
DEBUG C_PARSER: parsed function atanpil with 1 params (varargs=0) at line 1723
DEBUG C_PARSER: parsed function __atanpil with 1 params (varargs=0) at line 1723
DEBUG C_PARSER: parsed function atan2pil with 2 params (varargs=0) at line 1725
DEBUG C_PARSER: parsed function __atan2pil with 2 params (varargs=0) at line 1725
DEBUG C_PARSER: parsed function atan2pil with 2 params (varargs=0) at line 1726
DEBUG C_PARSER: parsed function __atan2pil with 2 params (varargs=0) at line 1726
DEBUG C_PARSER: parsed function cospil with 1 params (varargs=0) at line 1729
DEBUG C_PARSER: parsed function __cospil with 1 params (varargs=0) at line 1729
DEBUG C_PARSER: parsed function sinpil with 1 params (varargs=0) at line 1731
DEBUG C_PARSER: parsed function __sinpil with 1 params (varargs=0) at line 1731
DEBUG C_PARSER: parsed function tanpil with 1 params (varargs=0) at line 1733
DEBUG C_PARSER: parsed function __tanpil with 1 params (varargs=0) at line 1733
DEBUG C_PARSER: parsed function coshl with 1 params (varargs=0) at line 1739
DEBUG C_PARSER: parsed function __coshl with 1 params (varargs=0) at line 1739
DEBUG C_PARSER: parsed function sinhl with 1 params (varargs=0) at line 1741
DEBUG C_PARSER: parsed function __sinhl with 1 params (varargs=0) at line 1741
DEBUG C_PARSER: parsed function tanhl with 1 params (varargs=0) at line 1743
DEBUG C_PARSER: parsed function __tanhl with 1 params (varargs=0) at line 1743
DEBUG C_PARSER: parsed function acoshl with 1 params (varargs=0) at line 1745
DEBUG C_PARSER: parsed function __acoshl with 1 params (varargs=0) at line 1745
DEBUG C_PARSER: parsed function asinhl with 1 params (varargs=0) at line 1747
DEBUG C_PARSER: parsed function __asinhl with 1 params (varargs=0) at line 1747
DEBUG C_PARSER: parsed function atanhl with 1 params (varargs=0) at line 1749
DEBUG C_PARSER: parsed function __atanhl with 1 params (varargs=0) at line 1749
DEBUG C_PARSER: parsed function expl with 1 params (varargs=0) at line 1755
DEBUG C_PARSER: parsed function __expl with 1 params (varargs=0) at line 1755
DEBUG C_PARSER: parsed function frexpl with 2 params (varargs=0) at line 1758
DEBUG C_PARSER: parsed function __frexpl with 2 params (varargs=0) at line 1758
DEBUG C_PARSER: parsed function ldexpl with 2 params (varargs=0) at line 1761
DEBUG C_PARSER: parsed function __ldexpl with 2 params (varargs=0) at line 1761
DEBUG C_PARSER: parsed function logl with 1 params (varargs=0) at line 1764
DEBUG C_PARSER: parsed function __logl with 1 params (varargs=0) at line 1764
DEBUG C_PARSER: parsed function log10l with 1 params (varargs=0) at line 1767
DEBUG C_PARSER: parsed function __log10l with 1 params (varargs=0) at line 1767
DEBUG C_PARSER: parsed function modfl with 2 params (varargs=0) at line 1770
DEBUG C_PARSER: parsed function __modfl with 2 params (varargs=0) at line 1770
DEBUG C_PARSER: parsed function exp10l with 1 params (varargs=0) at line 1774
DEBUG C_PARSER: parsed function __exp10l with 1 params (varargs=0) at line 1774
DEBUG C_PARSER: parsed function exp2m1l with 1 params (varargs=0) at line 1777
DEBUG C_PARSER: parsed function __exp2m1l with 1 params (varargs=0) at line 1777
DEBUG C_PARSER: parsed function exp10m1l with 1 params (varargs=0) at line 1780
DEBUG C_PARSER: parsed function __exp10m1l with 1 params (varargs=0) at line 1780
DEBUG C_PARSER: parsed function log2p1l with 1 params (varargs=0) at line 1783
DEBUG C_PARSER: parsed function __log2p1l with 1 params (varargs=0) at line 1783
DEBUG C_PARSER: parsed function log10p1l with 1 params (varargs=0) at line 1786
DEBUG C_PARSER: parsed function __log10p1l with 1 params (varargs=0) at line 1786
DEBUG C_PARSER: parsed function logp1l with 1 params (varargs=0) at line 1789
DEBUG C_PARSER: parsed function __logp1l with 1 params (varargs=0) at line 1789
DEBUG C_PARSER: parsed function expm1l with 1 params (varargs=0) at line 1794
DEBUG C_PARSER: parsed function __expm1l with 1 params (varargs=0) at line 1794
DEBUG C_PARSER: parsed function log1pl with 1 params (varargs=0) at line 1797
DEBUG C_PARSER: parsed function __log1pl with 1 params (varargs=0) at line 1797
DEBUG C_PARSER: parsed function logbl with 1 params (varargs=0) at line 1800
DEBUG C_PARSER: parsed function __logbl with 1 params (varargs=0) at line 1800
DEBUG C_PARSER: parsed function exp2l with 1 params (varargs=0) at line 1805
DEBUG C_PARSER: parsed function __exp2l with 1 params (varargs=0) at line 1805
DEBUG C_PARSER: parsed function log2l with 1 params (varargs=0) at line 1808
DEBUG C_PARSER: parsed function __log2l with 1 params (varargs=0) at line 1808
DEBUG C_PARSER: parsed function powl with 2 params (varargs=0) at line 1815
DEBUG C_PARSER: parsed function __powl with 2 params (varargs=0) at line 1815
DEBUG C_PARSER: parsed function sqrtl with 1 params (varargs=0) at line 1818
DEBUG C_PARSER: parsed function __sqrtl with 1 params (varargs=0) at line 1818
DEBUG C_PARSER: parsed function hypotl with 2 params (varargs=0) at line 1822
DEBUG C_PARSER: parsed function __hypotl with 2 params (varargs=0) at line 1822
DEBUG C_PARSER: parsed function cbrtl with 1 params (varargs=0) at line 1827
DEBUG C_PARSER: parsed function __cbrtl with 1 params (varargs=0) at line 1827
DEBUG C_PARSER: parsed function compoundnl with 2 params (varargs=0) at line 1832
DEBUG C_PARSER: parsed function __compoundnl with 2 params (varargs=0) at line 1832
DEBUG C_PARSER: parsed function pownl with 2 params (varargs=0) at line 1835
DEBUG C_PARSER: parsed function __pownl with 2 params (varargs=0) at line 1835
DEBUG C_PARSER: parsed function powrl with 2 params (varargs=0) at line 1838
DEBUG C_PARSER: parsed function __powrl with 2 params (varargs=0) at line 1838
DEBUG C_PARSER: parsed function powrl with 2 params (varargs=0) at line 1839
DEBUG C_PARSER: parsed function __powrl with 2 params (varargs=0) at line 1839
DEBUG C_PARSER: parsed function rootnl with 2 params (varargs=0) at line 1842
DEBUG C_PARSER: parsed function __rootnl with 2 params (varargs=0) at line 1842
DEBUG C_PARSER: parsed function rsqrtl with 1 params (varargs=0) at line 1845
DEBUG C_PARSER: parsed function __rsqrtl with 1 params (varargs=0) at line 1845
DEBUG C_PARSER: parsed function ceill with 1 params (varargs=0) at line 1852
DEBUG C_PARSER: parsed function fabsl with 1 params (varargs=0) at line 1855
DEBUG C_PARSER: parsed function floorl with 1 params (varargs=0) at line 1858
DEBUG C_PARSER: parsed function fmodl with 2 params (varargs=0) at line 1861
DEBUG C_PARSER: parsed function __fmodl with 2 params (varargs=0) at line 1861
DEBUG C_PARSER: parsed function isinfl with 1 params (varargs=0) at line 1863
DEBUG C_PARSER: parsed function finitel with 1 params (varargs=0) at line 1869
DEBUG C_PARSER: parsed function dreml with 2 params (varargs=0) at line 1873
DEBUG C_PARSER: parsed function __dreml with 2 params (varargs=0) at line 1873
DEBUG C_PARSER: parsed function significandl with 1 params (varargs=0) at line 1877
DEBUG C_PARSER: parsed function __significandl with 1 params (varargs=0) at line 1877
DEBUG C_PARSER: parsed function copysignl with 2 params (varargs=0) at line 1884
DEBUG C_PARSER: parsed function nanl with 1 params (varargs=0) at line 1889
DEBUG C_PARSER: parsed function __nanl with 1 params (varargs=0) at line 1889
DEBUG C_PARSER: parsed function isnanl with 1 params (varargs=0) at line 1891
DEBUG C_PARSER: parsed function j0l with 1 params (varargs=0) at line 1898
DEBUG C_PARSER: parsed function __j0l with 1 params (varargs=0) at line 1898
DEBUG C_PARSER: parsed function j1l with 1 params (varargs=0) at line 1899
DEBUG C_PARSER: parsed function __j1l with 1 params (varargs=0) at line 1899
DEBUG C_PARSER: parsed function jnl with 2 params (varargs=0) at line 1900
DEBUG C_PARSER: parsed function __jnl with 2 params (varargs=0) at line 1900
DEBUG C_PARSER: parsed function y0l with 1 params (varargs=0) at line 1901
DEBUG C_PARSER: parsed function __y0l with 1 params (varargs=0) at line 1901
DEBUG C_PARSER: parsed function y1l with 1 params (varargs=0) at line 1902
DEBUG C_PARSER: parsed function __y1l with 1 params (varargs=0) at line 1902
DEBUG C_PARSER: parsed function ynl with 2 params (varargs=0) at line 1903
DEBUG C_PARSER: parsed function __ynl with 2 params (varargs=0) at line 1903
DEBUG C_PARSER: parsed function erfl with 1 params (varargs=0) at line 1909
DEBUG C_PARSER: parsed function __erfl with 1 params (varargs=0) at line 1909
DEBUG C_PARSER: parsed function erfcl with 1 params (varargs=0) at line 1910
DEBUG C_PARSER: parsed function __erfcl with 1 params (varargs=0) at line 1910
DEBUG C_PARSER: parsed function lgammal with 1 params (varargs=0) at line 1911
DEBUG C_PARSER: parsed function __lgammal with 1 params (varargs=0) at line 1911
DEBUG C_PARSER: parsed function tgammal with 1 params (varargs=0) at line 1916
DEBUG C_PARSER: parsed function __tgammal with 1 params (varargs=0) at line 1916
DEBUG C_PARSER: parsed function gammal with 1 params (varargs=0) at line 1922
DEBUG C_PARSER: parsed function __gammal with 1 params (varargs=0) at line 1922
DEBUG C_PARSER: parsed function lgammal_r with 2 params (varargs=0) at line 1930
DEBUG C_PARSER: parsed function __lgammal_r with 2 params (varargs=0) at line 1930
DEBUG C_PARSER: parsed function rintl with 1 params (varargs=0) at line 1937
DEBUG C_PARSER: parsed function __rintl with 1 params (varargs=0) at line 1937
DEBUG C_PARSER: parsed function nextafterl with 2 params (varargs=0) at line 1940
DEBUG C_PARSER: parsed function __nextafterl with 2 params (varargs=0) at line 1940
DEBUG C_PARSER: parsed function nexttowardl with 2 params (varargs=0) at line 1942
DEBUG C_PARSER: parsed function __nexttowardl with 2 params (varargs=0) at line 1942
DEBUG C_PARSER: parsed function nextdownl with 1 params (varargs=0) at line 1947
DEBUG C_PARSER: parsed function __nextdownl with 1 params (varargs=0) at line 1947
DEBUG C_PARSER: parsed function nextupl with 1 params (varargs=0) at line 1949
DEBUG C_PARSER: parsed function __nextupl with 1 params (varargs=0) at line 1949
DEBUG C_PARSER: parsed function remainderl with 2 params (varargs=0) at line 1953
DEBUG C_PARSER: parsed function __remainderl with 2 params (varargs=0) at line 1953
DEBUG C_PARSER: parsed function scalbnl with 2 params (varargs=0) at line 1957
DEBUG C_PARSER: parsed function __scalbnl with 2 params (varargs=0) at line 1957
DEBUG C_PARSER: parsed function ilogbl with 1 params (varargs=0) at line 1961
DEBUG C_PARSER: parsed function __ilogbl with 1 params (varargs=0) at line 1961
DEBUG C_PARSER: parsed function llogbl with 1 params (varargs=0) at line 1966
DEBUG C_PARSER: parsed function __llogbl with 1 params (varargs=0) at line 1966
DEBUG C_PARSER: parsed function scalblnl with 2 params (varargs=0) at line 1971
DEBUG C_PARSER: parsed function __scalblnl with 2 params (varargs=0) at line 1971
DEBUG C_PARSER: parsed function nearbyintl with 1 params (varargs=0) at line 1975
DEBUG C_PARSER: parsed function __nearbyintl with 1 params (varargs=0) at line 1975
DEBUG C_PARSER: parsed function roundl with 1 params (varargs=0) at line 1979
DEBUG C_PARSER: parsed function truncl with 1 params (varargs=0) at line 1983
DEBUG C_PARSER: parsed function remquol with 3 params (varargs=0) at line 1988
DEBUG C_PARSER: parsed function __remquol with 3 params (varargs=0) at line 1988
DEBUG C_PARSER: parsed function lrintl with 1 params (varargs=0) at line 1995
DEBUG C_PARSER: parsed function __lrintl with 1 params (varargs=0) at line 1995
DEBUG C_PARSER: parsed function llrintl with 1 params (varargs=0) at line 1997
DEBUG C_PARSER: parsed function __llrintl with 1 params (varargs=0) at line 1997
DEBUG C_PARSER: parsed function lroundl with 1 params (varargs=0) at line 2001
DEBUG C_PARSER: parsed function __lroundl with 1 params (varargs=0) at line 2001
DEBUG C_PARSER: parsed function llroundl with 1 params (varargs=0) at line 2003
DEBUG C_PARSER: parsed function __llroundl with 1 params (varargs=0) at line 2003
DEBUG C_PARSER: parsed function fdiml with 2 params (varargs=0) at line 2007
DEBUG C_PARSER: parsed function __fdiml with 2 params (varargs=0) at line 2007
DEBUG C_PARSER: parsed function fmaxl with 2 params (varargs=0) at line 2011
DEBUG C_PARSER: parsed function fminl with 2 params (varargs=0) at line 2014
DEBUG C_PARSER: parsed function fmal with 3 params (varargs=0) at line 2018
DEBUG C_PARSER: parsed function __fmal with 3 params (varargs=0) at line 2018
DEBUG C_PARSER: parsed function roundevenl with 1 params (varargs=0) at line 2023
DEBUG C_PARSER: parsed function fromfpl with 3 params (varargs=0) at line 2027
DEBUG C_PARSER: parsed function __fromfpl with 3 params (varargs=0) at line 2027
DEBUG C_PARSER: parsed function ufromfpl with 3 params (varargs=0) at line 2031
DEBUG C_PARSER: parsed function __ufromfpl with 3 params (varargs=0) at line 2031
DEBUG C_PARSER: parsed function fromfpxl with 3 params (varargs=0) at line 2036
DEBUG C_PARSER: parsed function __fromfpxl with 3 params (varargs=0) at line 2036
DEBUG C_PARSER: parsed function ufromfpxl with 3 params (varargs=0) at line 2041
DEBUG C_PARSER: parsed function __ufromfpxl with 3 params (varargs=0) at line 2041
DEBUG C_PARSER: parsed function canonicalizel with 2 params (varargs=0) at line 2044
DEBUG C_PARSER: parsed function fmaximuml with 2 params (varargs=0) at line 2046
DEBUG C_PARSER: parsed function fminimuml with 2 params (varargs=0) at line 2049
DEBUG C_PARSER: parsed function fmaximum_numl with 2 params (varargs=0) at line 2052
DEBUG C_PARSER: parsed function fminimum_numl with 2 params (varargs=0) at line 2055
DEBUG C_PARSER: parsed function fmaximum_magl with 2 params (varargs=0) at line 2058
DEBUG C_PARSER: parsed function fminimum_magl with 2 params (varargs=0) at line 2061
DEBUG C_PARSER: parsed function fmaximum_mag_numl with 2 params (varargs=0) at line 2064
DEBUG C_PARSER: parsed function fminimum_mag_numl with 2 params (varargs=0) at line 2067
DEBUG C_PARSER: parsed function scalbl with 2 params (varargs=0) at line 2069
DEBUG C_PARSER: parsed function __scalbl with 2 params (varargs=0) at line 2069
DEBUG C_PARSER: parsed function __fpclassifyf128 with 1 params (varargs=0) at line 2074
DEBUG C_PARSER: parsed function __signbitf128 with 1 params (varargs=0) at line 2078
DEBUG C_PARSER: parsed function __isinff128 with 1 params (varargs=0) at line 2083
DEBUG C_PARSER: parsed function __finitef128 with 1 params (varargs=0) at line 2087
DEBUG C_PARSER: parsed function __isnanf128 with 1 params (varargs=0) at line 2091
DEBUG C_PARSER: parsed function __iseqsigf128 with 2 params (varargs=0) at line 2095
DEBUG C_PARSER: parsed function __issignalingf128 with 1 params (varargs=0) at line 2098
DEBUG C_PARSER: parsed function fadd with 2 params (varargs=0) at line 2104
DEBUG C_PARSER: parsed function fdiv with 2 params (varargs=0) at line 2107
DEBUG C_PARSER: parsed function ffma with 3 params (varargs=0) at line 2110
DEBUG C_PARSER: parsed function fmul with 2 params (varargs=0) at line 2113
DEBUG C_PARSER: parsed function fsqrt with 1 params (varargs=0) at line 2116
DEBUG C_PARSER: parsed function fsub with 2 params (varargs=0) at line 2119
DEBUG C_PARSER: parsed function faddl with 2 params (varargs=0) at line 2124
DEBUG C_PARSER: parsed function fdivl with 2 params (varargs=0) at line 2127
DEBUG C_PARSER: parsed function ffmal with 3 params (varargs=0) at line 2130
DEBUG C_PARSER: parsed function fmull with 2 params (varargs=0) at line 2133
DEBUG C_PARSER: parsed function fsqrtl with 1 params (varargs=0) at line 2136
DEBUG C_PARSER: parsed function fsubl with 2 params (varargs=0) at line 2139
DEBUG C_PARSER: parsed function daddl with 2 params (varargs=0) at line 2144
DEBUG C_PARSER: parsed function ddivl with 2 params (varargs=0) at line 2147
DEBUG C_PARSER: parsed function dfmal with 3 params (varargs=0) at line 2150
DEBUG C_PARSER: parsed function dmull with 2 params (varargs=0) at line 2153
DEBUG C_PARSER: parsed function dsqrtl with 1 params (varargs=0) at line 2156
DEBUG C_PARSER: parsed function dsubl with 2 params (varargs=0) at line 2159
DEBUG C_PARSER: parsed function __iscanonicall with 1 params (varargs=0) at line 2186
DEBUG C_PARSER: parsed function imaxabs with 1 params (varargs=0) at line 2220
DEBUG C_PARSER: parsed function imaxdiv with 2 params (varargs=0) at line 2229
DEBUG C_PARSER: parsed function strtoimax with 3 params (varargs=0) at line 2233
DEBUG C_PARSER: parsed function strtoumax with 3 params (varargs=0) at line 2237
DEBUG C_PARSER: parsed function wcstoimax with 3 params (varargs=0) at line 2242
DEBUG C_PARSER: parsed function wcstoumax with 3 params (varargs=0) at line 2247
DEBUG C_PARSER: parsed function strtoimax with 3 params (varargs=0) at line 2253
DEBUG C_PARSER: parsed function strtoumax with 3 params (varargs=0) at line 2256
DEBUG C_PARSER: parsed function wcstoimax with 3 params (varargs=0) at line 2259
DEBUG C_PARSER: parsed function wcstoumax with 3 params (varargs=0) at line 2263
DEBUG C_PARSER: parsed function wl_list_init with 1 params (varargs=0) at line 2311
DEBUG C_PARSER: parsed function wl_list_insert with 2 params (varargs=0) at line 2314
DEBUG C_PARSER: parsed function wl_list_remove with 1 params (varargs=0) at line 2317
DEBUG C_PARSER: parsed function wl_list_length with 1 params (varargs=0) at line 2320
DEBUG C_PARSER: parsed function wl_list_empty with 1 params (varargs=0) at line 2323
DEBUG C_PARSER: parsed function wl_list_insert_list with 2 params (varargs=0) at line 2326
DEBUG C_PARSER: parsed function wl_array_init with 1 params (varargs=0) at line 2338
DEBUG C_PARSER: parsed function wl_array_release with 1 params (varargs=0) at line 2341
DEBUG C_PARSER: parsed function wl_array_add with 2 params (varargs=0) at line 2344
DEBUG C_PARSER: parsed function wl_array_copy with 2 params (varargs=0) at line 2347
DEBUG C_PARSER: parsed function wl_fixed_to_double with 1 params (varargs=0) at line 2353
DEBUG C_PARSER: parsed function wl_fixed_from_double with 1 params (varargs=0) at line 2359
DEBUG C_PARSER: parsed function wl_fixed_to_int with 1 params (varargs=0) at line 2365
DEBUG C_PARSER: parsed function wl_fixed_from_int with 1 params (varargs=0) at line 2371
DEBUG C_PARSER: parsed function wl_event_loop_create with 0 params (varargs=0) at line 2428
DEBUG C_PARSER: parsed function wl_event_loop_destroy with 1 params (varargs=0) at line 2431
DEBUG C_PARSER: parsed function wl_event_loop_add_fd with 5 params (varargs=0) at line 2437
DEBUG C_PARSER: parsed function wl_event_source_fd_update with 2 params (varargs=0) at line 2440
DEBUG C_PARSER: parsed function wl_event_loop_add_timer with 3 params (varargs=0) at line 2445
DEBUG C_PARSER: parsed function wl_event_loop_add_signal with 4 params (varargs=0) at line 2451
DEBUG C_PARSER: parsed function wl_event_source_timer_update with 2 params (varargs=0) at line 2455
DEBUG C_PARSER: parsed function wl_event_source_remove with 1 params (varargs=0) at line 2458
DEBUG C_PARSER: parsed function wl_event_source_check with 1 params (varargs=0) at line 2461
DEBUG C_PARSER: parsed function wl_event_loop_dispatch with 2 params (varargs=0) at line 2464
DEBUG C_PARSER: parsed function wl_event_loop_dispatch_idle with 1 params (varargs=0) at line 2467
DEBUG C_PARSER: parsed function wl_event_loop_add_idle with 3 params (varargs=0) at line 2472
DEBUG C_PARSER: parsed function wl_event_loop_get_fd with 1 params (varargs=0) at line 2475
DEBUG C_PARSER: parsed function wl_event_loop_add_destroy_listener with 2 params (varargs=0) at line 2483
DEBUG C_PARSER: parsed function wl_event_loop_get_destroy_listener with 2 params (varargs=0) at line 2487
DEBUG C_PARSER: parsed function wl_display_create with 0 params (varargs=0) at line 2490
DEBUG C_PARSER: parsed function wl_display_destroy with 1 params (varargs=0) at line 2493
DEBUG C_PARSER: parsed function wl_display_get_event_loop with 1 params (varargs=0) at line 2496
DEBUG C_PARSER: parsed function wl_display_add_socket with 2 params (varargs=0) at line 2499
DEBUG C_PARSER: parsed function wl_display_add_socket_auto with 1 params (varargs=0) at line 2502
DEBUG C_PARSER: parsed function wl_display_add_socket_fd with 2 params (varargs=0) at line 2505
DEBUG C_PARSER: parsed function wl_display_terminate with 1 params (varargs=0) at line 2508
DEBUG C_PARSER: parsed function wl_display_run with 1 params (varargs=0) at line 2511
DEBUG C_PARSER: parsed function wl_display_flush_clients with 1 params (varargs=0) at line 2514
DEBUG C_PARSER: parsed function wl_display_destroy_clients with 1 params (varargs=0) at line 2517
DEBUG C_PARSER: parsed function wl_display_set_default_max_buffer_size with 2 params (varargs=0) at line 2521
DEBUG C_PARSER: parsed function wl_display_get_serial with 1 params (varargs=0) at line 2529
DEBUG C_PARSER: parsed function wl_display_next_serial with 1 params (varargs=0) at line 2532
DEBUG C_PARSER: parsed function wl_display_add_destroy_listener with 2 params (varargs=0) at line 2536
DEBUG C_PARSER: parsed function wl_display_add_client_created_listener with 2 params (varargs=0) at line 2540
DEBUG C_PARSER: parsed function wl_display_get_destroy_listener with 2 params (varargs=0) at line 2544
DEBUG C_PARSER: parsed function wl_global_create with 5 params (varargs=0) at line 2550
DEBUG C_PARSER: parsed function wl_global_remove with 1 params (varargs=0) at line 2553
DEBUG C_PARSER: parsed function wl_global_destroy with 1 params (varargs=0) at line 2556
DEBUG C_PARSER: parsed function wl_display_set_global_filter with 3 params (varargs=0) at line 2565
DEBUG C_PARSER: parsed function wl_global_get_interface with 1 params (varargs=0) at line 2568
DEBUG C_PARSER: parsed function wl_global_get_name with 2 params (varargs=0) at line 2572
DEBUG C_PARSER: parsed function wl_global_get_version with 1 params (varargs=0) at line 2575
DEBUG C_PARSER: parsed function wl_global_get_display with 1 params (varargs=0) at line 2578
DEBUG C_PARSER: parsed function wl_global_get_user_data with 1 params (varargs=0) at line 2581
DEBUG C_PARSER: parsed function wl_global_set_user_data with 2 params (varargs=0) at line 2584
DEBUG C_PARSER: parsed function wl_client_create with 2 params (varargs=0) at line 2587
DEBUG C_PARSER: parsed function wl_display_get_client_list with 1 params (varargs=0) at line 2590
DEBUG C_PARSER: parsed function wl_client_get_link with 1 params (varargs=0) at line 2593
DEBUG C_PARSER: parsed function wl_client_from_link with 1 params (varargs=0) at line 2596
DEBUG C_PARSER: parsed function wl_client_destroy with 1 params (varargs=0) at line 2605
DEBUG C_PARSER: parsed function wl_client_flush with 1 params (varargs=0) at line 2608
DEBUG C_PARSER: parsed function wl_client_get_credentials with 4 params (varargs=0) at line 2612
DEBUG C_PARSER: parsed function wl_client_get_fd with 1 params (varargs=0) at line 2615
DEBUG C_PARSER: parsed function wl_client_add_destroy_listener with 2 params (varargs=0) at line 2619
DEBUG C_PARSER: parsed function wl_client_get_destroy_listener with 2 params (varargs=0) at line 2623
DEBUG C_PARSER: parsed function wl_client_add_destroy_late_listener with 2 params (varargs=0) at line 2627
DEBUG C_PARSER: parsed function wl_client_get_destroy_late_listener with 2 params (varargs=0) at line 2631
DEBUG C_PARSER: parsed function wl_client_get_object with 2 params (varargs=0) at line 2634
DEBUG C_PARSER: parsed function wl_client_post_no_memory with 1 params (varargs=0) at line 2637
DEBUG C_PARSER: parsed function wl_client_post_implementation_error with 2 params (varargs=1) at line 2641
DEBUG C_PARSER: parsed function wl_client_add_resource_created_listener with 2 params (varargs=0) at line 2645
DEBUG C_PARSER: parsed function wl_client_for_each_resource with 3 params (varargs=0) at line 2655
DEBUG C_PARSER: parsed function wl_client_set_user_data with 3 params (varargs=0) at line 2662
DEBUG C_PARSER: parsed function wl_client_get_user_data with 1 params (varargs=0) at line 2665
DEBUG C_PARSER: parsed function wl_client_set_max_buffer_size with 2 params (varargs=0) at line 2668
DEBUG C_PARSER: parsed function wl_signal_init with 1 params (varargs=0) at line 2690
DEBUG C_PARSER: parsed function wl_signal_add with 2 params (varargs=0) at line 2696
DEBUG C_PARSER: parsed function wl_signal_get with 2 params (varargs=0) at line 2702
DEBUG C_PARSER: parsed function wl_signal_emit with 2 params (varargs=0) at line 2714
DEBUG C_PARSER: parsed function wl_signal_emit_mutable with 2 params (varargs=0) at line 2722
DEBUG C_PARSER: parsed function wl_resource_post_event with 2 params (varargs=1) at line 2728
DEBUG C_PARSER: parsed function wl_resource_post_event_array with 3 params (varargs=0) at line 2732
DEBUG C_PARSER: parsed function wl_resource_queue_event with 2 params (varargs=1) at line 2736
DEBUG C_PARSER: parsed function wl_resource_queue_event_array with 3 params (varargs=0) at line 2740
DEBUG C_PARSER: parsed function wl_resource_post_error_vargs with 4 params (varargs=0) at line 2744
DEBUG C_PARSER: parsed function wl_resource_post_error with 3 params (varargs=1) at line 2748
DEBUG C_PARSER: parsed function wl_resource_post_no_memory with 1 params (varargs=0) at line 2751
DEBUG C_PARSER: parsed function wl_client_get_display with 1 params (varargs=0) at line 2754
DEBUG C_PARSER: parsed function wl_resource_create with 4 params (varargs=0) at line 2759
DEBUG C_PARSER: parsed function wl_resource_set_implementation with 4 params (varargs=0) at line 2765
DEBUG C_PARSER: parsed function wl_resource_set_dispatcher with 5 params (varargs=0) at line 2772
DEBUG C_PARSER: parsed function wl_resource_destroy with 1 params (varargs=0) at line 2775
DEBUG C_PARSER: parsed function wl_resource_get_id with 1 params (varargs=0) at line 2778
DEBUG C_PARSER: parsed function wl_resource_get_link with 1 params (varargs=0) at line 2781
DEBUG C_PARSER: parsed function wl_resource_from_link with 1 params (varargs=0) at line 2784
DEBUG C_PARSER: parsed function wl_resource_find_for_client with 2 params (varargs=0) at line 2787
DEBUG C_PARSER: parsed function wl_resource_get_client with 1 params (varargs=0) at line 2790
DEBUG C_PARSER: parsed function wl_resource_set_user_data with 2 params (varargs=0) at line 2793
DEBUG C_PARSER: parsed function wl_resource_get_user_data with 1 params (varargs=0) at line 2796
DEBUG C_PARSER: parsed function wl_resource_get_version with 1 params (varargs=0) at line 2799
DEBUG C_PARSER: parsed function wl_resource_set_destructor with 2 params (varargs=0) at line 2803
DEBUG C_PARSER: parsed function wl_resource_instance_of with 3 params (varargs=0) at line 2808
DEBUG C_PARSER: parsed function wl_resource_get_class with 1 params (varargs=0) at line 2811
DEBUG C_PARSER: parsed function wl_resource_get_interface with 1 params (varargs=0) at line 2814
DEBUG C_PARSER: parsed function wl_resource_add_destroy_listener with 2 params (varargs=0) at line 2818
DEBUG C_PARSER: parsed function wl_resource_get_destroy_listener with 2 params (varargs=0) at line 2822
DEBUG C_PARSER: parsed function wl_shm_buffer_get with 1 params (varargs=0) at line 2825
DEBUG C_PARSER: parsed function wl_shm_buffer_begin_access with 1 params (varargs=0) at line 2828
DEBUG C_PARSER: parsed function wl_shm_buffer_end_access with 1 params (varargs=0) at line 2831
DEBUG C_PARSER: parsed function wl_shm_buffer_get_data with 1 params (varargs=0) at line 2834
DEBUG C_PARSER: parsed function wl_shm_buffer_get_stride with 1 params (varargs=0) at line 2837
DEBUG C_PARSER: parsed function wl_shm_buffer_get_format with 1 params (varargs=0) at line 2840
DEBUG C_PARSER: parsed function wl_shm_buffer_get_width with 1 params (varargs=0) at line 2843
DEBUG C_PARSER: parsed function wl_shm_buffer_get_height with 1 params (varargs=0) at line 2846
DEBUG C_PARSER: parsed function wl_shm_buffer_ref with 1 params (varargs=0) at line 2849
DEBUG C_PARSER: parsed function wl_shm_buffer_unref with 1 params (varargs=0) at line 2852
DEBUG C_PARSER: parsed function wl_shm_buffer_ref_pool with 1 params (varargs=0) at line 2855
DEBUG C_PARSER: parsed function wl_shm_pool_unref with 1 params (varargs=0) at line 2858
DEBUG C_PARSER: parsed function wl_display_init_shm with 1 params (varargs=0) at line 2861
DEBUG C_PARSER: parsed function wl_display_add_shm_format with 2 params (varargs=0) at line 2864
DEBUG C_PARSER: parsed function wl_log_set_handler_server with 1 params (varargs=0) at line 2873
DEBUG C_PARSER: parsed function wl_display_add_protocol_logger with 3 params (varargs=0) at line 2895
DEBUG C_PARSER: parsed function wl_protocol_logger_destroy with 1 params (varargs=0) at line 2898
DEBUG C_PARSER: parsed function wlr_allocator_init with 3 params (varargs=0) at line 2915
DEBUG C_PARSER: parsed function wlr_allocator_autocreate with 2 params (varargs=0) at line 2932
DEBUG C_PARSER: parsed function wlr_allocator_destroy with 1 params (varargs=0) at line 2936
DEBUG C_PARSER: parsed function wlr_allocator_create_buffer with 4 params (varargs=0) at line 2939
DEBUG C_PARSER: parsed function __bswap_16 with 1 params (varargs=0) at line 330
DEBUG C_PARSER: parsed function __bswap_32 with 1 params (varargs=0) at line 345
DEBUG C_PARSER: parsed function __bswap_64 with 1 params (varargs=0) at line 355
DEBUG C_PARSER: parsed function __uint16_identity with 1 params (varargs=0) at line 367
DEBUG C_PARSER: parsed function __uint32_identity with 1 params (varargs=0) at line 373
DEBUG C_PARSER: parsed function __uint64_identity with 1 params (varargs=0) at line 379
DEBUG C_PARSER: parsed function select with 5 params (varargs=0) at line 485
DEBUG C_PARSER: parsed function pselect with 6 params (varargs=0) at line 491
DEBUG C_PARSER: parsed function __fpclassify with 1 params (varargs=0) at line 862
DEBUG C_PARSER: parsed function __signbit with 1 params (varargs=0) at line 866
DEBUG C_PARSER: parsed function __isinf with 1 params (varargs=0) at line 871
DEBUG C_PARSER: parsed function __finite with 1 params (varargs=0) at line 875
DEBUG C_PARSER: parsed function __isnan with 1 params (varargs=0) at line 879
DEBUG C_PARSER: parsed function __iseqsig with 2 params (varargs=0) at line 883
DEBUG C_PARSER: parsed function __issignaling with 1 params (varargs=0) at line 886
DEBUG C_PARSER: parsed function acos with 1 params (varargs=0) at line 891
DEBUG C_PARSER: parsed function __acos with 1 params (varargs=0) at line 891
DEBUG C_PARSER: parsed function asin with 1 params (varargs=0) at line 893
DEBUG C_PARSER: parsed function __asin with 1 params (varargs=0) at line 893
DEBUG C_PARSER: parsed function atan with 1 params (varargs=0) at line 895
DEBUG C_PARSER: parsed function __atan with 1 params (varargs=0) at line 895
DEBUG C_PARSER: parsed function atan2 with 2 params (varargs=0) at line 897
DEBUG C_PARSER: parsed function __atan2 with 2 params (varargs=0) at line 897
DEBUG C_PARSER: parsed function cos with 1 params (varargs=0) at line 900
DEBUG C_PARSER: parsed function __cos with 1 params (varargs=0) at line 900
DEBUG C_PARSER: parsed function sin with 1 params (varargs=0) at line 902
DEBUG C_PARSER: parsed function __sin with 1 params (varargs=0) at line 902
DEBUG C_PARSER: parsed function tan with 1 params (varargs=0) at line 904
DEBUG C_PARSER: parsed function __tan with 1 params (varargs=0) at line 904
DEBUG C_PARSER: parsed function acospi with 1 params (varargs=0) at line 908
DEBUG C_PARSER: parsed function __acospi with 1 params (varargs=0) at line 908
DEBUG C_PARSER: parsed function acospi with 1 params (varargs=0) at line 909
DEBUG C_PARSER: parsed function __acospi with 1 params (varargs=0) at line 909
DEBUG C_PARSER: parsed function asinpi with 1 params (varargs=0) at line 911
DEBUG C_PARSER: parsed function __asinpi with 1 params (varargs=0) at line 911
DEBUG C_PARSER: parsed function asinpi with 1 params (varargs=0) at line 912
DEBUG C_PARSER: parsed function __asinpi with 1 params (varargs=0) at line 912
DEBUG C_PARSER: parsed function atanpi with 1 params (varargs=0) at line 914
DEBUG C_PARSER: parsed function __atanpi with 1 params (varargs=0) at line 914
DEBUG C_PARSER: parsed function atanpi with 1 params (varargs=0) at line 915
DEBUG C_PARSER: parsed function __atanpi with 1 params (varargs=0) at line 915
DEBUG C_PARSER: parsed function atan2pi with 2 params (varargs=0) at line 917
DEBUG C_PARSER: parsed function __atan2pi with 2 params (varargs=0) at line 917
DEBUG C_PARSER: parsed function atan2pi with 2 params (varargs=0) at line 918
DEBUG C_PARSER: parsed function __atan2pi with 2 params (varargs=0) at line 918
DEBUG C_PARSER: parsed function cospi with 1 params (varargs=0) at line 921
DEBUG C_PARSER: parsed function __cospi with 1 params (varargs=0) at line 921
DEBUG C_PARSER: parsed function sinpi with 1 params (varargs=0) at line 923
DEBUG C_PARSER: parsed function __sinpi with 1 params (varargs=0) at line 923
DEBUG C_PARSER: parsed function tanpi with 1 params (varargs=0) at line 925
DEBUG C_PARSER: parsed function __tanpi with 1 params (varargs=0) at line 925
DEBUG C_PARSER: parsed function cosh with 1 params (varargs=0) at line 931
DEBUG C_PARSER: parsed function __cosh with 1 params (varargs=0) at line 931
DEBUG C_PARSER: parsed function sinh with 1 params (varargs=0) at line 933
DEBUG C_PARSER: parsed function __sinh with 1 params (varargs=0) at line 933
DEBUG C_PARSER: parsed function tanh with 1 params (varargs=0) at line 935
DEBUG C_PARSER: parsed function __tanh with 1 params (varargs=0) at line 935
DEBUG C_PARSER: parsed function acosh with 1 params (varargs=0) at line 937
DEBUG C_PARSER: parsed function __acosh with 1 params (varargs=0) at line 937
DEBUG C_PARSER: parsed function asinh with 1 params (varargs=0) at line 939
DEBUG C_PARSER: parsed function __asinh with 1 params (varargs=0) at line 939
DEBUG C_PARSER: parsed function atanh with 1 params (varargs=0) at line 941
DEBUG C_PARSER: parsed function __atanh with 1 params (varargs=0) at line 941
DEBUG C_PARSER: parsed function exp with 1 params (varargs=0) at line 947
DEBUG C_PARSER: parsed function __exp with 1 params (varargs=0) at line 947
DEBUG C_PARSER: parsed function frexp with 2 params (varargs=0) at line 950
DEBUG C_PARSER: parsed function __frexp with 2 params (varargs=0) at line 950
DEBUG C_PARSER: parsed function ldexp with 2 params (varargs=0) at line 953
DEBUG C_PARSER: parsed function __ldexp with 2 params (varargs=0) at line 953
DEBUG C_PARSER: parsed function log with 1 params (varargs=0) at line 956
DEBUG C_PARSER: parsed function __log with 1 params (varargs=0) at line 956
DEBUG C_PARSER: parsed function log10 with 1 params (varargs=0) at line 959
DEBUG C_PARSER: parsed function __log10 with 1 params (varargs=0) at line 959
DEBUG C_PARSER: parsed function modf with 2 params (varargs=0) at line 962
DEBUG C_PARSER: parsed function __modf with 2 params (varargs=0) at line 962
DEBUG C_PARSER: parsed function exp10 with 1 params (varargs=0) at line 966
DEBUG C_PARSER: parsed function __exp10 with 1 params (varargs=0) at line 966
DEBUG C_PARSER: parsed function exp2m1 with 1 params (varargs=0) at line 969
DEBUG C_PARSER: parsed function __exp2m1 with 1 params (varargs=0) at line 969
DEBUG C_PARSER: parsed function exp10m1 with 1 params (varargs=0) at line 972
DEBUG C_PARSER: parsed function __exp10m1 with 1 params (varargs=0) at line 972
DEBUG C_PARSER: parsed function log2p1 with 1 params (varargs=0) at line 975
DEBUG C_PARSER: parsed function __log2p1 with 1 params (varargs=0) at line 975
DEBUG C_PARSER: parsed function log10p1 with 1 params (varargs=0) at line 978
DEBUG C_PARSER: parsed function __log10p1 with 1 params (varargs=0) at line 978
DEBUG C_PARSER: parsed function logp1 with 1 params (varargs=0) at line 981
DEBUG C_PARSER: parsed function __logp1 with 1 params (varargs=0) at line 981
DEBUG C_PARSER: parsed function expm1 with 1 params (varargs=0) at line 986
DEBUG C_PARSER: parsed function __expm1 with 1 params (varargs=0) at line 986
DEBUG C_PARSER: parsed function log1p with 1 params (varargs=0) at line 989
DEBUG C_PARSER: parsed function __log1p with 1 params (varargs=0) at line 989
DEBUG C_PARSER: parsed function logb with 1 params (varargs=0) at line 992
DEBUG C_PARSER: parsed function __logb with 1 params (varargs=0) at line 992
DEBUG C_PARSER: parsed function exp2 with 1 params (varargs=0) at line 997
DEBUG C_PARSER: parsed function __exp2 with 1 params (varargs=0) at line 997
DEBUG C_PARSER: parsed function log2 with 1 params (varargs=0) at line 1000
DEBUG C_PARSER: parsed function __log2 with 1 params (varargs=0) at line 1000
DEBUG C_PARSER: parsed function pow with 2 params (varargs=0) at line 1007
DEBUG C_PARSER: parsed function __pow with 2 params (varargs=0) at line 1007
DEBUG C_PARSER: parsed function sqrt with 1 params (varargs=0) at line 1010
DEBUG C_PARSER: parsed function __sqrt with 1 params (varargs=0) at line 1010
DEBUG C_PARSER: parsed function hypot with 2 params (varargs=0) at line 1014
DEBUG C_PARSER: parsed function __hypot with 2 params (varargs=0) at line 1014
DEBUG C_PARSER: parsed function cbrt with 1 params (varargs=0) at line 1019
DEBUG C_PARSER: parsed function __cbrt with 1 params (varargs=0) at line 1019
DEBUG C_PARSER: parsed function compoundn with 2 params (varargs=0) at line 1024
DEBUG C_PARSER: parsed function __compoundn with 2 params (varargs=0) at line 1024
DEBUG C_PARSER: parsed function pown with 2 params (varargs=0) at line 1027
DEBUG C_PARSER: parsed function __pown with 2 params (varargs=0) at line 1027
DEBUG C_PARSER: parsed function powr with 2 params (varargs=0) at line 1030
DEBUG C_PARSER: parsed function __powr with 2 params (varargs=0) at line 1030
DEBUG C_PARSER: parsed function powr with 2 params (varargs=0) at line 1031
DEBUG C_PARSER: parsed function __powr with 2 params (varargs=0) at line 1031
DEBUG C_PARSER: parsed function rootn with 2 params (varargs=0) at line 1034
DEBUG C_PARSER: parsed function __rootn with 2 params (varargs=0) at line 1034
DEBUG C_PARSER: parsed function rsqrt with 1 params (varargs=0) at line 1037
DEBUG C_PARSER: parsed function __rsqrt with 1 params (varargs=0) at line 1037
DEBUG C_PARSER: parsed function ceil with 1 params (varargs=0) at line 1044
DEBUG C_PARSER: parsed function fabs with 1 params (varargs=0) at line 1047
DEBUG C_PARSER: parsed function floor with 1 params (varargs=0) at line 1050
DEBUG C_PARSER: parsed function fmod with 2 params (varargs=0) at line 1053
DEBUG C_PARSER: parsed function __fmod with 2 params (varargs=0) at line 1053
DEBUG C_PARSER: parsed function isinf with 1 params (varargs=0) at line 1055
DEBUG C_PARSER: parsed function finite with 1 params (varargs=0) at line 1061
DEBUG C_PARSER: parsed function drem with 2 params (varargs=0) at line 1065
DEBUG C_PARSER: parsed function __drem with 2 params (varargs=0) at line 1065
DEBUG C_PARSER: parsed function significand with 1 params (varargs=0) at line 1069
DEBUG C_PARSER: parsed function __significand with 1 params (varargs=0) at line 1069
DEBUG C_PARSER: parsed function copysign with 2 params (varargs=0) at line 1076
DEBUG C_PARSER: parsed function nan with 1 params (varargs=0) at line 1081
DEBUG C_PARSER: parsed function __nan with 1 params (varargs=0) at line 1081
DEBUG C_PARSER: parsed function isnan with 1 params (varargs=0) at line 1083
DEBUG C_PARSER: parsed function j0 with 1 params (varargs=0) at line 1090
DEBUG C_PARSER: parsed function __j0 with 1 params (varargs=0) at line 1090
DEBUG C_PARSER: parsed function j1 with 1 params (varargs=0) at line 1091
DEBUG C_PARSER: parsed function __j1 with 1 params (varargs=0) at line 1091
DEBUG C_PARSER: parsed function jn with 2 params (varargs=0) at line 1092
DEBUG C_PARSER: parsed function __jn with 2 params (varargs=0) at line 1092
DEBUG C_PARSER: parsed function y0 with 1 params (varargs=0) at line 1093
DEBUG C_PARSER: parsed function __y0 with 1 params (varargs=0) at line 1093
DEBUG C_PARSER: parsed function y1 with 1 params (varargs=0) at line 1094
DEBUG C_PARSER: parsed function __y1 with 1 params (varargs=0) at line 1094
DEBUG C_PARSER: parsed function yn with 2 params (varargs=0) at line 1095
DEBUG C_PARSER: parsed function __yn with 2 params (varargs=0) at line 1095
DEBUG C_PARSER: parsed function erf with 1 params (varargs=0) at line 1101
DEBUG C_PARSER: parsed function __erf with 1 params (varargs=0) at line 1101
DEBUG C_PARSER: parsed function erfc with 1 params (varargs=0) at line 1102
DEBUG C_PARSER: parsed function __erfc with 1 params (varargs=0) at line 1102
DEBUG C_PARSER: parsed function lgamma with 1 params (varargs=0) at line 1103
DEBUG C_PARSER: parsed function __lgamma with 1 params (varargs=0) at line 1103
DEBUG C_PARSER: parsed function tgamma with 1 params (varargs=0) at line 1108
DEBUG C_PARSER: parsed function __tgamma with 1 params (varargs=0) at line 1108
DEBUG C_PARSER: parsed function gamma with 1 params (varargs=0) at line 1114
DEBUG C_PARSER: parsed function __gamma with 1 params (varargs=0) at line 1114
DEBUG C_PARSER: parsed function lgamma_r with 2 params (varargs=0) at line 1122
DEBUG C_PARSER: parsed function __lgamma_r with 2 params (varargs=0) at line 1122
DEBUG C_PARSER: parsed function rint with 1 params (varargs=0) at line 1129
DEBUG C_PARSER: parsed function __rint with 1 params (varargs=0) at line 1129
DEBUG C_PARSER: parsed function nextafter with 2 params (varargs=0) at line 1132
DEBUG C_PARSER: parsed function __nextafter with 2 params (varargs=0) at line 1132
DEBUG C_PARSER: parsed function nexttoward with 2 params (varargs=0) at line 1134
DEBUG C_PARSER: parsed function __nexttoward with 2 params (varargs=0) at line 1134
DEBUG C_PARSER: parsed function nextdown with 1 params (varargs=0) at line 1139
DEBUG C_PARSER: parsed function __nextdown with 1 params (varargs=0) at line 1139
DEBUG C_PARSER: parsed function nextup with 1 params (varargs=0) at line 1141
DEBUG C_PARSER: parsed function __nextup with 1 params (varargs=0) at line 1141
DEBUG C_PARSER: parsed function remainder with 2 params (varargs=0) at line 1145
DEBUG C_PARSER: parsed function __remainder with 2 params (varargs=0) at line 1145
DEBUG C_PARSER: parsed function scalbn with 2 params (varargs=0) at line 1149
DEBUG C_PARSER: parsed function __scalbn with 2 params (varargs=0) at line 1149
DEBUG C_PARSER: parsed function ilogb with 1 params (varargs=0) at line 1153
DEBUG C_PARSER: parsed function __ilogb with 1 params (varargs=0) at line 1153
DEBUG C_PARSER: parsed function llogb with 1 params (varargs=0) at line 1158
DEBUG C_PARSER: parsed function __llogb with 1 params (varargs=0) at line 1158
DEBUG C_PARSER: parsed function scalbln with 2 params (varargs=0) at line 1163
DEBUG C_PARSER: parsed function __scalbln with 2 params (varargs=0) at line 1163
DEBUG C_PARSER: parsed function nearbyint with 1 params (varargs=0) at line 1167
DEBUG C_PARSER: parsed function __nearbyint with 1 params (varargs=0) at line 1167
DEBUG C_PARSER: parsed function round with 1 params (varargs=0) at line 1171
DEBUG C_PARSER: parsed function trunc with 1 params (varargs=0) at line 1175
DEBUG C_PARSER: parsed function remquo with 3 params (varargs=0) at line 1180
DEBUG C_PARSER: parsed function __remquo with 3 params (varargs=0) at line 1180
DEBUG C_PARSER: parsed function lrint with 1 params (varargs=0) at line 1187
DEBUG C_PARSER: parsed function __lrint with 1 params (varargs=0) at line 1187
DEBUG C_PARSER: parsed function llrint with 1 params (varargs=0) at line 1189
DEBUG C_PARSER: parsed function __llrint with 1 params (varargs=0) at line 1189
DEBUG C_PARSER: parsed function lround with 1 params (varargs=0) at line 1193
DEBUG C_PARSER: parsed function __lround with 1 params (varargs=0) at line 1193
DEBUG C_PARSER: parsed function llround with 1 params (varargs=0) at line 1195
DEBUG C_PARSER: parsed function __llround with 1 params (varargs=0) at line 1195
DEBUG C_PARSER: parsed function fdim with 2 params (varargs=0) at line 1199
DEBUG C_PARSER: parsed function __fdim with 2 params (varargs=0) at line 1199
DEBUG C_PARSER: parsed function fmax with 2 params (varargs=0) at line 1203
DEBUG C_PARSER: parsed function fmin with 2 params (varargs=0) at line 1206
DEBUG C_PARSER: parsed function fma with 3 params (varargs=0) at line 1210
DEBUG C_PARSER: parsed function __fma with 3 params (varargs=0) at line 1210
DEBUG C_PARSER: parsed function roundeven with 1 params (varargs=0) at line 1215
DEBUG C_PARSER: parsed function fromfp with 3 params (varargs=0) at line 1219
DEBUG C_PARSER: parsed function __fromfp with 3 params (varargs=0) at line 1219
DEBUG C_PARSER: parsed function ufromfp with 3 params (varargs=0) at line 1223
DEBUG C_PARSER: parsed function __ufromfp with 3 params (varargs=0) at line 1223
DEBUG C_PARSER: parsed function fromfpx with 3 params (varargs=0) at line 1228
DEBUG C_PARSER: parsed function __fromfpx with 3 params (varargs=0) at line 1228
DEBUG C_PARSER: parsed function ufromfpx with 3 params (varargs=0) at line 1233
DEBUG C_PARSER: parsed function __ufromfpx with 3 params (varargs=0) at line 1233
DEBUG C_PARSER: parsed function canonicalize with 2 params (varargs=0) at line 1236
DEBUG C_PARSER: parsed function fmaximum with 2 params (varargs=0) at line 1238
DEBUG C_PARSER: parsed function fminimum with 2 params (varargs=0) at line 1241
DEBUG C_PARSER: parsed function fmaximum_num with 2 params (varargs=0) at line 1244
DEBUG C_PARSER: parsed function fminimum_num with 2 params (varargs=0) at line 1247
DEBUG C_PARSER: parsed function fmaximum_mag with 2 params (varargs=0) at line 1250
DEBUG C_PARSER: parsed function fminimum_mag with 2 params (varargs=0) at line 1253
DEBUG C_PARSER: parsed function fmaximum_mag_num with 2 params (varargs=0) at line 1256
DEBUG C_PARSER: parsed function fminimum_mag_num with 2 params (varargs=0) at line 1259
DEBUG C_PARSER: parsed function scalb with 2 params (varargs=0) at line 1261
DEBUG C_PARSER: parsed function __scalb with 2 params (varargs=0) at line 1261
DEBUG C_PARSER: parsed function __fpclassifyf with 1 params (varargs=0) at line 1266
DEBUG C_PARSER: parsed function __signbitf with 1 params (varargs=0) at line 1270
DEBUG C_PARSER: parsed function __isinff with 1 params (varargs=0) at line 1275
DEBUG C_PARSER: parsed function __finitef with 1 params (varargs=0) at line 1279
DEBUG C_PARSER: parsed function __isnanf with 1 params (varargs=0) at line 1283
DEBUG C_PARSER: parsed function __iseqsigf with 2 params (varargs=0) at line 1287
DEBUG C_PARSER: parsed function __issignalingf with 1 params (varargs=0) at line 1290
DEBUG C_PARSER: parsed function acosf with 1 params (varargs=0) at line 1295
DEBUG C_PARSER: parsed function __acosf with 1 params (varargs=0) at line 1295
DEBUG C_PARSER: parsed function asinf with 1 params (varargs=0) at line 1297
DEBUG C_PARSER: parsed function __asinf with 1 params (varargs=0) at line 1297
DEBUG C_PARSER: parsed function atanf with 1 params (varargs=0) at line 1299
DEBUG C_PARSER: parsed function __atanf with 1 params (varargs=0) at line 1299
DEBUG C_PARSER: parsed function atan2f with 2 params (varargs=0) at line 1301
DEBUG C_PARSER: parsed function __atan2f with 2 params (varargs=0) at line 1301
DEBUG C_PARSER: parsed function cosf with 1 params (varargs=0) at line 1304
DEBUG C_PARSER: parsed function __cosf with 1 params (varargs=0) at line 1304
DEBUG C_PARSER: parsed function sinf with 1 params (varargs=0) at line 1306
DEBUG C_PARSER: parsed function __sinf with 1 params (varargs=0) at line 1306
DEBUG C_PARSER: parsed function tanf with 1 params (varargs=0) at line 1308
DEBUG C_PARSER: parsed function __tanf with 1 params (varargs=0) at line 1308
DEBUG C_PARSER: parsed function acospif with 1 params (varargs=0) at line 1312
DEBUG C_PARSER: parsed function __acospif with 1 params (varargs=0) at line 1312
DEBUG C_PARSER: parsed function acospif with 1 params (varargs=0) at line 1313
DEBUG C_PARSER: parsed function __acospif with 1 params (varargs=0) at line 1313
DEBUG C_PARSER: parsed function asinpif with 1 params (varargs=0) at line 1315
DEBUG C_PARSER: parsed function __asinpif with 1 params (varargs=0) at line 1315
DEBUG C_PARSER: parsed function asinpif with 1 params (varargs=0) at line 1316
DEBUG C_PARSER: parsed function __asinpif with 1 params (varargs=0) at line 1316
DEBUG C_PARSER: parsed function atanpif with 1 params (varargs=0) at line 1318
DEBUG C_PARSER: parsed function __atanpif with 1 params (varargs=0) at line 1318
DEBUG C_PARSER: parsed function atanpif with 1 params (varargs=0) at line 1319
DEBUG C_PARSER: parsed function __atanpif with 1 params (varargs=0) at line 1319
DEBUG C_PARSER: parsed function atan2pif with 2 params (varargs=0) at line 1321
DEBUG C_PARSER: parsed function __atan2pif with 2 params (varargs=0) at line 1321
DEBUG C_PARSER: parsed function atan2pif with 2 params (varargs=0) at line 1322
DEBUG C_PARSER: parsed function __atan2pif with 2 params (varargs=0) at line 1322
DEBUG C_PARSER: parsed function cospif with 1 params (varargs=0) at line 1325
DEBUG C_PARSER: parsed function __cospif with 1 params (varargs=0) at line 1325
DEBUG C_PARSER: parsed function sinpif with 1 params (varargs=0) at line 1327
DEBUG C_PARSER: parsed function __sinpif with 1 params (varargs=0) at line 1327
DEBUG C_PARSER: parsed function tanpif with 1 params (varargs=0) at line 1329
DEBUG C_PARSER: parsed function __tanpif with 1 params (varargs=0) at line 1329
DEBUG C_PARSER: parsed function coshf with 1 params (varargs=0) at line 1335
DEBUG C_PARSER: parsed function __coshf with 1 params (varargs=0) at line 1335
DEBUG C_PARSER: parsed function sinhf with 1 params (varargs=0) at line 1337
DEBUG C_PARSER: parsed function __sinhf with 1 params (varargs=0) at line 1337
DEBUG C_PARSER: parsed function tanhf with 1 params (varargs=0) at line 1339
DEBUG C_PARSER: parsed function __tanhf with 1 params (varargs=0) at line 1339
DEBUG C_PARSER: parsed function acoshf with 1 params (varargs=0) at line 1341
DEBUG C_PARSER: parsed function __acoshf with 1 params (varargs=0) at line 1341
DEBUG C_PARSER: parsed function asinhf with 1 params (varargs=0) at line 1343
DEBUG C_PARSER: parsed function __asinhf with 1 params (varargs=0) at line 1343
DEBUG C_PARSER: parsed function atanhf with 1 params (varargs=0) at line 1345
DEBUG C_PARSER: parsed function __atanhf with 1 params (varargs=0) at line 1345
DEBUG C_PARSER: parsed function expf with 1 params (varargs=0) at line 1351
DEBUG C_PARSER: parsed function __expf with 1 params (varargs=0) at line 1351
DEBUG C_PARSER: parsed function frexpf with 2 params (varargs=0) at line 1354
DEBUG C_PARSER: parsed function __frexpf with 2 params (varargs=0) at line 1354
DEBUG C_PARSER: parsed function ldexpf with 2 params (varargs=0) at line 1357
DEBUG C_PARSER: parsed function __ldexpf with 2 params (varargs=0) at line 1357
DEBUG C_PARSER: parsed function logf with 1 params (varargs=0) at line 1360
DEBUG C_PARSER: parsed function __logf with 1 params (varargs=0) at line 1360
DEBUG C_PARSER: parsed function log10f with 1 params (varargs=0) at line 1363
DEBUG C_PARSER: parsed function __log10f with 1 params (varargs=0) at line 1363
DEBUG C_PARSER: parsed function modff with 2 params (varargs=0) at line 1366
DEBUG C_PARSER: parsed function __modff with 2 params (varargs=0) at line 1366
DEBUG C_PARSER: parsed function exp10f with 1 params (varargs=0) at line 1370
DEBUG C_PARSER: parsed function __exp10f with 1 params (varargs=0) at line 1370
DEBUG C_PARSER: parsed function exp2m1f with 1 params (varargs=0) at line 1373
DEBUG C_PARSER: parsed function __exp2m1f with 1 params (varargs=0) at line 1373
DEBUG C_PARSER: parsed function exp10m1f with 1 params (varargs=0) at line 1376
DEBUG C_PARSER: parsed function __exp10m1f with 1 params (varargs=0) at line 1376
DEBUG C_PARSER: parsed function log2p1f with 1 params (varargs=0) at line 1379
DEBUG C_PARSER: parsed function __log2p1f with 1 params (varargs=0) at line 1379
DEBUG C_PARSER: parsed function log10p1f with 1 params (varargs=0) at line 1382
DEBUG C_PARSER: parsed function __log10p1f with 1 params (varargs=0) at line 1382
DEBUG C_PARSER: parsed function logp1f with 1 params (varargs=0) at line 1385
DEBUG C_PARSER: parsed function __logp1f with 1 params (varargs=0) at line 1385
DEBUG C_PARSER: parsed function expm1f with 1 params (varargs=0) at line 1390
DEBUG C_PARSER: parsed function __expm1f with 1 params (varargs=0) at line 1390
DEBUG C_PARSER: parsed function log1pf with 1 params (varargs=0) at line 1393
DEBUG C_PARSER: parsed function __log1pf with 1 params (varargs=0) at line 1393
DEBUG C_PARSER: parsed function logbf with 1 params (varargs=0) at line 1396
DEBUG C_PARSER: parsed function __logbf with 1 params (varargs=0) at line 1396
DEBUG C_PARSER: parsed function exp2f with 1 params (varargs=0) at line 1401
DEBUG C_PARSER: parsed function __exp2f with 1 params (varargs=0) at line 1401
DEBUG C_PARSER: parsed function log2f with 1 params (varargs=0) at line 1404
DEBUG C_PARSER: parsed function __log2f with 1 params (varargs=0) at line 1404
DEBUG C_PARSER: parsed function powf with 2 params (varargs=0) at line 1411
DEBUG C_PARSER: parsed function __powf with 2 params (varargs=0) at line 1411
DEBUG C_PARSER: parsed function sqrtf with 1 params (varargs=0) at line 1414
DEBUG C_PARSER: parsed function __sqrtf with 1 params (varargs=0) at line 1414
DEBUG C_PARSER: parsed function hypotf with 2 params (varargs=0) at line 1418
DEBUG C_PARSER: parsed function __hypotf with 2 params (varargs=0) at line 1418
DEBUG C_PARSER: parsed function cbrtf with 1 params (varargs=0) at line 1423
DEBUG C_PARSER: parsed function __cbrtf with 1 params (varargs=0) at line 1423
DEBUG C_PARSER: parsed function compoundnf with 2 params (varargs=0) at line 1428
DEBUG C_PARSER: parsed function __compoundnf with 2 params (varargs=0) at line 1428
DEBUG C_PARSER: parsed function pownf with 2 params (varargs=0) at line 1431
DEBUG C_PARSER: parsed function __pownf with 2 params (varargs=0) at line 1431
DEBUG C_PARSER: parsed function powrf with 2 params (varargs=0) at line 1434
DEBUG C_PARSER: parsed function __powrf with 2 params (varargs=0) at line 1434
DEBUG C_PARSER: parsed function powrf with 2 params (varargs=0) at line 1435
DEBUG C_PARSER: parsed function __powrf with 2 params (varargs=0) at line 1435
DEBUG C_PARSER: parsed function rootnf with 2 params (varargs=0) at line 1438
DEBUG C_PARSER: parsed function __rootnf with 2 params (varargs=0) at line 1438
DEBUG C_PARSER: parsed function rsqrtf with 1 params (varargs=0) at line 1441
DEBUG C_PARSER: parsed function __rsqrtf with 1 params (varargs=0) at line 1441
DEBUG C_PARSER: parsed function ceilf with 1 params (varargs=0) at line 1448
DEBUG C_PARSER: parsed function fabsf with 1 params (varargs=0) at line 1451
DEBUG C_PARSER: parsed function floorf with 1 params (varargs=0) at line 1454
DEBUG C_PARSER: parsed function fmodf with 2 params (varargs=0) at line 1457
DEBUG C_PARSER: parsed function __fmodf with 2 params (varargs=0) at line 1457
DEBUG C_PARSER: parsed function isinff with 1 params (varargs=0) at line 1459
DEBUG C_PARSER: parsed function finitef with 1 params (varargs=0) at line 1465
DEBUG C_PARSER: parsed function dremf with 2 params (varargs=0) at line 1469
DEBUG C_PARSER: parsed function __dremf with 2 params (varargs=0) at line 1469
DEBUG C_PARSER: parsed function significandf with 1 params (varargs=0) at line 1473
DEBUG C_PARSER: parsed function __significandf with 1 params (varargs=0) at line 1473
DEBUG C_PARSER: parsed function copysignf with 2 params (varargs=0) at line 1480
DEBUG C_PARSER: parsed function nanf with 1 params (varargs=0) at line 1485
DEBUG C_PARSER: parsed function __nanf with 1 params (varargs=0) at line 1485
DEBUG C_PARSER: parsed function isnanf with 1 params (varargs=0) at line 1487
DEBUG C_PARSER: parsed function j0f with 1 params (varargs=0) at line 1494
DEBUG C_PARSER: parsed function __j0f with 1 params (varargs=0) at line 1494
DEBUG C_PARSER: parsed function j1f with 1 params (varargs=0) at line 1495
DEBUG C_PARSER: parsed function __j1f with 1 params (varargs=0) at line 1495
DEBUG C_PARSER: parsed function jnf with 2 params (varargs=0) at line 1496
DEBUG C_PARSER: parsed function __jnf with 2 params (varargs=0) at line 1496
DEBUG C_PARSER: parsed function y0f with 1 params (varargs=0) at line 1497
DEBUG C_PARSER: parsed function __y0f with 1 params (varargs=0) at line 1497
DEBUG C_PARSER: parsed function y1f with 1 params (varargs=0) at line 1498
DEBUG C_PARSER: parsed function __y1f with 1 params (varargs=0) at line 1498
DEBUG C_PARSER: parsed function ynf with 2 params (varargs=0) at line 1499
DEBUG C_PARSER: parsed function __ynf with 2 params (varargs=0) at line 1499
DEBUG C_PARSER: parsed function erff with 1 params (varargs=0) at line 1505
DEBUG C_PARSER: parsed function __erff with 1 params (varargs=0) at line 1505
DEBUG C_PARSER: parsed function erfcf with 1 params (varargs=0) at line 1506
DEBUG C_PARSER: parsed function __erfcf with 1 params (varargs=0) at line 1506
DEBUG C_PARSER: parsed function lgammaf with 1 params (varargs=0) at line 1507
DEBUG C_PARSER: parsed function __lgammaf with 1 params (varargs=0) at line 1507
DEBUG C_PARSER: parsed function tgammaf with 1 params (varargs=0) at line 1512
DEBUG C_PARSER: parsed function __tgammaf with 1 params (varargs=0) at line 1512
DEBUG C_PARSER: parsed function gammaf with 1 params (varargs=0) at line 1518
DEBUG C_PARSER: parsed function __gammaf with 1 params (varargs=0) at line 1518
DEBUG C_PARSER: parsed function lgammaf_r with 2 params (varargs=0) at line 1526
DEBUG C_PARSER: parsed function __lgammaf_r with 2 params (varargs=0) at line 1526
DEBUG C_PARSER: parsed function rintf with 1 params (varargs=0) at line 1533
DEBUG C_PARSER: parsed function __rintf with 1 params (varargs=0) at line 1533
DEBUG C_PARSER: parsed function nextafterf with 2 params (varargs=0) at line 1536
DEBUG C_PARSER: parsed function __nextafterf with 2 params (varargs=0) at line 1536
DEBUG C_PARSER: parsed function nexttowardf with 2 params (varargs=0) at line 1538
DEBUG C_PARSER: parsed function __nexttowardf with 2 params (varargs=0) at line 1538
DEBUG C_PARSER: parsed function nextdownf with 1 params (varargs=0) at line 1543
DEBUG C_PARSER: parsed function __nextdownf with 1 params (varargs=0) at line 1543
DEBUG C_PARSER: parsed function nextupf with 1 params (varargs=0) at line 1545
DEBUG C_PARSER: parsed function __nextupf with 1 params (varargs=0) at line 1545
DEBUG C_PARSER: parsed function remainderf with 2 params (varargs=0) at line 1549
DEBUG C_PARSER: parsed function __remainderf with 2 params (varargs=0) at line 1549
DEBUG C_PARSER: parsed function scalbnf with 2 params (varargs=0) at line 1553
DEBUG C_PARSER: parsed function __scalbnf with 2 params (varargs=0) at line 1553
DEBUG C_PARSER: parsed function ilogbf with 1 params (varargs=0) at line 1557
DEBUG C_PARSER: parsed function __ilogbf with 1 params (varargs=0) at line 1557
DEBUG C_PARSER: parsed function llogbf with 1 params (varargs=0) at line 1562
DEBUG C_PARSER: parsed function __llogbf with 1 params (varargs=0) at line 1562
DEBUG C_PARSER: parsed function scalblnf with 2 params (varargs=0) at line 1567
DEBUG C_PARSER: parsed function __scalblnf with 2 params (varargs=0) at line 1567
DEBUG C_PARSER: parsed function nearbyintf with 1 params (varargs=0) at line 1571
DEBUG C_PARSER: parsed function __nearbyintf with 1 params (varargs=0) at line 1571
DEBUG C_PARSER: parsed function roundf with 1 params (varargs=0) at line 1575
DEBUG C_PARSER: parsed function truncf with 1 params (varargs=0) at line 1579
DEBUG C_PARSER: parsed function remquof with 3 params (varargs=0) at line 1584
DEBUG C_PARSER: parsed function __remquof with 3 params (varargs=0) at line 1584
DEBUG C_PARSER: parsed function lrintf with 1 params (varargs=0) at line 1591
DEBUG C_PARSER: parsed function __lrintf with 1 params (varargs=0) at line 1591
DEBUG C_PARSER: parsed function llrintf with 1 params (varargs=0) at line 1593
DEBUG C_PARSER: parsed function __llrintf with 1 params (varargs=0) at line 1593
DEBUG C_PARSER: parsed function lroundf with 1 params (varargs=0) at line 1597
DEBUG C_PARSER: parsed function __lroundf with 1 params (varargs=0) at line 1597
DEBUG C_PARSER: parsed function llroundf with 1 params (varargs=0) at line 1599
DEBUG C_PARSER: parsed function __llroundf with 1 params (varargs=0) at line 1599
DEBUG C_PARSER: parsed function fdimf with 2 params (varargs=0) at line 1603
DEBUG C_PARSER: parsed function __fdimf with 2 params (varargs=0) at line 1603
DEBUG C_PARSER: parsed function fmaxf with 2 params (varargs=0) at line 1607
DEBUG C_PARSER: parsed function fminf with 2 params (varargs=0) at line 1610
DEBUG C_PARSER: parsed function fmaf with 3 params (varargs=0) at line 1614
DEBUG C_PARSER: parsed function __fmaf with 3 params (varargs=0) at line 1614
DEBUG C_PARSER: parsed function roundevenf with 1 params (varargs=0) at line 1619
DEBUG C_PARSER: parsed function fromfpf with 3 params (varargs=0) at line 1623
DEBUG C_PARSER: parsed function __fromfpf with 3 params (varargs=0) at line 1623
DEBUG C_PARSER: parsed function ufromfpf with 3 params (varargs=0) at line 1627
DEBUG C_PARSER: parsed function __ufromfpf with 3 params (varargs=0) at line 1627
DEBUG C_PARSER: parsed function fromfpxf with 3 params (varargs=0) at line 1632
DEBUG C_PARSER: parsed function __fromfpxf with 3 params (varargs=0) at line 1632
DEBUG C_PARSER: parsed function ufromfpxf with 3 params (varargs=0) at line 1637
DEBUG C_PARSER: parsed function __ufromfpxf with 3 params (varargs=0) at line 1637
DEBUG C_PARSER: parsed function canonicalizef with 2 params (varargs=0) at line 1640
DEBUG C_PARSER: parsed function fmaximumf with 2 params (varargs=0) at line 1642
DEBUG C_PARSER: parsed function fminimumf with 2 params (varargs=0) at line 1645
DEBUG C_PARSER: parsed function fmaximum_numf with 2 params (varargs=0) at line 1648
DEBUG C_PARSER: parsed function fminimum_numf with 2 params (varargs=0) at line 1651
DEBUG C_PARSER: parsed function fmaximum_magf with 2 params (varargs=0) at line 1654
DEBUG C_PARSER: parsed function fminimum_magf with 2 params (varargs=0) at line 1657
DEBUG C_PARSER: parsed function fmaximum_mag_numf with 2 params (varargs=0) at line 1660
DEBUG C_PARSER: parsed function fminimum_mag_numf with 2 params (varargs=0) at line 1663
DEBUG C_PARSER: parsed function scalbf with 2 params (varargs=0) at line 1665
DEBUG C_PARSER: parsed function __scalbf with 2 params (varargs=0) at line 1665
DEBUG C_PARSER: parsed function __fpclassifyl with 1 params (varargs=0) at line 1670
DEBUG C_PARSER: parsed function __signbitl with 1 params (varargs=0) at line 1674
DEBUG C_PARSER: parsed function __isinfl with 1 params (varargs=0) at line 1679
DEBUG C_PARSER: parsed function __finitel with 1 params (varargs=0) at line 1683
DEBUG C_PARSER: parsed function __isnanl with 1 params (varargs=0) at line 1687
DEBUG C_PARSER: parsed function __iseqsigl with 2 params (varargs=0) at line 1691
DEBUG C_PARSER: parsed function __issignalingl with 1 params (varargs=0) at line 1694
DEBUG C_PARSER: parsed function acosl with 1 params (varargs=0) at line 1699
DEBUG C_PARSER: parsed function __acosl with 1 params (varargs=0) at line 1699
DEBUG C_PARSER: parsed function asinl with 1 params (varargs=0) at line 1701
DEBUG C_PARSER: parsed function __asinl with 1 params (varargs=0) at line 1701
DEBUG C_PARSER: parsed function atanl with 1 params (varargs=0) at line 1703
DEBUG C_PARSER: parsed function __atanl with 1 params (varargs=0) at line 1703
DEBUG C_PARSER: parsed function atan2l with 2 params (varargs=0) at line 1705
DEBUG C_PARSER: parsed function __atan2l with 2 params (varargs=0) at line 1705
DEBUG C_PARSER: parsed function cosl with 1 params (varargs=0) at line 1708
DEBUG C_PARSER: parsed function __cosl with 1 params (varargs=0) at line 1708
DEBUG C_PARSER: parsed function sinl with 1 params (varargs=0) at line 1710
DEBUG C_PARSER: parsed function __sinl with 1 params (varargs=0) at line 1710
DEBUG C_PARSER: parsed function tanl with 1 params (varargs=0) at line 1712
DEBUG C_PARSER: parsed function __tanl with 1 params (varargs=0) at line 1712
DEBUG C_PARSER: parsed function acospil with 1 params (varargs=0) at line 1716
DEBUG C_PARSER: parsed function __acospil with 1 params (varargs=0) at line 1716
DEBUG C_PARSER: parsed function acospil with 1 params (varargs=0) at line 1717
DEBUG C_PARSER: parsed function __acospil with 1 params (varargs=0) at line 1717
DEBUG C_PARSER: parsed function asinpil with 1 params (varargs=0) at line 1719
DEBUG C_PARSER: parsed function __asinpil with 1 params (varargs=0) at line 1719
DEBUG C_PARSER: parsed function asinpil with 1 params (varargs=0) at line 1720
DEBUG C_PARSER: parsed function __asinpil with 1 params (varargs=0) at line 1720
DEBUG C_PARSER: parsed function atanpil with 1 params (varargs=0) at line 1722
DEBUG C_PARSER: parsed function __atanpil with 1 params (varargs=0) at line 1722
DEBUG C_PARSER: parsed function atanpil with 1 params (varargs=0) at line 1723
DEBUG C_PARSER: parsed function __atanpil with 1 params (varargs=0) at line 1723
DEBUG C_PARSER: parsed function atan2pil with 2 params (varargs=0) at line 1725
DEBUG C_PARSER: parsed function __atan2pil with 2 params (varargs=0) at line 1725
DEBUG C_PARSER: parsed function atan2pil with 2 params (varargs=0) at line 1726
DEBUG C_PARSER: parsed function __atan2pil with 2 params (varargs=0) at line 1726
DEBUG C_PARSER: parsed function cospil with 1 params (varargs=0) at line 1729
DEBUG C_PARSER: parsed function __cospil with 1 params (varargs=0) at line 1729
DEBUG C_PARSER: parsed function sinpil with 1 params (varargs=0) at line 1731
DEBUG C_PARSER: parsed function __sinpil with 1 params (varargs=0) at line 1731
DEBUG C_PARSER: parsed function tanpil with 1 params (varargs=0) at line 1733
DEBUG C_PARSER: parsed function __tanpil with 1 params (varargs=0) at line 1733
DEBUG C_PARSER: parsed function coshl with 1 params (varargs=0) at line 1739
DEBUG C_PARSER: parsed function __coshl with 1 params (varargs=0) at line 1739
DEBUG C_PARSER: parsed function sinhl with 1 params (varargs=0) at line 1741
DEBUG C_PARSER: parsed function __sinhl with 1 params (varargs=0) at line 1741
DEBUG C_PARSER: parsed function tanhl with 1 params (varargs=0) at line 1743
DEBUG C_PARSER: parsed function __tanhl with 1 params (varargs=0) at line 1743
DEBUG C_PARSER: parsed function acoshl with 1 params (varargs=0) at line 1745
DEBUG C_PARSER: parsed function __acoshl with 1 params (varargs=0) at line 1745
DEBUG C_PARSER: parsed function asinhl with 1 params (varargs=0) at line 1747
DEBUG C_PARSER: parsed function __asinhl with 1 params (varargs=0) at line 1747
DEBUG C_PARSER: parsed function atanhl with 1 params (varargs=0) at line 1749
DEBUG C_PARSER: parsed function __atanhl with 1 params (varargs=0) at line 1749
DEBUG C_PARSER: parsed function expl with 1 params (varargs=0) at line 1755
DEBUG C_PARSER: parsed function __expl with 1 params (varargs=0) at line 1755
DEBUG C_PARSER: parsed function frexpl with 2 params (varargs=0) at line 1758
DEBUG C_PARSER: parsed function __frexpl with 2 params (varargs=0) at line 1758
DEBUG C_PARSER: parsed function ldexpl with 2 params (varargs=0) at line 1761
DEBUG C_PARSER: parsed function __ldexpl with 2 params (varargs=0) at line 1761
DEBUG C_PARSER: parsed function logl with 1 params (varargs=0) at line 1764
DEBUG C_PARSER: parsed function __logl with 1 params (varargs=0) at line 1764
DEBUG C_PARSER: parsed function log10l with 1 params (varargs=0) at line 1767
DEBUG C_PARSER: parsed function __log10l with 1 params (varargs=0) at line 1767
DEBUG C_PARSER: parsed function modfl with 2 params (varargs=0) at line 1770
DEBUG C_PARSER: parsed function __modfl with 2 params (varargs=0) at line 1770
DEBUG C_PARSER: parsed function exp10l with 1 params (varargs=0) at line 1774
DEBUG C_PARSER: parsed function __exp10l with 1 params (varargs=0) at line 1774
DEBUG C_PARSER: parsed function exp2m1l with 1 params (varargs=0) at line 1777
DEBUG C_PARSER: parsed function __exp2m1l with 1 params (varargs=0) at line 1777
DEBUG C_PARSER: parsed function exp10m1l with 1 params (varargs=0) at line 1780
DEBUG C_PARSER: parsed function __exp10m1l with 1 params (varargs=0) at line 1780
DEBUG C_PARSER: parsed function log2p1l with 1 params (varargs=0) at line 1783
DEBUG C_PARSER: parsed function __log2p1l with 1 params (varargs=0) at line 1783
DEBUG C_PARSER: parsed function log10p1l with 1 params (varargs=0) at line 1786
DEBUG C_PARSER: parsed function __log10p1l with 1 params (varargs=0) at line 1786
DEBUG C_PARSER: parsed function logp1l with 1 params (varargs=0) at line 1789
DEBUG C_PARSER: parsed function __logp1l with 1 params (varargs=0) at line 1789
DEBUG C_PARSER: parsed function expm1l with 1 params (varargs=0) at line 1794
DEBUG C_PARSER: parsed function __expm1l with 1 params (varargs=0) at line 1794
DEBUG C_PARSER: parsed function log1pl with 1 params (varargs=0) at line 1797
DEBUG C_PARSER: parsed function __log1pl with 1 params (varargs=0) at line 1797
DEBUG C_PARSER: parsed function logbl with 1 params (varargs=0) at line 1800
DEBUG C_PARSER: parsed function __logbl with 1 params (varargs=0) at line 1800
DEBUG C_PARSER: parsed function exp2l with 1 params (varargs=0) at line 1805
DEBUG C_PARSER: parsed function __exp2l with 1 params (varargs=0) at line 1805
DEBUG C_PARSER: parsed function log2l with 1 params (varargs=0) at line 1808
DEBUG C_PARSER: parsed function __log2l with 1 params (varargs=0) at line 1808
DEBUG C_PARSER: parsed function powl with 2 params (varargs=0) at line 1815
DEBUG C_PARSER: parsed function __powl with 2 params (varargs=0) at line 1815
DEBUG C_PARSER: parsed function sqrtl with 1 params (varargs=0) at line 1818
DEBUG C_PARSER: parsed function __sqrtl with 1 params (varargs=0) at line 1818
DEBUG C_PARSER: parsed function hypotl with 2 params (varargs=0) at line 1822
DEBUG C_PARSER: parsed function __hypotl with 2 params (varargs=0) at line 1822
DEBUG C_PARSER: parsed function cbrtl with 1 params (varargs=0) at line 1827
DEBUG C_PARSER: parsed function __cbrtl with 1 params (varargs=0) at line 1827
DEBUG C_PARSER: parsed function compoundnl with 2 params (varargs=0) at line 1832
DEBUG C_PARSER: parsed function __compoundnl with 2 params (varargs=0) at line 1832
DEBUG C_PARSER: parsed function pownl with 2 params (varargs=0) at line 1835
DEBUG C_PARSER: parsed function __pownl with 2 params (varargs=0) at line 1835
DEBUG C_PARSER: parsed function powrl with 2 params (varargs=0) at line 1838
DEBUG C_PARSER: parsed function __powrl with 2 params (varargs=0) at line 1838
DEBUG C_PARSER: parsed function powrl with 2 params (varargs=0) at line 1839
DEBUG C_PARSER: parsed function __powrl with 2 params (varargs=0) at line 1839
DEBUG C_PARSER: parsed function rootnl with 2 params (varargs=0) at line 1842
DEBUG C_PARSER: parsed function __rootnl with 2 params (varargs=0) at line 1842
DEBUG C_PARSER: parsed function rsqrtl with 1 params (varargs=0) at line 1845
DEBUG C_PARSER: parsed function __rsqrtl with 1 params (varargs=0) at line 1845
DEBUG C_PARSER: parsed function ceill with 1 params (varargs=0) at line 1852
DEBUG C_PARSER: parsed function fabsl with 1 params (varargs=0) at line 1855
DEBUG C_PARSER: parsed function floorl with 1 params (varargs=0) at line 1858
DEBUG C_PARSER: parsed function fmodl with 2 params (varargs=0) at line 1861
DEBUG C_PARSER: parsed function __fmodl with 2 params (varargs=0) at line 1861
DEBUG C_PARSER: parsed function isinfl with 1 params (varargs=0) at line 1863
DEBUG C_PARSER: parsed function finitel with 1 params (varargs=0) at line 1869
DEBUG C_PARSER: parsed function dreml with 2 params (varargs=0) at line 1873
DEBUG C_PARSER: parsed function __dreml with 2 params (varargs=0) at line 1873
DEBUG C_PARSER: parsed function significandl with 1 params (varargs=0) at line 1877
DEBUG C_PARSER: parsed function __significandl with 1 params (varargs=0) at line 1877
DEBUG C_PARSER: parsed function copysignl with 2 params (varargs=0) at line 1884
DEBUG C_PARSER: parsed function nanl with 1 params (varargs=0) at line 1889
DEBUG C_PARSER: parsed function __nanl with 1 params (varargs=0) at line 1889
DEBUG C_PARSER: parsed function isnanl with 1 params (varargs=0) at line 1891
DEBUG C_PARSER: parsed function j0l with 1 params (varargs=0) at line 1898
DEBUG C_PARSER: parsed function __j0l with 1 params (varargs=0) at line 1898
DEBUG C_PARSER: parsed function j1l with 1 params (varargs=0) at line 1899
DEBUG C_PARSER: parsed function __j1l with 1 params (varargs=0) at line 1899
DEBUG C_PARSER: parsed function jnl with 2 params (varargs=0) at line 1900
DEBUG C_PARSER: parsed function __jnl with 2 params (varargs=0) at line 1900
DEBUG C_PARSER: parsed function y0l with 1 params (varargs=0) at line 1901
DEBUG C_PARSER: parsed function __y0l with 1 params (varargs=0) at line 1901
DEBUG C_PARSER: parsed function y1l with 1 params (varargs=0) at line 1902
DEBUG C_PARSER: parsed function __y1l with 1 params (varargs=0) at line 1902
DEBUG C_PARSER: parsed function ynl with 2 params (varargs=0) at line 1903
DEBUG C_PARSER: parsed function __ynl with 2 params (varargs=0) at line 1903
DEBUG C_PARSER: parsed function erfl with 1 params (varargs=0) at line 1909
DEBUG C_PARSER: parsed function __erfl with 1 params (varargs=0) at line 1909
DEBUG C_PARSER: parsed function erfcl with 1 params (varargs=0) at line 1910
DEBUG C_PARSER: parsed function __erfcl with 1 params (varargs=0) at line 1910
DEBUG C_PARSER: parsed function lgammal with 1 params (varargs=0) at line 1911
DEBUG C_PARSER: parsed function __lgammal with 1 params (varargs=0) at line 1911
DEBUG C_PARSER: parsed function tgammal with 1 params (varargs=0) at line 1916
DEBUG C_PARSER: parsed function __tgammal with 1 params (varargs=0) at line 1916
DEBUG C_PARSER: parsed function gammal with 1 params (varargs=0) at line 1922
DEBUG C_PARSER: parsed function __gammal with 1 params (varargs=0) at line 1922
DEBUG C_PARSER: parsed function lgammal_r with 2 params (varargs=0) at line 1930
DEBUG C_PARSER: parsed function __lgammal_r with 2 params (varargs=0) at line 1930
DEBUG C_PARSER: parsed function rintl with 1 params (varargs=0) at line 1937
DEBUG C_PARSER: parsed function __rintl with 1 params (varargs=0) at line 1937
DEBUG C_PARSER: parsed function nextafterl with 2 params (varargs=0) at line 1940
DEBUG C_PARSER: parsed function __nextafterl with 2 params (varargs=0) at line 1940
DEBUG C_PARSER: parsed function nexttowardl with 2 params (varargs=0) at line 1942
DEBUG C_PARSER: parsed function __nexttowardl with 2 params (varargs=0) at line 1942
DEBUG C_PARSER: parsed function nextdownl with 1 params (varargs=0) at line 1947
DEBUG C_PARSER: parsed function __nextdownl with 1 params (varargs=0) at line 1947
DEBUG C_PARSER: parsed function nextupl with 1 params (varargs=0) at line 1949
DEBUG C_PARSER: parsed function __nextupl with 1 params (varargs=0) at line 1949
DEBUG C_PARSER: parsed function remainderl with 2 params (varargs=0) at line 1953
DEBUG C_PARSER: parsed function __remainderl with 2 params (varargs=0) at line 1953
DEBUG C_PARSER: parsed function scalbnl with 2 params (varargs=0) at line 1957
DEBUG C_PARSER: parsed function __scalbnl with 2 params (varargs=0) at line 1957
DEBUG C_PARSER: parsed function ilogbl with 1 params (varargs=0) at line 1961
DEBUG C_PARSER: parsed function __ilogbl with 1 params (varargs=0) at line 1961
DEBUG C_PARSER: parsed function llogbl with 1 params (varargs=0) at line 1966
DEBUG C_PARSER: parsed function __llogbl with 1 params (varargs=0) at line 1966
DEBUG C_PARSER: parsed function scalblnl with 2 params (varargs=0) at line 1971
DEBUG C_PARSER: parsed function __scalblnl with 2 params (varargs=0) at line 1971
DEBUG C_PARSER: parsed function nearbyintl with 1 params (varargs=0) at line 1975
DEBUG C_PARSER: parsed function __nearbyintl with 1 params (varargs=0) at line 1975
DEBUG C_PARSER: parsed function roundl with 1 params (varargs=0) at line 1979
DEBUG C_PARSER: parsed function truncl with 1 params (varargs=0) at line 1983
DEBUG C_PARSER: parsed function remquol with 3 params (varargs=0) at line 1988
DEBUG C_PARSER: parsed function __remquol with 3 params (varargs=0) at line 1988
DEBUG C_PARSER: parsed function lrintl with 1 params (varargs=0) at line 1995
DEBUG C_PARSER: parsed function __lrintl with 1 params (varargs=0) at line 1995
DEBUG C_PARSER: parsed function llrintl with 1 params (varargs=0) at line 1997
DEBUG C_PARSER: parsed function __llrintl with 1 params (varargs=0) at line 1997
DEBUG C_PARSER: parsed function lroundl with 1 params (varargs=0) at line 2001
DEBUG C_PARSER: parsed function __lroundl with 1 params (varargs=0) at line 2001
DEBUG C_PARSER: parsed function llroundl with 1 params (varargs=0) at line 2003
DEBUG C_PARSER: parsed function __llroundl with 1 params (varargs=0) at line 2003
DEBUG C_PARSER: parsed function fdiml with 2 params (varargs=0) at line 2007
DEBUG C_PARSER: parsed function __fdiml with 2 params (varargs=0) at line 2007
DEBUG C_PARSER: parsed function fmaxl with 2 params (varargs=0) at line 2011
DEBUG C_PARSER: parsed function fminl with 2 params (varargs=0) at line 2014
DEBUG C_PARSER: parsed function fmal with 3 params (varargs=0) at line 2018
DEBUG C_PARSER: parsed function __fmal with 3 params (varargs=0) at line 2018
DEBUG C_PARSER: parsed function roundevenl with 1 params (varargs=0) at line 2023
DEBUG C_PARSER: parsed function fromfpl with 3 params (varargs=0) at line 2027
DEBUG C_PARSER: parsed function __fromfpl with 3 params (varargs=0) at line 2027
DEBUG C_PARSER: parsed function ufromfpl with 3 params (varargs=0) at line 2031
DEBUG C_PARSER: parsed function __ufromfpl with 3 params (varargs=0) at line 2031
DEBUG C_PARSER: parsed function fromfpxl with 3 params (varargs=0) at line 2036
DEBUG C_PARSER: parsed function __fromfpxl with 3 params (varargs=0) at line 2036
DEBUG C_PARSER: parsed function ufromfpxl with 3 params (varargs=0) at line 2041
DEBUG C_PARSER: parsed function __ufromfpxl with 3 params (varargs=0) at line 2041
DEBUG C_PARSER: parsed function canonicalizel with 2 params (varargs=0) at line 2044
DEBUG C_PARSER: parsed function fmaximuml with 2 params (varargs=0) at line 2046
DEBUG C_PARSER: parsed function fminimuml with 2 params (varargs=0) at line 2049
DEBUG C_PARSER: parsed function fmaximum_numl with 2 params (varargs=0) at line 2052
DEBUG C_PARSER: parsed function fminimum_numl with 2 params (varargs=0) at line 2055
DEBUG C_PARSER: parsed function fmaximum_magl with 2 params (varargs=0) at line 2058
DEBUG C_PARSER: parsed function fminimum_magl with 2 params (varargs=0) at line 2061
DEBUG C_PARSER: parsed function fmaximum_mag_numl with 2 params (varargs=0) at line 2064
DEBUG C_PARSER: parsed function fminimum_mag_numl with 2 params (varargs=0) at line 2067
DEBUG C_PARSER: parsed function scalbl with 2 params (varargs=0) at line 2069
DEBUG C_PARSER: parsed function __scalbl with 2 params (varargs=0) at line 2069
DEBUG C_PARSER: parsed function __fpclassifyf128 with 1 params (varargs=0) at line 2074
DEBUG C_PARSER: parsed function __signbitf128 with 1 params (varargs=0) at line 2078
DEBUG C_PARSER: parsed function __isinff128 with 1 params (varargs=0) at line 2083
DEBUG C_PARSER: parsed function __finitef128 with 1 params (varargs=0) at line 2087
DEBUG C_PARSER: parsed function __isnanf128 with 1 params (varargs=0) at line 2091
DEBUG C_PARSER: parsed function __iseqsigf128 with 2 params (varargs=0) at line 2095
DEBUG C_PARSER: parsed function __issignalingf128 with 1 params (varargs=0) at line 2098
DEBUG C_PARSER: parsed function fadd with 2 params (varargs=0) at line 2104
DEBUG C_PARSER: parsed function fdiv with 2 params (varargs=0) at line 2107
DEBUG C_PARSER: parsed function ffma with 3 params (varargs=0) at line 2110
DEBUG C_PARSER: parsed function fmul with 2 params (varargs=0) at line 2113
DEBUG C_PARSER: parsed function fsqrt with 1 params (varargs=0) at line 2116
DEBUG C_PARSER: parsed function fsub with 2 params (varargs=0) at line 2119
DEBUG C_PARSER: parsed function faddl with 2 params (varargs=0) at line 2124
DEBUG C_PARSER: parsed function fdivl with 2 params (varargs=0) at line 2127
DEBUG C_PARSER: parsed function ffmal with 3 params (varargs=0) at line 2130
DEBUG C_PARSER: parsed function fmull with 2 params (varargs=0) at line 2133
DEBUG C_PARSER: parsed function fsqrtl with 1 params (varargs=0) at line 2136
DEBUG C_PARSER: parsed function fsubl with 2 params (varargs=0) at line 2139
DEBUG C_PARSER: parsed function daddl with 2 params (varargs=0) at line 2144
DEBUG C_PARSER: parsed function ddivl with 2 params (varargs=0) at line 2147
DEBUG C_PARSER: parsed function dfmal with 3 params (varargs=0) at line 2150
DEBUG C_PARSER: parsed function dmull with 2 params (varargs=0) at line 2153
DEBUG C_PARSER: parsed function dsqrtl with 1 params (varargs=0) at line 2156
DEBUG C_PARSER: parsed function dsubl with 2 params (varargs=0) at line 2159
DEBUG C_PARSER: parsed function __iscanonicall with 1 params (varargs=0) at line 2186
DEBUG C_PARSER: parsed function imaxabs with 1 params (varargs=0) at line 2220
DEBUG C_PARSER: parsed function imaxdiv with 2 params (varargs=0) at line 2229
DEBUG C_PARSER: parsed function strtoimax with 3 params (varargs=0) at line 2233
DEBUG C_PARSER: parsed function strtoumax with 3 params (varargs=0) at line 2237
DEBUG C_PARSER: parsed function wcstoimax with 3 params (varargs=0) at line 2242
DEBUG C_PARSER: parsed function wcstoumax with 3 params (varargs=0) at line 2247
DEBUG C_PARSER: parsed function strtoimax with 3 params (varargs=0) at line 2253
DEBUG C_PARSER: parsed function strtoumax with 3 params (varargs=0) at line 2256
DEBUG C_PARSER: parsed function wcstoimax with 3 params (varargs=0) at line 2259
DEBUG C_PARSER: parsed function wcstoumax with 3 params (varargs=0) at line 2263
DEBUG C_PARSER: parsed function wl_list_init with 1 params (varargs=0) at line 2311
DEBUG C_PARSER: parsed function wl_list_insert with 2 params (varargs=0) at line 2314
DEBUG C_PARSER: parsed function wl_list_remove with 1 params (varargs=0) at line 2317
DEBUG C_PARSER: parsed function wl_list_length with 1 params (varargs=0) at line 2320
DEBUG C_PARSER: parsed function wl_list_empty with 1 params (varargs=0) at line 2323
DEBUG C_PARSER: parsed function wl_list_insert_list with 2 params (varargs=0) at line 2326
DEBUG C_PARSER: parsed function wl_array_init with 1 params (varargs=0) at line 2338
DEBUG C_PARSER: parsed function wl_array_release with 1 params (varargs=0) at line 2341
DEBUG C_PARSER: parsed function wl_array_add with 2 params (varargs=0) at line 2344
DEBUG C_PARSER: parsed function wl_array_copy with 2 params (varargs=0) at line 2347
DEBUG C_PARSER: parsed function wl_fixed_to_double with 1 params (varargs=0) at line 2353
DEBUG C_PARSER: parsed function wl_fixed_from_double with 1 params (varargs=0) at line 2359
DEBUG C_PARSER: parsed function wl_fixed_to_int with 1 params (varargs=0) at line 2365
DEBUG C_PARSER: parsed function wl_fixed_from_int with 1 params (varargs=0) at line 2371
DEBUG C_PARSER: parsed function wl_event_loop_create with 0 params (varargs=0) at line 2428
DEBUG C_PARSER: parsed function wl_event_loop_destroy with 1 params (varargs=0) at line 2431
DEBUG C_PARSER: parsed function wl_event_loop_add_fd with 5 params (varargs=0) at line 2437
DEBUG C_PARSER: parsed function wl_event_source_fd_update with 2 params (varargs=0) at line 2440
DEBUG C_PARSER: parsed function wl_event_loop_add_timer with 3 params (varargs=0) at line 2445
DEBUG C_PARSER: parsed function wl_event_loop_add_signal with 4 params (varargs=0) at line 2451
DEBUG C_PARSER: parsed function wl_event_source_timer_update with 2 params (varargs=0) at line 2455
DEBUG C_PARSER: parsed function wl_event_source_remove with 1 params (varargs=0) at line 2458
DEBUG C_PARSER: parsed function wl_event_source_check with 1 params (varargs=0) at line 2461
DEBUG C_PARSER: parsed function wl_event_loop_dispatch with 2 params (varargs=0) at line 2464
DEBUG C_PARSER: parsed function wl_event_loop_dispatch_idle with 1 params (varargs=0) at line 2467
DEBUG C_PARSER: parsed function wl_event_loop_add_idle with 3 params (varargs=0) at line 2472
DEBUG C_PARSER: parsed function wl_event_loop_get_fd with 1 params (varargs=0) at line 2475
DEBUG C_PARSER: parsed function wl_event_loop_add_destroy_listener with 2 params (varargs=0) at line 2483
DEBUG C_PARSER: parsed function wl_event_loop_get_destroy_listener with 2 params (varargs=0) at line 2487
DEBUG C_PARSER: parsed function wl_display_create with 0 params (varargs=0) at line 2490
DEBUG C_PARSER: parsed function wl_display_destroy with 1 params (varargs=0) at line 2493
DEBUG C_PARSER: parsed function wl_display_get_event_loop with 1 params (varargs=0) at line 2496
DEBUG C_PARSER: parsed function wl_display_add_socket with 2 params (varargs=0) at line 2499
DEBUG C_PARSER: parsed function wl_display_add_socket_auto with 1 params (varargs=0) at line 2502
DEBUG C_PARSER: parsed function wl_display_add_socket_fd with 2 params (varargs=0) at line 2505
DEBUG C_PARSER: parsed function wl_display_terminate with 1 params (varargs=0) at line 2508
DEBUG C_PARSER: parsed function wl_display_run with 1 params (varargs=0) at line 2511
DEBUG C_PARSER: parsed function wl_display_flush_clients with 1 params (varargs=0) at line 2514
DEBUG C_PARSER: parsed function wl_display_destroy_clients with 1 params (varargs=0) at line 2517
DEBUG C_PARSER: parsed function wl_display_set_default_max_buffer_size with 2 params (varargs=0) at line 2521
DEBUG C_PARSER: parsed function wl_display_get_serial with 1 params (varargs=0) at line 2529
DEBUG C_PARSER: parsed function wl_display_next_serial with 1 params (varargs=0) at line 2532
DEBUG C_PARSER: parsed function wl_display_add_destroy_listener with 2 params (varargs=0) at line 2536
DEBUG C_PARSER: parsed function wl_display_add_client_created_listener with 2 params (varargs=0) at line 2540
DEBUG C_PARSER: parsed function wl_display_get_destroy_listener with 2 params (varargs=0) at line 2544
DEBUG C_PARSER: parsed function wl_global_create with 5 params (varargs=0) at line 2550
DEBUG C_PARSER: parsed function wl_global_remove with 1 params (varargs=0) at line 2553
DEBUG C_PARSER: parsed function wl_global_destroy with 1 params (varargs=0) at line 2556
DEBUG C_PARSER: parsed function wl_display_set_global_filter with 3 params (varargs=0) at line 2565
DEBUG C_PARSER: parsed function wl_global_get_interface with 1 params (varargs=0) at line 2568
DEBUG C_PARSER: parsed function wl_global_get_name with 2 params (varargs=0) at line 2572
DEBUG C_PARSER: parsed function wl_global_get_version with 1 params (varargs=0) at line 2575
DEBUG C_PARSER: parsed function wl_global_get_display with 1 params (varargs=0) at line 2578
DEBUG C_PARSER: parsed function wl_global_get_user_data with 1 params (varargs=0) at line 2581
DEBUG C_PARSER: parsed function wl_global_set_user_data with 2 params (varargs=0) at line 2584
DEBUG C_PARSER: parsed function wl_client_create with 2 params (varargs=0) at line 2587
DEBUG C_PARSER: parsed function wl_display_get_client_list with 1 params (varargs=0) at line 2590
DEBUG C_PARSER: parsed function wl_client_get_link with 1 params (varargs=0) at line 2593
DEBUG C_PARSER: parsed function wl_client_from_link with 1 params (varargs=0) at line 2596
DEBUG C_PARSER: parsed function wl_client_destroy with 1 params (varargs=0) at line 2605
DEBUG C_PARSER: parsed function wl_client_flush with 1 params (varargs=0) at line 2608
DEBUG C_PARSER: parsed function wl_client_get_credentials with 4 params (varargs=0) at line 2612
DEBUG C_PARSER: parsed function wl_client_get_fd with 1 params (varargs=0) at line 2615
DEBUG C_PARSER: parsed function wl_client_add_destroy_listener with 2 params (varargs=0) at line 2619
DEBUG C_PARSER: parsed function wl_client_get_destroy_listener with 2 params (varargs=0) at line 2623
DEBUG C_PARSER: parsed function wl_client_add_destroy_late_listener with 2 params (varargs=0) at line 2627
DEBUG C_PARSER: parsed function wl_client_get_destroy_late_listener with 2 params (varargs=0) at line 2631
DEBUG C_PARSER: parsed function wl_client_get_object with 2 params (varargs=0) at line 2634
DEBUG C_PARSER: parsed function wl_client_post_no_memory with 1 params (varargs=0) at line 2637
DEBUG C_PARSER: parsed function wl_client_post_implementation_error with 2 params (varargs=1) at line 2641
DEBUG C_PARSER: parsed function wl_client_add_resource_created_listener with 2 params (varargs=0) at line 2645
DEBUG C_PARSER: parsed function wl_client_for_each_resource with 3 params (varargs=0) at line 2655
DEBUG C_PARSER: parsed function wl_client_set_user_data with 3 params (varargs=0) at line 2662
DEBUG C_PARSER: parsed function wl_client_get_user_data with 1 params (varargs=0) at line 2665
DEBUG C_PARSER: parsed function wl_client_set_max_buffer_size with 2 params (varargs=0) at line 2668
DEBUG C_PARSER: parsed function wl_signal_init with 1 params (varargs=0) at line 2690
DEBUG C_PARSER: parsed function wl_signal_add with 2 params (varargs=0) at line 2696
DEBUG C_PARSER: parsed function wl_signal_get with 2 params (varargs=0) at line 2702
DEBUG C_PARSER: parsed function wl_signal_emit with 2 params (varargs=0) at line 2714
DEBUG C_PARSER: parsed function wl_signal_emit_mutable with 2 params (varargs=0) at line 2722
DEBUG C_PARSER: parsed function wl_resource_post_event with 2 params (varargs=1) at line 2728
DEBUG C_PARSER: parsed function wl_resource_post_event_array with 3 params (varargs=0) at line 2732
DEBUG C_PARSER: parsed function wl_resource_queue_event with 2 params (varargs=1) at line 2736
DEBUG C_PARSER: parsed function wl_resource_queue_event_array with 3 params (varargs=0) at line 2740
DEBUG C_PARSER: parsed function wl_resource_post_error_vargs with 4 params (varargs=0) at line 2744
DEBUG C_PARSER: parsed function wl_resource_post_error with 3 params (varargs=1) at line 2748
DEBUG C_PARSER: parsed function wl_resource_post_no_memory with 1 params (varargs=0) at line 2751
DEBUG C_PARSER: parsed function wl_client_get_display with 1 params (varargs=0) at line 2754
DEBUG C_PARSER: parsed function wl_resource_create with 4 params (varargs=0) at line 2759
DEBUG C_PARSER: parsed function wl_resource_set_implementation with 4 params (varargs=0) at line 2765
DEBUG C_PARSER: parsed function wl_resource_set_dispatcher with 5 params (varargs=0) at line 2772
DEBUG C_PARSER: parsed function wl_resource_destroy with 1 params (varargs=0) at line 2775
DEBUG C_PARSER: parsed function wl_resource_get_id with 1 params (varargs=0) at line 2778
DEBUG C_PARSER: parsed function wl_resource_get_link with 1 params (varargs=0) at line 2781
DEBUG C_PARSER: parsed function wl_resource_from_link with 1 params (varargs=0) at line 2784
DEBUG C_PARSER: parsed function wl_resource_find_for_client with 2 params (varargs=0) at line 2787
DEBUG C_PARSER: parsed function wl_resource_get_client with 1 params (varargs=0) at line 2790
DEBUG C_PARSER: parsed function wl_resource_set_user_data with 2 params (varargs=0) at line 2793
DEBUG C_PARSER: parsed function wl_resource_get_user_data with 1 params (varargs=0) at line 2796
DEBUG C_PARSER: parsed function wl_resource_get_version with 1 params (varargs=0) at line 2799
DEBUG C_PARSER: parsed function wl_resource_set_destructor with 2 params (varargs=0) at line 2803
DEBUG C_PARSER: parsed function wl_resource_instance_of with 3 params (varargs=0) at line 2808
DEBUG C_PARSER: parsed function wl_resource_get_class with 1 params (varargs=0) at line 2811
DEBUG C_PARSER: parsed function wl_resource_get_interface with 1 params (varargs=0) at line 2814
DEBUG C_PARSER: parsed function wl_resource_add_destroy_listener with 2 params (varargs=0) at line 2818
DEBUG C_PARSER: parsed function wl_resource_get_destroy_listener with 2 params (varargs=0) at line 2822
DEBUG C_PARSER: parsed function wl_shm_buffer_get with 1 params (varargs=0) at line 2825
DEBUG C_PARSER: parsed function wl_shm_buffer_begin_access with 1 params (varargs=0) at line 2828
DEBUG C_PARSER: parsed function wl_shm_buffer_end_access with 1 params (varargs=0) at line 2831
DEBUG C_PARSER: parsed function wl_shm_buffer_get_data with 1 params (varargs=0) at line 2834
DEBUG C_PARSER: parsed function wl_shm_buffer_get_stride with 1 params (varargs=0) at line 2837
DEBUG C_PARSER: parsed function wl_shm_buffer_get_format with 1 params (varargs=0) at line 2840
DEBUG C_PARSER: parsed function wl_shm_buffer_get_width with 1 params (varargs=0) at line 2843
DEBUG C_PARSER: parsed function wl_shm_buffer_get_height with 1 params (varargs=0) at line 2846
DEBUG C_PARSER: parsed function wl_shm_buffer_ref with 1 params (varargs=0) at line 2849
DEBUG C_PARSER: parsed function wl_shm_buffer_unref with 1 params (varargs=0) at line 2852
DEBUG C_PARSER: parsed function wl_shm_buffer_ref_pool with 1 params (varargs=0) at line 2855
DEBUG C_PARSER: parsed function wl_shm_pool_unref with 1 params (varargs=0) at line 2858
DEBUG C_PARSER: parsed function wl_display_init_shm with 1 params (varargs=0) at line 2861
DEBUG C_PARSER: parsed function wl_display_add_shm_format with 2 params (varargs=0) at line 2864
DEBUG C_PARSER: parsed function wl_log_set_handler_server with 1 params (varargs=0) at line 2873
DEBUG C_PARSER: parsed function wl_display_add_protocol_logger with 3 params (varargs=0) at line 2895
DEBUG C_PARSER: parsed function wl_protocol_logger_destroy with 1 params (varargs=0) at line 2898
DEBUG C_PARSER: parsed function __fpclassify with 1 params (varargs=0) at line 115
DEBUG C_PARSER: parsed function __signbit with 1 params (varargs=0) at line 119
DEBUG C_PARSER: parsed function __isinf with 1 params (varargs=0) at line 124
DEBUG C_PARSER: parsed function __finite with 1 params (varargs=0) at line 128
DEBUG C_PARSER: parsed function __isnan with 1 params (varargs=0) at line 132
DEBUG C_PARSER: parsed function __iseqsig with 2 params (varargs=0) at line 136
DEBUG C_PARSER: parsed function __issignaling with 1 params (varargs=0) at line 139
DEBUG C_PARSER: parsed function acos with 1 params (varargs=0) at line 144
DEBUG C_PARSER: parsed function __acos with 1 params (varargs=0) at line 144
DEBUG C_PARSER: parsed function asin with 1 params (varargs=0) at line 146
DEBUG C_PARSER: parsed function __asin with 1 params (varargs=0) at line 146
DEBUG C_PARSER: parsed function atan with 1 params (varargs=0) at line 148
DEBUG C_PARSER: parsed function __atan with 1 params (varargs=0) at line 148
DEBUG C_PARSER: parsed function atan2 with 2 params (varargs=0) at line 150
DEBUG C_PARSER: parsed function __atan2 with 2 params (varargs=0) at line 150
DEBUG C_PARSER: parsed function cos with 1 params (varargs=0) at line 153
DEBUG C_PARSER: parsed function __cos with 1 params (varargs=0) at line 153
DEBUG C_PARSER: parsed function sin with 1 params (varargs=0) at line 155
DEBUG C_PARSER: parsed function __sin with 1 params (varargs=0) at line 155
DEBUG C_PARSER: parsed function tan with 1 params (varargs=0) at line 157
DEBUG C_PARSER: parsed function __tan with 1 params (varargs=0) at line 157
DEBUG C_PARSER: parsed function acospi with 1 params (varargs=0) at line 161
DEBUG C_PARSER: parsed function __acospi with 1 params (varargs=0) at line 161
DEBUG C_PARSER: parsed function acospi with 1 params (varargs=0) at line 162
DEBUG C_PARSER: parsed function __acospi with 1 params (varargs=0) at line 162
DEBUG C_PARSER: parsed function asinpi with 1 params (varargs=0) at line 164
DEBUG C_PARSER: parsed function __asinpi with 1 params (varargs=0) at line 164
DEBUG C_PARSER: parsed function asinpi with 1 params (varargs=0) at line 165
DEBUG C_PARSER: parsed function __asinpi with 1 params (varargs=0) at line 165
DEBUG C_PARSER: parsed function atanpi with 1 params (varargs=0) at line 167
DEBUG C_PARSER: parsed function __atanpi with 1 params (varargs=0) at line 167
DEBUG C_PARSER: parsed function atanpi with 1 params (varargs=0) at line 168
DEBUG C_PARSER: parsed function __atanpi with 1 params (varargs=0) at line 168
DEBUG C_PARSER: parsed function atan2pi with 2 params (varargs=0) at line 170
DEBUG C_PARSER: parsed function __atan2pi with 2 params (varargs=0) at line 170
DEBUG C_PARSER: parsed function atan2pi with 2 params (varargs=0) at line 171
DEBUG C_PARSER: parsed function __atan2pi with 2 params (varargs=0) at line 171
DEBUG C_PARSER: parsed function cospi with 1 params (varargs=0) at line 174
DEBUG C_PARSER: parsed function __cospi with 1 params (varargs=0) at line 174
DEBUG C_PARSER: parsed function sinpi with 1 params (varargs=0) at line 176
DEBUG C_PARSER: parsed function __sinpi with 1 params (varargs=0) at line 176
DEBUG C_PARSER: parsed function tanpi with 1 params (varargs=0) at line 178
DEBUG C_PARSER: parsed function __tanpi with 1 params (varargs=0) at line 178
DEBUG C_PARSER: parsed function cosh with 1 params (varargs=0) at line 184
DEBUG C_PARSER: parsed function __cosh with 1 params (varargs=0) at line 184
DEBUG C_PARSER: parsed function sinh with 1 params (varargs=0) at line 186
DEBUG C_PARSER: parsed function __sinh with 1 params (varargs=0) at line 186
DEBUG C_PARSER: parsed function tanh with 1 params (varargs=0) at line 188
DEBUG C_PARSER: parsed function __tanh with 1 params (varargs=0) at line 188
DEBUG C_PARSER: parsed function acosh with 1 params (varargs=0) at line 190
DEBUG C_PARSER: parsed function __acosh with 1 params (varargs=0) at line 190
DEBUG C_PARSER: parsed function asinh with 1 params (varargs=0) at line 192
DEBUG C_PARSER: parsed function __asinh with 1 params (varargs=0) at line 192
DEBUG C_PARSER: parsed function atanh with 1 params (varargs=0) at line 194
DEBUG C_PARSER: parsed function __atanh with 1 params (varargs=0) at line 194
DEBUG C_PARSER: parsed function exp with 1 params (varargs=0) at line 200
DEBUG C_PARSER: parsed function __exp with 1 params (varargs=0) at line 200
DEBUG C_PARSER: parsed function frexp with 2 params (varargs=0) at line 203
DEBUG C_PARSER: parsed function __frexp with 2 params (varargs=0) at line 203
DEBUG C_PARSER: parsed function ldexp with 2 params (varargs=0) at line 206
DEBUG C_PARSER: parsed function __ldexp with 2 params (varargs=0) at line 206
DEBUG C_PARSER: parsed function log with 1 params (varargs=0) at line 209
DEBUG C_PARSER: parsed function __log with 1 params (varargs=0) at line 209
DEBUG C_PARSER: parsed function log10 with 1 params (varargs=0) at line 212
DEBUG C_PARSER: parsed function __log10 with 1 params (varargs=0) at line 212
DEBUG C_PARSER: parsed function modf with 2 params (varargs=0) at line 215
DEBUG C_PARSER: parsed function __modf with 2 params (varargs=0) at line 215
DEBUG C_PARSER: parsed function exp10 with 1 params (varargs=0) at line 219
DEBUG C_PARSER: parsed function __exp10 with 1 params (varargs=0) at line 219
DEBUG C_PARSER: parsed function exp2m1 with 1 params (varargs=0) at line 222
DEBUG C_PARSER: parsed function __exp2m1 with 1 params (varargs=0) at line 222
DEBUG C_PARSER: parsed function exp10m1 with 1 params (varargs=0) at line 225
DEBUG C_PARSER: parsed function __exp10m1 with 1 params (varargs=0) at line 225
DEBUG C_PARSER: parsed function log2p1 with 1 params (varargs=0) at line 228
DEBUG C_PARSER: parsed function __log2p1 with 1 params (varargs=0) at line 228
DEBUG C_PARSER: parsed function log10p1 with 1 params (varargs=0) at line 231
DEBUG C_PARSER: parsed function __log10p1 with 1 params (varargs=0) at line 231
DEBUG C_PARSER: parsed function logp1 with 1 params (varargs=0) at line 234
DEBUG C_PARSER: parsed function __logp1 with 1 params (varargs=0) at line 234
DEBUG C_PARSER: parsed function expm1 with 1 params (varargs=0) at line 239
DEBUG C_PARSER: parsed function __expm1 with 1 params (varargs=0) at line 239
DEBUG C_PARSER: parsed function log1p with 1 params (varargs=0) at line 242
DEBUG C_PARSER: parsed function __log1p with 1 params (varargs=0) at line 242
DEBUG C_PARSER: parsed function logb with 1 params (varargs=0) at line 245
DEBUG C_PARSER: parsed function __logb with 1 params (varargs=0) at line 245
DEBUG C_PARSER: parsed function exp2 with 1 params (varargs=0) at line 250
DEBUG C_PARSER: parsed function __exp2 with 1 params (varargs=0) at line 250
DEBUG C_PARSER: parsed function log2 with 1 params (varargs=0) at line 253
DEBUG C_PARSER: parsed function __log2 with 1 params (varargs=0) at line 253
DEBUG C_PARSER: parsed function pow with 2 params (varargs=0) at line 260
DEBUG C_PARSER: parsed function __pow with 2 params (varargs=0) at line 260
DEBUG C_PARSER: parsed function sqrt with 1 params (varargs=0) at line 263
DEBUG C_PARSER: parsed function __sqrt with 1 params (varargs=0) at line 263
DEBUG C_PARSER: parsed function hypot with 2 params (varargs=0) at line 267
DEBUG C_PARSER: parsed function __hypot with 2 params (varargs=0) at line 267
DEBUG C_PARSER: parsed function cbrt with 1 params (varargs=0) at line 272
DEBUG C_PARSER: parsed function __cbrt with 1 params (varargs=0) at line 272
DEBUG C_PARSER: parsed function compoundn with 2 params (varargs=0) at line 277
DEBUG C_PARSER: parsed function __compoundn with 2 params (varargs=0) at line 277
DEBUG C_PARSER: parsed function pown with 2 params (varargs=0) at line 280
DEBUG C_PARSER: parsed function __pown with 2 params (varargs=0) at line 280
DEBUG C_PARSER: parsed function powr with 2 params (varargs=0) at line 283
DEBUG C_PARSER: parsed function __powr with 2 params (varargs=0) at line 283
DEBUG C_PARSER: parsed function powr with 2 params (varargs=0) at line 284
DEBUG C_PARSER: parsed function __powr with 2 params (varargs=0) at line 284
DEBUG C_PARSER: parsed function rootn with 2 params (varargs=0) at line 287
DEBUG C_PARSER: parsed function __rootn with 2 params (varargs=0) at line 287
DEBUG C_PARSER: parsed function rsqrt with 1 params (varargs=0) at line 290
DEBUG C_PARSER: parsed function __rsqrt with 1 params (varargs=0) at line 290
DEBUG C_PARSER: parsed function ceil with 1 params (varargs=0) at line 297
DEBUG C_PARSER: parsed function fabs with 1 params (varargs=0) at line 300
DEBUG C_PARSER: parsed function floor with 1 params (varargs=0) at line 303
DEBUG C_PARSER: parsed function fmod with 2 params (varargs=0) at line 306
DEBUG C_PARSER: parsed function __fmod with 2 params (varargs=0) at line 306
DEBUG C_PARSER: parsed function isinf with 1 params (varargs=0) at line 308
DEBUG C_PARSER: parsed function finite with 1 params (varargs=0) at line 314
DEBUG C_PARSER: parsed function drem with 2 params (varargs=0) at line 318
DEBUG C_PARSER: parsed function __drem with 2 params (varargs=0) at line 318
DEBUG C_PARSER: parsed function significand with 1 params (varargs=0) at line 322
DEBUG C_PARSER: parsed function __significand with 1 params (varargs=0) at line 322
DEBUG C_PARSER: parsed function copysign with 2 params (varargs=0) at line 329
DEBUG C_PARSER: parsed function nan with 1 params (varargs=0) at line 334
DEBUG C_PARSER: parsed function __nan with 1 params (varargs=0) at line 334
DEBUG C_PARSER: parsed function isnan with 1 params (varargs=0) at line 336
DEBUG C_PARSER: parsed function j0 with 1 params (varargs=0) at line 343
DEBUG C_PARSER: parsed function __j0 with 1 params (varargs=0) at line 343
DEBUG C_PARSER: parsed function j1 with 1 params (varargs=0) at line 344
DEBUG C_PARSER: parsed function __j1 with 1 params (varargs=0) at line 344
DEBUG C_PARSER: parsed function jn with 2 params (varargs=0) at line 345
DEBUG C_PARSER: parsed function __jn with 2 params (varargs=0) at line 345
DEBUG C_PARSER: parsed function y0 with 1 params (varargs=0) at line 346
DEBUG C_PARSER: parsed function __y0 with 1 params (varargs=0) at line 346
DEBUG C_PARSER: parsed function y1 with 1 params (varargs=0) at line 347
DEBUG C_PARSER: parsed function __y1 with 1 params (varargs=0) at line 347
DEBUG C_PARSER: parsed function yn with 2 params (varargs=0) at line 348
DEBUG C_PARSER: parsed function __yn with 2 params (varargs=0) at line 348
DEBUG C_PARSER: parsed function erf with 1 params (varargs=0) at line 354
DEBUG C_PARSER: parsed function __erf with 1 params (varargs=0) at line 354
DEBUG C_PARSER: parsed function erfc with 1 params (varargs=0) at line 355
DEBUG C_PARSER: parsed function __erfc with 1 params (varargs=0) at line 355
DEBUG C_PARSER: parsed function lgamma with 1 params (varargs=0) at line 356
DEBUG C_PARSER: parsed function __lgamma with 1 params (varargs=0) at line 356
DEBUG C_PARSER: parsed function tgamma with 1 params (varargs=0) at line 361
DEBUG C_PARSER: parsed function __tgamma with 1 params (varargs=0) at line 361
DEBUG C_PARSER: parsed function gamma with 1 params (varargs=0) at line 367
DEBUG C_PARSER: parsed function __gamma with 1 params (varargs=0) at line 367
DEBUG C_PARSER: parsed function lgamma_r with 2 params (varargs=0) at line 375
DEBUG C_PARSER: parsed function __lgamma_r with 2 params (varargs=0) at line 375
DEBUG C_PARSER: parsed function rint with 1 params (varargs=0) at line 382
DEBUG C_PARSER: parsed function __rint with 1 params (varargs=0) at line 382
DEBUG C_PARSER: parsed function nextafter with 2 params (varargs=0) at line 385
DEBUG C_PARSER: parsed function __nextafter with 2 params (varargs=0) at line 385
DEBUG C_PARSER: parsed function nexttoward with 2 params (varargs=0) at line 387
DEBUG C_PARSER: parsed function __nexttoward with 2 params (varargs=0) at line 387
DEBUG C_PARSER: parsed function nextdown with 1 params (varargs=0) at line 392
DEBUG C_PARSER: parsed function __nextdown with 1 params (varargs=0) at line 392
DEBUG C_PARSER: parsed function nextup with 1 params (varargs=0) at line 394
DEBUG C_PARSER: parsed function __nextup with 1 params (varargs=0) at line 394
DEBUG C_PARSER: parsed function remainder with 2 params (varargs=0) at line 398
DEBUG C_PARSER: parsed function __remainder with 2 params (varargs=0) at line 398
DEBUG C_PARSER: parsed function scalbn with 2 params (varargs=0) at line 402
DEBUG C_PARSER: parsed function __scalbn with 2 params (varargs=0) at line 402
DEBUG C_PARSER: parsed function ilogb with 1 params (varargs=0) at line 406
DEBUG C_PARSER: parsed function __ilogb with 1 params (varargs=0) at line 406
DEBUG C_PARSER: parsed function llogb with 1 params (varargs=0) at line 411
DEBUG C_PARSER: parsed function __llogb with 1 params (varargs=0) at line 411
DEBUG C_PARSER: parsed function scalbln with 2 params (varargs=0) at line 416
DEBUG C_PARSER: parsed function __scalbln with 2 params (varargs=0) at line 416
DEBUG C_PARSER: parsed function nearbyint with 1 params (varargs=0) at line 420
DEBUG C_PARSER: parsed function __nearbyint with 1 params (varargs=0) at line 420
DEBUG C_PARSER: parsed function round with 1 params (varargs=0) at line 424
DEBUG C_PARSER: parsed function trunc with 1 params (varargs=0) at line 428
DEBUG C_PARSER: parsed function remquo with 3 params (varargs=0) at line 433
DEBUG C_PARSER: parsed function __remquo with 3 params (varargs=0) at line 433
DEBUG C_PARSER: parsed function lrint with 1 params (varargs=0) at line 440
DEBUG C_PARSER: parsed function __lrint with 1 params (varargs=0) at line 440
DEBUG C_PARSER: parsed function llrint with 1 params (varargs=0) at line 442
DEBUG C_PARSER: parsed function __llrint with 1 params (varargs=0) at line 442
DEBUG C_PARSER: parsed function lround with 1 params (varargs=0) at line 446
DEBUG C_PARSER: parsed function __lround with 1 params (varargs=0) at line 446
DEBUG C_PARSER: parsed function llround with 1 params (varargs=0) at line 448
DEBUG C_PARSER: parsed function __llround with 1 params (varargs=0) at line 448
DEBUG C_PARSER: parsed function fdim with 2 params (varargs=0) at line 452
DEBUG C_PARSER: parsed function __fdim with 2 params (varargs=0) at line 452
DEBUG C_PARSER: parsed function fmax with 2 params (varargs=0) at line 456
DEBUG C_PARSER: parsed function fmin with 2 params (varargs=0) at line 459
DEBUG C_PARSER: parsed function fma with 3 params (varargs=0) at line 463
DEBUG C_PARSER: parsed function __fma with 3 params (varargs=0) at line 463
DEBUG C_PARSER: parsed function roundeven with 1 params (varargs=0) at line 468
DEBUG C_PARSER: parsed function fromfp with 3 params (varargs=0) at line 472
DEBUG C_PARSER: parsed function __fromfp with 3 params (varargs=0) at line 472
DEBUG C_PARSER: parsed function ufromfp with 3 params (varargs=0) at line 476
DEBUG C_PARSER: parsed function __ufromfp with 3 params (varargs=0) at line 476
DEBUG C_PARSER: parsed function fromfpx with 3 params (varargs=0) at line 481
DEBUG C_PARSER: parsed function __fromfpx with 3 params (varargs=0) at line 481
DEBUG C_PARSER: parsed function ufromfpx with 3 params (varargs=0) at line 486
DEBUG C_PARSER: parsed function __ufromfpx with 3 params (varargs=0) at line 486
DEBUG C_PARSER: parsed function canonicalize with 2 params (varargs=0) at line 489
DEBUG C_PARSER: parsed function fmaximum with 2 params (varargs=0) at line 491
DEBUG C_PARSER: parsed function fminimum with 2 params (varargs=0) at line 494
DEBUG C_PARSER: parsed function fmaximum_num with 2 params (varargs=0) at line 497
DEBUG C_PARSER: parsed function fminimum_num with 2 params (varargs=0) at line 500
DEBUG C_PARSER: parsed function fmaximum_mag with 2 params (varargs=0) at line 503
DEBUG C_PARSER: parsed function fminimum_mag with 2 params (varargs=0) at line 506
DEBUG C_PARSER: parsed function fmaximum_mag_num with 2 params (varargs=0) at line 509
DEBUG C_PARSER: parsed function fminimum_mag_num with 2 params (varargs=0) at line 512
DEBUG C_PARSER: parsed function scalb with 2 params (varargs=0) at line 514
DEBUG C_PARSER: parsed function __scalb with 2 params (varargs=0) at line 514
DEBUG C_PARSER: parsed function __fpclassifyf with 1 params (varargs=0) at line 519
DEBUG C_PARSER: parsed function __signbitf with 1 params (varargs=0) at line 523
DEBUG C_PARSER: parsed function __isinff with 1 params (varargs=0) at line 528
DEBUG C_PARSER: parsed function __finitef with 1 params (varargs=0) at line 532
DEBUG C_PARSER: parsed function __isnanf with 1 params (varargs=0) at line 536
DEBUG C_PARSER: parsed function __iseqsigf with 2 params (varargs=0) at line 540
DEBUG C_PARSER: parsed function __issignalingf with 1 params (varargs=0) at line 543
DEBUG C_PARSER: parsed function acosf with 1 params (varargs=0) at line 548
DEBUG C_PARSER: parsed function __acosf with 1 params (varargs=0) at line 548
DEBUG C_PARSER: parsed function asinf with 1 params (varargs=0) at line 550
DEBUG C_PARSER: parsed function __asinf with 1 params (varargs=0) at line 550
DEBUG C_PARSER: parsed function atanf with 1 params (varargs=0) at line 552
DEBUG C_PARSER: parsed function __atanf with 1 params (varargs=0) at line 552
DEBUG C_PARSER: parsed function atan2f with 2 params (varargs=0) at line 554
DEBUG C_PARSER: parsed function __atan2f with 2 params (varargs=0) at line 554
DEBUG C_PARSER: parsed function cosf with 1 params (varargs=0) at line 557
DEBUG C_PARSER: parsed function __cosf with 1 params (varargs=0) at line 557
DEBUG C_PARSER: parsed function sinf with 1 params (varargs=0) at line 559
DEBUG C_PARSER: parsed function __sinf with 1 params (varargs=0) at line 559
DEBUG C_PARSER: parsed function tanf with 1 params (varargs=0) at line 561
DEBUG C_PARSER: parsed function __tanf with 1 params (varargs=0) at line 561
DEBUG C_PARSER: parsed function acospif with 1 params (varargs=0) at line 565
DEBUG C_PARSER: parsed function __acospif with 1 params (varargs=0) at line 565
DEBUG C_PARSER: parsed function acospif with 1 params (varargs=0) at line 566
DEBUG C_PARSER: parsed function __acospif with 1 params (varargs=0) at line 566
DEBUG C_PARSER: parsed function asinpif with 1 params (varargs=0) at line 568
DEBUG C_PARSER: parsed function __asinpif with 1 params (varargs=0) at line 568
DEBUG C_PARSER: parsed function asinpif with 1 params (varargs=0) at line 569
DEBUG C_PARSER: parsed function __asinpif with 1 params (varargs=0) at line 569
DEBUG C_PARSER: parsed function atanpif with 1 params (varargs=0) at line 571
DEBUG C_PARSER: parsed function __atanpif with 1 params (varargs=0) at line 571
DEBUG C_PARSER: parsed function atanpif with 1 params (varargs=0) at line 572
DEBUG C_PARSER: parsed function __atanpif with 1 params (varargs=0) at line 572
DEBUG C_PARSER: parsed function atan2pif with 2 params (varargs=0) at line 574
DEBUG C_PARSER: parsed function __atan2pif with 2 params (varargs=0) at line 574
DEBUG C_PARSER: parsed function atan2pif with 2 params (varargs=0) at line 575
DEBUG C_PARSER: parsed function __atan2pif with 2 params (varargs=0) at line 575
DEBUG C_PARSER: parsed function cospif with 1 params (varargs=0) at line 578
DEBUG C_PARSER: parsed function __cospif with 1 params (varargs=0) at line 578
DEBUG C_PARSER: parsed function sinpif with 1 params (varargs=0) at line 580
DEBUG C_PARSER: parsed function __sinpif with 1 params (varargs=0) at line 580
DEBUG C_PARSER: parsed function tanpif with 1 params (varargs=0) at line 582
DEBUG C_PARSER: parsed function __tanpif with 1 params (varargs=0) at line 582
DEBUG C_PARSER: parsed function coshf with 1 params (varargs=0) at line 588
DEBUG C_PARSER: parsed function __coshf with 1 params (varargs=0) at line 588
DEBUG C_PARSER: parsed function sinhf with 1 params (varargs=0) at line 590
DEBUG C_PARSER: parsed function __sinhf with 1 params (varargs=0) at line 590
DEBUG C_PARSER: parsed function tanhf with 1 params (varargs=0) at line 592
DEBUG C_PARSER: parsed function __tanhf with 1 params (varargs=0) at line 592
DEBUG C_PARSER: parsed function acoshf with 1 params (varargs=0) at line 594
DEBUG C_PARSER: parsed function __acoshf with 1 params (varargs=0) at line 594
DEBUG C_PARSER: parsed function asinhf with 1 params (varargs=0) at line 596
DEBUG C_PARSER: parsed function __asinhf with 1 params (varargs=0) at line 596
DEBUG C_PARSER: parsed function atanhf with 1 params (varargs=0) at line 598
DEBUG C_PARSER: parsed function __atanhf with 1 params (varargs=0) at line 598
DEBUG C_PARSER: parsed function expf with 1 params (varargs=0) at line 604
DEBUG C_PARSER: parsed function __expf with 1 params (varargs=0) at line 604
DEBUG C_PARSER: parsed function frexpf with 2 params (varargs=0) at line 607
DEBUG C_PARSER: parsed function __frexpf with 2 params (varargs=0) at line 607
DEBUG C_PARSER: parsed function ldexpf with 2 params (varargs=0) at line 610
DEBUG C_PARSER: parsed function __ldexpf with 2 params (varargs=0) at line 610
DEBUG C_PARSER: parsed function logf with 1 params (varargs=0) at line 613
DEBUG C_PARSER: parsed function __logf with 1 params (varargs=0) at line 613
DEBUG C_PARSER: parsed function log10f with 1 params (varargs=0) at line 616
DEBUG C_PARSER: parsed function __log10f with 1 params (varargs=0) at line 616
DEBUG C_PARSER: parsed function modff with 2 params (varargs=0) at line 619
DEBUG C_PARSER: parsed function __modff with 2 params (varargs=0) at line 619
DEBUG C_PARSER: parsed function exp10f with 1 params (varargs=0) at line 623
DEBUG C_PARSER: parsed function __exp10f with 1 params (varargs=0) at line 623
DEBUG C_PARSER: parsed function exp2m1f with 1 params (varargs=0) at line 626
DEBUG C_PARSER: parsed function __exp2m1f with 1 params (varargs=0) at line 626
DEBUG C_PARSER: parsed function exp10m1f with 1 params (varargs=0) at line 629
DEBUG C_PARSER: parsed function __exp10m1f with 1 params (varargs=0) at line 629
DEBUG C_PARSER: parsed function log2p1f with 1 params (varargs=0) at line 632
DEBUG C_PARSER: parsed function __log2p1f with 1 params (varargs=0) at line 632
DEBUG C_PARSER: parsed function log10p1f with 1 params (varargs=0) at line 635
DEBUG C_PARSER: parsed function __log10p1f with 1 params (varargs=0) at line 635
DEBUG C_PARSER: parsed function logp1f with 1 params (varargs=0) at line 638
DEBUG C_PARSER: parsed function __logp1f with 1 params (varargs=0) at line 638
DEBUG C_PARSER: parsed function expm1f with 1 params (varargs=0) at line 643
DEBUG C_PARSER: parsed function __expm1f with 1 params (varargs=0) at line 643
DEBUG C_PARSER: parsed function log1pf with 1 params (varargs=0) at line 646
DEBUG C_PARSER: parsed function __log1pf with 1 params (varargs=0) at line 646
DEBUG C_PARSER: parsed function logbf with 1 params (varargs=0) at line 649
DEBUG C_PARSER: parsed function __logbf with 1 params (varargs=0) at line 649
DEBUG C_PARSER: parsed function exp2f with 1 params (varargs=0) at line 654
DEBUG C_PARSER: parsed function __exp2f with 1 params (varargs=0) at line 654
DEBUG C_PARSER: parsed function log2f with 1 params (varargs=0) at line 657
DEBUG C_PARSER: parsed function __log2f with 1 params (varargs=0) at line 657
DEBUG C_PARSER: parsed function powf with 2 params (varargs=0) at line 664
DEBUG C_PARSER: parsed function __powf with 2 params (varargs=0) at line 664
DEBUG C_PARSER: parsed function sqrtf with 1 params (varargs=0) at line 667
DEBUG C_PARSER: parsed function __sqrtf with 1 params (varargs=0) at line 667
DEBUG C_PARSER: parsed function hypotf with 2 params (varargs=0) at line 671
DEBUG C_PARSER: parsed function __hypotf with 2 params (varargs=0) at line 671
DEBUG C_PARSER: parsed function cbrtf with 1 params (varargs=0) at line 676
DEBUG C_PARSER: parsed function __cbrtf with 1 params (varargs=0) at line 676
DEBUG C_PARSER: parsed function compoundnf with 2 params (varargs=0) at line 681
DEBUG C_PARSER: parsed function __compoundnf with 2 params (varargs=0) at line 681
DEBUG C_PARSER: parsed function pownf with 2 params (varargs=0) at line 684
DEBUG C_PARSER: parsed function __pownf with 2 params (varargs=0) at line 684
DEBUG C_PARSER: parsed function powrf with 2 params (varargs=0) at line 687
DEBUG C_PARSER: parsed function __powrf with 2 params (varargs=0) at line 687
DEBUG C_PARSER: parsed function powrf with 2 params (varargs=0) at line 688
DEBUG C_PARSER: parsed function __powrf with 2 params (varargs=0) at line 688
DEBUG C_PARSER: parsed function rootnf with 2 params (varargs=0) at line 691
DEBUG C_PARSER: parsed function __rootnf with 2 params (varargs=0) at line 691
DEBUG C_PARSER: parsed function rsqrtf with 1 params (varargs=0) at line 694
DEBUG C_PARSER: parsed function __rsqrtf with 1 params (varargs=0) at line 694
DEBUG C_PARSER: parsed function ceilf with 1 params (varargs=0) at line 701
DEBUG C_PARSER: parsed function fabsf with 1 params (varargs=0) at line 704
DEBUG C_PARSER: parsed function floorf with 1 params (varargs=0) at line 707
DEBUG C_PARSER: parsed function fmodf with 2 params (varargs=0) at line 710
DEBUG C_PARSER: parsed function __fmodf with 2 params (varargs=0) at line 710
DEBUG C_PARSER: parsed function isinff with 1 params (varargs=0) at line 712
DEBUG C_PARSER: parsed function finitef with 1 params (varargs=0) at line 718
DEBUG C_PARSER: parsed function dremf with 2 params (varargs=0) at line 722
DEBUG C_PARSER: parsed function __dremf with 2 params (varargs=0) at line 722
DEBUG C_PARSER: parsed function significandf with 1 params (varargs=0) at line 726
DEBUG C_PARSER: parsed function __significandf with 1 params (varargs=0) at line 726
DEBUG C_PARSER: parsed function copysignf with 2 params (varargs=0) at line 733
DEBUG C_PARSER: parsed function nanf with 1 params (varargs=0) at line 738
DEBUG C_PARSER: parsed function __nanf with 1 params (varargs=0) at line 738
DEBUG C_PARSER: parsed function isnanf with 1 params (varargs=0) at line 740
DEBUG C_PARSER: parsed function j0f with 1 params (varargs=0) at line 747
DEBUG C_PARSER: parsed function __j0f with 1 params (varargs=0) at line 747
DEBUG C_PARSER: parsed function j1f with 1 params (varargs=0) at line 748
DEBUG C_PARSER: parsed function __j1f with 1 params (varargs=0) at line 748
DEBUG C_PARSER: parsed function jnf with 2 params (varargs=0) at line 749
DEBUG C_PARSER: parsed function __jnf with 2 params (varargs=0) at line 749
DEBUG C_PARSER: parsed function y0f with 1 params (varargs=0) at line 750
DEBUG C_PARSER: parsed function __y0f with 1 params (varargs=0) at line 750
DEBUG C_PARSER: parsed function y1f with 1 params (varargs=0) at line 751
DEBUG C_PARSER: parsed function __y1f with 1 params (varargs=0) at line 751
DEBUG C_PARSER: parsed function ynf with 2 params (varargs=0) at line 752
DEBUG C_PARSER: parsed function __ynf with 2 params (varargs=0) at line 752
DEBUG C_PARSER: parsed function erff with 1 params (varargs=0) at line 758
DEBUG C_PARSER: parsed function __erff with 1 params (varargs=0) at line 758
DEBUG C_PARSER: parsed function erfcf with 1 params (varargs=0) at line 759
DEBUG C_PARSER: parsed function __erfcf with 1 params (varargs=0) at line 759
DEBUG C_PARSER: parsed function lgammaf with 1 params (varargs=0) at line 760
DEBUG C_PARSER: parsed function __lgammaf with 1 params (varargs=0) at line 760
DEBUG C_PARSER: parsed function tgammaf with 1 params (varargs=0) at line 765
DEBUG C_PARSER: parsed function __tgammaf with 1 params (varargs=0) at line 765
DEBUG C_PARSER: parsed function gammaf with 1 params (varargs=0) at line 771
DEBUG C_PARSER: parsed function __gammaf with 1 params (varargs=0) at line 771
DEBUG C_PARSER: parsed function lgammaf_r with 2 params (varargs=0) at line 779
DEBUG C_PARSER: parsed function __lgammaf_r with 2 params (varargs=0) at line 779
DEBUG C_PARSER: parsed function rintf with 1 params (varargs=0) at line 786
DEBUG C_PARSER: parsed function __rintf with 1 params (varargs=0) at line 786
DEBUG C_PARSER: parsed function nextafterf with 2 params (varargs=0) at line 789
DEBUG C_PARSER: parsed function __nextafterf with 2 params (varargs=0) at line 789
DEBUG C_PARSER: parsed function nexttowardf with 2 params (varargs=0) at line 791
DEBUG C_PARSER: parsed function __nexttowardf with 2 params (varargs=0) at line 791
DEBUG C_PARSER: parsed function nextdownf with 1 params (varargs=0) at line 796
DEBUG C_PARSER: parsed function __nextdownf with 1 params (varargs=0) at line 796
DEBUG C_PARSER: parsed function nextupf with 1 params (varargs=0) at line 798
DEBUG C_PARSER: parsed function __nextupf with 1 params (varargs=0) at line 798
DEBUG C_PARSER: parsed function remainderf with 2 params (varargs=0) at line 802
DEBUG C_PARSER: parsed function __remainderf with 2 params (varargs=0) at line 802
DEBUG C_PARSER: parsed function scalbnf with 2 params (varargs=0) at line 806
DEBUG C_PARSER: parsed function __scalbnf with 2 params (varargs=0) at line 806
DEBUG C_PARSER: parsed function ilogbf with 1 params (varargs=0) at line 810
DEBUG C_PARSER: parsed function __ilogbf with 1 params (varargs=0) at line 810
DEBUG C_PARSER: parsed function llogbf with 1 params (varargs=0) at line 815
DEBUG C_PARSER: parsed function __llogbf with 1 params (varargs=0) at line 815
DEBUG C_PARSER: parsed function scalblnf with 2 params (varargs=0) at line 820
DEBUG C_PARSER: parsed function __scalblnf with 2 params (varargs=0) at line 820
DEBUG C_PARSER: parsed function nearbyintf with 1 params (varargs=0) at line 824
DEBUG C_PARSER: parsed function __nearbyintf with 1 params (varargs=0) at line 824
DEBUG C_PARSER: parsed function roundf with 1 params (varargs=0) at line 828
DEBUG C_PARSER: parsed function truncf with 1 params (varargs=0) at line 832
DEBUG C_PARSER: parsed function remquof with 3 params (varargs=0) at line 837
DEBUG C_PARSER: parsed function __remquof with 3 params (varargs=0) at line 837
DEBUG C_PARSER: parsed function lrintf with 1 params (varargs=0) at line 844
DEBUG C_PARSER: parsed function __lrintf with 1 params (varargs=0) at line 844
DEBUG C_PARSER: parsed function llrintf with 1 params (varargs=0) at line 846
DEBUG C_PARSER: parsed function __llrintf with 1 params (varargs=0) at line 846
DEBUG C_PARSER: parsed function lroundf with 1 params (varargs=0) at line 850
DEBUG C_PARSER: parsed function __lroundf with 1 params (varargs=0) at line 850
DEBUG C_PARSER: parsed function llroundf with 1 params (varargs=0) at line 852
DEBUG C_PARSER: parsed function __llroundf with 1 params (varargs=0) at line 852
DEBUG C_PARSER: parsed function fdimf with 2 params (varargs=0) at line 856
DEBUG C_PARSER: parsed function __fdimf with 2 params (varargs=0) at line 856
DEBUG C_PARSER: parsed function fmaxf with 2 params (varargs=0) at line 860
DEBUG C_PARSER: parsed function fminf with 2 params (varargs=0) at line 863
DEBUG C_PARSER: parsed function fmaf with 3 params (varargs=0) at line 867
DEBUG C_PARSER: parsed function __fmaf with 3 params (varargs=0) at line 867
DEBUG C_PARSER: parsed function roundevenf with 1 params (varargs=0) at line 872
DEBUG C_PARSER: parsed function fromfpf with 3 params (varargs=0) at line 876
DEBUG C_PARSER: parsed function __fromfpf with 3 params (varargs=0) at line 876
DEBUG C_PARSER: parsed function ufromfpf with 3 params (varargs=0) at line 880
DEBUG C_PARSER: parsed function __ufromfpf with 3 params (varargs=0) at line 880
DEBUG C_PARSER: parsed function fromfpxf with 3 params (varargs=0) at line 885
DEBUG C_PARSER: parsed function __fromfpxf with 3 params (varargs=0) at line 885
DEBUG C_PARSER: parsed function ufromfpxf with 3 params (varargs=0) at line 890
DEBUG C_PARSER: parsed function __ufromfpxf with 3 params (varargs=0) at line 890
DEBUG C_PARSER: parsed function canonicalizef with 2 params (varargs=0) at line 893
DEBUG C_PARSER: parsed function fmaximumf with 2 params (varargs=0) at line 895
DEBUG C_PARSER: parsed function fminimumf with 2 params (varargs=0) at line 898
DEBUG C_PARSER: parsed function fmaximum_numf with 2 params (varargs=0) at line 901
DEBUG C_PARSER: parsed function fminimum_numf with 2 params (varargs=0) at line 904
DEBUG C_PARSER: parsed function fmaximum_magf with 2 params (varargs=0) at line 907
DEBUG C_PARSER: parsed function fminimum_magf with 2 params (varargs=0) at line 910
DEBUG C_PARSER: parsed function fmaximum_mag_numf with 2 params (varargs=0) at line 913
DEBUG C_PARSER: parsed function fminimum_mag_numf with 2 params (varargs=0) at line 916
DEBUG C_PARSER: parsed function scalbf with 2 params (varargs=0) at line 918
DEBUG C_PARSER: parsed function __scalbf with 2 params (varargs=0) at line 918
DEBUG C_PARSER: parsed function __fpclassifyl with 1 params (varargs=0) at line 923
DEBUG C_PARSER: parsed function __signbitl with 1 params (varargs=0) at line 927
DEBUG C_PARSER: parsed function __isinfl with 1 params (varargs=0) at line 932
DEBUG C_PARSER: parsed function __finitel with 1 params (varargs=0) at line 936
DEBUG C_PARSER: parsed function __isnanl with 1 params (varargs=0) at line 940
DEBUG C_PARSER: parsed function __iseqsigl with 2 params (varargs=0) at line 944
DEBUG C_PARSER: parsed function __issignalingl with 1 params (varargs=0) at line 947
DEBUG C_PARSER: parsed function acosl with 1 params (varargs=0) at line 952
DEBUG C_PARSER: parsed function __acosl with 1 params (varargs=0) at line 952
DEBUG C_PARSER: parsed function asinl with 1 params (varargs=0) at line 954
DEBUG C_PARSER: parsed function __asinl with 1 params (varargs=0) at line 954
DEBUG C_PARSER: parsed function atanl with 1 params (varargs=0) at line 956
DEBUG C_PARSER: parsed function __atanl with 1 params (varargs=0) at line 956
DEBUG C_PARSER: parsed function atan2l with 2 params (varargs=0) at line 958
DEBUG C_PARSER: parsed function __atan2l with 2 params (varargs=0) at line 958
DEBUG C_PARSER: parsed function cosl with 1 params (varargs=0) at line 961
DEBUG C_PARSER: parsed function __cosl with 1 params (varargs=0) at line 961
DEBUG C_PARSER: parsed function sinl with 1 params (varargs=0) at line 963
DEBUG C_PARSER: parsed function __sinl with 1 params (varargs=0) at line 963
DEBUG C_PARSER: parsed function tanl with 1 params (varargs=0) at line 965
DEBUG C_PARSER: parsed function __tanl with 1 params (varargs=0) at line 965
DEBUG C_PARSER: parsed function acospil with 1 params (varargs=0) at line 969
DEBUG C_PARSER: parsed function __acospil with 1 params (varargs=0) at line 969
DEBUG C_PARSER: parsed function acospil with 1 params (varargs=0) at line 970
DEBUG C_PARSER: parsed function __acospil with 1 params (varargs=0) at line 970
DEBUG C_PARSER: parsed function asinpil with 1 params (varargs=0) at line 972
DEBUG C_PARSER: parsed function __asinpil with 1 params (varargs=0) at line 972
DEBUG C_PARSER: parsed function asinpil with 1 params (varargs=0) at line 973
DEBUG C_PARSER: parsed function __asinpil with 1 params (varargs=0) at line 973
DEBUG C_PARSER: parsed function atanpil with 1 params (varargs=0) at line 975
DEBUG C_PARSER: parsed function __atanpil with 1 params (varargs=0) at line 975
DEBUG C_PARSER: parsed function atanpil with 1 params (varargs=0) at line 976
DEBUG C_PARSER: parsed function __atanpil with 1 params (varargs=0) at line 976
DEBUG C_PARSER: parsed function atan2pil with 2 params (varargs=0) at line 978
DEBUG C_PARSER: parsed function __atan2pil with 2 params (varargs=0) at line 978
DEBUG C_PARSER: parsed function atan2pil with 2 params (varargs=0) at line 979
DEBUG C_PARSER: parsed function __atan2pil with 2 params (varargs=0) at line 979
DEBUG C_PARSER: parsed function cospil with 1 params (varargs=0) at line 982
DEBUG C_PARSER: parsed function __cospil with 1 params (varargs=0) at line 982
DEBUG C_PARSER: parsed function sinpil with 1 params (varargs=0) at line 984
DEBUG C_PARSER: parsed function __sinpil with 1 params (varargs=0) at line 984
DEBUG C_PARSER: parsed function tanpil with 1 params (varargs=0) at line 986
DEBUG C_PARSER: parsed function __tanpil with 1 params (varargs=0) at line 986
DEBUG C_PARSER: parsed function coshl with 1 params (varargs=0) at line 992
DEBUG C_PARSER: parsed function __coshl with 1 params (varargs=0) at line 992
DEBUG C_PARSER: parsed function sinhl with 1 params (varargs=0) at line 994
DEBUG C_PARSER: parsed function __sinhl with 1 params (varargs=0) at line 994
DEBUG C_PARSER: parsed function tanhl with 1 params (varargs=0) at line 996
DEBUG C_PARSER: parsed function __tanhl with 1 params (varargs=0) at line 996
DEBUG C_PARSER: parsed function acoshl with 1 params (varargs=0) at line 998
DEBUG C_PARSER: parsed function __acoshl with 1 params (varargs=0) at line 998
DEBUG C_PARSER: parsed function asinhl with 1 params (varargs=0) at line 1000
DEBUG C_PARSER: parsed function __asinhl with 1 params (varargs=0) at line 1000
DEBUG C_PARSER: parsed function atanhl with 1 params (varargs=0) at line 1002
DEBUG C_PARSER: parsed function __atanhl with 1 params (varargs=0) at line 1002
DEBUG C_PARSER: parsed function expl with 1 params (varargs=0) at line 1008
DEBUG C_PARSER: parsed function __expl with 1 params (varargs=0) at line 1008
DEBUG C_PARSER: parsed function frexpl with 2 params (varargs=0) at line 1011
DEBUG C_PARSER: parsed function __frexpl with 2 params (varargs=0) at line 1011
DEBUG C_PARSER: parsed function ldexpl with 2 params (varargs=0) at line 1014
DEBUG C_PARSER: parsed function __ldexpl with 2 params (varargs=0) at line 1014
DEBUG C_PARSER: parsed function logl with 1 params (varargs=0) at line 1017
DEBUG C_PARSER: parsed function __logl with 1 params (varargs=0) at line 1017
DEBUG C_PARSER: parsed function log10l with 1 params (varargs=0) at line 1020
DEBUG C_PARSER: parsed function __log10l with 1 params (varargs=0) at line 1020
DEBUG C_PARSER: parsed function modfl with 2 params (varargs=0) at line 1023
DEBUG C_PARSER: parsed function __modfl with 2 params (varargs=0) at line 1023
DEBUG C_PARSER: parsed function exp10l with 1 params (varargs=0) at line 1027
DEBUG C_PARSER: parsed function __exp10l with 1 params (varargs=0) at line 1027
DEBUG C_PARSER: parsed function exp2m1l with 1 params (varargs=0) at line 1030
DEBUG C_PARSER: parsed function __exp2m1l with 1 params (varargs=0) at line 1030
DEBUG C_PARSER: parsed function exp10m1l with 1 params (varargs=0) at line 1033
DEBUG C_PARSER: parsed function __exp10m1l with 1 params (varargs=0) at line 1033
DEBUG C_PARSER: parsed function log2p1l with 1 params (varargs=0) at line 1036
DEBUG C_PARSER: parsed function __log2p1l with 1 params (varargs=0) at line 1036
DEBUG C_PARSER: parsed function log10p1l with 1 params (varargs=0) at line 1039
DEBUG C_PARSER: parsed function __log10p1l with 1 params (varargs=0) at line 1039
DEBUG C_PARSER: parsed function logp1l with 1 params (varargs=0) at line 1042
DEBUG C_PARSER: parsed function __logp1l with 1 params (varargs=0) at line 1042
DEBUG C_PARSER: parsed function expm1l with 1 params (varargs=0) at line 1047
DEBUG C_PARSER: parsed function __expm1l with 1 params (varargs=0) at line 1047
DEBUG C_PARSER: parsed function log1pl with 1 params (varargs=0) at line 1050
DEBUG C_PARSER: parsed function __log1pl with 1 params (varargs=0) at line 1050
DEBUG C_PARSER: parsed function logbl with 1 params (varargs=0) at line 1053
DEBUG C_PARSER: parsed function __logbl with 1 params (varargs=0) at line 1053
DEBUG C_PARSER: parsed function exp2l with 1 params (varargs=0) at line 1058
DEBUG C_PARSER: parsed function __exp2l with 1 params (varargs=0) at line 1058
DEBUG C_PARSER: parsed function log2l with 1 params (varargs=0) at line 1061
DEBUG C_PARSER: parsed function __log2l with 1 params (varargs=0) at line 1061
DEBUG C_PARSER: parsed function powl with 2 params (varargs=0) at line 1068
DEBUG C_PARSER: parsed function __powl with 2 params (varargs=0) at line 1068
DEBUG C_PARSER: parsed function sqrtl with 1 params (varargs=0) at line 1071
DEBUG C_PARSER: parsed function __sqrtl with 1 params (varargs=0) at line 1071
DEBUG C_PARSER: parsed function hypotl with 2 params (varargs=0) at line 1075
DEBUG C_PARSER: parsed function __hypotl with 2 params (varargs=0) at line 1075
DEBUG C_PARSER: parsed function cbrtl with 1 params (varargs=0) at line 1080
DEBUG C_PARSER: parsed function __cbrtl with 1 params (varargs=0) at line 1080
DEBUG C_PARSER: parsed function compoundnl with 2 params (varargs=0) at line 1085
DEBUG C_PARSER: parsed function __compoundnl with 2 params (varargs=0) at line 1085
DEBUG C_PARSER: parsed function pownl with 2 params (varargs=0) at line 1088
DEBUG C_PARSER: parsed function __pownl with 2 params (varargs=0) at line 1088
DEBUG C_PARSER: parsed function powrl with 2 params (varargs=0) at line 1091
DEBUG C_PARSER: parsed function __powrl with 2 params (varargs=0) at line 1091
DEBUG C_PARSER: parsed function powrl with 2 params (varargs=0) at line 1092
DEBUG C_PARSER: parsed function __powrl with 2 params (varargs=0) at line 1092
DEBUG C_PARSER: parsed function rootnl with 2 params (varargs=0) at line 1095
DEBUG C_PARSER: parsed function __rootnl with 2 params (varargs=0) at line 1095
DEBUG C_PARSER: parsed function rsqrtl with 1 params (varargs=0) at line 1098
DEBUG C_PARSER: parsed function __rsqrtl with 1 params (varargs=0) at line 1098
DEBUG C_PARSER: parsed function ceill with 1 params (varargs=0) at line 1105
DEBUG C_PARSER: parsed function fabsl with 1 params (varargs=0) at line 1108
DEBUG C_PARSER: parsed function floorl with 1 params (varargs=0) at line 1111
DEBUG C_PARSER: parsed function fmodl with 2 params (varargs=0) at line 1114
DEBUG C_PARSER: parsed function __fmodl with 2 params (varargs=0) at line 1114
DEBUG C_PARSER: parsed function isinfl with 1 params (varargs=0) at line 1116
DEBUG C_PARSER: parsed function finitel with 1 params (varargs=0) at line 1122
DEBUG C_PARSER: parsed function dreml with 2 params (varargs=0) at line 1126
DEBUG C_PARSER: parsed function __dreml with 2 params (varargs=0) at line 1126
DEBUG C_PARSER: parsed function significandl with 1 params (varargs=0) at line 1130
DEBUG C_PARSER: parsed function __significandl with 1 params (varargs=0) at line 1130
DEBUG C_PARSER: parsed function copysignl with 2 params (varargs=0) at line 1137
DEBUG C_PARSER: parsed function nanl with 1 params (varargs=0) at line 1142
DEBUG C_PARSER: parsed function __nanl with 1 params (varargs=0) at line 1142
DEBUG C_PARSER: parsed function isnanl with 1 params (varargs=0) at line 1144
DEBUG C_PARSER: parsed function j0l with 1 params (varargs=0) at line 1151
DEBUG C_PARSER: parsed function __j0l with 1 params (varargs=0) at line 1151
DEBUG C_PARSER: parsed function j1l with 1 params (varargs=0) at line 1152
DEBUG C_PARSER: parsed function __j1l with 1 params (varargs=0) at line 1152
DEBUG C_PARSER: parsed function jnl with 2 params (varargs=0) at line 1153
DEBUG C_PARSER: parsed function __jnl with 2 params (varargs=0) at line 1153
DEBUG C_PARSER: parsed function y0l with 1 params (varargs=0) at line 1154
DEBUG C_PARSER: parsed function __y0l with 1 params (varargs=0) at line 1154
DEBUG C_PARSER: parsed function y1l with 1 params (varargs=0) at line 1155
DEBUG C_PARSER: parsed function __y1l with 1 params (varargs=0) at line 1155
DEBUG C_PARSER: parsed function ynl with 2 params (varargs=0) at line 1156
DEBUG C_PARSER: parsed function __ynl with 2 params (varargs=0) at line 1156
DEBUG C_PARSER: parsed function erfl with 1 params (varargs=0) at line 1162
DEBUG C_PARSER: parsed function __erfl with 1 params (varargs=0) at line 1162
DEBUG C_PARSER: parsed function erfcl with 1 params (varargs=0) at line 1163
DEBUG C_PARSER: parsed function __erfcl with 1 params (varargs=0) at line 1163
DEBUG C_PARSER: parsed function lgammal with 1 params (varargs=0) at line 1164
DEBUG C_PARSER: parsed function __lgammal with 1 params (varargs=0) at line 1164
DEBUG C_PARSER: parsed function tgammal with 1 params (varargs=0) at line 1169
DEBUG C_PARSER: parsed function __tgammal with 1 params (varargs=0) at line 1169
DEBUG C_PARSER: parsed function gammal with 1 params (varargs=0) at line 1175
DEBUG C_PARSER: parsed function __gammal with 1 params (varargs=0) at line 1175
DEBUG C_PARSER: parsed function lgammal_r with 2 params (varargs=0) at line 1183
DEBUG C_PARSER: parsed function __lgammal_r with 2 params (varargs=0) at line 1183
DEBUG C_PARSER: parsed function rintl with 1 params (varargs=0) at line 1190
DEBUG C_PARSER: parsed function __rintl with 1 params (varargs=0) at line 1190
DEBUG C_PARSER: parsed function nextafterl with 2 params (varargs=0) at line 1193
DEBUG C_PARSER: parsed function __nextafterl with 2 params (varargs=0) at line 1193
DEBUG C_PARSER: parsed function nexttowardl with 2 params (varargs=0) at line 1195
DEBUG C_PARSER: parsed function __nexttowardl with 2 params (varargs=0) at line 1195
DEBUG C_PARSER: parsed function nextdownl with 1 params (varargs=0) at line 1200
DEBUG C_PARSER: parsed function __nextdownl with 1 params (varargs=0) at line 1200
DEBUG C_PARSER: parsed function nextupl with 1 params (varargs=0) at line 1202
DEBUG C_PARSER: parsed function __nextupl with 1 params (varargs=0) at line 1202
DEBUG C_PARSER: parsed function remainderl with 2 params (varargs=0) at line 1206
DEBUG C_PARSER: parsed function __remainderl with 2 params (varargs=0) at line 1206
DEBUG C_PARSER: parsed function scalbnl with 2 params (varargs=0) at line 1210
DEBUG C_PARSER: parsed function __scalbnl with 2 params (varargs=0) at line 1210
DEBUG C_PARSER: parsed function ilogbl with 1 params (varargs=0) at line 1214
DEBUG C_PARSER: parsed function __ilogbl with 1 params (varargs=0) at line 1214
DEBUG C_PARSER: parsed function llogbl with 1 params (varargs=0) at line 1219
DEBUG C_PARSER: parsed function __llogbl with 1 params (varargs=0) at line 1219
DEBUG C_PARSER: parsed function scalblnl with 2 params (varargs=0) at line 1224
DEBUG C_PARSER: parsed function __scalblnl with 2 params (varargs=0) at line 1224
DEBUG C_PARSER: parsed function nearbyintl with 1 params (varargs=0) at line 1228
DEBUG C_PARSER: parsed function __nearbyintl with 1 params (varargs=0) at line 1228
DEBUG C_PARSER: parsed function roundl with 1 params (varargs=0) at line 1232
DEBUG C_PARSER: parsed function truncl with 1 params (varargs=0) at line 1236
DEBUG C_PARSER: parsed function remquol with 3 params (varargs=0) at line 1241
DEBUG C_PARSER: parsed function __remquol with 3 params (varargs=0) at line 1241
DEBUG C_PARSER: parsed function lrintl with 1 params (varargs=0) at line 1248
DEBUG C_PARSER: parsed function __lrintl with 1 params (varargs=0) at line 1248
DEBUG C_PARSER: parsed function llrintl with 1 params (varargs=0) at line 1250
DEBUG C_PARSER: parsed function __llrintl with 1 params (varargs=0) at line 1250
DEBUG C_PARSER: parsed function lroundl with 1 params (varargs=0) at line 1254
DEBUG C_PARSER: parsed function __lroundl with 1 params (varargs=0) at line 1254
DEBUG C_PARSER: parsed function llroundl with 1 params (varargs=0) at line 1256
DEBUG C_PARSER: parsed function __llroundl with 1 params (varargs=0) at line 1256
DEBUG C_PARSER: parsed function fdiml with 2 params (varargs=0) at line 1260
DEBUG C_PARSER: parsed function __fdiml with 2 params (varargs=0) at line 1260
DEBUG C_PARSER: parsed function fmaxl with 2 params (varargs=0) at line 1264
DEBUG C_PARSER: parsed function fminl with 2 params (varargs=0) at line 1267
DEBUG C_PARSER: parsed function fmal with 3 params (varargs=0) at line 1271
DEBUG C_PARSER: parsed function __fmal with 3 params (varargs=0) at line 1271
DEBUG C_PARSER: parsed function roundevenl with 1 params (varargs=0) at line 1276
DEBUG C_PARSER: parsed function fromfpl with 3 params (varargs=0) at line 1280
DEBUG C_PARSER: parsed function __fromfpl with 3 params (varargs=0) at line 1280
DEBUG C_PARSER: parsed function ufromfpl with 3 params (varargs=0) at line 1284
DEBUG C_PARSER: parsed function __ufromfpl with 3 params (varargs=0) at line 1284
DEBUG C_PARSER: parsed function fromfpxl with 3 params (varargs=0) at line 1289
DEBUG C_PARSER: parsed function __fromfpxl with 3 params (varargs=0) at line 1289
DEBUG C_PARSER: parsed function ufromfpxl with 3 params (varargs=0) at line 1294
DEBUG C_PARSER: parsed function __ufromfpxl with 3 params (varargs=0) at line 1294
DEBUG C_PARSER: parsed function canonicalizel with 2 params (varargs=0) at line 1297
DEBUG C_PARSER: parsed function fmaximuml with 2 params (varargs=0) at line 1299
DEBUG C_PARSER: parsed function fminimuml with 2 params (varargs=0) at line 1302
DEBUG C_PARSER: parsed function fmaximum_numl with 2 params (varargs=0) at line 1305
DEBUG C_PARSER: parsed function fminimum_numl with 2 params (varargs=0) at line 1308
DEBUG C_PARSER: parsed function fmaximum_magl with 2 params (varargs=0) at line 1311
DEBUG C_PARSER: parsed function fminimum_magl with 2 params (varargs=0) at line 1314
DEBUG C_PARSER: parsed function fmaximum_mag_numl with 2 params (varargs=0) at line 1317
DEBUG C_PARSER: parsed function fminimum_mag_numl with 2 params (varargs=0) at line 1320
DEBUG C_PARSER: parsed function scalbl with 2 params (varargs=0) at line 1322
DEBUG C_PARSER: parsed function __scalbl with 2 params (varargs=0) at line 1322
DEBUG C_PARSER: parsed function __fpclassifyf128 with 1 params (varargs=0) at line 1327
DEBUG C_PARSER: parsed function __signbitf128 with 1 params (varargs=0) at line 1331
DEBUG C_PARSER: parsed function __isinff128 with 1 params (varargs=0) at line 1336
DEBUG C_PARSER: parsed function __finitef128 with 1 params (varargs=0) at line 1340
DEBUG C_PARSER: parsed function __isnanf128 with 1 params (varargs=0) at line 1344
DEBUG C_PARSER: parsed function __iseqsigf128 with 2 params (varargs=0) at line 1348
DEBUG C_PARSER: parsed function __issignalingf128 with 1 params (varargs=0) at line 1351
DEBUG C_PARSER: parsed function fadd with 2 params (varargs=0) at line 1357
DEBUG C_PARSER: parsed function fdiv with 2 params (varargs=0) at line 1360
DEBUG C_PARSER: parsed function ffma with 3 params (varargs=0) at line 1363
DEBUG C_PARSER: parsed function fmul with 2 params (varargs=0) at line 1366
DEBUG C_PARSER: parsed function fsqrt with 1 params (varargs=0) at line 1369
DEBUG C_PARSER: parsed function fsub with 2 params (varargs=0) at line 1372
DEBUG C_PARSER: parsed function faddl with 2 params (varargs=0) at line 1377
DEBUG C_PARSER: parsed function fdivl with 2 params (varargs=0) at line 1380
DEBUG C_PARSER: parsed function ffmal with 3 params (varargs=0) at line 1383
DEBUG C_PARSER: parsed function fmull with 2 params (varargs=0) at line 1386
DEBUG C_PARSER: parsed function fsqrtl with 1 params (varargs=0) at line 1389
DEBUG C_PARSER: parsed function fsubl with 2 params (varargs=0) at line 1392
DEBUG C_PARSER: parsed function daddl with 2 params (varargs=0) at line 1397
DEBUG C_PARSER: parsed function ddivl with 2 params (varargs=0) at line 1400
DEBUG C_PARSER: parsed function dfmal with 3 params (varargs=0) at line 1403
DEBUG C_PARSER: parsed function dmull with 2 params (varargs=0) at line 1406
DEBUG C_PARSER: parsed function dsqrtl with 1 params (varargs=0) at line 1409
DEBUG C_PARSER: parsed function dsubl with 2 params (varargs=0) at line 1412
DEBUG C_PARSER: parsed function __iscanonicall with 1 params (varargs=0) at line 1439
DEBUG C_PARSER: parsed function imaxabs with 1 params (varargs=0) at line 1686
DEBUG C_PARSER: parsed function imaxdiv with 2 params (varargs=0) at line 1695
DEBUG C_PARSER: parsed function strtoimax with 3 params (varargs=0) at line 1699
DEBUG C_PARSER: parsed function strtoumax with 3 params (varargs=0) at line 1703
DEBUG C_PARSER: parsed function wcstoimax with 3 params (varargs=0) at line 1708
DEBUG C_PARSER: parsed function wcstoumax with 3 params (varargs=0) at line 1713
DEBUG C_PARSER: parsed function strtoimax with 3 params (varargs=0) at line 1719
DEBUG C_PARSER: parsed function strtoumax with 3 params (varargs=0) at line 1722
DEBUG C_PARSER: parsed function wcstoimax with 3 params (varargs=0) at line 1725
DEBUG C_PARSER: parsed function wcstoumax with 3 params (varargs=0) at line 1729
DEBUG C_PARSER: parsed function wl_list_init with 1 params (varargs=0) at line 1777
DEBUG C_PARSER: parsed function wl_list_insert with 2 params (varargs=0) at line 1780
DEBUG C_PARSER: parsed function wl_list_remove with 1 params (varargs=0) at line 1783
DEBUG C_PARSER: parsed function wl_list_length with 1 params (varargs=0) at line 1786
DEBUG C_PARSER: parsed function wl_list_empty with 1 params (varargs=0) at line 1789
DEBUG C_PARSER: parsed function wl_list_insert_list with 2 params (varargs=0) at line 1792
DEBUG C_PARSER: parsed function wl_array_init with 1 params (varargs=0) at line 1804
DEBUG C_PARSER: parsed function wl_array_release with 1 params (varargs=0) at line 1807
DEBUG C_PARSER: parsed function wl_array_add with 2 params (varargs=0) at line 1810
DEBUG C_PARSER: parsed function wl_array_copy with 2 params (varargs=0) at line 1813
DEBUG C_PARSER: parsed function wl_fixed_to_double with 1 params (varargs=0) at line 1819
DEBUG C_PARSER: parsed function wl_fixed_from_double with 1 params (varargs=0) at line 1825
DEBUG C_PARSER: parsed function wl_fixed_to_int with 1 params (varargs=0) at line 1831
DEBUG C_PARSER: parsed function wl_fixed_from_int with 1 params (varargs=0) at line 1837
